WARNING 09-09 04:24:39 [envs.py:2187] Unknown vLLM environment variable detected: VLLM_GLM53_FP8_DENSE_FREE_BF16
WARNING 09-09 04:24:39 [envs.py:2187] Unknown vLLM environment variable detected: VLLM_GLM53_MK_MLA
WARNING 09-09 04:24:39 [envs.py:2187] Unknown vLLM environment variable detected: VLLM_GLM53_MK_M8_FASTPATH
WARNING 09-09 04:24:39 [envs.py:2187] Unknown vLLM environment variable detected: VLLM_GLM53_MK_PACK_GPTQ
WARNING 09-09 04:24:39 [envs.py:2187] Unknown vLLM environment variable detected: VLLM_GLM53_SCHED_MIN_DECODERS
WARNING 09-09 04:24:39 [envs.py:2187] Unknown vLLM environment variable detected: VLLM_B12X_EP_STOCK_TOPK_MICRO
WARNING 09-09 04:24:39 [envs.py:2187] Unknown vLLM environment variable detected: VLLM_GLM53_SPEC_K
WARNING 09-09 04:24:39 [envs.py:2187] Unknown vLLM environment variable detected: VLLM_TARGET_LM_HEAD_FP8
WARNING 09-09 04:24:39 [envs.py:2187] Unknown vLLM environment variable detected: VLLM_GLM53_MK_MHC_BF16
WARNING 09-09 04:24:39 [envs.py:2187] Unknown vLLM environment variable detected: VLLM_GLM53_MK_PACK_CACHE
WARNING 09-09 04:24:39 [envs.py:2187] Unknown vLLM environment variable detected: VLLM_GLM53_SCHED_FAIR
WARNING 09-09 04:24:39 [envs.py:2187] Unknown vLLM environment variable detected: VLLM_GLM53_NVFP4_STATIC_CHECK
WARNING 09-09 04:24:39 [envs.py:2187] Unknown vLLM environment variable detected: VLLM_GLM53_MK_PACK_SHA256
WARNING 09-09 04:24:39 [envs.py:2187] Unknown vLLM environment variable detected: VLLM_B12X_EP_ZERO_WEIGHT_MICRO
WARNING 09-09 04:24:39 [envs.py:2187] Unknown vLLM environment variable detected: VLLM_GLM53_SCHED_FLOOR_GRACE_S
WARNING 09-09 04:24:39 [envs.py:2187] Unknown vLLM environment variable detected: VLLM_GLM53_PREP_FUSED
WARNING 09-09 04:24:39 [envs.py:2187] Unknown vLLM environment variable detected: VLLM_GLM53_PREFILL_METADATA_WARMUP
WARNING 09-09 04:24:39 [envs.py:2187] Unknown vLLM environment variable detected: VLLM_GLM53_VOCAB_MASK_AUDIT
WARNING 09-09 04:24:39 [envs.py:2187] Unknown vLLM environment variable detected: VLLM_DSV4_ONESHOT_SHADOW
WARNING 09-09 04:24:39 [envs.py:2187] Unknown vLLM environment variable detected: VLLM_GLM53_DRAFTER_CTX_KV_W4
WARNING 09-09 04:24:39 [envs.py:2187] Unknown vLLM environment variable detected: VLLM_GLM53_MK_SMLP2
WARNING 09-09 04:24:39 [envs.py:2187] Unknown vLLM environment variable detected: VLLM_GLM53_SCHED_DECODE_STEPS
WARNING 09-09 04:24:39 [envs.py:2187] Unknown vLLM environment variable detected: VLLM_GLM53_MK_PACK_ROWSHIFT
WARNING 09-09 04:24:39 [envs.py:2187] Unknown vLLM environment variable detected: VLLM_GLM53_AR_PREFETCH
WARNING 09-09 04:24:39 [envs.py:2187] Unknown vLLM environment variable detected: VLLM_GLM53_KDA_ONEPASS
WARNING 09-09 04:24:39 [envs.py:2187] Unknown vLLM environment variable detected: VLLM_GLM53_SF6_UNPACK_U8X4
WARNING 09-09 04:24:39 [envs.py:2187] Unknown vLLM environment variable detected: VLLM_B12X_EP_NO_DUMMY
WARNING 09-09 04:24:39 [envs.py:2187] Unknown vLLM environment variable detected: VLLM_DFLASH2_FP8_DENSE
WARNING 09-09 04:24:39 [envs.py:2187] Unknown vLLM environment variable detected: VLLM_GLM53_PREFILL_SP_FP8
WARNING 09-09 04:24:39 [envs.py:2187] Unknown vLLM environment variable detected: VLLM_TORCH_PROFILER_DIR
WARNING 09-09 04:24:39 [envs.py:2187] Unknown vLLM environment variable detected: VLLM_GLM53_PREFILL_SP
WARNING 09-09 04:24:39 [envs.py:2187] Unknown vLLM environment variable detected: VLLM_GLM53_FP8_DENSE_PREFILL_NVFP4
WARNING 09-09 04:24:39 [envs.py:2187] Unknown vLLM environment variable detected: VLLM_GLM53_SCHED_CHUNK_REF_CTX
WARNING 09-09 04:24:39 [envs.py:2187] Unknown vLLM environment variable detected: VLLM_GLM53_PREFILL_SP_FUSE_MHC
WARNING 09-09 04:24:39 [envs.py:2187] Unknown vLLM environment variable detected: VLLM_GLM53_SCHED_PREFILL_EVERY
WARNING 09-09 04:24:39 [envs.py:2187] Unknown vLLM environment variable detected: VLLM_SPEC_FP8_LM_HEAD
WARNING 09-09 04:24:39 [envs.py:2187] Unknown vLLM environment variable detected: VLLM_GLM53_NVFP4_STATIC_HEADROOM
WARNING 09-09 04:24:39 [envs.py:2187] Unknown vLLM environment variable detected: VLLM_GLM53_SKIP_UNUSED_GRAPH_PROFILE
WARNING 09-09 04:24:39 [envs.py:2187] Unknown vLLM environment variable detected: VLLM_GLM53_MEGAKERNEL
WARNING 09-09 04:24:39 [envs.py:2187] Unknown vLLM environment variable detected: VLLM_GLM53_MHC_PREFILL_POST_PRENORM
WARNING 09-09 04:24:39 [envs.py:2187] Unknown vLLM environment variable detected: VLLM_GLM53_FP8_CACHE
WARNING 09-09 04:24:39 [envs.py:2187] Unknown vLLM environment variable detected: VLLM_GLM53_MK_GEMM
WARNING 09-09 04:24:39 [envs.py:2187] Unknown vLLM environment variable detected: VLLM_GLM53_MK_CALIB
WARNING 09-09 04:24:39 [envs.py:2187] Unknown vLLM environment variable detected: VLLM_GLM53_SCHED_PREFILL_FLOOR
WARNING 09-09 04:24:39 [envs.py:2187] Unknown vLLM environment variable detected: VLLM_GLM53_MK_INPUT_CTA
WARNING 09-09 04:24:39 [envs.py:2187] Unknown vLLM environment variable detected: VLLM_B12X_DIRECT_OUT
WARNING 09-09 04:24:39 [envs.py:2187] Unknown vLLM environment variable detected: VLLM_GLM53_KDA_PREFILL_DIRECT_OUT
WARNING 09-09 04:24:39 [envs.py:2187] Unknown vLLM environment variable detected: VLLM_GLM53_AR_PROXY_INLINE
WARNING 09-09 04:24:39 [envs.py:2187] Unknown vLLM environment variable detected: VLLM_GLM53_MK_MHC
WARNING 09-09 04:24:39 [envs.py:2187] Unknown vLLM environment variable detected: VLLM_GLM53_MK_CALIB_DIR
WARNING 09-09 04:24:39 [envs.py:2187] Unknown vLLM environment variable detected: VLLM_GLM53_KDA_PREFILL_QK_NORM
WARNING 09-09 04:24:39 [envs.py:2187] Unknown vLLM environment variable detected: VLLM_GLM53_SCHED_CHUNK_MAX
WARNING 09-09 04:24:39 [envs.py:2187] Unknown vLLM environment variable detected: VLLM_GLM53_DRAFTER_PREP
WARNING 09-09 04:24:39 [envs.py:2187] Unknown vLLM environment variable detected: VLLM_GLM53_PREFILL_SP_FP8_RS_MIN_TOKENS
WARNING 09-09 04:24:39 [envs.py:2187] Unknown vLLM environment variable detected: VLLM_GLM53_DEV_LAB
WARNING 09-09 04:24:39 [envs.py:2187] Unknown vLLM environment variable detected: VLLM_GLM53_B12X_STATIC_V2
WARNING 09-09 04:24:39 [envs.py:2187] Unknown vLLM environment variable detected: VLLM_GLM53_RANK_CACHE_CPU_VOTE
WARNING 09-09 04:24:39 [envs.py:2187] Unknown vLLM environment variable detected: VLLM_GLM53_DFLASH_EARLY_FC
WARNING 09-09 04:24:39 [envs.py:2187] Unknown vLLM environment variable detected: VLLM_GLM53_PREFILL_SP_DIRECT_NCCL
WARNING 09-09 04:24:39 [envs.py:2187] Unknown vLLM environment variable detected: VLLM_GLM53_MK_HEAD_DRAFT
WARNING 09-09 04:24:39 [envs.py:2187] Unknown vLLM environment variable detected: VLLM_GLM53_AR_CONSUMER_PDL
WARNING 09-09 04:24:39 [envs.py:2187] Unknown vLLM environment variable detected: VLLM_GLM53_MK_MLA_PREFILL_PAIR
WARNING 09-09 04:24:39 [envs.py:2187] Unknown vLLM environment variable detected: VLLM_GLM53_MK_PDL
WARNING 09-09 04:24:39 [envs.py:2187] Unknown vLLM environment variable detected: VLLM_GLM53_SCHED_MODE
WARNING 09-09 04:24:39 [envs.py:2187] Unknown vLLM environment variable detected: VLLM_GLM53_INDEXER_GATE_SPLITK
WARNING 09-09 04:24:39 [envs.py:2187] Unknown vLLM environment variable detected: VLLM_GLM53_MK_FP8_PACK2
WARNING 09-09 04:24:39 [envs.py:2187] Unknown vLLM environment variable detected: VLLM_GLM53_NVFP4_STATIC_SCALE
WARNING 09-09 04:24:39 [envs.py:2187] Unknown vLLM environment variable detected: VLLM_GLM53_SCHED_MAX_WAIT_S
WARNING 09-09 04:24:39 [envs.py:2187] Unknown vLLM environment variable detected: VLLM_GLM53_KDA_DUAL_GEMM
WARNING 09-09 04:24:39 [envs.py:2187] Unknown vLLM environment variable detected: VLLM_GLM53_PREFILL_SP_FP8_MIN_TOKENS
WARNING 09-09 04:24:39 [envs.py:2187] Unknown vLLM environment variable detected: VLLM_GLM53_NVFP4_SCALE_FUSED
WARNING 09-09 04:24:39 [envs.py:2187] Unknown vLLM environment variable detected: VLLM_GLM53_FP8_DENSE
WARNING 09-09 04:24:39 [envs.py:2187] Unknown vLLM environment variable detected: VLLM_GLM53_AR_COMPACT_CTA
WARNING 09-09 04:24:39 [envs.py:2187] Unknown vLLM environment variable detected: VLLM_GLM53_PREFILL_SP_FP8_AG_MIN_TOKENS
WARNING 09-09 04:24:39 [envs.py:2187] Unknown vLLM environment variable detected: VLLM_GLM53_FP8_DENSE_BPROJ
WARNING 09-09 04:24:39 [envs.py:2187] Unknown vLLM environment variable detected: VLLM_GLM53_SCHED_MIXED_CHUNK
WARNING 09-09 04:24:39 [envs.py:2187] Unknown vLLM environment variable detected: VLLM_GLM53_MK_MLA_PREFILL32
WARNING 09-09 04:24:39 [envs.py:2187] Unknown vLLM environment variable detected: VLLM_GLM53_MK_INPUT_REUSE
WARNING 09-09 04:24:39 [envs.py:2187] Unknown vLLM environment variable detected: VLLM_GLM53_EARLY_MM_WARMUP
WARNING 09-09 04:24:39 [envs.py:2187] Unknown vLLM environment variable detected: VLLM_GLM53_MK_MLA_PREFILL_GROUP
WARNING 09-09 04:24:39 [envs.py:2187] Unknown vLLM environment variable detected: VLLM_GLM53_FP8_DENSE_PREFILL_NVFP4_MIN_M
WARNING 09-09 04:24:39 [envs.py:2187] Unknown vLLM environment variable detected: VLLM_GLM53_MK_CALIB_TOKENS
WARNING 09-09 04:24:39 [envs.py:2187] Unknown vLLM environment variable detected: VLLM_GLM53_KDA_PREFILL_REGIME
WARNING 09-09 04:24:39 [envs.py:2187] Unknown vLLM environment variable detected: VLLM_GLM53_KPOOL_UPDATE_DIRECT_POS
WARNING 09-09 04:24:39 [envs.py:2187] Unknown vLLM environment variable detected: VLLM_GLM53_INDEXER_DECODE_FUSED
WARNING 09-09 04:24:39 [envs.py:2187] Unknown vLLM environment variable detected: VLLM_GLM53_B12X_PREFILL_FC1_N128
WARNING 09-09 04:24:39 [envs.py:2187] Unknown vLLM environment variable detected: VLLM_GLM53_MK_GEMM_TRANSPOSE_M8
WARNING 09-09 04:24:39 [envs.py:2187] Unknown vLLM environment variable detected: VLLM_GLM53_MK_PACK_FAST_IO
WARNING 09-09 04:24:39 [envs.py:2187] Unknown vLLM environment variable detected: VLLM_DSV4_ONESHOT_AR
WARNING 09-09 04:24:39 [envs.py:2187] Unknown vLLM environment variable detected: VLLM_GLM53_RANK_CACHE_KEEP
WARNING 09-09 04:24:39 [envs.py:2187] Unknown vLLM environment variable detected: VLLM_GLM53_MK_HEAD_TARGET
WARNING 09-09 04:24:39 [envs.py:2187] Unknown vLLM environment variable detected: VLLM_GLM53_MK_PACK_LORC
WARNING 09-09 04:24:39 [envs.py:2187] Unknown vLLM environment variable detected: VLLM_GLM53_B12X_PREFILL_REUSE
WARNING 09-09 04:24:39 [envs.py:2187] Unknown vLLM environment variable detected: VLLM_GLM53_PREFILL_NVFP4_BPROJ
WARNING 09-09 04:24:39 [envs.py:2187] Unknown vLLM environment variable detected: VLLM_GLM53_RANK_CACHE
WARNING 09-09 04:24:39 [envs.py:2187] Unknown vLLM environment variable detected: VLLM_MOE_GATE_FUSED
INFO 09-09 04:24:50 [model.py:679] Resolved architecture: Glm5NextForConditionalGeneration
INFO 09-09 04:24:50 [model.py:1972] Using max model len 1048576
INFO 09-09 04:24:50 [import_utils.py:464] DeepEP v2 requires NCCL >= 2.30.4 but found 2.29.7. deepep_v2 backend will not be available.
WARNING 09-09 04:24:52 [kda.py:67] [kda-prefill] direct output armed (pure prefill only)
WARNING 09-09 04:24:52 [glm53_prefill_collectives.py:56] [prefill-sp] sequence-parallel prefill armed (fp8 transport=True v3: packed values+scales, one all-to-all + fp32 sum)
WARNING 09-09 04:24:52 [glm53_prep_fused.py:1302] [prep-fused] preimage drift -> DISARM (stock path): ['v1/worker/utils.py: fd27b906f336 != 3dcd6ad34ee1']
INFO 09-09 04:24:54 [cache.py:282] Using fp8_e4m3 data type to store kv cache. It reduces the GPU memory footprint and boosts the performance. Meanwhile, it may cause accuracy drop without a proper scaling factor
INFO 09-09 04:24:54 [arg_utils.py:2168] Inferred data_parallel_rank 0 from node_rank 2
INFO 09-09 04:24:54 [model.py:679] Resolved architecture: DFlash2DraftModel
INFO 09-09 04:24:54 [model.py:1972] Using max model len 1048576
INFO 09-09 04:24:54 [scheduler.py:242] Chunked prefill is enabled with max_num_batched_tokens=8192.
INFO 09-09 04:24:54 [config.py:605] Mamba cache mode is set to 'align' for Glm5NextForConditionalGeneration by default when prefix caching is enabled
INFO 09-09 04:24:54 [kernel.py:306] Final IR op priority after setting platform defaults: IrOpPriorityConfig(rms_norm=['native'], fused_add_rms_norm=['native'])
WARNING 09-09 04:24:54 [vllm.py:1462] Model hidden_size too small for the SP threshold heuristic, disabling. To force SP, set pass_config.sp_min_token_num manually.
INFO 09-09 04:24:54 [compilation.py:329] Enabled custom fusions: norm_quant, act_quant, attn_quant, allreduce_rms, rope_kvcache_cat_mla
INFO 09-09 04:24:54 [serve.py:216] Launching vLLM (v0.1.dev20051+g487ecf187) headless multiproc executor, with head node address 10.10.10.2:29521 for torch.distributed process group.
INFO 09-09 04:25:00 [import_utils.py:464] DeepEP v2 requires NCCL >= 2.30.4 but found 2.29.7. deepep_v2 backend will not be available.
[boot-stamp] installed, 13 phases wrapped
WARNING 09-09 04:25:03 [kda.py:67] [kda-prefill] direct output armed (pure prefill only)
WARNING 09-09 04:25:03 [glm53_prefill_collectives.py:56] [prefill-sp] sequence-parallel prefill armed (fp8 transport=True v3: packed values+scales, one all-to-all + fp32 sum)
WARNING 09-09 04:25:03 [glm53_prep_fused.py:1302] [prep-fused] preimage drift -> DISARM (stock path): ['v1/worker/utils.py: fd27b906f336 != 3dcd6ad34ee1']
(Worker pid=299) INFO 09-09 04:25:04 [parallel_state.py:1655] world_size=4 rank=2 local_rank=0 distributed_init_method=tcp://10.10.10.2:29521 backend=nccl
(Worker pid=299) [boot-stamp] dist-world took 19.0s (at 29.2s since interpreter start) dev free 99.38 GiB (+0.04 GiB used this phase)
(Worker pid=299) WARNING 09-09 04:25:25 [symm_mem.py:67] SymmMemCommunicator: Device capability 12.1 not supported, communicator is not available.
(Worker pid=299) [boot-stamp] dist-group tp took 1.5s (at 30.8s since interpreter start) dev free 98.05 GiB (+1.33 GiB used this phase)
(Worker pid=299) [boot-stamp] dist-group dcp took 0.0s (at 30.8s since interpreter start) dev free 98.05 GiB (+0.00 GiB used this phase)
(Worker pid=299) [boot-stamp] dist-group pcp took 0.0s (at 30.8s since interpreter start) dev free 98.05 GiB (+0.00 GiB used this phase)
(Worker pid=299) [boot-stamp] dist-group pp took 0.0s (at 30.8s since interpreter start) dev free 98.05 GiB (+0.00 GiB used this phase)
(Worker pid=299) [boot-stamp] dist-group dp took 0.0s (at 30.8s since interpreter start) dev free 98.05 GiB (+0.00 GiB used this phase)
(Worker pid=299) [boot-stamp] dist-group ep took 1.2s (at 32.0s since interpreter start) dev free 97.05 GiB (+1.00 GiB used this phase)
(Worker pid=299) INFO 09-09 04:25:26 [parallel_state.py:1999] rank 2 in world size 4 is assigned as DP rank 0, PP rank 0, PCP rank 0, TP rank 2, EP rank 2, EPLB rank N/A
(Worker pid=299) [boot-stamp] dist-model-parallel took 2.8s (at 32.0s since interpreter start) dev free 97.05 GiB (+2.33 GiB used this phase)
(Worker pid=299) INFO 09-09 04:25:26 [gpu_worker.py:386] Using V2 Model Runner
(Worker pid=299) [boot-stamp] init-device took 22.2s (at 32.2s since interpreter start) dev free 96.94 GiB (+2.48 GiB used this phase)
(Worker_TP2 pid=299) INFO 09-09 04:25:26 [model_runner.py:353] Loading model from scratch...
(Worker_TP2 pid=299) INFO 09-09 04:25:26 [cuda.py:592] Using backend AttentionBackendEnum.FLASH_ATTN for vit attention
(Worker_TP2 pid=299) INFO 09-09 04:25:26 [mm_encoder_attention.py:375] Using AttentionBackendEnum.FLASH_ATTN for MMEncoderAttention.
(Worker_TP2 pid=299) INFO 09-09 04:25:26 [kernel.py:306] Final IR op priority after setting platform defaults: IrOpPriorityConfig(rms_norm=['native'], fused_add_rms_norm=['native'])
(Worker_TP2 pid=299) INFO 09-09 04:25:27 [cuda.py:533] Using FLASHINFER_MLA_SPARSE_SM90 attention backend out of potential backends: ['FLASHINFER_MLA_SPARSE_SM90', 'FLASHINFER_MLA_SPARSE_SM120'].
(Worker_TP2 pid=299) INFO 09-09 04:25:27 [selector.py:217] Using HND KV cache layout for FLASHINFER_MLA_SPARSE_SM90 backend.
(Worker_TP2 pid=299) WARNING 09-09 04:25:27 [mla_attention.py:567] No MLA prefill backend supports this model; sparse MLA will use the top-k MQA path only (no dense-MHA prefill).
(Worker_TP2 pid=299) INFO 09-09 04:25:27 [deep_gemm.py:191] deep_gemm not found in site-packages, trying vendored vllm.third_party.deep_gemm
(Worker_TP2 pid=299) INFO 09-09 04:25:27 [deep_gemm.py:136] DeepGEMM E8M0 enabled on current platform.
(Worker_TP2 pid=299) INFO 09-09 04:25:27 [moe_gate_sm121.py:280] DSV4 fused small-M router gate armed (triton split-K, fp32 out).
(Worker_TP2 pid=299) INFO 09-09 04:25:27 [nvfp4.py:245] Using 'FLASHINFER_B12X' NvFp4 MoE backend out of potential backends: ['FLASHINFER_TRTLLM', 'FLASHINFER_CUTEDSL', 'FLASHINFER_CUTLASS', 'VLLM_CUTLASS', 'MARLIN', 'HUMMING', 'EMULATION'].
(Worker_TP2 pid=299) INFO 09-09 04:25:30 [model.py:1298] [vocab-mask] masking ids 154856..154879 (24 rows the tokenizer has no token for) out of 154880
(Worker_TP2 pid=299) WARNING 09-09 04:25:30 [vllm.py:2645] `torch.compile` is turned on, but the model /models/glm-5.3-flash-nvfp4 does not support it. Please open an issue on GitHub if you want it to be supported.
(Worker_TP2 pid=299) WARNING 09-09 04:25:30 [vllm.py:2645] `torch.compile` is turned on, but the model /models/glm-5.3-flash-nvfp4 does not support it. Please open an issue on GitHub if you want it to be supported.
(Worker_TP2 pid=299) [boot-stamp] weights: 148498 tensors, 184.2 GiB | read 31.4s (5.87 GiB/s) | apply 20.2s
(Worker_TP2 pid=299) [boot-stamp] load-model still running after 60s; its thread is at:
(Worker_TP2 pid=299)   File "/usr/lib/python3.12/multiprocessing/process.py", line 108, in run
(Worker_TP2 pid=299)     self._target(*self._args, **self._kwargs)
(Worker_TP2 pid=299)   File "/usr/local/lib/python3.12/dist-packages/vllm/v1/executor/multiproc_executor.py", line 894, in worker_main
(Worker_TP2 pid=299)     worker = WorkerProc(*args, **kwargs)
(Worker_TP2 pid=299)   File "/usr/local/lib/python3.12/dist-packages/vllm/tracing/otel.py", line 178, in sync_wrapper
(Worker_TP2 pid=299)     return func(*args, **kwargs)
(Worker_TP2 pid=299)   File "/usr/local/lib/python3.12/dist-packages/vllm/v1/executor/multiproc_executor.py", line 663, in __init__
(Worker_TP2 pid=299)     self.worker.load_model()
(Worker_TP2 pid=299)   File "/usr/local/lib/python3.12/dist-packages/deneb_boot_stamps.py", line 187, in timed
(Worker_TP2 pid=299)     return fn(*a, **kw)
(Worker_TP2 pid=299)   File "/usr/local/lib/python3.12/dist-packages/vllm/v1/worker/gpu_worker.py", line 443, in load_model
(Worker_TP2 pid=299)     self.model_runner.load_model(load_dummy_weights=load_dummy_weights)
(Worker_TP2 pid=299)   File "/usr/local/lib/python3.12/dist-packages/vllm/v1/worker/gpu/model_runner.py", line 355, in load_model
(Worker_TP2 pid=299)     self.model = model_loader.load_model(
(Worker_TP2 pid=299)   File "/usr/local/lib/python3.12/dist-packages/vllm/tracing/otel.py", line 178, in sync_wrapper
(Worker_TP2 pid=299)     return func(*args, **kwargs)
(Worker_TP2 pid=299)   File "/usr/local/lib/python3.12/dist-packages/vllm/model_executor/model_loader/base_loader.py", line 64, in load_model
(Worker_TP2 pid=299)     self.load_weights(model, model_config)
(Worker_TP2 pid=299)   File "/usr/local/lib/python3.12/dist-packages/vllm/tracing/otel.py", line 178, in sync_wrapper
(Worker_TP2 pid=299)     return func(*args, **kwargs)
(Worker_TP2 pid=299)   File "/usr/local/lib/python3.12/dist-packages/vllm/model_executor/model_loader/default_loader.py", line 427, in load_weights
(Worker_TP2 pid=299)     loaded_weights = model.load_weights(self.get_all_weights(model_config, model))
(Worker_TP2 pid=299)   File "/usr/local/lib/python3.12/dist-packages/vllm/models/glm5next/nvidia/model.py", line 1544, in load_weights
(Worker_TP2 pid=299)     loaded = load_rank_cached(self, weights, super().load_weights)
(Worker_TP2 pid=299)   File "/usr/local/lib/python3.12/dist-packages/vllm/model_executor/layers/glm53_rank_cache.py", line 384, in load_rank_cached
(Worker_TP2 pid=299)     if _write(directory, identity, state, loaded):
(Worker_TP2 pid=299)   File "/usr/local/lib/python3.12/dist-packages/vllm/model_executor/layers/glm53_rank_cache.py", line 166, in _write
(Worker_TP2 pid=299)     checksum = hashlib.sha256(buf).hexdigest()
(Worker_TP2 pid=299) WARNING 09-09 04:27:17 [glm53_rank_cache.py:385] [rank-cache] saved rank=2 bytes=48092653608 in 51.801s; post-load hooks follow
(Worker_TP2 pid=299) WARNING 09-09 04:27:17 [glm53_rank_cache.py:318] [rank-cache] evicted stale artifact /cache/glm53-ranks/794921ea1eb8ebd1d9c49077da86ca8c03bcab43bef9b78fe014ed97a9390cbe (48.1 GB; keep=2)
(Worker_TP2 pid=299) WARNING 09-09 04:27:20 [glm53_megakernel.py:227] [megakernel] source md5=dc03be88 kernels=15 (/usr/local/lib/python3.12/dist-packages/vllm/model_executor/layers/glm53_megakernel.cu)
(Worker_TP2 pid=299) WARNING 09-09 04:27:20 [glm53_megakernel.py:2109] [megakernel] selftest mhc-bf16 all outputs bit equal -> ARM
(Worker_TP2 pid=299) WARNING 09-09 04:27:20 [glm53_megakernel.py:2248] [megakernel] selftest mhc sinkhorn=20 rel_errs=['0.00e+00', '1.17e-07', '1.65e-07', '1.07e-08'] -> ARM
(Worker_TP2 pid=299) WARNING 09-09 04:27:20 [glm53_megakernel.py:2183] [megakernel] AR consumer MHC mismatch T=16 fp32=False scale=1.0 early=False outputs=[{'output': 'residual', 'shape': [16, 4, 4096], 'ref_dtype': 'torch.bfloat16', 'got_dtype': 'torch.bfloat16', 'exact': True, 'different': 0, 'finite_max_abs': 0.0, 'ref_nonfinite': 0, 'got_nonfinite': 0, 'first_flat_index': None, 'first_ref': None, 'first_got': None, 'ref_ptr': 142876121600, 'got_ptr': 980326285312}, {'output': 'post_mix', 'shape': [16, 4], 'ref_dtype': 'torch.float32', 'got_dtype': 'torch.float32', 'exact': False, 'different': 19, 'finite_max_abs': 1.7881393432617188e-07, 'ref_nonfinite': 0, 'got_nonfinite': 0, 'first_flat_index': 32, 'first_ref': 0.3076680302619934, 'first_got': 0.30766788125038147, 'ref_ptr': 142874636800, 'got_ptr': 980326809600}, {'output': 'comb_mix', 'shape': [16, 16], 'ref_dtype': 'torch.float32', 'got_dtype': 'torch.float32', 'exact': False, 'different': 115, 'finite_max_abs': 2.384185791015625e-07, 'ref_nonfinite': 0, 'got_nonfinite': 0, 'first_flat_index': 128, 'first_ref': 0.47816869616508484, 'first_got': 0.47816866636276245, 'ref_ptr': 142874646528, 'got_ptr': 980326810112}, {'output': 'layer_input', 'shape': [16, 4096], 'ref_dtype': 'torch.bfloat16', 'got_dtype': 'torch.bfloat16', 'exact': True, 'different': 0, 'finite_max_abs': 0.0, 'ref_nonfinite': 0, 'got_nonfinite': 0, 'first_flat_index': None, 'first_ref': None, 'first_got': None, 'ref_ptr': 142876645888, 'got_ptr': 980326811136}]
(Worker_TP2 pid=299) WARNING 09-09 04:27:20 [glm53_megakernel.py:2192] [megakernel] AR consumer MHC mismatch storage fn_version=0 cache=[{'ptr': 465008971776, 'shape': [24, 16384], 'stride': [16384, 1], 'dtype': 'torch.float32'}, {'ptr': 142885493248, 'shape': [24, 16384], 'stride': [16384, 1], 'dtype': 'torch.bfloat16'}, {'ptr': 142886279680, 'shape': [24, 4096, 4], 'stride': [16384, 4, 1], 'dtype': 'torch.bfloat16'}] inputs=[142876809728, 142884968960, 142874645504, 142874646016, 465008971776, 142874647552, 142874648064, 142874627072] workspace={'barrier': 142874637312, 'barrier_mhc': 142874637824, 'barrier_mla': 142874638336, 'yp': 142875810304, 'rp': 142874638848, 'sq': 142874640896, 'pmix': 142874642944, 'ol_stash': 142875859456}
(Worker_TP2 pid=299) WARNING 09-09 04:27:20 [glm53_megakernel.py:2304] [megakernel] selftest mhc-pre T=[8, 6] identity=True rel=9.04e-06 -> ARM
(Worker_TP2 pid=299) WARNING 09-09 04:27:21 [glm53_megakernel.py:2375] [megakernel] exact gemm m=8 n=1024: plan=[8, 64, 2] PASS
(Worker_TP2 pid=299) WARNING 09-09 04:27:21 [glm53_megakernel.py:2375] [megakernel] exact gemm m=16 n=1024: plan=[8, 64, 2] PASS
(Worker_TP2 pid=299) WARNING 09-09 04:27:21 [glm53_megakernel.py:2375] [megakernel] exact gemm m=32 n=1024: plan=[8, 64, 2] PASS
(Worker_TP2 pid=299) WARNING 09-09 04:27:21 [glm53_megakernel.py:2375] [megakernel] exact gemm m=8 n=2048: plan=[3, 48, 2] PASS
(Worker_TP2 pid=299) WARNING 09-09 04:27:22 [glm53_megakernel.py:2420] [megakernel] selftest gemm exact=2.01e-05 (m=8/16/32 + forced split) -> ARM (plans ksr/units/bps: [1024x4096]=[8, 64, 2], in_proj=[8, 408, 2])
(Worker_TP2 pid=299) WARNING 09-09 04:27:23 [glm53_megakernel.py:2462] [megakernel] input-reuse exact graph M=6 N=6416 K=4096 PASS
(Worker_TP2 pid=299) WARNING 09-09 04:27:23 [glm53_megakernel.py:2462] [megakernel] input-reuse exact graph M=6 N=6416 K=4096 PASS
(Worker_TP2 pid=299) WARNING 09-09 04:27:23 [glm53_megakernel.py:2462] [megakernel] input-reuse exact graph M=6 N=6416 K=4096 PASS
(Worker_TP2 pid=299) WARNING 09-09 04:27:23 [glm53_megakernel.py:2462] [megakernel] input-reuse exact graph M=6 N=4096 K=4096 PASS
(Worker_TP2 pid=299) WARNING 09-09 04:27:23 [glm53_megakernel.py:2462] [megakernel] input-reuse exact graph M=6 N=6144 K=4096 PASS
(Worker_TP2 pid=299) WARNING 09-09 04:27:23 [glm53_megakernel.py:2864] [megakernel] selftest mla rel=2.67e-03 pair_prefill=False group=2 prefill32=False -> ARM
(Worker_TP2 pid=299) WARNING 09-09 04:27:23 [glm53_megakernel.py:2549] [megakernel] armed={'mhc': True, 'mhc_pre': True, 'gemm': True, 'mla': True, 'smlp2': False}
(Worker_TP2 pid=299) WARNING 09-09 04:27:23 [glm53_fp8_dense.py:1013] [fp8-dense] nvfp4 alpha=1.0 backend=cutlass (resolved on model.layers.0.self_attn.in_proj_qkvbfg_a for the prefill pair, reused for the rest)
(Worker_TP2 pid=299) WARNING 09-09 04:27:23 [glm53_fp8_dense.py:1315] [fp8-dense] nvfp4 prefill pair #1 (model.layers.0.self_attn.in_proj_qkvbfg_a): cuda free 46.7/119.6 GiB, host MemAvailable 42.1 GiB
(Worker_TP2 pid=299) WARNING 09-09 04:27:25 [glm53_fp8_dense.py:1315] [fp8-dense] nvfp4 prefill pair #21 (model.layers.4.self_attn.o_proj): cuda free 46.0/119.6 GiB, host MemAvailable 41.5 GiB
(Worker_TP2 pid=299) WARNING 09-09 04:27:26 [glm53_fp8_dense.py:1315] [fp8-dense] nvfp4 prefill pair #41 (model.layers.8.mlp.shared_experts.gate_up_proj): cuda free 45.5/119.6 GiB, host MemAvailable 41.1 GiB
(Worker_TP2 pid=299) [boot-stamp] load-model still running after 120s; its thread is at:
(Worker_TP2 pid=299)   File "/usr/local/lib/python3.12/dist-packages/vllm/v1/worker/gpu_worker.py", line 443, in load_model
(Worker_TP2 pid=299)     self.model_runner.load_model(load_dummy_weights=load_dummy_weights)
(Worker_TP2 pid=299)   File "/usr/local/lib/python3.12/dist-packages/vllm/v1/worker/gpu/model_runner.py", line 355, in load_model
(Worker_TP2 pid=299)     self.model = model_loader.load_model(
(Worker_TP2 pid=299)   File "/usr/local/lib/python3.12/dist-packages/vllm/tracing/otel.py", line 178, in sync_wrapper
(Worker_TP2 pid=299)     return func(*args, **kwargs)
(Worker_TP2 pid=299)   File "/usr/local/lib/python3.12/dist-packages/vllm/model_executor/model_loader/base_loader.py", line 64, in load_model
(Worker_TP2 pid=299)     self.load_weights(model, model_config)
(Worker_TP2 pid=299)   File "/usr/local/lib/python3.12/dist-packages/vllm/tracing/otel.py", line 178, in sync_wrapper
(Worker_TP2 pid=299)     return func(*args, **kwargs)
(Worker_TP2 pid=299)   File "/usr/local/lib/python3.12/dist-packages/vllm/model_executor/model_loader/default_loader.py", line 427, in load_weights
(Worker_TP2 pid=299)     loaded_weights = model.load_weights(self.get_all_weights(model_config, model))
(Worker_TP2 pid=299)   File "/usr/local/lib/python3.12/dist-packages/vllm/models/glm5next/nvidia/model.py", line 1547, in load_weights
(Worker_TP2 pid=299)     run()
(Worker_TP2 pid=299)   File "/usr/local/lib/python3.12/dist-packages/vllm/models/glm5next/nvidia/model.py", line 1441, in run_post_load
(Worker_TP2 pid=299)     maybe_build_fp8_dense(self)
(Worker_TP2 pid=299)   File "/usr/local/lib/python3.12/dist-packages/vllm/model_executor/layers/glm53_fp8_dense.py", line 1302, in maybe_build_fp8_dense
(Worker_TP2 pid=299)     if attach_mk(method, weight, cols, f"{type(model).__name__}/{name}"):
(Worker_TP2 pid=299)   File "/usr/local/lib/python3.12/dist-packages/vllm/model_executor/layers/glm53_fp8_dense.py", line 1134, in attach_mk
(Worker_TP2 pid=299)     return _attach_mk_pack(*args)
(Worker_TP2 pid=299)   File "/usr/local/lib/python3.12/dist-packages/vllm/model_executor/layers/glm53_fp8_dense.py", line 1072, in _attach_mk_pack
(Worker_TP2 pid=299)     method._mk = _mkmod.build_mk_weight_w4(weight, name=name,
(Worker_TP2 pid=299)   File "/usr/local/lib/python3.12/dist-packages/vllm/model_executor/layers/glm53_megakernel.py", line 857, in build_mk_weight_w4
(Worker_TP2 pid=299)     cache = _pack_cache_path(weight, per_row, calib is not None, lr_rank)
(Worker_TP2 pid=299)   File "/usr/local/lib/python3.12/dist-packages/vllm/model_executor/layers/glm53_megakernel.py", line 760, in _pack_cache_path
(Worker_TP2 pid=299)     path = os.path.join(directory, "sha256-" + _weight_digest(weight, "sha256") + suffix)
(Worker_TP2 pid=299)   File "/usr/local/lib/python3.12/dist-packages/vllm/model_executor/layers/glm53_megakernel.py", line 705, in _weight_digest
(Worker_TP2 pid=299)     digest.update(memoryview(chunk.numpy()))
(Worker_TP2 pid=299) WARNING 09-09 04:27:27 [glm53_fp8_dense.py:1315] [fp8-dense] nvfp4 prefill pair #61 (model.layers.12.mlp.shared_experts.down_proj): cuda free 45.0/119.6 GiB, host MemAvailable 40.8 GiB
(Worker_TP2 pid=299) WARNING 09-09 04:27:28 [glm53_fp8_dense.py:1315] [fp8-dense] nvfp4 prefill pair #81 (model.layers.17.self_attn.in_proj_qkvbfg_a): cuda free 43.9/119.6 GiB, host MemAvailable 39.9 GiB
(Worker_TP2 pid=299) WARNING 09-09 04:27:29 [glm53_fp8_dense.py:1315] [fp8-dense] nvfp4 prefill pair #101 (model.layers.21.self_attn.o_proj): cuda free 43.7/119.6 GiB, host MemAvailable 39.8 GiB
(Worker_TP2 pid=299) WARNING 09-09 04:27:31 [glm53_fp8_dense.py:1315] [fp8-dense] nvfp4 prefill pair #121 (model.layers.25.mlp.shared_experts.gate_up_proj): cuda free 43.2/119.6 GiB, host MemAvailable 39.4 GiB
(Worker_TP2 pid=299) WARNING 09-09 04:27:32 [glm53_fp8_dense.py:1315] [fp8-dense] nvfp4 prefill pair #141 (model.layers.29.mlp.shared_experts.down_proj): cuda free 42.6/119.6 GiB, host MemAvailable 38.9 GiB
(Worker_TP2 pid=299) WARNING 09-09 04:27:33 [glm53_fp8_dense.py:1315] [fp8-dense] nvfp4 prefill pair #161 (model.layers.34.self_attn.in_proj_qkvbfg_a): cuda free 41.5/119.6 GiB, host MemAvailable 38.0 GiB
(Worker_TP2 pid=299) WARNING 09-09 04:27:34 [glm53_fp8_dense.py:1315] [fp8-dense] nvfp4 prefill pair #181 (model.layers.38.self_attn.o_proj): cuda free 41.1/119.6 GiB, host MemAvailable 37.8 GiB
(Worker_TP2 pid=299) WARNING 09-09 04:27:35 [glm53_fp8_dense.py:1315] [fp8-dense] nvfp4 prefill pair #201 (model.layers.42.mlp.shared_experts.gate_up_proj): cuda free 40.5/119.6 GiB, host MemAvailable 37.3 GiB
(Worker_TP2 pid=299) WARNING 09-09 04:27:36 [glm53_startup_cache.py:295] [fp8-cache] Glm5NextForCausalLM enabled=True hit=0 miss=213 errors=0 host-seconds=key=2.038 read=0.056 quantize=4.661 write=4.732
(Worker_TP2 pid=299) WARNING 09-09 04:27:36 [glm53_fp8_dense.py:1343] [fp8-dense] Glm5NextForCausalLM host-seconds=check=0.647 mk=3.171 empty_cache=0.557 (includes existing syncs)
(Worker_TP2 pid=299) WARNING 09-09 04:27:36 [glm53_fp8_dense.py:1346] [fp8-dense] Glm5NextForCausalLM (knob VLLM_GLM53_FP8_DENSE=w8a8): 0 linears w4a8 (0.00 GB bf16), 213 linears w8a8 (4.04 GB bf16), 0 kept bf16, 0 disarmed by the copy check, 213 MK W4 packs, 213 nvfp4 prefill pairs -- fingerprint for the boot log
(Worker_TP2 pid=299) WARNING 09-09 04:27:36 [glm53_fp8_dense.py:1359] [fp8-dense] Glm5NextForCausalLM megakernel packs: rtn=0 gptq=0 gptq_failed=0 cached=223 lorc=0 (mean captured error energy 0.00) build 0s; levers rowshift=1 gptq=1 lorc=0 in 19.1 s
(Worker_TP2 pid=299) WARNING 09-09 04:27:36 [glm53_fp8_dense.py:1362] [mk-pack-io] Glm5NextForCausalLM fast=1 sha256=1 calib_s=0.171 key_s=2.264 read_s=0.281 copy_s=0.602 fast_hits=223 legacy_hits=0 sha_hits=223 md5_fallback=0 aliases=0 alias_errors=0
(Worker_TP2 pid=299) WARNING 09-09 04:27:36 [glm53_fp8_dense.py:1369] [fp8-dense] Glm5NextForCausalLM shapes: [1024x4096]x42, [4096x512]x42, [6416x4096]x34, [4096x2048]x34, [4096x1536]x22, [2048x4096]x11, [8192x512]x11, [4096x4096]x11, [6144x4096]x3, [4096x3072]x3
(Worker_TP2 pid=299) INFO 09-09 04:27:36 [default_loader.py:430] Loading weights took 125.73 seconds
(Worker_TP2 pid=299) INFO 09-09 04:27:36 [nvfp4.py:565] Using MoEPrepareAndFinalizeNoDPEPModular
(Worker_TP2 pid=299) WARNING 09-09 04:27:36 [flashinfer_b12x_moe.py:1394] [b12x static v5] expert weights re-laid out tile-major in place (w13 (288, 1024, 2048), w2 (288, 4096, 256) bytes): the static lane reads 16 KB / 8 KB boxes
(Worker_TP2 pid=299) WARNING 09-09 04:27:36 [flashinfer_b12x_moe.py:1394] [b12x static v5] expert weights re-laid out tile-major in place (w13 (288, 1024, 2048), w2 (288, 4096, 256) bytes): the static lane reads 16 KB / 8 KB boxes
(Worker_TP2 pid=299) WARNING 09-09 04:27:36 [flashinfer_b12x_moe.py:1394] [b12x static v5] expert weights re-laid out tile-major in place (w13 (288, 1024, 2048), w2 (288, 4096, 256) bytes): the static lane reads 16 KB / 8 KB boxes
(Worker_TP2 pid=299) WARNING 09-09 04:27:36 [flashinfer_b12x_moe.py:1394] [b12x static v5] expert weights re-laid out tile-major in place (w13 (288, 1024, 2048), w2 (288, 4096, 256) bytes): the static lane reads 16 KB / 8 KB boxes
(Worker_TP2 pid=299) WARNING 09-09 04:27:36 [flashinfer_b12x_moe.py:1394] [b12x static v5] expert weights re-laid out tile-major in place (w13 (288, 1024, 2048), w2 (288, 4096, 256) bytes): the static lane reads 16 KB / 8 KB boxes
(Worker_TP2 pid=299) WARNING 09-09 04:27:36 [flashinfer_b12x_moe.py:1394] [b12x static v5] expert weights re-laid out tile-major in place (w13 (288, 1024, 2048), w2 (288, 4096, 256) bytes): the static lane reads 16 KB / 8 KB boxes
(Worker_TP2 pid=299) WARNING 09-09 04:27:37 [flashinfer_b12x_moe.py:1394] [b12x static v5] expert weights re-laid out tile-major in place (w13 (288, 1024, 2048), w2 (288, 4096, 256) bytes): the static lane reads 16 KB / 8 KB boxes
(Worker_TP2 pid=299) WARNING 09-09 04:27:37 [flashinfer_b12x_moe.py:1394] [b12x static v5] expert weights re-laid out tile-major in place (w13 (288, 1024, 2048), w2 (288, 4096, 256) bytes): the static lane reads 16 KB / 8 KB boxes
(Worker_TP2 pid=299) WARNING 09-09 04:27:37 [flashinfer_b12x_moe.py:1394] [b12x static v5] expert weights re-laid out tile-major in place (w13 (288, 1024, 2048), w2 (288, 4096, 256) bytes): the static lane reads 16 KB / 8 KB boxes
(Worker_TP2 pid=299) WARNING 09-09 04:27:37 [flashinfer_b12x_moe.py:1394] [b12x static v5] expert weights re-laid out tile-major in place (w13 (288, 1024, 2048), w2 (288, 4096, 256) bytes): the static lane reads 16 KB / 8 KB boxes
(Worker_TP2 pid=299) WARNING 09-09 04:27:37 [flashinfer_b12x_moe.py:1394] [b12x static v5] expert weights re-laid out tile-major in place (w13 (288, 1024, 2048), w2 (288, 4096, 256) bytes): the static lane reads 16 KB / 8 KB boxes
(Worker_TP2 pid=299) WARNING 09-09 04:27:37 [flashinfer_b12x_moe.py:1394] [b12x static v5] expert weights re-laid out tile-major in place (w13 (288, 1024, 2048), w2 (288, 4096, 256) bytes): the static lane reads 16 KB / 8 KB boxes
(Worker_TP2 pid=299) WARNING 09-09 04:27:37 [flashinfer_b12x_moe.py:1394] [b12x static v5] expert weights re-laid out tile-major in place (w13 (288, 1024, 2048), w2 (288, 4096, 256) bytes): the static lane reads 16 KB / 8 KB boxes
(Worker_TP2 pid=299) WARNING 09-09 04:27:37 [flashinfer_b12x_moe.py:1394] [b12x static v5] expert weights re-laid out tile-major in place (w13 (288, 1024, 2048), w2 (288, 4096, 256) bytes): the static lane reads 16 KB / 8 KB boxes
(Worker_TP2 pid=299) WARNING 09-09 04:27:37 [flashinfer_b12x_moe.py:1394] [b12x static v5] expert weights re-laid out tile-major in place (w13 (288, 1024, 2048), w2 (288, 4096, 256) bytes): the static lane reads 16 KB / 8 KB boxes
(Worker_TP2 pid=299) WARNING 09-09 04:27:37 [flashinfer_b12x_moe.py:1394] [b12x static v5] expert weights re-laid out tile-major in place (w13 (288, 1024, 2048), w2 (288, 4096, 256) bytes): the static lane reads 16 KB / 8 KB boxes
(Worker_TP2 pid=299) WARNING 09-09 04:27:37 [flashinfer_b12x_moe.py:1394] [b12x static v5] expert weights re-laid out tile-major in place (w13 (288, 1024, 2048), w2 (288, 4096, 256) bytes): the static lane reads 16 KB / 8 KB boxes
(Worker_TP2 pid=299) WARNING 09-09 04:27:37 [flashinfer_b12x_moe.py:1394] [b12x static v5] expert weights re-laid out tile-major in place (w13 (288, 1024, 2048), w2 (288, 4096, 256) bytes): the static lane reads 16 KB / 8 KB boxes
(Worker_TP2 pid=299) WARNING 09-09 04:27:37 [flashinfer_b12x_moe.py:1394] [b12x static v5] expert weights re-laid out tile-major in place (w13 (288, 1024, 2048), w2 (288, 4096, 256) bytes): the static lane reads 16 KB / 8 KB boxes
(Worker_TP2 pid=299) WARNING 09-09 04:27:38 [flashinfer_b12x_moe.py:1394] [b12x static v5] expert weights re-laid out tile-major in place (w13 (288, 1024, 2048), w2 (288, 4096, 256) bytes): the static lane reads 16 KB / 8 KB boxes
(Worker_TP2 pid=299) WARNING 09-09 04:27:38 [flashinfer_b12x_moe.py:1394] [b12x static v5] expert weights re-laid out tile-major in place (w13 (288, 1024, 2048), w2 (288, 4096, 256) bytes): the static lane reads 16 KB / 8 KB boxes
(Worker_TP2 pid=299) WARNING 09-09 04:27:38 [flashinfer_b12x_moe.py:1394] [b12x static v5] expert weights re-laid out tile-major in place (w13 (288, 1024, 2048), w2 (288, 4096, 256) bytes): the static lane reads 16 KB / 8 KB boxes
(Worker_TP2 pid=299) WARNING 09-09 04:27:38 [flashinfer_b12x_moe.py:1394] [b12x static v5] expert weights re-laid out tile-major in place (w13 (288, 1024, 2048), w2 (288, 4096, 256) bytes): the static lane reads 16 KB / 8 KB boxes
(Worker_TP2 pid=299) WARNING 09-09 04:27:38 [flashinfer_b12x_moe.py:1394] [b12x static v5] expert weights re-laid out tile-major in place (w13 (288, 1024, 2048), w2 (288, 4096, 256) bytes): the static lane reads 16 KB / 8 KB boxes
(Worker_TP2 pid=299) WARNING 09-09 04:27:38 [flashinfer_b12x_moe.py:1394] [b12x static v5] expert weights re-laid out tile-major in place (w13 (288, 1024, 2048), w2 (288, 4096, 256) bytes): the static lane reads 16 KB / 8 KB boxes
(Worker_TP2 pid=299) WARNING 09-09 04:27:38 [flashinfer_b12x_moe.py:1394] [b12x static v5] expert weights re-laid out tile-major in place (w13 (288, 1024, 2048), w2 (288, 4096, 256) bytes): the static lane reads 16 KB / 8 KB boxes
(Worker_TP2 pid=299) WARNING 09-09 04:27:38 [flashinfer_b12x_moe.py:1394] [b12x static v5] expert weights re-laid out tile-major in place (w13 (288, 1024, 2048), w2 (288, 4096, 256) bytes): the static lane reads 16 KB / 8 KB boxes
(Worker_TP2 pid=299) WARNING 09-09 04:27:38 [flashinfer_b12x_moe.py:1394] [b12x static v5] expert weights re-laid out tile-major in place (w13 (288, 1024, 2048), w2 (288, 4096, 256) bytes): the static lane reads 16 KB / 8 KB boxes
(Worker_TP2 pid=299) WARNING 09-09 04:27:38 [flashinfer_b12x_moe.py:1394] [b12x static v5] expert weights re-laid out tile-major in place (w13 (288, 1024, 2048), w2 (288, 4096, 256) bytes): the static lane reads 16 KB / 8 KB boxes
(Worker_TP2 pid=299) WARNING 09-09 04:27:38 [flashinfer_b12x_moe.py:1394] [b12x static v5] expert weights re-laid out tile-major in place (w13 (288, 1024, 2048), w2 (288, 4096, 256) bytes): the static lane reads 16 KB / 8 KB boxes
(Worker_TP2 pid=299) WARNING 09-09 04:27:38 [flashinfer_b12x_moe.py:1394] [b12x static v5] expert weights re-laid out tile-major in place (w13 (288, 1024, 2048), w2 (288, 4096, 256) bytes): the static lane reads 16 KB / 8 KB boxes
(Worker_TP2 pid=299) WARNING 09-09 04:27:38 [flashinfer_b12x_moe.py:1394] [b12x static v5] expert weights re-laid out tile-major in place (w13 (288, 1024, 2048), w2 (288, 4096, 256) bytes): the static lane reads 16 KB / 8 KB boxes
(Worker_TP2 pid=299) WARNING 09-09 04:27:38 [flashinfer_b12x_moe.py:1394] [b12x static v5] expert weights re-laid out tile-major in place (w13 (288, 1024, 2048), w2 (288, 4096, 256) bytes): the static lane reads 16 KB / 8 KB boxes
(Worker_TP2 pid=299) WARNING 09-09 04:27:39 [flashinfer_b12x_moe.py:1394] [b12x static v5] expert weights re-laid out tile-major in place (w13 (288, 1024, 2048), w2 (288, 4096, 256) bytes): the static lane reads 16 KB / 8 KB boxes
(Worker_TP2 pid=299) WARNING 09-09 04:27:39 [flashinfer_b12x_moe.py:1394] [b12x static v5] expert weights re-laid out tile-major in place (w13 (288, 1024, 2048), w2 (288, 4096, 256) bytes): the static lane reads 16 KB / 8 KB boxes
(Worker_TP2 pid=299) WARNING 09-09 04:27:39 [flashinfer_b12x_moe.py:1394] [b12x static v5] expert weights re-laid out tile-major in place (w13 (288, 1024, 2048), w2 (288, 4096, 256) bytes): the static lane reads 16 KB / 8 KB boxes
(Worker_TP2 pid=299) WARNING 09-09 04:27:39 [flashinfer_b12x_moe.py:1394] [b12x static v5] expert weights re-laid out tile-major in place (w13 (288, 1024, 2048), w2 (288, 4096, 256) bytes): the static lane reads 16 KB / 8 KB boxes
(Worker_TP2 pid=299) WARNING 09-09 04:27:39 [flashinfer_b12x_moe.py:1394] [b12x static v5] expert weights re-laid out tile-major in place (w13 (288, 1024, 2048), w2 (288, 4096, 256) bytes): the static lane reads 16 KB / 8 KB boxes
(Worker_TP2 pid=299) WARNING 09-09 04:27:39 [flashinfer_b12x_moe.py:1394] [b12x static v5] expert weights re-laid out tile-major in place (w13 (288, 1024, 2048), w2 (288, 4096, 256) bytes): the static lane reads 16 KB / 8 KB boxes
(Worker_TP2 pid=299) WARNING 09-09 04:27:39 [flashinfer_b12x_moe.py:1394] [b12x static v5] expert weights re-laid out tile-major in place (w13 (288, 1024, 2048), w2 (288, 4096, 256) bytes): the static lane reads 16 KB / 8 KB boxes
(Worker_TP2 pid=299) WARNING 09-09 04:27:39 [flashinfer_b12x_moe.py:1394] [b12x static v5] expert weights re-laid out tile-major in place (w13 (288, 1024, 2048), w2 (288, 4096, 256) bytes): the static lane reads 16 KB / 8 KB boxes
(Worker_TP2 pid=299) WARNING 09-09 04:27:39 [flashinfer_b12x_moe.py:1394] [b12x static v5] expert weights re-laid out tile-major in place (w13 (288, 1024, 2048), w2 (288, 4096, 256) bytes): the static lane reads 16 KB / 8 KB boxes
(Worker_TP2 pid=299) INFO 09-09 04:27:39 [eagle3_utils.py:28] Using Eagle3 auxiliary layers from config: (6, 15, 25, 34, 43)
(Worker_TP2 pid=299) INFO 09-09 04:27:39 [kernel.py:306] Final IR op priority after setting platform defaults: IrOpPriorityConfig(rms_norm=['native'], fused_add_rms_norm=['native'])
(Worker_TP2 pid=299) INFO 09-09 04:27:40 [cuda.py:533] Using FLASHINFER attention backend out of potential backends: ['FLASHINFER', 'TRITON_ATTN'].
(Worker_TP2 pid=299) [boot-stamp] load-model still running after 180s; its thread is at:
(Worker_TP2 pid=299)   File "/usr/local/lib/python3.12/dist-packages/vllm/v1/worker/gpu/spec_decode/dflash/speculator.py", line 159, in load_draft_model
(Worker_TP2 pid=299)     return load_dflash_model(target_model, self.vllm_config)
(Worker_TP2 pid=299)   File "/usr/local/lib/python3.12/dist-packages/vllm/v1/worker/gpu/spec_decode/dflash/utils.py", line 40, in load_dflash_model
(Worker_TP2 pid=299)     dflash_model = get_model(
(Worker_TP2 pid=299)   File "/usr/local/lib/python3.12/dist-packages/vllm/model_executor/model_loader/__init__.py", line 137, in get_model
(Worker_TP2 pid=299)     return loader.load_model(
(Worker_TP2 pid=299)   File "/usr/local/lib/python3.12/dist-packages/vllm/tracing/otel.py", line 178, in sync_wrapper
(Worker_TP2 pid=299)     return func(*args, **kwargs)
(Worker_TP2 pid=299)   File "/usr/local/lib/python3.12/dist-packages/vllm/model_executor/model_loader/base_loader.py", line 64, in load_model
(Worker_TP2 pid=299)     self.load_weights(model, model_config)
(Worker_TP2 pid=299)   File "/usr/local/lib/python3.12/dist-packages/vllm/tracing/otel.py", line 178, in sync_wrapper
(Worker_TP2 pid=299)     return func(*args, **kwargs)
(Worker_TP2 pid=299)   File "/usr/local/lib/python3.12/dist-packages/vllm/model_executor/model_loader/default_loader.py", line 427, in load_weights
(Worker_TP2 pid=299)     loaded_weights = model.load_weights(self.get_all_weights(model_config, model))
(Worker_TP2 pid=299)   File "/usr/local/lib/python3.12/dist-packages/vllm/model_executor/models/qwen3_dflash.py", line 791, in load_weights
(Worker_TP2 pid=299)     for name, loaded_weight in weights:
(Worker_TP2 pid=299)   File "/usr/local/lib/python3.12/dist-packages/deneb_boot_stamps.py", line 120, in measured
(Worker_TP2 pid=299)     item = next(it)
(Worker_TP2 pid=299)   File "/usr/local/lib/python3.12/dist-packages/vllm/model_executor/model_loader/default_loader.py", line 333, in get_all_weights
(Worker_TP2 pid=299)     yield from self._get_weights_iterator(primary_weights)
(Worker_TP2 pid=299)   File "/usr/local/lib/python3.12/dist-packages/vllm/model_executor/model_loader/default_loader.py", line 319, in <genexpr>
(Worker_TP2 pid=299)     return ((source.prefix + name, tensor) for (name, tensor) in weights_iterator)
(Worker_TP2 pid=299)   File "/usr/local/lib/python3.12/dist-packages/vllm/model_executor/model_loader/weight_utils.py", line 1130, in instanttensor_weights_iterator
(Worker_TP2 pid=299)     with instanttensor.safe_open(
(Worker_TP2 pid=299)   File "/usr/local/lib/python3.12/dist-packages/instanttensor/_impl.py", line 454, in __init__
(Worker_TP2 pid=299)     self._determine_io_params(chunk_size, concurrency, io_depth, max_free_mem_usage, backend)
(Worker_TP2 pid=299)   File "/usr/local/lib/python3.12/dist-packages/instanttensor/_impl.py", line 561, in _determine_io_params
(Worker_TP2 pid=299)     avail_bytes = avail_bytes_tensor.item()
(Worker_TP2 pid=299) [boot-stamp] load-model still running after 240s; its thread is at:
(Worker_TP2 pid=299)   File "/usr/local/lib/python3.12/dist-packages/vllm/v1/worker/gpu/spec_decode/dflash/speculator.py", line 159, in load_draft_model
(Worker_TP2 pid=299)     return load_dflash_model(target_model, self.vllm_config)
(Worker_TP2 pid=299)   File "/usr/local/lib/python3.12/dist-packages/vllm/v1/worker/gpu/spec_decode/dflash/utils.py", line 40, in load_dflash_model
(Worker_TP2 pid=299)     dflash_model = get_model(
(Worker_TP2 pid=299)   File "/usr/local/lib/python3.12/dist-packages/vllm/model_executor/model_loader/__init__.py", line 137, in get_model
(Worker_TP2 pid=299)     return loader.load_model(
(Worker_TP2 pid=299)   File "/usr/local/lib/python3.12/dist-packages/vllm/tracing/otel.py", line 178, in sync_wrapper
(Worker_TP2 pid=299)     return func(*args, **kwargs)
(Worker_TP2 pid=299)   File "/usr/local/lib/python3.12/dist-packages/vllm/model_executor/model_loader/base_loader.py", line 64, in load_model
(Worker_TP2 pid=299)     self.load_weights(model, model_config)
(Worker_TP2 pid=299)   File "/usr/local/lib/python3.12/dist-packages/vllm/tracing/otel.py", line 178, in sync_wrapper
(Worker_TP2 pid=299)     return func(*args, **kwargs)
(Worker_TP2 pid=299)   File "/usr/local/lib/python3.12/dist-packages/vllm/model_executor/model_loader/default_loader.py", line 427, in load_weights
(Worker_TP2 pid=299)     loaded_weights = model.load_weights(self.get_all_weights(model_config, model))
(Worker_TP2 pid=299)   File "/usr/local/lib/python3.12/dist-packages/vllm/model_executor/models/qwen3_dflash.py", line 791, in load_weights
(Worker_TP2 pid=299)     for name, loaded_weight in weights:
(Worker_TP2 pid=299)   File "/usr/local/lib/python3.12/dist-packages/deneb_boot_stamps.py", line 120, in measured
(Worker_TP2 pid=299)     item = next(it)
(Worker_TP2 pid=299)   File "/usr/local/lib/python3.12/dist-packages/vllm/model_executor/model_loader/default_loader.py", line 333, in get_all_weights
(Worker_TP2 pid=299)     yield from self._get_weights_iterator(primary_weights)
(Worker_TP2 pid=299)   File "/usr/local/lib/python3.12/dist-packages/vllm/model_executor/model_loader/default_loader.py", line 319, in <genexpr>
(Worker_TP2 pid=299)     return ((source.prefix + name, tensor) for (name, tensor) in weights_iterator)
(Worker_TP2 pid=299)   File "/usr/local/lib/python3.12/dist-packages/vllm/model_executor/model_loader/weight_utils.py", line 1130, in instanttensor_weights_iterator
(Worker_TP2 pid=299)     with instanttensor.safe_open(
(Worker_TP2 pid=299)   File "/usr/local/lib/python3.12/dist-packages/instanttensor/_impl.py", line 454, in __init__
(Worker_TP2 pid=299)     self._determine_io_params(chunk_size, concurrency, io_depth, max_free_mem_usage, backend)
(Worker_TP2 pid=299)   File "/usr/local/lib/python3.12/dist-packages/instanttensor/_impl.py", line 561, in _determine_io_params
(Worker_TP2 pid=299)     avail_bytes = avail_bytes_tensor.item()
(Worker_TP2 pid=299) [boot-stamp] weights: 81 tensors, 2.2 GiB | read 119.7s (0.02 GiB/s) | apply 0.0s
(Worker_TP2 pid=299) INFO 09-09 04:29:39 [default_loader.py:430] Loading weights took 119.76 seconds
(Worker_TP2 pid=299) WARNING 09-09 04:29:44 [glm53_startup_cache.py:295] [fp8-cache] DFlash2Qwen3ForCausalLM enabled=True hit=0 miss=31 errors=0 host-seconds=key=0.396 read=0.005 quantize=2.985 write=0.753
(Worker_TP2 pid=299) WARNING 09-09 04:29:44 [glm53_fp8_dense.py:1343] [fp8-dense] DFlash2Qwen3ForCausalLM host-seconds=check=0.040 mk=0.544 empty_cache=0.192 (includes existing syncs)
(Worker_TP2 pid=299) WARNING 09-09 04:29:44 [glm53_fp8_dense.py:1346] [fp8-dense] DFlash2Qwen3ForCausalLM (knob VLLM_DFLASH2_FP8_DENSE=w8a8): 0 linears w4a8 (0.00 GB bf16), 31 linears w8a8 (0.73 GB bf16), 0 kept bf16, 0 disarmed by the copy check, 31 MK W4 packs, 0 nvfp4 prefill pairs -- fingerprint for the boot log
(Worker_TP2 pid=299) WARNING 09-09 04:29:44 [glm53_fp8_dense.py:1359] [fp8-dense] DFlash2Qwen3ForCausalLM megakernel packs: rtn=0 gptq=0 gptq_failed=0 cached=258 lorc=0 (mean captured error energy 0.00) build 0s; levers rowshift=1 gptq=1 lorc=0 in 4.9 s
(Worker_TP2 pid=299) WARNING 09-09 04:29:44 [glm53_fp8_dense.py:1362] [mk-pack-io] DFlash2Qwen3ForCausalLM fast=1 sha256=1 calib_s=0.204 key_s=2.632 read_s=0.319 copy_s=0.695 fast_hits=258 legacy_hits=0 sha_hits=258 md5_fallback=0 aliases=0 alias_errors=0
(Worker_TP2 pid=299) WARNING 09-09 04:29:44 [glm53_fp8_dense.py:1369] [fp8-dense] DFlash2Qwen3ForCausalLM shapes: [1024x4096]x10, [1536x4096]x5, [4096x1024]x5, [6144x4096]x5, [4096x3072]x5, [4096x20480]x1
(Worker_TP2 pid=299) WARNING 09-09 04:29:44 [glm53_fp8_dense.py:969] [fp8-dense] drafter: VLLM_GLM53_FP8_DENSE_FREE_BF16=1: released 0.73 GB of bf16 sources (0 linears kept theirs for a bias); the bias and error fallbacks through the base method are gone with them
(Worker_TP2 pid=299) INFO 09-09 04:29:45 [fp8_lm_head.py:342] fp8 lm_head: quantized (38720, 4096).
(Worker_TP2 pid=299) WARNING 09-09 04:29:45 [speculator.py:197] Draft model DFlash2Qwen3ForCausalLM does not support external multimodal embeddings. Embeddings from the target model will not be passed to the drafter; using text-only draft inputs instead.
(Worker_TP2 pid=299) INFO 09-09 04:29:45 [model_runner.py:374] Model loading took 50.4 GiB and 259.151233 seconds
(Worker_TP2 pid=299) [boot-stamp] load-model took 259.2s (at 291.4s since interpreter start) dev free 37.50 GiB (+59.44 GiB used this phase)
(Worker_TP2 pid=299) INFO 09-09 04:29:45 [interface.py:950] Padding mamba page size by 2.86% to ensure that mamba page size and attention page size are exactly equal.
INFO 09-09 04:29:49 [torch_utils.py:262] Reducing Torch threads from 20 to 1 for serving. Set OMP_NUM_THREADS in the external environment to override.
(Worker_TP2 pid=299) INFO 09-09 04:29:51 [encoder_runner.py:119] Encoder cache will be initialized with a budget of 32242 tokens, and profiled with 1 video items of the maximum feature size.
(Worker_TP2 pid=299) WARNING 09-09 04:29:59 [dsv4_oneshot_shim.py:175] [osar] source md5=a2d7bc9d kernels=3 maxel=131072 (/usr/local/lib/python3.12/dist-packages/vllm/distributed/device_communicators/dsv4_oneshot_ar.cu)
(Worker_TP2 pid=299) WARNING 09-09 04:30:07 [dsv4_oneshot_shim.py:322] [osar] connected rank=2 world=4 shadow=False
(Worker_TP2 pid=299) WARNING 09-09 04:30:07 [dsv4_oneshot_shim.py:423] [osar] self-test PASS div=0 (real=True)
(Worker_TP2 pid=299) WARNING 09-09 04:30:07 [dsv4_oneshot_shim.py:426] [osar] consumer PDL self-test PASS
(Worker_TP2 pid=299) [boot-stamp] encoder-profile took 21.4s (at 318.7s since interpreter start) dev free 30.32 GiB (+3.83 GiB used this phase)
(Worker_TP2 pid=299) [b12x sf6] prepared FC1+FC2; packed bytes=85819392
(Worker_TP2 pid=299) [b12x sf6] prepared FC1+FC2; packed bytes=85819392
(Worker_TP2 pid=299) [b12x sf6] prepared FC1+FC2; packed bytes=85819392
(Worker_TP2 pid=299) [b12x sf6] prepared FC1+FC2; packed bytes=85819392
(Worker_TP2 pid=299) [b12x sf6] prepared FC1+FC2; packed bytes=85819392
(Worker_TP2 pid=299) [b12x sf6] prepared FC1+FC2; packed bytes=85819392
(Worker_TP2 pid=299) [b12x sf6] prepared FC1+FC2; packed bytes=85819392
(Worker_TP2 pid=299) [b12x sf6] prepared FC1+FC2; packed bytes=85819392
(Worker_TP2 pid=299) [b12x sf6] prepared FC1+FC2; packed bytes=85819392
(Worker_TP2 pid=299) [b12x sf6] prepared FC1+FC2; packed bytes=85819392
(Worker_TP2 pid=299) [b12x sf6] prepared FC1+FC2; packed bytes=85819392
(Worker_TP2 pid=299) [b12x sf6] prepared FC1+FC2; packed bytes=85819392
(Worker_TP2 pid=299) [b12x sf6] prepared FC1+FC2; packed bytes=85819392
(Worker_TP2 pid=299) [b12x sf6] prepared FC1+FC2; packed bytes=85819392
(Worker_TP2 pid=299) [b12x sf6] prepared FC1+FC2; packed bytes=85819392
(Worker_TP2 pid=299) [b12x sf6] prepared FC1+FC2; packed bytes=85819392
(Worker_TP2 pid=299) [b12x sf6] prepared FC1+FC2; packed bytes=85819392
(Worker_TP2 pid=299) [b12x sf6] prepared FC1+FC2; packed bytes=85819392
(Worker_TP2 pid=299) [b12x sf6] prepared FC1+FC2; packed bytes=85819392
(Worker_TP2 pid=299) [b12x sf6] prepared FC1+FC2; packed bytes=85819392
(Worker_TP2 pid=299) [b12x sf6] prepared FC1+FC2; packed bytes=85819392
(Worker_TP2 pid=299) [b12x sf6] prepared FC1+FC2; packed bytes=85819392
(Worker_TP2 pid=299) [b12x sf6] prepared FC1+FC2; packed bytes=85819392
(Worker_TP2 pid=299) [b12x sf6] prepared FC1+FC2; packed bytes=85819392
(Worker_TP2 pid=299) [b12x sf6] prepared FC1+FC2; packed bytes=85819392
(Worker_TP2 pid=299) [b12x sf6] prepared FC1+FC2; packed bytes=85819392
(Worker_TP2 pid=299) [b12x sf6] prepared FC1+FC2; packed bytes=85819392
(Worker_TP2 pid=299) [b12x sf6] prepared FC1+FC2; packed bytes=85819392
(Worker_TP2 pid=299) [b12x sf6] prepared FC1+FC2; packed bytes=85819392
(Worker_TP2 pid=299) [b12x sf6] prepared FC1+FC2; packed bytes=85819392
(Worker_TP2 pid=299) [b12x sf6] prepared FC1+FC2; packed bytes=85819392
(Worker_TP2 pid=299) [b12x sf6] prepared FC1+FC2; packed bytes=85819392
(Worker_TP2 pid=299) [b12x sf6] prepared FC1+FC2; packed bytes=85819392
(Worker_TP2 pid=299) [b12x sf6] prepared FC1+FC2; packed bytes=85819392
(Worker_TP2 pid=299) [b12x sf6] prepared FC1+FC2; packed bytes=85819392
(Worker_TP2 pid=299) [b12x sf6] prepared FC1+FC2; packed bytes=85819392
(Worker_TP2 pid=299) [b12x sf6] prepared FC1+FC2; packed bytes=85819392
(Worker_TP2 pid=299) [b12x sf6] prepared FC1+FC2; packed bytes=85819392
(Worker_TP2 pid=299) [b12x sf6] prepared FC1+FC2; packed bytes=85819392
(Worker_TP2 pid=299) [b12x sf6] prepared FC1+FC2; packed bytes=85819392
(Worker_TP2 pid=299) [b12x sf6] prepared FC1+FC2; packed bytes=85819392
(Worker_TP2 pid=299) [b12x sf6] prepared FC1+FC2; packed bytes=85819392
(Worker_TP2 pid=299) WARNING 09-09 04:30:14 [flashinfer_b12x_moe.py:160] [b12x sf6] packed-only owners finalised: layers=42 raw_bytes_released=4756340736; decode and prefill read immutable packed scales
(Worker_TP2 pid=299) WARNING 09-09 04:30:14 [glm53_fp8_dense.py:969] [fp8-dense] VLLM_GLM53_FP8_DENSE_FREE_BF16=1: released 4.04 GB of bf16 sources (0 linears kept theirs for a bias); the bias and error fallbacks through the base method are gone with them
(Worker_TP2 pid=299) WARNING 09-09 04:30:14 [model.py:936] [prefill-sp] NOT selected: metadata gate (T=8192: not a pure-prefill batch on every layer, or metadata names/kinds unknown)
(Worker_TP2 pid=299) WARNING 09-09 04:30:14 [glm53_fp8_dense.py:812] [fp8-dense] nvfp4 prefill route engaged (M=8192)
(Worker_TP2 pid=299) WARNING 09-09 04:30:14 [glm53_fp8_dense.py:812] [fp8-dense] nvfp4 prefill route engaged (M=8192)
[osar] phase rank=2 us/collective (n=2): guard=3.6 copy=3.5 wait=134.8 reduce=3.5 | total=145.4  @1592 MHz assumed | wait by size: <=128KiB n=2 134.8, >128KiB n=0 0.0
(Worker_TP2 pid=299) WARNING 09-09 04:30:17 [glm53_fp8_dense.py:812] [fp8-dense] nvfp4 prefill route engaged (M=8192)
(Worker_TP2 pid=299) WARNING 09-09 04:30:17 [glm53_fp8_dense.py:812] [fp8-dense] nvfp4 prefill route engaged (M=8192)
(Worker_TP2 pid=299) WARNING 09-09 04:30:17 [glm53_fp8_dense.py:812] [fp8-dense] nvfp4 prefill route engaged (M=8192)
(Worker_TP2 pid=299) WARNING 09-09 04:30:17 [glm53_fp8_dense.py:812] [fp8-dense] nvfp4 prefill route engaged (M=8192)
(Worker_TP2 pid=299) WARNING 09-09 04:30:17 [glm53_fp8_dense.py:812] [fp8-dense] nvfp4 prefill route engaged (M=8192)
(Worker_TP2 pid=299) WARNING 09-09 04:30:17 [glm53_fp8_dense.py:812] [fp8-dense] nvfp4 prefill route engaged (M=8192)
(Worker_TP2 pid=299) WARNING 09-09 04:30:17 [glm53_fp8_dense.py:812] [fp8-dense] nvfp4 prefill route engaged (M=8192)
(Worker_TP2 pid=299) WARNING 09-09 04:30:17 [glm53_fp8_dense.py:812] [fp8-dense] nvfp4 prefill route engaged (M=8192)
(Worker_TP2 pid=299) WARNING 09-09 04:30:17 [glm53_fp8_dense.py:812] [fp8-dense] nvfp4 prefill route engaged (M=8192)
(Worker_TP2 pid=299) WARNING 09-09 04:30:17 [glm53_fp8_dense.py:812] [fp8-dense] nvfp4 prefill route engaged (M=8192)
(Worker_TP2 pid=299) WARNING 09-09 04:30:17 [glm53_fp8_dense.py:812] [fp8-dense] nvfp4 prefill route engaged (M=8192)
(Worker_TP2 pid=299) WARNING 09-09 04:30:17 [glm53_fp8_dense.py:812] [fp8-dense] nvfp4 prefill route engaged (M=8192)
(Worker_TP2 pid=299) WARNING 09-09 04:30:17 [glm53_fp8_dense.py:812] [fp8-dense] nvfp4 prefill route engaged (M=8192)
(Worker_TP2 pid=299) WARNING 09-09 04:30:17 [glm53_indexer_gate.py:129] [indexer-gate] VLLM_GLM53_INDEXER_GATE_SPLITK=1: first stock torch.mm routing, e.g. x(8192, 4096) torch.bfloat16 @ w(4096, 32) (M<=16 admitted)
(Worker_TP2 pid=299) WARNING 09-09 04:30:18 [glm53_fp8_dense.py:812] [fp8-dense] nvfp4 prefill route engaged (M=8192)
(Worker_TP2 pid=299) WARNING 09-09 04:30:18 [glm53_fp8_dense.py:812] [fp8-dense] nvfp4 prefill route engaged (M=8192)
(Worker_TP2 pid=299) WARNING 09-09 04:30:18 [glm53_fp8_dense.py:812] [fp8-dense] nvfp4 prefill route engaged (M=8192)
(Worker_TP2 pid=299) INFO 09-09 04:30:18 [flashinfer_b12x_moe.py:1002] b12x MoE wrapper shared across layers with matching geometry (288 experts, top_k 8, 4096/512)
(Worker_TP2 pid=299) 2026-09-09 04:30:19,216 - INFO - cute_dsl_core.py:174 - flashinfer.jit: Invalidating stale CuTe-DSL module b12x_moe_sm121a_cute_dsl
(Worker_TP2 pid=299) 2026-09-09 04:30:19,217 - INFO - cute_dsl_core.py:177 - flashinfer.jit: Compiling CuTe-DSL kernel b12x_moe_sm121a_cute_dsl/dynamic_e288_k4096_n512_t8_tiled_02112345f14079ae
(Worker_TP2 pid=299) 2026-09-09 04:30:23,369 - INFO - cute_dsl_core.py:246 - flashinfer.jit: Persisted CuTe-DSL kernel to /cache/.cache/flashinfer/0.6.18.dev20260819/121a/cached_ops/b12x_moe_sm121a_cute_dsl/dynamic_e288_k4096_n512_t8_tiled_02112345f14079ae.o
(Worker_TP2 pid=299) [b12x sf6 unpack] lane serving: backend=dynamic u8x4=0 artifact=dynamic_e288_k4096_n512_t8_tiled_02112345f14079ae
(Worker_TP2 pid=299) WARNING 09-09 04:30:23 [glm53_fp8_dense.py:812] [fp8-dense] nvfp4 prefill route engaged (M=8192)
(Worker_TP2 pid=299) WARNING 09-09 04:30:23 [glm53_fp8_dense.py:812] [fp8-dense] nvfp4 prefill route engaged (M=8192)
(Worker_TP2 pid=299) WARNING 09-09 04:30:23 [glm53_fp8_dense.py:812] [fp8-dense] nvfp4 prefill route engaged (M=8192)
(Worker_TP2 pid=299) WARNING 09-09 04:30:23 [glm53_fp8_dense.py:812] [fp8-dense] nvfp4 prefill route engaged (M=8192)
(Worker_TP2 pid=299) WARNING 09-09 04:30:23 [glm53_fp8_dense.py:812] [fp8-dense] nvfp4 prefill route engaged (M=8192)
(Worker_TP2 pid=299) WARNING 09-09 04:30:23 [glm53_fp8_dense.py:812] [fp8-dense] nvfp4 prefill route engaged (M=8192)
(Worker_TP2 pid=299) WARNING 09-09 04:30:23 [glm53_fp8_dense.py:812] [fp8-dense] nvfp4 prefill route engaged (M=8192)
(Worker_TP2 pid=299) WARNING 09-09 04:30:23 [glm53_fp8_dense.py:812] [fp8-dense] nvfp4 prefill route engaged (M=8192)
(Worker_TP2 pid=299) WARNING 09-09 04:30:23 [glm53_fp8_dense.py:812] [fp8-dense] nvfp4 prefill route engaged (M=8192)
(Worker_TP2 pid=299) WARNING 09-09 04:30:23 [glm53_fp8_dense.py:812] [fp8-dense] nvfp4 prefill route engaged (M=8192)
(Worker_TP2 pid=299) WARNING 09-09 04:30:23 [glm53_fp8_dense.py:812] [fp8-dense] nvfp4 prefill route engaged (M=8192)
(Worker_TP2 pid=299) WARNING 09-09 04:30:23 [glm53_fp8_dense.py:812] [fp8-dense] nvfp4 prefill route engaged (M=8192)
(Worker_TP2 pid=299) WARNING 09-09 04:30:23 [glm53_fp8_dense.py:812] [fp8-dense] nvfp4 prefill route engaged (M=8192)
(Worker_TP2 pid=299) WARNING 09-09 04:30:23 [glm53_fp8_dense.py:812] [fp8-dense] nvfp4 prefill route engaged (M=8192)
(Worker_TP2 pid=299) WARNING 09-09 04:30:23 [glm53_fp8_dense.py:812] [fp8-dense] nvfp4 prefill route engaged (M=8192)
(Worker_TP2 pid=299) WARNING 09-09 04:30:23 [glm53_fp8_dense.py:812] [fp8-dense] nvfp4 prefill route engaged (M=8192)
(Worker_TP2 pid=299) WARNING 09-09 04:30:23 [glm53_fp8_dense.py:812] [fp8-dense] nvfp4 prefill route engaged (M=8192)
(Worker_TP2 pid=299) WARNING 09-09 04:30:23 [glm53_fp8_dense.py:812] [fp8-dense] nvfp4 prefill route engaged (M=8192)
(Worker_TP2 pid=299) WARNING 09-09 04:30:23 [glm53_fp8_dense.py:812] [fp8-dense] nvfp4 prefill route engaged (M=8192)
(Worker_TP2 pid=299) WARNING 09-09 04:30:23 [glm53_fp8_dense.py:812] [fp8-dense] nvfp4 prefill route engaged (M=8192)
(Worker_TP2 pid=299) WARNING 09-09 04:30:23 [glm53_fp8_dense.py:812] [fp8-dense] nvfp4 prefill route engaged (M=8192)
(Worker_TP2 pid=299) WARNING 09-09 04:30:23 [glm53_fp8_dense.py:812] [fp8-dense] nvfp4 prefill route engaged (M=8192)
(Worker_TP2 pid=299) WARNING 09-09 04:30:23 [glm53_fp8_dense.py:812] [fp8-dense] nvfp4 prefill route engaged (M=8192)
(Worker_TP2 pid=299) WARNING 09-09 04:30:23 [glm53_fp8_dense.py:812] [fp8-dense] nvfp4 prefill route engaged (M=8192)
(Worker_TP2 pid=299) WARNING 09-09 04:30:23 [glm53_fp8_dense.py:812] [fp8-dense] nvfp4 prefill route engaged (M=8192)
(Worker_TP2 pid=299) WARNING 09-09 04:30:23 [glm53_fp8_dense.py:812] [fp8-dense] nvfp4 prefill route engaged (M=8192)
(Worker_TP2 pid=299) WARNING 09-09 04:30:23 [glm53_fp8_dense.py:812] [fp8-dense] nvfp4 prefill route engaged (M=8192)
(Worker_TP2 pid=299) WARNING 09-09 04:30:23 [glm53_fp8_dense.py:812] [fp8-dense] nvfp4 prefill route engaged (M=8192)
(Worker_TP2 pid=299) WARNING 09-09 04:30:23 [glm53_fp8_dense.py:812] [fp8-dense] nvfp4 prefill route engaged (M=8192)
(Worker_TP2 pid=299) WARNING 09-09 04:30:23 [glm53_fp8_dense.py:812] [fp8-dense] nvfp4 prefill route engaged (M=8192)
(Worker_TP2 pid=299) WARNING 09-09 04:30:23 [glm53_fp8_dense.py:812] [fp8-dense] nvfp4 prefill route engaged (M=8192)
(Worker_TP2 pid=299) WARNING 09-09 04:30:23 [glm53_fp8_dense.py:812] [fp8-dense] nvfp4 prefill route engaged (M=8192)
(Worker_TP2 pid=299) WARNING 09-09 04:30:23 [glm53_fp8_dense.py:812] [fp8-dense] nvfp4 prefill route engaged (M=8192)
(Worker_TP2 pid=299) WARNING 09-09 04:30:23 [glm53_fp8_dense.py:812] [fp8-dense] nvfp4 prefill route engaged (M=8192)
(Worker_TP2 pid=299) WARNING 09-09 04:30:23 [glm53_fp8_dense.py:812] [fp8-dense] nvfp4 prefill route engaged (M=8192)
(Worker_TP2 pid=299) WARNING 09-09 04:30:23 [glm53_fp8_dense.py:812] [fp8-dense] nvfp4 prefill route engaged (M=8192)
(Worker_TP2 pid=299) WARNING 09-09 04:30:23 [glm53_fp8_dense.py:812] [fp8-dense] nvfp4 prefill route engaged (M=8192)
(Worker_TP2 pid=299) WARNING 09-09 04:30:23 [glm53_fp8_dense.py:812] [fp8-dense] nvfp4 prefill route engaged (M=8192)
(Worker_TP2 pid=299) WARNING 09-09 04:30:23 [glm53_fp8_dense.py:812] [fp8-dense] nvfp4 prefill route engaged (M=8192)
(Worker_TP2 pid=299) WARNING 09-09 04:30:23 [glm53_fp8_dense.py:812] [fp8-dense] nvfp4 prefill route engaged (M=8192)
(Worker_TP2 pid=299) WARNING 09-09 04:30:23 [glm53_fp8_dense.py:812] [fp8-dense] nvfp4 prefill route engaged (M=8192)
(Worker_TP2 pid=299) WARNING 09-09 04:30:23 [glm53_fp8_dense.py:812] [fp8-dense] nvfp4 prefill route engaged (M=8192)
(Worker_TP2 pid=299) WARNING 09-09 04:30:23 [glm53_fp8_dense.py:812] [fp8-dense] nvfp4 prefill route engaged (M=8192)
(Worker_TP2 pid=299) WARNING 09-09 04:30:23 [glm53_fp8_dense.py:812] [fp8-dense] nvfp4 prefill route engaged (M=8192)
(Worker_TP2 pid=299) WARNING 09-09 04:30:23 [glm53_fp8_dense.py:812] [fp8-dense] nvfp4 prefill route engaged (M=8192)
(Worker_TP2 pid=299) WARNING 09-09 04:30:23 [glm53_fp8_dense.py:812] [fp8-dense] nvfp4 prefill route engaged (M=8192)
(Worker_TP2 pid=299) WARNING 09-09 04:30:23 [glm53_fp8_dense.py:812] [fp8-dense] nvfp4 prefill route engaged (M=8192)
(Worker_TP2 pid=299) WARNING 09-09 04:30:23 [glm53_fp8_dense.py:812] [fp8-dense] nvfp4 prefill route engaged (M=8192)
(Worker_TP2 pid=299) WARNING 09-09 04:30:23 [glm53_fp8_dense.py:812] [fp8-dense] nvfp4 prefill route engaged (M=8192)
(Worker_TP2 pid=299) WARNING 09-09 04:30:23 [glm53_fp8_dense.py:812] [fp8-dense] nvfp4 prefill route engaged (M=8192)
(Worker_TP2 pid=299) WARNING 09-09 04:30:23 [glm53_fp8_dense.py:812] [fp8-dense] nvfp4 prefill route engaged (M=8192)
(Worker_TP2 pid=299) WARNING 09-09 04:30:23 [glm53_fp8_dense.py:812] [fp8-dense] nvfp4 prefill route engaged (M=8192)
(Worker_TP2 pid=299) WARNING 09-09 04:30:23 [glm53_fp8_dense.py:812] [fp8-dense] nvfp4 prefill route engaged (M=8192)
(Worker_TP2 pid=299) WARNING 09-09 04:30:23 [glm53_fp8_dense.py:812] [fp8-dense] nvfp4 prefill route engaged (M=8192)
(Worker_TP2 pid=299) WARNING 09-09 04:30:23 [glm53_fp8_dense.py:812] [fp8-dense] nvfp4 prefill route engaged (M=8192)
(Worker_TP2 pid=299) WARNING 09-09 04:30:23 [glm53_fp8_dense.py:812] [fp8-dense] nvfp4 prefill route engaged (M=8192)
(Worker_TP2 pid=299) WARNING 09-09 04:30:23 [glm53_fp8_dense.py:812] [fp8-dense] nvfp4 prefill route engaged (M=8192)
(Worker_TP2 pid=299) WARNING 09-09 04:30:23 [glm53_fp8_dense.py:812] [fp8-dense] nvfp4 prefill route engaged (M=8192)
(Worker_TP2 pid=299) WARNING 09-09 04:30:23 [glm53_fp8_dense.py:812] [fp8-dense] nvfp4 prefill route engaged (M=8192)
(Worker_TP2 pid=299) WARNING 09-09 04:30:23 [glm53_fp8_dense.py:812] [fp8-dense] nvfp4 prefill route engaged (M=8192)
(Worker_TP2 pid=299) WARNING 09-09 04:30:23 [glm53_fp8_dense.py:812] [fp8-dense] nvfp4 prefill route engaged (M=8192)
(Worker_TP2 pid=299) WARNING 09-09 04:30:23 [glm53_fp8_dense.py:812] [fp8-dense] nvfp4 prefill route engaged (M=8192)
(Worker_TP2 pid=299) WARNING 09-09 04:30:23 [glm53_fp8_dense.py:812] [fp8-dense] nvfp4 prefill route engaged (M=8192)
(Worker_TP2 pid=299) WARNING 09-09 04:30:23 [glm53_fp8_dense.py:812] [fp8-dense] nvfp4 prefill route engaged (M=8192)
(Worker_TP2 pid=299) WARNING 09-09 04:30:23 [glm53_fp8_dense.py:812] [fp8-dense] nvfp4 prefill route engaged (M=8192)
(Worker_TP2 pid=299) WARNING 09-09 04:30:23 [glm53_fp8_dense.py:812] [fp8-dense] nvfp4 prefill route engaged (M=8192)
(Worker_TP2 pid=299) WARNING 09-09 04:30:23 [glm53_fp8_dense.py:812] [fp8-dense] nvfp4 prefill route engaged (M=8192)
(Worker_TP2 pid=299) WARNING 09-09 04:30:23 [glm53_fp8_dense.py:812] [fp8-dense] nvfp4 prefill route engaged (M=8192)
(Worker_TP2 pid=299) WARNING 09-09 04:30:23 [glm53_fp8_dense.py:812] [fp8-dense] nvfp4 prefill route engaged (M=8192)
(Worker_TP2 pid=299) WARNING 09-09 04:30:23 [glm53_fp8_dense.py:812] [fp8-dense] nvfp4 prefill route engaged (M=8192)
(Worker_TP2 pid=299) WARNING 09-09 04:30:23 [glm53_fp8_dense.py:812] [fp8-dense] nvfp4 prefill route engaged (M=8192)
(Worker_TP2 pid=299) WARNING 09-09 04:30:23 [glm53_fp8_dense.py:812] [fp8-dense] nvfp4 prefill route engaged (M=8192)
(Worker_TP2 pid=299) WARNING 09-09 04:30:23 [glm53_fp8_dense.py:812] [fp8-dense] nvfp4 prefill route engaged (M=8192)
(Worker_TP2 pid=299) WARNING 09-09 04:30:23 [glm53_fp8_dense.py:812] [fp8-dense] nvfp4 prefill route engaged (M=8192)
(Worker_TP2 pid=299) WARNING 09-09 04:30:23 [glm53_fp8_dense.py:812] [fp8-dense] nvfp4 prefill route engaged (M=8192)
(Worker_TP2 pid=299) WARNING 09-09 04:30:23 [glm53_fp8_dense.py:812] [fp8-dense] nvfp4 prefill route engaged (M=8192)
(Worker_TP2 pid=299) WARNING 09-09 04:30:23 [glm53_fp8_dense.py:812] [fp8-dense] nvfp4 prefill route engaged (M=8192)
(Worker_TP2 pid=299) WARNING 09-09 04:30:23 [glm53_fp8_dense.py:812] [fp8-dense] nvfp4 prefill route engaged (M=8192)
(Worker_TP2 pid=299) WARNING 09-09 04:30:23 [glm53_fp8_dense.py:812] [fp8-dense] nvfp4 prefill route engaged (M=8192)
(Worker_TP2 pid=299) WARNING 09-09 04:30:23 [glm53_fp8_dense.py:812] [fp8-dense] nvfp4 prefill route engaged (M=8192)
(Worker_TP2 pid=299) WARNING 09-09 04:30:23 [glm53_fp8_dense.py:812] [fp8-dense] nvfp4 prefill route engaged (M=8192)
(Worker_TP2 pid=299) WARNING 09-09 04:30:23 [glm53_fp8_dense.py:812] [fp8-dense] nvfp4 prefill route engaged (M=8192)
(Worker_TP2 pid=299) WARNING 09-09 04:30:23 [glm53_fp8_dense.py:812] [fp8-dense] nvfp4 prefill route engaged (M=8192)
(Worker_TP2 pid=299) WARNING 09-09 04:30:23 [glm53_fp8_dense.py:812] [fp8-dense] nvfp4 prefill route engaged (M=8192)
(Worker_TP2 pid=299) WARNING 09-09 04:30:23 [glm53_fp8_dense.py:812] [fp8-dense] nvfp4 prefill route engaged (M=8192)
(Worker_TP2 pid=299) WARNING 09-09 04:30:23 [glm53_fp8_dense.py:812] [fp8-dense] nvfp4 prefill route engaged (M=8192)
(Worker_TP2 pid=299) WARNING 09-09 04:30:23 [glm53_fp8_dense.py:812] [fp8-dense] nvfp4 prefill route engaged (M=8192)
(Worker_TP2 pid=299) WARNING 09-09 04:30:23 [glm53_fp8_dense.py:812] [fp8-dense] nvfp4 prefill route engaged (M=8192)
(Worker_TP2 pid=299) WARNING 09-09 04:30:23 [glm53_fp8_dense.py:812] [fp8-dense] nvfp4 prefill route engaged (M=8192)
(Worker_TP2 pid=299) WARNING 09-09 04:30:23 [glm53_fp8_dense.py:812] [fp8-dense] nvfp4 prefill route engaged (M=8192)
(Worker_TP2 pid=299) WARNING 09-09 04:30:29 [glm53_fp8_dense.py:812] [fp8-dense] nvfp4 prefill route engaged (M=8192)
(Worker_TP2 pid=299) WARNING 09-09 04:30:29 [glm53_fp8_dense.py:812] [fp8-dense] nvfp4 prefill route engaged (M=8192)
(Worker_TP2 pid=299) WARNING 09-09 04:30:29 [glm53_fp8_dense.py:812] [fp8-dense] nvfp4 prefill route engaged (M=8192)
(Worker_TP2 pid=299) WARNING 09-09 04:30:29 [glm53_fp8_dense.py:812] [fp8-dense] nvfp4 prefill route engaged (M=8192)
(Worker_TP2 pid=299) WARNING 09-09 04:30:29 [glm53_fp8_dense.py:812] [fp8-dense] nvfp4 prefill route engaged (M=8192)
(Worker_TP2 pid=299) WARNING 09-09 04:30:29 [glm53_fp8_dense.py:812] [fp8-dense] nvfp4 prefill route engaged (M=8192)
(Worker_TP2 pid=299) WARNING 09-09 04:30:29 [glm53_fp8_dense.py:812] [fp8-dense] nvfp4 prefill route engaged (M=8192)
(Worker_TP2 pid=299) WARNING 09-09 04:30:29 [glm53_fp8_dense.py:812] [fp8-dense] nvfp4 prefill route engaged (M=8192)
(Worker_TP2 pid=299) WARNING 09-09 04:30:29 [glm53_fp8_dense.py:812] [fp8-dense] nvfp4 prefill route engaged (M=8192)
(Worker_TP2 pid=299) WARNING 09-09 04:30:29 [glm53_fp8_dense.py:812] [fp8-dense] nvfp4 prefill route engaged (M=8192)
(Worker_TP2 pid=299) WARNING 09-09 04:30:29 [glm53_fp8_dense.py:812] [fp8-dense] nvfp4 prefill route engaged (M=8192)
(Worker_TP2 pid=299) WARNING 09-09 04:30:29 [glm53_fp8_dense.py:812] [fp8-dense] nvfp4 prefill route engaged (M=8192)
(Worker_TP2 pid=299) WARNING 09-09 04:30:29 [glm53_fp8_dense.py:812] [fp8-dense] nvfp4 prefill route engaged (M=8192)
(Worker_TP2 pid=299) WARNING 09-09 04:30:29 [glm53_fp8_dense.py:812] [fp8-dense] nvfp4 prefill route engaged (M=8192)
(Worker_TP2 pid=299) WARNING 09-09 04:30:29 [glm53_fp8_dense.py:812] [fp8-dense] nvfp4 prefill route engaged (M=8192)
(Worker_TP2 pid=299) WARNING 09-09 04:30:29 [glm53_fp8_dense.py:812] [fp8-dense] nvfp4 prefill route engaged (M=8192)
(Worker_TP2 pid=299) WARNING 09-09 04:30:29 [glm53_fp8_dense.py:812] [fp8-dense] nvfp4 prefill route engaged (M=8192)
(Worker_TP2 pid=299) WARNING 09-09 04:30:29 [glm53_fp8_dense.py:812] [fp8-dense] nvfp4 prefill route engaged (M=8192)
(Worker_TP2 pid=299) WARNING 09-09 04:30:29 [glm53_fp8_dense.py:812] [fp8-dense] nvfp4 prefill route engaged (M=8192)
(Worker_TP2 pid=299) WARNING 09-09 04:30:29 [glm53_fp8_dense.py:812] [fp8-dense] nvfp4 prefill route engaged (M=8192)
(Worker_TP2 pid=299) WARNING 09-09 04:30:29 [glm53_fp8_dense.py:812] [fp8-dense] nvfp4 prefill route engaged (M=8192)
(Worker_TP2 pid=299) WARNING 09-09 04:30:29 [glm53_fp8_dense.py:812] [fp8-dense] nvfp4 prefill route engaged (M=8192)
(Worker_TP2 pid=299) WARNING 09-09 04:30:29 [glm53_fp8_dense.py:812] [fp8-dense] nvfp4 prefill route engaged (M=8192)
(Worker_TP2 pid=299) WARNING 09-09 04:30:29 [glm53_fp8_dense.py:812] [fp8-dense] nvfp4 prefill route engaged (M=8192)
(Worker_TP2 pid=299) WARNING 09-09 04:30:29 [glm53_fp8_dense.py:812] [fp8-dense] nvfp4 prefill route engaged (M=8192)
(Worker_TP2 pid=299) WARNING 09-09 04:30:29 [glm53_fp8_dense.py:812] [fp8-dense] nvfp4 prefill route engaged (M=8192)
(Worker_TP2 pid=299) WARNING 09-09 04:30:29 [glm53_fp8_dense.py:812] [fp8-dense] nvfp4 prefill route engaged (M=8192)
(Worker_TP2 pid=299) WARNING 09-09 04:30:29 [glm53_fp8_dense.py:812] [fp8-dense] nvfp4 prefill route engaged (M=8192)
(Worker_TP2 pid=299) WARNING 09-09 04:30:29 [glm53_fp8_dense.py:812] [fp8-dense] nvfp4 prefill route engaged (M=8192)
(Worker_TP2 pid=299) WARNING 09-09 04:30:29 [glm53_fp8_dense.py:812] [fp8-dense] nvfp4 prefill route engaged (M=8192)
(Worker_TP2 pid=299) WARNING 09-09 04:30:29 [glm53_fp8_dense.py:812] [fp8-dense] nvfp4 prefill route engaged (M=8192)
(Worker_TP2 pid=299) WARNING 09-09 04:30:29 [glm53_fp8_dense.py:812] [fp8-dense] nvfp4 prefill route engaged (M=8192)
(Worker_TP2 pid=299) WARNING 09-09 04:30:29 [glm53_fp8_dense.py:812] [fp8-dense] nvfp4 prefill route engaged (M=8192)
(Worker_TP2 pid=299) WARNING 09-09 04:30:29 [glm53_fp8_dense.py:812] [fp8-dense] nvfp4 prefill route engaged (M=8192)
(Worker_TP2 pid=299) WARNING 09-09 04:30:29 [glm53_fp8_dense.py:812] [fp8-dense] nvfp4 prefill route engaged (M=8192)
(Worker_TP2 pid=299) WARNING 09-09 04:30:29 [glm53_fp8_dense.py:812] [fp8-dense] nvfp4 prefill route engaged (M=8192)
(Worker_TP2 pid=299) WARNING 09-09 04:30:29 [glm53_fp8_dense.py:812] [fp8-dense] nvfp4 prefill route engaged (M=8192)
(Worker_TP2 pid=299) WARNING 09-09 04:30:29 [glm53_fp8_dense.py:812] [fp8-dense] nvfp4 prefill route engaged (M=8192)
(Worker_TP2 pid=299) WARNING 09-09 04:30:29 [glm53_fp8_dense.py:812] [fp8-dense] nvfp4 prefill route engaged (M=8192)
(Worker_TP2 pid=299) WARNING 09-09 04:30:29 [glm53_fp8_dense.py:812] [fp8-dense] nvfp4 prefill route engaged (M=8192)
(Worker_TP2 pid=299) WARNING 09-09 04:30:29 [glm53_fp8_dense.py:812] [fp8-dense] nvfp4 prefill route engaged (M=8192)
(Worker_TP2 pid=299) WARNING 09-09 04:30:29 [glm53_fp8_dense.py:812] [fp8-dense] nvfp4 prefill route engaged (M=8192)
(Worker_TP2 pid=299) WARNING 09-09 04:30:29 [glm53_fp8_dense.py:812] [fp8-dense] nvfp4 prefill route engaged (M=8192)
(Worker_TP2 pid=299) WARNING 09-09 04:30:29 [glm53_fp8_dense.py:812] [fp8-dense] nvfp4 prefill route engaged (M=8192)
(Worker_TP2 pid=299) WARNING 09-09 04:30:29 [glm53_fp8_dense.py:812] [fp8-dense] nvfp4 prefill route engaged (M=8192)
(Worker_TP2 pid=299) WARNING 09-09 04:30:29 [glm53_fp8_dense.py:812] [fp8-dense] nvfp4 prefill route engaged (M=8192)
(Worker_TP2 pid=299) WARNING 09-09 04:30:29 [glm53_fp8_dense.py:812] [fp8-dense] nvfp4 prefill route engaged (M=8192)
(Worker_TP2 pid=299) WARNING 09-09 04:30:29 [glm53_fp8_dense.py:812] [fp8-dense] nvfp4 prefill route engaged (M=8192)
(Worker_TP2 pid=299) WARNING 09-09 04:30:29 [glm53_fp8_dense.py:812] [fp8-dense] nvfp4 prefill route engaged (M=8192)
(Worker_TP2 pid=299) WARNING 09-09 04:30:29 [glm53_fp8_dense.py:812] [fp8-dense] nvfp4 prefill route engaged (M=8192)
(Worker_TP2 pid=299) WARNING 09-09 04:30:29 [glm53_fp8_dense.py:812] [fp8-dense] nvfp4 prefill route engaged (M=8192)
(Worker_TP2 pid=299) WARNING 09-09 04:30:29 [glm53_fp8_dense.py:812] [fp8-dense] nvfp4 prefill route engaged (M=8192)
(Worker_TP2 pid=299) WARNING 09-09 04:30:29 [glm53_fp8_dense.py:812] [fp8-dense] nvfp4 prefill route engaged (M=8192)
(Worker_TP2 pid=299) WARNING 09-09 04:30:29 [glm53_fp8_dense.py:812] [fp8-dense] nvfp4 prefill route engaged (M=8192)
(Worker_TP2 pid=299) WARNING 09-09 04:30:29 [glm53_fp8_dense.py:812] [fp8-dense] nvfp4 prefill route engaged (M=8192)
(Worker_TP2 pid=299) WARNING 09-09 04:30:29 [glm53_fp8_dense.py:812] [fp8-dense] nvfp4 prefill route engaged (M=8192)
(Worker_TP2 pid=299) WARNING 09-09 04:30:29 [glm53_fp8_dense.py:812] [fp8-dense] nvfp4 prefill route engaged (M=8192)
(Worker_TP2 pid=299) WARNING 09-09 04:30:29 [glm53_fp8_dense.py:812] [fp8-dense] nvfp4 prefill route engaged (M=8192)
(Worker_TP2 pid=299) WARNING 09-09 04:30:29 [glm53_fp8_dense.py:812] [fp8-dense] nvfp4 prefill route engaged (M=8192)
(Worker_TP2 pid=299) WARNING 09-09 04:30:29 [glm53_fp8_dense.py:812] [fp8-dense] nvfp4 prefill route engaged (M=8192)
(Worker_TP2 pid=299) WARNING 09-09 04:30:29 [glm53_fp8_dense.py:812] [fp8-dense] nvfp4 prefill route engaged (M=8192)
(Worker_TP2 pid=299) WARNING 09-09 04:30:29 [glm53_fp8_dense.py:812] [fp8-dense] nvfp4 prefill route engaged (M=8192)
(Worker_TP2 pid=299) WARNING 09-09 04:30:29 [glm53_fp8_dense.py:812] [fp8-dense] nvfp4 prefill route engaged (M=8192)
(Worker_TP2 pid=299) WARNING 09-09 04:30:29 [glm53_fp8_dense.py:812] [fp8-dense] nvfp4 prefill route engaged (M=8192)
(Worker_TP2 pid=299) WARNING 09-09 04:30:29 [glm53_fp8_dense.py:812] [fp8-dense] nvfp4 prefill route engaged (M=8192)
(Worker_TP2 pid=299) WARNING 09-09 04:30:29 [glm53_fp8_dense.py:812] [fp8-dense] nvfp4 prefill route engaged (M=8192)
(Worker_TP2 pid=299) WARNING 09-09 04:30:29 [glm53_fp8_dense.py:812] [fp8-dense] nvfp4 prefill route engaged (M=8192)
(Worker_TP2 pid=299) WARNING 09-09 04:30:29 [glm53_fp8_dense.py:812] [fp8-dense] nvfp4 prefill route engaged (M=8192)
(Worker_TP2 pid=299) WARNING 09-09 04:30:29 [glm53_fp8_dense.py:812] [fp8-dense] nvfp4 prefill route engaged (M=8192)
(Worker_TP2 pid=299) WARNING 09-09 04:30:29 [glm53_fp8_dense.py:812] [fp8-dense] nvfp4 prefill route engaged (M=8192)
(Worker_TP2 pid=299) WARNING 09-09 04:30:29 [glm53_fp8_dense.py:812] [fp8-dense] nvfp4 prefill route engaged (M=8192)
(Worker_TP2 pid=299) WARNING 09-09 04:30:29 [glm53_fp8_dense.py:812] [fp8-dense] nvfp4 prefill route engaged (M=8192)
(Worker_TP2 pid=299) WARNING 09-09 04:30:29 [glm53_fp8_dense.py:812] [fp8-dense] nvfp4 prefill route engaged (M=8192)
(Worker_TP2 pid=299) WARNING 09-09 04:30:29 [glm53_fp8_dense.py:812] [fp8-dense] nvfp4 prefill route engaged (M=8192)
(Worker_TP2 pid=299) WARNING 09-09 04:30:29 [glm53_fp8_dense.py:812] [fp8-dense] nvfp4 prefill route engaged (M=8192)
(Worker_TP2 pid=299) WARNING 09-09 04:30:29 [glm53_fp8_dense.py:812] [fp8-dense] nvfp4 prefill route engaged (M=8192)
(Worker_TP2 pid=299) WARNING 09-09 04:30:29 [glm53_fp8_dense.py:812] [fp8-dense] nvfp4 prefill route engaged (M=8192)
(Worker_TP2 pid=299) WARNING 09-09 04:30:29 [glm53_fp8_dense.py:812] [fp8-dense] nvfp4 prefill route engaged (M=8192)
(Worker_TP2 pid=299) WARNING 09-09 04:30:29 [glm53_fp8_dense.py:812] [fp8-dense] nvfp4 prefill route engaged (M=8192)
(Worker_TP2 pid=299) WARNING 09-09 04:30:29 [glm53_fp8_dense.py:812] [fp8-dense] nvfp4 prefill route engaged (M=8192)
(Worker_TP2 pid=299) WARNING 09-09 04:30:29 [glm53_fp8_dense.py:812] [fp8-dense] nvfp4 prefill route engaged (M=8192)
(Worker_TP2 pid=299) WARNING 09-09 04:30:29 [glm53_fp8_dense.py:812] [fp8-dense] nvfp4 prefill route engaged (M=8192)
(Worker_TP2 pid=299) WARNING 09-09 04:30:30 [glm53_fp8_dense.py:812] [fp8-dense] nvfp4 prefill route engaged (M=8192)
(Worker_TP2 pid=299) WARNING 09-09 04:30:30 [glm53_fp8_dense.py:812] [fp8-dense] nvfp4 prefill route engaged (M=8192)
(Worker_TP2 pid=299) WARNING 09-09 04:30:30 [glm53_fp8_dense.py:812] [fp8-dense] nvfp4 prefill route engaged (M=8192)
(Worker_TP2 pid=299) WARNING 09-09 04:30:30 [glm53_fp8_dense.py:812] [fp8-dense] nvfp4 prefill route engaged (M=8192)
(Worker_TP2 pid=299) WARNING 09-09 04:30:30 [glm53_fp8_dense.py:812] [fp8-dense] nvfp4 prefill route engaged (M=8192)
(Worker_TP2 pid=299) WARNING 09-09 04:30:30 [glm53_fp8_dense.py:812] [fp8-dense] nvfp4 prefill route engaged (M=8192)
(Worker_TP2 pid=299) WARNING 09-09 04:30:30 [glm53_fp8_dense.py:812] [fp8-dense] nvfp4 prefill route engaged (M=8192)
(Worker_TP2 pid=299) WARNING 09-09 04:30:30 [glm53_fp8_dense.py:812] [fp8-dense] nvfp4 prefill route engaged (M=8192)
(Worker_TP2 pid=299) WARNING 09-09 04:30:30 [glm53_fp8_dense.py:812] [fp8-dense] nvfp4 prefill route engaged (M=8192)
(Worker_TP2 pid=299) WARNING 09-09 04:30:30 [glm53_fp8_dense.py:812] [fp8-dense] nvfp4 prefill route engaged (M=8192)
(Worker_TP2 pid=299) WARNING 09-09 04:30:30 [glm53_fp8_dense.py:812] [fp8-dense] nvfp4 prefill route engaged (M=8192)
(Worker_TP2 pid=299) WARNING 09-09 04:30:30 [glm53_fp8_dense.py:812] [fp8-dense] nvfp4 prefill route engaged (M=8192)
(Worker_TP2 pid=299) INFO 09-09 04:30:31 [backends.py:1094] Using cache directory: /cache/vllm/torch_compile_cache/912c543695/rank_2_0/dflash_head for vLLM's torch.compile
(Worker_TP2 pid=299) INFO 09-09 04:30:31 [backends.py:1155] Dynamo bytecode transform time: 0.86 s
(Worker_TP2 pid=299) WARNING 09-09 04:30:31 [allreduce_rms_fusion.py:1024] Flashinfer allreduce fusion is not supported for world size 4 or max size is not provided
(Worker_TP2 pid=299) WARNING 09-09 04:30:34 [allreduce_rms_fusion.py:1138] AllReduce fusion pass is disabled.
(Worker_TP2 pid=299) INFO 09-09 04:30:36 [backends.py:378] Cache the graph of compile range (1, 8192) for later use
(Worker_TP2 pid=299) INFO 09-09 04:30:36 [backends.py:393] Compiling a graph for compile range (1, 8192) takes 4.35 s
(Worker_TP2 pid=299) INFO 09-09 04:30:37 [decorators.py:708] saved AOT compiled function to /cache/vllm/torch_compile_cache/torch_aot_compile/73d9bb2cb8a500055e3c3eb430121cb5f0a2f5fb171ac2fecf8a2058f9074421/rank_2_0/model
(Worker_TP2 pid=299) INFO 09-09 04:30:37 [monitor.py:53] torch.compile took 6.32 s in total
(Worker_TP2 pid=299) INFO 09-09 04:30:37 [monitor.py:81] Initial profiling/warmup run took 0.00 s
(Worker_TP2 pid=299) INFO 09-09 04:30:46 [qwen3_dflash2.py:550] dflash2 path selector: loaded -- predecessor_codebook(finite=1.0000 |max|=9.25 |mean|=0.781) successor_codebook(finite=1.0000 |max|=0.77 |mean|=0.0547)
(Worker_TP2 pid=299) INFO 09-09 04:30:46 [backends.py:1094] Using cache directory: /cache/vllm/torch_compile_cache/912c543695/rank_2_0/dflash2_candidate_selector for vLLM's torch.compile
(Worker_TP2 pid=299) INFO 09-09 04:30:46 [backends.py:1155] Dynamo bytecode transform time: 0.13 s
(Worker_TP2 pid=299) WARNING 09-09 04:30:46 [allreduce_rms_fusion.py:1024] Flashinfer allreduce fusion is not supported for world size 4 or max size is not provided
[osar] phase rank=2 us/collective (n=11): guard=2.6 copy=4.1 wait=807347.9 reduce=4.3 | total=807358.8  @1592 MHz assumed | wait by size: <=128KiB n=0 0.0, >128KiB n=11 807347.9
(Worker_TP2 pid=299) /usr/local/lib/python3.12/dist-packages/torch/_inductor/compile_fx.py:321: UserWarning: TensorFloat32 tensor cores for float32 matrix multiplication available but not enabled. Consider setting `torch.set_float32_matmul_precision('high')` for better performance.
(Worker_TP2 pid=299)   warnings.warn(
(Worker_TP2 pid=299) [rank2]:W0909 04:30:47.531000 299 torch/_inductor/utils.py:1953] Not enough SMs to use max_autotune_gemm mode
(Worker_TP2 pid=299) INFO 09-09 04:30:47 [backends.py:393] Compiling a graph for compile range (1, 8192) takes 0.51 s
(Worker_TP2 pid=299) INFO 09-09 04:30:47 [decorators.py:708] saved AOT compiled function to /cache/vllm/torch_compile_cache/torch_aot_compile/1b08caa20b9417b9247f2e3ef09d6cf6c1f22832711f9899ba310cf6345da7b6/rank_2_0/model
(Worker_TP2 pid=299) INFO 09-09 04:30:47 [monitor.py:53] torch.compile took 1.36 s in total
(Worker_TP2 pid=299) INFO 09-09 04:30:47 [monitor.py:81] Initial profiling/warmup run took 0.00 s
(Worker_TP2 pid=299) [boot-stamp] profile/determine-memory still running after 60s; its thread is at:
(Worker_TP2 pid=299)   File "/usr/local/lib/python3.12/dist-packages/torch/utils/_contextlib.py", line 124, in decorate_context
(Worker_TP2 pid=299)     return func(*args, **kwargs)
(Worker_TP2 pid=299)   File "/usr/local/lib/python3.12/dist-packages/vllm/v1/worker/gpu_worker.py", line 505, in determine_available_memory
(Worker_TP2 pid=299)     self.model_runner.profile_run()
(Worker_TP2 pid=299)   File "/usr/local/lib/python3.12/dist-packages/deneb_boot_stamps.py", line 187, in timed
(Worker_TP2 pid=299)     return fn(*a, **kw)
(Worker_TP2 pid=299)   File "/usr/local/lib/python3.12/dist-packages/torch/utils/_contextlib.py", line 124, in decorate_context
(Worker_TP2 pid=299)     return func(*args, **kwargs)
(Worker_TP2 pid=299)   File "/usr/local/lib/python3.12/dist-packages/vllm/v1/worker/gpu/model_runner.py", line 813, in profile_run
(Worker_TP2 pid=299)     self._dummy_sampler_run(sample_hidden_states)
(Worker_TP2 pid=299)   File "/usr/local/lib/python3.12/dist-packages/torch/utils/_contextlib.py", line 124, in decorate_context
(Worker_TP2 pid=299)     return func(*args, **kwargs)
(Worker_TP2 pid=299)   File "/usr/local/lib/python3.12/dist-packages/vllm/v1/worker/gpu/model_runner.py", line 774, in _dummy_sampler_run
(Worker_TP2 pid=299)     self.sampler(logits, dummy_input_batch)
(Worker_TP2 pid=299)   File "/usr/local/lib/python3.12/dist-packages/vllm/v1/worker/gpu/sample/sampler.py", line 109, in __call__
(Worker_TP2 pid=299)     sampled, processed_logits = self.sample(
(Worker_TP2 pid=299)   File "/usr/local/lib/python3.12/dist-packages/vllm/v1/worker/gpu/sample/sampler.py", line 291, in sample
(Worker_TP2 pid=299)     sampled = gumbel_sample(
(Worker_TP2 pid=299)   File "/usr/local/lib/python3.12/dist-packages/vllm/v1/worker/gpu/sample/gumbel.py", line 238, in gumbel_sample
(Worker_TP2 pid=299)     _gumbel_sample_kernel[(num_tokens, num_blocks)](
(Worker_TP2 pid=299)   File "/usr/local/lib/python3.12/dist-packages/triton/runtime/jit.py", line 370, in <lambda>
(Worker_TP2 pid=299)     return lambda *args, **kwargs: self.run(grid=grid, warmup=False, *args, **kwargs)
(Worker_TP2 pid=299)   File "/usr/local/lib/python3.12/dist-packages/triton/runtime/jit.py", line 760, in run
(Worker_TP2 pid=299)     launch_metadata = kernel.launch_metadata(grid, stream, *bound_args.values())
(Worker_TP2 pid=299)   File "/usr/local/lib/python3.12/dist-packages/triton/compiler/compiler.py", line 485, in launch_metadata
(Worker_TP2 pid=299)     self._init_handles()
(Worker_TP2 pid=299)   File "/usr/local/lib/python3.12/dist-packages/triton/compiler/compiler.py", line 468, in _init_handles
(Worker_TP2 pid=299)     self.module, self.function, self.n_regs, self.n_spills, self.n_max_threads = driver.active.utils.load_binary(
(Worker_TP2 pid=299) [boot-stamp] profile-run still running after 60s; its thread is at:
(Worker_TP2 pid=299)   File "<string>", line 1, in <module>
(Worker_TP2 pid=299)   File "/usr/lib/python3.12/multiprocessing/spawn.py", line 122, in spawn_main
(Worker_TP2 pid=299)     exitcode = _main(fd, parent_sentinel)
(Worker_TP2 pid=299)   File "/usr/lib/python3.12/multiprocessing/spawn.py", line 135, in _main
(Worker_TP2 pid=299)     return self._bootstrap(parent_sentinel)
(Worker_TP2 pid=299)   File "/usr/lib/python3.12/multiprocessing/process.py", line 314, in _bootstrap
(Worker_TP2 pid=299)     self.run()
(Worker_TP2 pid=299)   File "/usr/lib/python3.12/multiprocessing/process.py", line 108, in run
(Worker_TP2 pid=299)     self._target(*self._args, **self._kwargs)
(Worker_TP2 pid=299)   File "/usr/local/lib/python3.12/dist-packages/vllm/v1/executor/multiproc_executor.py", line 918, in worker_main
(Worker_TP2 pid=299)     worker.worker_busy_loop()
(Worker_TP2 pid=299)   File "/usr/local/lib/python3.12/dist-packages/vllm/v1/executor/multiproc_executor.py", line 1025, in worker_busy_loop
(Worker_TP2 pid=299)     output = func(*args, **kwargs)
(Worker_TP2 pid=299)   File "/usr/local/lib/python3.12/dist-packages/deneb_boot_stamps.py", line 187, in timed
(Worker_TP2 pid=299)     return fn(*a, **kw)
(Worker_TP2 pid=299)   File "/usr/local/lib/python3.12/dist-packages/torch/utils/_contextlib.py", line 124, in decorate_context
(Worker_TP2 pid=299)     return func(*args, **kwargs)
(Worker_TP2 pid=299)   File "/usr/local/lib/python3.12/dist-packages/vllm/v1/worker/gpu_worker.py", line 505, in determine_available_memory
(Worker_TP2 pid=299)     self.model_runner.profile_run()
(Worker_TP2 pid=299)   File "/usr/local/lib/python3.12/dist-packages/deneb_boot_stamps.py", line 187, in timed
(Worker_TP2 pid=299)     return fn(*a, **kw)
(Worker_TP2 pid=299)   File "/usr/local/lib/python3.12/dist-packages/torch/utils/_contextlib.py", line 124, in decorate_context
(Worker_TP2 pid=299)     return func(*args, **kwargs)
(Worker_TP2 pid=299)   File "/usr/local/lib/python3.12/dist-packages/vllm/v1/worker/gpu/model_runner.py", line 820, in profile_run
(Worker_TP2 pid=299)     gc.collect()
(Worker_TP2 pid=299)   File "/usr/local/lib/python3.12/dist-packages/torch/_dynamo/utils.py", line 1090, in <lambda>
(Worker_TP2 pid=299)     self.refs[idx] = weakref.ref(key, lambda ref: self._remove_id(idx))
(Worker_TP2 pid=299) [boot-stamp] profile-run took 60.2s (at 355.6s since interpreter start) dev free 28.71 GiB (+8.79 GiB used this phase)
(Worker_TP2 pid=299) INFO 09-09 04:30:50 [indexer.py:779] DSA indexer decode path: use_flattening=True supports_varlen=False (next_n=6, use_fp4_indexer_cache=False)
(Worker_TP2 pid=299) INFO 09-09 04:30:50 [flashinfer.py:889] FlashInfer resolved query dtypes: prefill=torch.bfloat16, decode=torch.bfloat16, decode_backend=xqa, kv_cache_dtype=torch.float8_e4m3fn, arch=sm121
(Worker_TP2 pid=299) INFO 09-09 04:30:50 [kernel.py:306] Final IR op priority after setting platform defaults: IrOpPriorityConfig(rms_norm=['native'], fused_add_rms_norm=['native'])
(Worker_TP2 pid=299) 2026-09-09 04:30:51,872 - INFO - cute_dsl_core.py:177 - flashinfer.jit: Compiling CuTe-DSL kernel b12x_moe_sm121a_cute_dsl/static2_m24_k4096_n512_t8_r640_tm32f2g2a32wutsf6v1_94036df01a682e97
(Worker_TP2 pid=299) REFORM_SF6_LAYOUT_PASS FC1=4096 FC2=1024
(Worker_TP2 pid=299) 2026-09-09 04:30:56,892 - INFO - cute_dsl_core.py:246 - flashinfer.jit: Persisted CuTe-DSL kernel to /cache/.cache/flashinfer/0.6.18.dev20260819/121a/cached_ops/b12x_moe_sm121a_cute_dsl/static2_m24_k4096_n512_t8_r640_tm32f2g2a32wutsf6v1_94036df01a682e97.o
(Worker_TP2 pid=299) [b12x static v2] lane serving: static2_m24_k4096_n512_t8_r640_tm32f2g2a32wutsf6v1 (mac=48, m=24, routed=192, smem=101376 B)
(Worker_TP2 pid=299) [b12x sf6 unpack] lane serving: backend=static u8x4=0 artifact=static2_m24_k4096_n512_t8_r640_tm32f2g2a32wutsf6v1_94036df01a682e97
[osar] phase rank=2 us/collective (n=41): guard=2.7 copy=3.5 wait=19676.9 reduce=3.3 | total=19686.4  @1592 MHz assumed | wait by size: <=128KiB n=0 0.0, >128KiB n=41 19676.9
(Worker_TP2 pid=299) WARNING 09-09 04:30:57 [model.py:936] [prefill-sp] NOT selected: tensor/context gate (compiling=False capturing=True T=24)
(Worker_TP2 pid=299) WARNING 09-09 04:30:57 [glm53_megakernel.py:1374] [megakernel] gemm lane CAPTURED into the decode graph: M=24 plan ksr=5 units=255 bps=2
(Worker_TP2 pid=299) WARNING 09-09 04:30:57 [flashinfer_mla_sparse_sm90.py:470] [megakernel] mla lane CAPTURED into the decode graph: T=24 (every replay runs mk_mla_kernel)
(Worker_TP2 pid=299) 2026-09-09 04:30:57,363 - INFO - cute_dsl_core.py:177 - flashinfer.jit: Compiling CuTe-DSL kernel b12x_moe_sm121a_cute_dsl/static2_m18_k4096_n512_t8_r640_tm32f2g2a32wutsf6v1_d9d4d1414c69884a
(Worker_TP2 pid=299) REFORM_SF6_LAYOUT_PASS FC1=4096 FC2=1024
(Worker_TP2 pid=299) 2026-09-09 04:31:02,248 - INFO - cute_dsl_core.py:246 - flashinfer.jit: Persisted CuTe-DSL kernel to /cache/.cache/flashinfer/0.6.18.dev20260819/121a/cached_ops/b12x_moe_sm121a_cute_dsl/static2_m18_k4096_n512_t8_r640_tm32f2g2a32wutsf6v1_d9d4d1414c69884a.o
(Worker_TP2 pid=299) [b12x static v2] lane serving: static2_m18_k4096_n512_t8_r640_tm32f2g2a32wutsf6v1 (mac=48, m=18, routed=144, smem=101376 B)
(Worker_TP2 pid=299) [b12x sf6 unpack] lane serving: backend=static u8x4=0 artifact=static2_m18_k4096_n512_t8_r640_tm32f2g2a32wutsf6v1_d9d4d1414c69884a
(Worker_TP2 pid=299) WARNING 09-09 04:31:02 [model.py:936] [prefill-sp] NOT selected: tensor/context gate (compiling=False capturing=True T=18)
(Worker_TP2 pid=299) WARNING 09-09 04:31:02 [glm53_megakernel.py:2030] [megakernel] mhc-pre hook serving (T=12): layer 0's standalone pre-mix runs in the MHC segment; no deep_gemm in the decode step
(Worker_TP2 pid=299) INFO 09-09 04:31:02 [glm53_indexer_gate.py:129] [indexer-gate] VLLM_GLM53_INDEXER_GATE_SPLITK=1: first split-K routing, e.g. x(12, 4096) torch.bfloat16 @ w(4096, 32) (M<=16 admitted)
(Worker_TP2 pid=299) 2026-09-09 04:31:02,596 - INFO - cute_dsl_core.py:177 - flashinfer.jit: Compiling CuTe-DSL kernel b12x_moe_sm121a_cute_dsl/static2_m12_k4096_n512_t8_r640_tm32f2g2a32wutsf6v1_2e19c5a8ced83ed4
(Worker_TP2 pid=299) REFORM_SF6_LAYOUT_PASS FC1=4096 FC2=1024
[osar] phase rank=2 us/collective (n=146): guard=2.7 copy=3.5 wait=1371.7 reduce=3.8 | total=1381.7  @1592 MHz assumed | wait by size: <=128KiB n=7 1487.8, >128KiB n=139 1365.9
(Worker_TP2 pid=299) 2026-09-09 04:31:07,495 - INFO - cute_dsl_core.py:246 - flashinfer.jit: Persisted CuTe-DSL kernel to /cache/.cache/flashinfer/0.6.18.dev20260819/121a/cached_ops/b12x_moe_sm121a_cute_dsl/static2_m12_k4096_n512_t8_r640_tm32f2g2a32wutsf6v1_2e19c5a8ced83ed4.o
(Worker_TP2 pid=299) [b12x static v2] lane serving: static2_m12_k4096_n512_t8_r640_tm32f2g2a32wutsf6v1 (mac=48, m=12, routed=96, smem=101376 B)
(Worker_TP2 pid=299) [b12x sf6 unpack] lane serving: backend=static u8x4=0 artifact=static2_m12_k4096_n512_t8_r640_tm32f2g2a32wutsf6v1_2e19c5a8ced83ed4
(Worker_TP2 pid=299) WARNING 09-09 04:31:07 [model.py:936] [prefill-sp] NOT selected: tensor/context gate (compiling=False capturing=True T=12)
(Worker_TP2 pid=299) WARNING 09-09 04:31:07 [glm53_megakernel.py:1859] [megakernel] mhc-bf16 large fallback CAPTURED T=12 storage=fp32
(Worker_TP2 pid=299) 2026-09-09 04:31:07,895 - INFO - cute_dsl_core.py:177 - flashinfer.jit: Compiling CuTe-DSL kernel b12x_moe_sm121a_cute_dsl/static2_m6_k4096_n512_t8_r640_tm32f2g2a32wutr16n128k256d256sf6v1_8b9695796f84cd45
(Worker_TP2 pid=299) DECODE_REFORM_LAYOUT_PASS 1024
(Worker_TP2 pid=299) REFORM_SF6_LAYOUT_PASS FC1=2048 FC2=2048
(Worker_TP2 pid=299) 2026-09-09 04:31:13,445 - INFO - cute_dsl_core.py:246 - flashinfer.jit: Persisted CuTe-DSL kernel to /cache/.cache/flashinfer/0.6.18.dev20260819/121a/cached_ops/b12x_moe_sm121a_cute_dsl/static2_m6_k4096_n512_t8_r640_tm32f2g2a32wutr16n128k256d256sf6v1_8b9695796f84cd45.o
(Worker_TP2 pid=299) [b12x static v2] lane serving: static2_m6_k4096_n512_t8_r640_tm32f2g2a32wutr16n128k256d256sf6v1 (mac=48, m=6, routed=48, smem=98304 B)
(Worker_TP2 pid=299) [b12x sf6 unpack] lane serving: backend=static u8x4=0 artifact=static2_m6_k4096_n512_t8_r640_tm32f2g2a32wutr16n128k256d256sf6v1_8b9695796f84cd45
(Worker_TP2 pid=299) WARNING 09-09 04:31:13 [model.py:936] [prefill-sp] NOT selected: tensor/context gate (compiling=False capturing=True T=6)
(Worker_TP2 pid=299) WARNING 09-09 04:31:13 [glm53_megakernel.py:1853] [megakernel] mhc-bf16 CAPTURED T=6 cached=98
(Worker_TP2 pid=299) WARNING 09-09 04:31:13 [glm53_megakernel.py:1305] [megakernel] input-reuse CAPTURED M=6 N=6416 K=4096 split=8 bps=3 scratch=33792
(Worker_TP2 pid=299) WARNING 09-09 04:31:13 [glm53_megakernel.py:1320] [megakernel] input-cta CAPTURED M=6 N=6416 K=4096 mode=4 split=8 bps=3 smem=22528
(Worker_TP2 pid=299) WARNING 09-09 04:31:13 [glm53_megakernel.py:1279] [megakernel] m8 shape CAPTURED M=6 N=4096 K=2048 plan=[4, 128, 3]
(Worker_TP2 pid=299) WARNING 09-09 04:31:13 [glm53_megakernel.py:1282] [megakernel] fp8-pack2 CAPTURED M=6 N=4096 K=2048
(Worker_TP2 pid=299) WARNING 09-09 04:31:13 [glm53_megakernel.py:1284] [megakernel] transpose-m8 CAPTURED M=6 N=4096 K=2048 compact=True
(Worker_TP2 pid=299) WARNING 09-09 04:31:13 [glm53_megakernel.py:1287] [megakernel] m8-fastpath CAPTURED M=6 N=4096 K=2048
(Worker_TP2 pid=299) WARNING 09-09 04:31:13 [dsv4_oneshot_shim.py:607] [osar] consumer PDL CAPTURED numel=24576
(Worker_TP2 pid=299) WARNING 09-09 04:31:13 [glm53_megakernel.py:1320] [megakernel] input-cta CAPTURED M=6 N=6144 K=4096 mode=4 split=3 bps=4 smem=17152
(Worker_TP2 pid=299) WARNING 09-09 04:31:13 [glm53_megakernel.py:1279] [megakernel] m8 shape CAPTURED M=6 N=4096 K=3072 plan=[3, 96, 2]
(Worker_TP2 pid=299) WARNING 09-09 04:31:13 [glm53_megakernel.py:1282] [megakernel] fp8-pack2 CAPTURED M=6 N=4096 K=3072
(Worker_TP2 pid=299) WARNING 09-09 04:31:13 [glm53_megakernel.py:1284] [megakernel] transpose-m8 CAPTURED M=6 N=4096 K=3072 compact=False
(Worker_TP2 pid=299) WARNING 09-09 04:31:13 [glm53_megakernel.py:1287] [megakernel] m8-fastpath CAPTURED M=6 N=4096 K=3072
(Worker_TP2 pid=299) WARNING 09-09 04:31:13 [glm53_megakernel.py:1279] [megakernel] m8 shape CAPTURED M=6 N=2048 K=4096 plan=[6, 96, 2]
(Worker_TP2 pid=299) WARNING 09-09 04:31:13 [glm53_megakernel.py:1282] [megakernel] fp8-pack2 CAPTURED M=6 N=2048 K=4096
(Worker_TP2 pid=299) WARNING 09-09 04:31:13 [glm53_megakernel.py:1284] [megakernel] transpose-m8 CAPTURED M=6 N=2048 K=4096 compact=False
(Worker_TP2 pid=299) WARNING 09-09 04:31:13 [glm53_megakernel.py:1287] [megakernel] m8-fastpath CAPTURED M=6 N=2048 K=4096
(Worker_TP2 pid=299) WARNING 09-09 04:31:13 [glm53_megakernel.py:1279] [megakernel] m8 shape CAPTURED M=6 N=4096 K=1536 plan=[3, 96, 2]
(Worker_TP2 pid=299) WARNING 09-09 04:31:13 [glm53_megakernel.py:1282] [megakernel] fp8-pack2 CAPTURED M=6 N=4096 K=1536
(Worker_TP2 pid=299) WARNING 09-09 04:31:13 [glm53_megakernel.py:1284] [megakernel] transpose-m8 CAPTURED M=6 N=4096 K=1536 compact=False
(Worker_TP2 pid=299) WARNING 09-09 04:31:13 [glm53_megakernel.py:1287] [megakernel] m8-fastpath CAPTURED M=6 N=4096 K=1536
(Worker_TP2 pid=299) WARNING 09-09 04:31:13 [glm53_megakernel.py:1320] [megakernel] input-cta CAPTURED M=6 N=4096 K=4096 mode=4 split=3 bps=4 smem=17152
(Worker_TP2 pid=299) WARNING 09-09 04:31:13 [glm53_megakernel.py:1279] [megakernel] m8 shape CAPTURED M=6 N=1024 K=4096 plan=[8, 64, 2]
(Worker_TP2 pid=299) WARNING 09-09 04:31:13 [glm53_megakernel.py:1282] [megakernel] fp8-pack2 CAPTURED M=6 N=1024 K=4096
(Worker_TP2 pid=299) WARNING 09-09 04:31:13 [glm53_megakernel.py:1284] [megakernel] transpose-m8 CAPTURED M=6 N=1024 K=4096 compact=False
(Worker_TP2 pid=299) WARNING 09-09 04:31:13 [glm53_megakernel.py:1287] [megakernel] m8-fastpath CAPTURED M=6 N=1024 K=4096
(Worker_TP2 pid=299) WARNING 09-09 04:31:13 [glm53_megakernel.py:1279] [megakernel] m8 shape CAPTURED M=6 N=4096 K=512 plan=[1, 32, 2]
(Worker_TP2 pid=299) WARNING 09-09 04:31:13 [glm53_megakernel.py:1282] [megakernel] fp8-pack2 CAPTURED M=6 N=4096 K=512
(Worker_TP2 pid=299) WARNING 09-09 04:31:13 [glm53_megakernel.py:1284] [megakernel] transpose-m8 CAPTURED M=6 N=4096 K=512 compact=False
(Worker_TP2 pid=299) WARNING 09-09 04:31:13 [glm53_megakernel.py:1287] [megakernel] m8-fastpath CAPTURED M=6 N=4096 K=512
(Worker_TP2 pid=299) INFO 09-09 04:31:14 [model_runner.py:952] Estimated CUDA graph memory: 1.16 GiB total
(Worker_TP2 pid=299) [boot-stamp] cudagraph-memory-profile took 23.9s (at 379.8s since interpreter start) dev free 29.80 GiB (+1.34 GiB used this phase)
(Worker_TP2 pid=299) INFO 09-09 04:31:14 [gpu_worker.py:582] Available KV cache memory: 10.09 GiB
(Worker_TP2 pid=299) WARNING 09-09 04:31:14 [gpu_worker.py:614] CUDA graph memory profiling is disabled (VLLM_MEMORY_PROFILER_ESTIMATE_CUDAGRAPHS=0). Without it, CUDA graph memory is not accounted for during KV cache allocation, which may require lowering --gpu-memory-utilization to avoid OOM. Consider re-enabling it (the default as of v0.21.0) and increasing --gpu-memory-utilization from 0.6429 to 0.6526.
(Worker_TP2 pid=299) [boot-stamp] profile/determine-memory took 84.9s (at 379.8s since interpreter start) dev free 29.80 GiB (+7.70 GiB used this phase)
(Worker_TP2 pid=299) INFO 09-09 04:31:14 [kernel.py:306] Final IR op priority after setting platform defaults: IrOpPriorityConfig(rms_norm=['native'], fused_add_rms_norm=['native'])
(Worker_TP2 pid=299) [boot-stamp] kv-cache-alloc took 0.4s (at 380.3s since interpreter start) dev free 20.23 GiB (+9.57 GiB used this phase)
(Worker_TP2 pid=299) INFO 09-09 04:31:15 [spec_decode_rejection_warmup.py:251] Warmed DFlash input-prep kernel over 6 BLOCK_SIZE buckets (num_query_per_req=6).
(Worker_TP2 pid=299) INFO 09-09 04:31:15 [spec_decode_rejection_warmup.py:81] Warming up spec-decode rejection sampler kernels (vocab=154880, num_spec=5, dtype_pairs=[('torch.bfloat16', 'torch.bfloat16'), ('torch.float32', 'torch.bfloat16'), ('torch.bfloat16', 'torch.float32'), ('torch.float32', 'torch.float32')], block_verify=False).
(Worker_TP2 pid=299) INFO 09-09 04:31:15 [kernel_warmup.py:95] Warming up ll_bf16 router GEMM kernels for shapes: ((4096, 288),).
(Worker_TP2 pid=299) 2026-09-09 04:31:16,811 - INFO - autotuner.py:972 - flashinfer.jit: [Autotuner]: Autotuning process starts ...
(Worker_TP2 pid=299) INFO 09-09 04:31:16 [model.py:980] [prefill-sp] MHC token shards selected (T=8192, TP=4, full-token attention/MoE)
(Worker_TP2 pid=299) [AutoTuner]: Tuning fp4_gemm:   0%|          | 0/21 [00:00<?, ?profile/s][osar] phase rank=2 us/collective (n=173): guard=3.6 copy=3.6 wait=1781.5 reduce=3.5 | total=1792.1  @1592 MHz assumed | wait by size: <=128KiB n=173 1781.5, >128KiB n=0 0.0
[AutoTuner]: Tuning fp4_gemm:   5%|▍         | 1/21 [00:00<00:03,  5.23profile/s][AutoTuner]: Tuning fp4_gemm:  10%|▉         | 2/21 [00:00<00:03,  5.46profile/s][AutoTuner]: Tuning fp4_gemm:  14%|█▍        | 3/21 [00:00<00:03,  5.43profile/s][AutoTuner]: Tuning fp4_gemm:  19%|█▉        | 4/21 [00:00<00:03,  5.42profile/s][AutoTuner]: Tuning fp4_gemm:  24%|██▍       | 5/21 [00:00<00:02,  5.41profile/s][AutoTuner]: Tuning fp4_gemm:  29%|██▊       | 6/21 [00:01<00:02,  5.49profile/s][AutoTuner]: Tuning fp4_gemm:  33%|███▎      | 7/21 [00:01<00:02,  5.66profile/s][AutoTuner]: Tuning fp4_gemm:  38%|███▊      | 8/21 [00:01<00:02,  5.76profile/s][AutoTuner]: Tuning fp4_gemm:  43%|████▎     | 9/21 [00:01<00:02,  6.00profile/s][AutoTuner]: Tuning fp4_gemm:  48%|████▊     | 10/21 [00:01<00:01,  5.51profile/s][AutoTuner]: Tuning fp4_gemm:  52%|█████▏    | 11/21 [00:02<00:01,  5.10profile/s][AutoTuner]: Tuning fp4_gemm:  57%|█████▋    | 12/21 [00:02<00:01,  4.61profile/s][AutoTuner]: Tuning fp4_gemm:  62%|██████▏   | 13/21 [00:02<00:01,  4.15profile/s][AutoTuner]: Tuning fp4_gemm:  67%|██████▋   | 14/21 [00:02<00:01,  3.72profile/s][AutoTuner]: Tuning fp4_gemm:  71%|███████▏  | 15/21 [00:03<00:01,  3.31profile/s][AutoTuner]: Tuning fp4_gemm:  76%|███████▌  | 16/21 [00:03<00:01,  2.98profile/s][AutoTuner]: Tuning fp4_gemm:  81%|████████  | 17/21 [00:04<00:01,  2.66profile/s][AutoTuner]: Tuning fp4_gemm:  86%|████████▌ | 18/21 [00:04<00:01,  2.33profile/s][AutoTuner]: Tuning fp4_gemm:  90%|█████████ | 19/21 [00:05<00:00,  2.05profile/s][AutoTuner]: Tuning fp4_gemm:  95%|█████████▌| 20/21 [00:06<00:00,  1.81profile/s][AutoTuner]: Tuning fp4_gemm: 100%|██████████| 21/21 [00:07<00:00,  1.31profile/s][AutoTuner]: Tuning fp4_gemm: 100%|██████████| 21/21 [00:07<00:00,  2.87profile/s]
(Worker_TP2 pid=299) WARNING 09-09 04:31:24 [kda.py:108] [kda-prefill] direct output engaged (tokens=8192)
(Worker_TP2 pid=299) [AutoTuner]: Tuning fp4_gemm:   0%|          | 0/21 [00:00<?, ?profile/s][AutoTuner]: Tuning fp4_gemm:   5%|▍         | 1/21 [00:00<00:06,  3.04profile/s][AutoTuner]: Tuning fp4_gemm:  10%|▉         | 2/21 [00:00<00:04,  4.71profile/s][AutoTuner]: Tuning fp4_gemm:  14%|█▍        | 3/21 [00:00<00:03,  5.72profile/s][AutoTuner]: Tuning fp4_gemm:  19%|█▉        | 4/21 [00:00<00:02,  6.42profile/s][AutoTuner]: Tuning fp4_gemm:  24%|██▍       | 5/21 [00:00<00:02,  6.82profile/s][AutoTuner]: Tuning fp4_gemm:  29%|██▊       | 6/21 [00:00<00:02,  7.04profile/s][AutoTuner]: Tuning fp4_gemm:  33%|███▎      | 7/21 [00:01<00:01,  7.23profile/s][AutoTuner]: Tuning fp4_gemm:  38%|███▊      | 8/21 [00:01<00:01,  7.60profile/s][AutoTuner]: Tuning fp4_gemm:  43%|████▎     | 9/21 [00:01<00:01,  7.69profile/s][AutoTuner]: Tuning fp4_gemm:  48%|████▊     | 10/21 [00:01<00:01,  7.57profile/s][AutoTuner]: Tuning fp4_gemm:  52%|█████▏    | 11/21 [00:01<00:01,  7.33profile/s][AutoTuner]: Tuning fp4_gemm:  57%|█████▋    | 12/21 [00:01<00:01,  6.90profile/s][AutoTuner]: Tuning fp4_gemm:  62%|██████▏   | 13/21 [00:01<00:01,  6.39profile/s][AutoTuner]: Tuning fp4_gemm:  67%|██████▋   | 14/21 [00:02<00:01,  5.97profile/s][AutoTuner]: Tuning fp4_gemm:  71%|███████▏  | 15/21 [00:02<00:01,  5.35profile/s][AutoTuner]: Tuning fp4_gemm:  76%|███████▌  | 16/21 [00:02<00:01,  4.91profile/s][AutoTuner]: Tuning fp4_gemm:  81%|████████  | 17/21 [00:02<00:00,  4.59profile/s][AutoTuner]: Tuning fp4_gemm:  86%|████████▌ | 18/21 [00:03<00:00,  4.27profile/s][AutoTuner]: Tuning fp4_gemm:  90%|█████████ | 19/21 [00:03<00:00,  3.98profile/s][AutoTuner]: Tuning fp4_gemm:  95%|█████████▌| 20/21 [00:03<00:00,  3.69profile/s][AutoTuner]: Tuning fp4_gemm: 100%|██████████| 21/21 [00:04<00:00,  2.88profile/s][AutoTuner]: Tuning fp4_gemm: 100%|██████████| 21/21 [00:04<00:00,  4.88profile/s]
(Worker_TP2 pid=299) INFO 09-09 04:31:30 [glm53_prefill_collectives.py:583] [prefill-sp] packed FP8 reduce-scatter engaged (one values+scales all-to-all)
(Worker_TP2 pid=299) [AutoTuner]: Tuning fp4_gemm:   0%|          | 0/21 [00:00<?, ?profile/s][AutoTuner]: Tuning fp4_gemm:   5%|▍         | 1/21 [00:00<00:03,  6.34profile/s][AutoTuner]: Tuning fp4_gemm:  10%|▉         | 2/21 [00:00<00:03,  6.25profile/s][AutoTuner]: Tuning fp4_gemm:  14%|█▍        | 3/21 [00:00<00:02,  6.13profile/s][AutoTuner]: Tuning fp4_gemm:  19%|█▉        | 4/21 [00:00<00:02,  6.20profile/s][AutoTuner]: Tuning fp4_gemm:  24%|██▍       | 5/21 [00:00<00:02,  6.26profile/s][AutoTuner]: Tuning fp4_gemm:  29%|██▊       | 6/21 [00:00<00:02,  6.43profile/s][AutoTuner]: Tuning fp4_gemm:  33%|███▎      | 7/21 [00:01<00:02,  6.49profile/s][AutoTuner]: Tuning fp4_gemm:  38%|███▊      | 8/21 [00:01<00:01,  6.70profile/s][AutoTuner]: Tuning fp4_gemm:  43%|████▎     | 9/21 [00:01<00:01,  6.60profile/s][AutoTuner]: Tuning fp4_gemm:  48%|████▊     | 10/21 [00:01<00:01,  6.10profile/s][AutoTuner]: Tuning fp4_gemm:  52%|█████▏    | 11/21 [00:01<00:01,  5.44profile/s][AutoTuner]: Tuning fp4_gemm:  57%|█████▋    | 12/21 [00:02<00:01,  4.83profile/s][AutoTuner]: Tuning fp4_gemm:  62%|██████▏   | 13/21 [00:02<00:01,  4.33profile/s][AutoTuner]: Tuning fp4_gemm:  67%|██████▋   | 14/21 [00:02<00:01,  3.85profile/s][AutoTuner]: Tuning fp4_gemm:  71%|███████▏  | 15/21 [00:03<00:01,  3.45profile/s][AutoTuner]: Tuning fp4_gemm:  76%|███████▌  | 16/21 [00:03<00:01,  3.13profile/s][AutoTuner]: Tuning fp4_gemm:  81%|████████  | 17/21 [00:03<00:01,  2.73profile/s][AutoTuner]: Tuning fp4_gemm:  86%|████████▌ | 18/21 [00:04<00:01,  2.42profile/s][AutoTuner]: Tuning fp4_gemm:  90%|█████████ | 19/21 [00:05<00:00,  2.17profile/s][AutoTuner]: Tuning fp4_gemm:  95%|█████████▌| 20/21 [00:05<00:00,  1.95profile/s][AutoTuner]: Tuning fp4_gemm: 100%|██████████| 21/21 [00:06<00:00,  1.38profile/s][AutoTuner]: Tuning fp4_gemm: 100%|██████████| 21/21 [00:06<00:00,  3.06profile/s]
(Worker_TP2 pid=299) [AutoTuner]: Tuning fp4_gemm:   0%|          | 0/21 [00:00<?, ?profile/s][AutoTuner]: Tuning fp4_gemm:   5%|▍         | 1/21 [00:00<00:02,  7.75profile/s][AutoTuner]: Tuning fp4_gemm:  10%|▉         | 2/21 [00:00<00:02,  7.38profile/s][AutoTuner]: Tuning fp4_gemm:  14%|█▍        | 3/21 [00:00<00:02,  7.11profile/s][AutoTuner]: Tuning fp4_gemm:  19%|█▉        | 4/21 [00:00<00:02,  7.06profile/s][AutoTuner]: Tuning fp4_gemm:  24%|██▍       | 5/21 [00:00<00:02,  7.09profile/s][AutoTuner]: Tuning fp4_gemm:  29%|██▊       | 6/21 [00:00<00:02,  7.12profile/s][AutoTuner]: Tuning fp4_gemm:  33%|███▎      | 7/21 [00:00<00:01,  7.19profile/s][AutoTuner]: Tuning fp4_gemm:  38%|███▊      | 8/21 [00:01<00:01,  7.35profile/s][AutoTuner]: Tuning fp4_gemm:  43%|████▎     | 9/21 [00:01<00:01,  7.26profile/s][AutoTuner]: Tuning fp4_gemm:  48%|████▊     | 10/21 [00:01<00:01,  6.87profile/s][AutoTuner]: Tuning fp4_gemm:  52%|█████▏    | 11/21 [00:01<00:01,  7.00profile/s][AutoTuner]: Tuning fp4_gemm:  57%|█████▋    | 12/21 [00:01<00:01,  6.13profile/s][AutoTuner]: Tuning fp4_gemm:  62%|██████▏   | 13/21 [00:01<00:01,  5.59profile/s][AutoTuner]: Tuning fp4_gemm:  67%|██████▋   | 14/21 [00:02<00:01,  5.17profile/s][AutoTuner]: Tuning fp4_gemm:  71%|███████▏  | 15/21 [00:02<00:01,  4.76profile/s][AutoTuner]: Tuning fp4_gemm:  76%|███████▌  | 16/21 [00:02<00:01,  4.41profile/s][AutoTuner]: Tuning fp4_gemm:  81%|████████  | 17/21 [00:03<00:00,  4.02profile/s][AutoTuner]: Tuning fp4_gemm:  86%|████████▌ | 18/21 [00:03<00:00,  3.63profile/s][AutoTuner]: Tuning fp4_gemm:  90%|█████████ | 19/21 [00:03<00:00,  3.32profile/s][AutoTuner]: Tuning fp4_gemm:  95%|█████████▌| 20/21 [00:04<00:00,  3.04profile/s][AutoTuner]: Tuning fp4_gemm: 100%|██████████| 21/21 [00:04<00:00,  2.25profile/s][AutoTuner]: Tuning fp4_gemm: 100%|██████████| 21/21 [00:04<00:00,  4.36profile/s]
(Worker_TP2 pid=299) [AutoTuner]: Tuning fp4_gemm:   0%|          | 0/21 [00:00<?, ?profile/s][AutoTuner]: Tuning fp4_gemm:   5%|▍         | 1/21 [00:00<00:02,  7.33profile/s][AutoTuner]: Tuning fp4_gemm:  10%|▉         | 2/21 [00:00<00:02,  7.72profile/s][AutoTuner]: Tuning fp4_gemm:  14%|█▍        | 3/21 [00:00<00:02,  7.56profile/s][AutoTuner]: Tuning fp4_gemm:  19%|█▉        | 4/21 [00:00<00:02,  7.70profile/s][AutoTuner]: Tuning fp4_gemm:  24%|██▍       | 5/21 [00:00<00:02,  7.78profile/s][AutoTuner]: Tuning fp4_gemm:  29%|██▊       | 6/21 [00:00<00:01,  7.77profile/s][AutoTuner]: Tuning fp4_gemm:  33%|███▎      | 7/21 [00:00<00:01,  7.75profile/s][AutoTuner]: Tuning fp4_gemm:  38%|███▊      | 8/21 [00:01<00:01,  7.72profile/s][AutoTuner]: Tuning fp4_gemm:  43%|████▎     | 9/21 [00:01<00:01,  7.72profile/s][AutoTuner]: Tuning fp4_gemm:  48%|████▊     | 10/21 [00:01<00:01,  7.47profile/s][AutoTuner]: Tuning fp4_gemm:  52%|█████▏    | 11/21 [00:01<00:01,  7.10profile/s][AutoTuner]: Tuning fp4_gemm:  57%|█████▋    | 12/21 [00:01<00:01,  6.82profile/s][AutoTuner]: Tuning fp4_gemm:  62%|██████▏   | 13/21 [00:01<00:01,  6.22profile/s][AutoTuner]: Tuning fp4_gemm:  67%|██████▋   | 14/21 [00:02<00:01,  5.80profile/s][AutoTuner]: Tuning fp4_gemm:  71%|███████▏  | 15/21 [00:02<00:01,  5.42profile/s][AutoTuner]: Tuning fp4_gemm:  76%|███████▌  | 16/21 [00:02<00:00,  5.19profile/s][AutoTuner]: Tuning fp4_gemm:  81%|████████  | 17/21 [00:02<00:00,  4.86profile/s][AutoTuner]: Tuning fp4_gemm:  86%|████████▌ | 18/21 [00:02<00:00,  4.54profile/s][AutoTuner]: Tuning fp4_gemm:  90%|█████████ | 19/21 [00:03<00:00,  4.17profile/s][AutoTuner]: Tuning fp4_gemm:  95%|█████████▌| 20/21 [00:03<00:00,  3.84profile/s][AutoTuner]: Tuning fp4_gemm: 100%|██████████| 21/21 [00:03<00:00,  3.09profile/s][AutoTuner]: Tuning fp4_gemm: 100%|██████████| 21/21 [00:03<00:00,  5.25profile/s]
(Worker_TP2 pid=299) [AutoTuner]: Tuning fp4_gemm:   0%|          | 0/21 [00:00<?, ?profile/s][AutoTuner]: Tuning fp4_gemm:   5%|▍         | 1/21 [00:00<00:02,  8.93profile/s][AutoTuner]: Tuning fp4_gemm:  10%|▉         | 2/21 [00:00<00:02,  8.27profile/s][AutoTuner]: Tuning fp4_gemm:  14%|█▍        | 3/21 [00:00<00:02,  8.08profile/s][AutoTuner]: Tuning fp4_gemm:  19%|█▉        | 4/21 [00:00<00:02,  7.97profile/s][AutoTuner]: Tuning fp4_gemm:  24%|██▍       | 5/21 [00:00<00:02,  7.97profile/s][AutoTuner]: Tuning fp4_gemm:  29%|██▊       | 6/21 [00:00<00:01,  7.98profile/s][AutoTuner]: Tuning fp4_gemm:  33%|███▎      | 7/21 [00:00<00:01,  7.99profile/s][AutoTuner]: Tuning fp4_gemm:  38%|███▊      | 8/21 [00:00<00:01,  7.92profile/s][AutoTuner]: Tuning fp4_gemm:  43%|████▎     | 9/21 [00:01<00:01,  7.85profile/s][AutoTuner]: Tuning fp4_gemm:  48%|████▊     | 10/21 [00:01<00:01,  7.66profile/s][AutoTuner]: Tuning fp4_gemm:  52%|█████▏    | 11/21 [00:01<00:01,  7.45profile/s][AutoTuner]: Tuning fp4_gemm:  57%|█████▋    | 12/21 [00:01<00:01,  7.19profile/s][AutoTuner]: Tuning fp4_gemm:  62%|██████▏   | 13/21 [00:01<00:01,  6.80profile/s][AutoTuner]: Tuning fp4_gemm:  67%|██████▋   | 14/21 [00:01<00:01,  6.43profile/s][AutoTuner]: Tuning fp4_gemm:  71%|███████▏  | 15/21 [00:02<00:00,  6.02profile/s][AutoTuner]: Tuning fp4_gemm:  76%|███████▌  | 16/21 [00:02<00:00,  5.63profile/s][AutoTuner]: Tuning fp4_gemm:  81%|████████  | 17/21 [00:02<00:00,  5.26profile/s][AutoTuner]: Tuning fp4_gemm:  86%|████████▌ | 18/21 [00:02<00:00,  4.85profile/s][AutoTuner]: Tuning fp4_gemm:  90%|█████████ | 19/21 [00:03<00:00,  4.55profile/s][AutoTuner]: Tuning fp4_gemm:  95%|█████████▌| 20/21 [00:03<00:00,  4.24profile/s][AutoTuner]: Tuning fp4_gemm: 100%|██████████| 21/21 [00:03<00:00,  3.45profile/s][AutoTuner]: Tuning fp4_gemm: 100%|██████████| 21/21 [00:03<00:00,  5.68profile/s]
(Worker_TP2 pid=299) [AutoTuner]: Tuning fp4_gemm:   0%|          | 0/21 [00:00<?, ?profile/s][AutoTuner]: Tuning fp4_gemm:   5%|▍         | 1/21 [00:00<00:02,  7.27profile/s][AutoTuner]: Tuning fp4_gemm:  10%|▉         | 2/21 [00:00<00:02,  7.16profile/s][AutoTuner]: Tuning fp4_gemm:  14%|█▍        | 3/21 [00:00<00:02,  7.08profile/s][AutoTuner]: Tuning fp4_gemm:  19%|█▉        | 4/21 [00:00<00:02,  6.94profile/s][AutoTuner]: Tuning fp4_gemm:  24%|██▍       | 5/21 [00:00<00:02,  6.92profile/s][AutoTuner]: Tuning fp4_gemm:  29%|██▊       | 6/21 [00:00<00:02,  6.89profile/s][AutoTuner]: Tuning fp4_gemm:  33%|███▎      | 7/21 [00:00<00:01,  7.09profile/s][AutoTuner]: Tuning fp4_gemm:  38%|███▊      | 8/21 [00:01<00:01,  7.25profile/s][AutoTuner]: Tuning fp4_gemm:  43%|████▎     | 9/21 [00:01<00:01,  7.12profile/s][AutoTuner]: Tuning fp4_gemm:  48%|████▊     | 10/21 [00:01<00:01,  6.71profile/s][AutoTuner]: Tuning fp4_gemm:  52%|█████▏    | 11/21 [00:01<00:01,  6.24profile/s][AutoTuner]: Tuning fp4_gemm:  57%|█████▋    | 12/21 [00:01<00:01,  5.64profile/s][AutoTuner]: Tuning fp4_gemm:  62%|██████▏   | 13/21 [00:02<00:01,  5.11profile/s][AutoTuner]: Tuning fp4_gemm:  67%|██████▋   | 14/21 [00:02<00:01,  4.69profile/s][AutoTuner]: Tuning fp4_gemm:  71%|███████▏  | 15/21 [00:02<00:01,  4.29profile/s][AutoTuner]: Tuning fp4_gemm:  76%|███████▌  | 16/21 [00:02<00:01,  3.90profile/s][AutoTuner]: Tuning fp4_gemm:  81%|████████  | 17/21 [00:03<00:01,  3.52profile/s][AutoTuner]: Tuning fp4_gemm:  86%|████████▌ | 18/21 [00:03<00:00,  3.13profile/s][AutoTuner]: Tuning fp4_gemm:  90%|█████████ | 19/21 [00:04<00:00,  2.79profile/s][AutoTuner]: Tuning fp4_gemm:  95%|█████████▌| 20/21 [00:04<00:00,  2.53profile/s][AutoTuner]: Tuning fp4_gemm: 100%|██████████| 21/21 [00:05<00:00,  1.92profile/s][AutoTuner]: Tuning fp4_gemm: 100%|██████████| 21/21 [00:05<00:00,  3.87profile/s]
(Worker_TP2 pid=299) [AutoTuner]: Tuning fp4_gemm:   0%|          | 0/21 [00:00<?, ?profile/s][AutoTuner]: Tuning fp4_gemm:   5%|▍         | 1/21 [00:00<00:02,  8.62profile/s][AutoTuner]: Tuning fp4_gemm:  10%|▉         | 2/21 [00:00<00:02,  8.16profile/s][AutoTuner]: Tuning fp4_gemm:  14%|█▍        | 3/21 [00:00<00:02,  7.93profile/s][AutoTuner]: Tuning fp4_gemm:  19%|█▉        | 4/21 [00:00<00:02,  7.88profile/s][AutoTuner]: Tuning fp4_gemm:  24%|██▍       | 5/21 [00:00<00:02,  7.93profile/s][AutoTuner]: Tuning fp4_gemm:  29%|██▊       | 6/21 [00:00<00:01,  7.99profile/s][AutoTuner]: Tuning fp4_gemm:  33%|███▎      | 7/21 [00:00<00:01,  7.85profile/s][AutoTuner]: Tuning fp4_gemm:  38%|███▊      | 8/21 [00:00<00:01,  8.08profile/s][AutoTuner]: Tuning fp4_gemm:  43%|████▎     | 9/21 [00:01<00:01,  8.17profile/s][AutoTuner]: Tuning fp4_gemm:  52%|█████▏    | 11/21 [00:01<00:01,  8.74profile/s][AutoTuner]: Tuning fp4_gemm:  57%|█████▋    | 12/21 [00:01<00:01,  8.59profile/s][AutoTuner]: Tuning fp4_gemm:  62%|██████▏   | 13/21 [00:01<00:00,  8.12profile/s][AutoTuner]: Tuning fp4_gemm:  67%|██████▋   | 14/21 [00:01<00:00,  7.77profile/s][AutoTuner]: Tuning fp4_gemm:  71%|███████▏  | 15/21 [00:01<00:00,  7.28profile/s][AutoTuner]: Tuning fp4_gemm:  76%|███████▌  | 16/21 [00:02<00:00,  6.86profile/s][AutoTuner]: Tuning fp4_gemm:  81%|████████  | 17/21 [00:02<00:00,  6.48profile/s][AutoTuner]: Tuning fp4_gemm:  86%|████████▌ | 18/21 [00:02<00:00,  6.16profile/s][AutoTuner]: Tuning fp4_gemm:  90%|█████████ | 19/21 [00:02<00:00,  5.75profile/s][AutoTuner]: Tuning fp4_gemm:  95%|█████████▌| 20/21 [00:02<00:00,  5.50profile/s][AutoTuner]: Tuning fp4_gemm: 100%|██████████| 21/21 [00:03<00:00,  4.55profile/s][AutoTuner]: Tuning fp4_gemm: 100%|██████████| 21/21 [00:03<00:00,  6.71profile/s]
(Worker_TP2 pid=299) [AutoTuner]: Tuning fp4_gemm:   0%|          | 0/21 [00:00<?, ?profile/s][AutoTuner]: Tuning fp4_gemm:  10%|▉         | 2/21 [00:00<00:01, 10.25profile/s][AutoTuner]: Tuning fp4_gemm:  19%|█▉        | 4/21 [00:00<00:01,  9.22profile/s][AutoTuner]: Tuning fp4_gemm:  24%|██▍       | 5/21 [00:00<00:01,  9.10profile/s][AutoTuner]: Tuning fp4_gemm:  29%|██▊       | 6/21 [00:00<00:01,  8.92profile/s][AutoTuner]: Tuning fp4_gemm:  33%|███▎      | 7/21 [00:00<00:01,  8.78profile/s][AutoTuner]: Tuning fp4_gemm:  38%|███▊      | 8/21 [00:00<00:01,  8.58profile/s][AutoTuner]: Tuning fp4_gemm:  43%|████▎     | 9/21 [00:01<00:01,  8.38profile/s][AutoTuner]: Tuning fp4_gemm:  48%|████▊     | 10/21 [00:01<00:01,  8.19profile/s][AutoTuner]: Tuning fp4_gemm:  52%|█████▏    | 11/21 [00:01<00:01,  8.09profile/s][AutoTuner]: Tuning fp4_gemm:  57%|█████▋    | 12/21 [00:01<00:01,  7.99profile/s][AutoTuner]: Tuning fp4_gemm:  62%|██████▏   | 13/21 [00:01<00:01,  7.73profile/s][AutoTuner]: Tuning fp4_gemm:  67%|██████▋   | 14/21 [00:01<00:00,  7.38profile/s][AutoTuner]: Tuning fp4_gemm:  71%|███████▏  | 15/21 [00:01<00:00,  6.97profile/s][AutoTuner]: Tuning fp4_gemm:  76%|███████▌  | 16/21 [00:02<00:00,  6.75profile/s][AutoTuner]: Tuning fp4_gemm:  81%|████████  | 17/21 [00:02<00:00,  6.50profile/s][AutoTuner]: Tuning fp4_gemm:  86%|████████▌ | 18/21 [00:02<00:00,  6.07profile/s][AutoTuner]: Tuning fp4_gemm:  90%|█████████ | 19/21 [00:02<00:00,  5.71profile/s][AutoTuner]: Tuning fp4_gemm:  95%|█████████▌| 20/21 [00:02<00:00,  5.37profile/s][AutoTuner]: Tuning fp4_gemm: 100%|██████████| 21/21 [00:03<00:00,  4.59profile/s][AutoTuner]: Tuning fp4_gemm: 100%|██████████| 21/21 [00:03<00:00,  6.82profile/s]
(Worker_TP2 pid=299) WARNING 09-09 04:32:03 [flashinfer.py:1308] Using FlashInfer for draft model non-causal attention; TRTLLM can still be used for target model causal attention.
(Worker_TP2 pid=299) 2026-09-09 04:32:03,234 - INFO - autotuner.py:995 - flashinfer.jit: [Autotuner]: Autotuning process ends
(Worker_TP2 pid=299) INFO 09-09 04:32:04 [speculator.py:137] Capturing model for DFlash2 speculator...
(Worker_TP2 pid=299) WARNING 09-09 04:32:04 [glm53_fp8_dense.py:619] [fp8-dense] drafter lane serving: 30 of 31 opaque GEMM calls per forward
(Worker_TP2 pid=299) WARNING 09-09 04:32:05 [glm53_megakernel.py:1279] [megakernel] m8 shape CAPTURED M=6 N=1536 K=4096 plan=[8, 96, 2]
(Worker_TP2 pid=299) WARNING 09-09 04:32:05 [glm53_megakernel.py:1282] [megakernel] fp8-pack2 CAPTURED M=6 N=1536 K=4096
(Worker_TP2 pid=299) WARNING 09-09 04:32:05 [glm53_megakernel.py:1284] [megakernel] transpose-m8 CAPTURED M=6 N=1536 K=4096 compact=False
(Worker_TP2 pid=299) WARNING 09-09 04:32:05 [glm53_megakernel.py:1287] [megakernel] m8-fastpath CAPTURED M=6 N=1536 K=4096
(Worker_TP2 pid=299) WARNING 09-09 04:32:05 [glm53_megakernel.py:1279] [megakernel] m8 shape CAPTURED M=6 N=4096 K=1024 plan=[2, 64, 2]
(Worker_TP2 pid=299) WARNING 09-09 04:32:05 [glm53_megakernel.py:1282] [megakernel] fp8-pack2 CAPTURED M=6 N=4096 K=1024
(Worker_TP2 pid=299) WARNING 09-09 04:32:05 [glm53_megakernel.py:1284] [megakernel] transpose-m8 CAPTURED M=6 N=4096 K=1024 compact=False
(Worker_TP2 pid=299) WARNING 09-09 04:32:05 [glm53_megakernel.py:1287] [megakernel] m8-fastpath CAPTURED M=6 N=4096 K=1024
(Worker_TP2 pid=299) INFO 09-09 04:32:05 [model_runner.py:1012] Graph capturing finished in 2 secs, took 0.39 GiB
(Worker_TP2 pid=299) [boot-stamp] cudagraph-capture took 1.8s (at 430.5s since interpreter start) dev free 18.41 GiB (-0.97 GiB used this phase)
(Worker_TP2 pid=299) INFO 09-09 04:32:05 [gpu_worker.py:745] CUDA graph pool memory: 0.39 GiB (actual), 1.16 GiB (estimated), difference: 0.77 GiB (197.2%).
(Worker_TP2 pid=299) INFO 09-09 04:32:05 [gpu_worker.py:808] Free memory on device (91.68/119.63 GiB) on startup. Desired GPU memory utilization is (0.6429, 76.91 GiB). Actual usage is 63.32 GiB for consumed memory (weights + non-torch), 3.5 GiB for peak activation, and 0.39 GiB for CUDAGraph memory. Replace gpu_memory_utilization config with `--kv-cache-memory=10263463926` (9.56 GiB) to fit into requested memory, or `--kv-cache-memory=26117024256` (24.32 GiB) to fully utilize gpu memory. Current kv cache memory in use is 10.09 GiB.
(Worker_TP2 pid=299) 2026-09-09 04:32:05,497 - INFO - cute_dsl_core.py:177 - flashinfer.jit: Compiling CuTe-DSL kernel b12x_moe_sm121a_cute_dsl/static2_m28_k4096_n512_t8_r640_tm32f2g2a32wutsf6v1_de151f878dfe214c
(Worker_TP2 pid=299) REFORM_SF6_LAYOUT_PASS FC1=4096 FC2=1024
[osar] phase rank=2 us/collective (n=423): guard=2.5 copy=3.6 wait=2114.0 reduce=3.5 | total=2123.6  @1592 MHz assumed | wait by size: <=128KiB n=202 1166.7, >128KiB n=221 2980.0
(Worker_TP2 pid=299) 2026-09-09 04:32:10,312 - INFO - cute_dsl_core.py:246 - flashinfer.jit: Persisted CuTe-DSL kernel to /cache/.cache/flashinfer/0.6.18.dev20260819/121a/cached_ops/b12x_moe_sm121a_cute_dsl/static2_m28_k4096_n512_t8_r640_tm32f2g2a32wutsf6v1_de151f878dfe214c.o
(Worker_TP2 pid=299) [b12x static v2] lane serving: static2_m28_k4096_n512_t8_r640_tm32f2g2a32wutsf6v1 (mac=48, m=28, routed=224, smem=101376 B)
(Worker_TP2 pid=299) [b12x sf6 unpack] lane serving: backend=static u8x4=0 artifact=static2_m28_k4096_n512_t8_r640_tm32f2g2a32wutsf6v1_de151f878dfe214c
(Worker_TP2 pid=299) 2026-09-09 04:32:10,992 - INFO - cute_dsl_core.py:177 - flashinfer.jit: Compiling CuTe-DSL kernel b12x_moe_sm121a_cute_dsl/static2_m7_k4096_n512_t8_r640_tm32f2g2a32wutr16n128k256d256sf6v1_f1fb93ff5298c908
(Worker_TP2 pid=299) DECODE_REFORM_LAYOUT_PASS 1024
(Worker_TP2 pid=299) REFORM_SF6_LAYOUT_PASS FC1=2048 FC2=2048
(Worker_TP2 pid=299) 2026-09-09 04:32:15,977 - INFO - cute_dsl_core.py:246 - flashinfer.jit: Persisted CuTe-DSL kernel to /cache/.cache/flashinfer/0.6.18.dev20260819/121a/cached_ops/b12x_moe_sm121a_cute_dsl/static2_m7_k4096_n512_t8_r640_tm32f2g2a32wutr16n128k256d256sf6v1_f1fb93ff5298c908.o
(Worker_TP2 pid=299) [b12x static v2] lane serving: static2_m7_k4096_n512_t8_r640_tm32f2g2a32wutr16n128k256d256sf6v1 (mac=48, m=7, routed=56, smem=98304 B)
(Worker_TP2 pid=299) [b12x sf6 unpack] lane serving: backend=static u8x4=0 artifact=static2_m7_k4096_n512_t8_r640_tm32f2g2a32wutr16n128k256d256sf6v1_f1fb93ff5298c908
(Worker_TP2 pid=299) [boot-stamp] compile+warmup still running after 61s; its thread is at:
(Worker_TP2 pid=299)   File "/usr/local/lib/python3.12/dist-packages/flashinfer/jit/cute_dsl_core.py", line 309, in build_and_load_cute_dsl_kernel
(Worker_TP2 pid=299)     return spec.build_and_load()
(Worker_TP2 pid=299)   File "/usr/local/lib/python3.12/dist-packages/flashinfer/jit/core.py", line 320, in build_and_load
(Worker_TP2 pid=299)     self.build()
(Worker_TP2 pid=299)   File "/usr/local/lib/python3.12/dist-packages/flashinfer/jit/cute_dsl_core.py", line 178, in build
(Worker_TP2 pid=299)     self._compiled_kernel = self.compile_fn()
(Worker_TP2 pid=299)   File "/usr/local/lib/python3.12/dist-packages/flashinfer/fused_moe/cute_dsl/blackwell_sm12x/moe_dispatch.py", line 2305, in <lambda>
(Worker_TP2 pid=299)     lambda: cute.compile(
(Worker_TP2 pid=299)   File "/usr/local/lib/python3.12/dist-packages/nvidia_cutlass_dsl/dsl_packages/cutlass/base_dsl/compiler.py", line 1250, in __call__
(Worker_TP2 pid=299)     return self._compile(*args, **kwargs)
(Worker_TP2 pid=299)   File "/usr/local/lib/python3.12/dist-packages/nvidia_cutlass_dsl/dsl_packages/cutlass/base_dsl/compiler.py", line 1396, in _compile
(Worker_TP2 pid=299)     return func._dsl_object._func(func, *args, **kwargs)
(Worker_TP2 pid=299)   File "/usr/local/lib/python3.12/dist-packages/nvidia_cutlass_dsl/dsl_packages/cutlass/base_dsl/dsl.py", line 2782, in _func
(Worker_TP2 pid=299)     return self._func_impl(funcBody, *args, **kwargs)
(Worker_TP2 pid=299)   File "/usr/local/lib/python3.12/dist-packages/nvidia_cutlass_dsl/dsl_packages/cutlass/base_dsl/dsl.py", line 2795, in _func_impl
(Worker_TP2 pid=299)     result = self.generate_mlir(
(Worker_TP2 pid=299)   File "/usr/local/lib/python3.12/dist-packages/nvidia_cutlass_dsl/dsl_packages/cutlass/base_dsl/dsl.py", line 2397, in generate_mlir
(Worker_TP2 pid=299)     jit_function = self.compile_and_cache(
(Worker_TP2 pid=299)   File "/usr/local/lib/python3.12/dist-packages/nvidia_cutlass_dsl/dsl_packages/cutlass/cutlass_dsl/cutlass.py", line 868, in compile_and_cache
(Worker_TP2 pid=299)     return super().compile_and_cache(  # type: ignore[return-value]
(Worker_TP2 pid=299)   File "/usr/local/lib/python3.12/dist-packages/nvidia_cutlass_dsl/dsl_packages/cutlass/base_dsl/dsl.py", line 2127, in compile_and_cache
(Worker_TP2 pid=299)     engine = self.compile_and_jit(
(Worker_TP2 pid=299)   File "/usr/local/lib/python3.12/dist-packages/nvidia_cutlass_dsl/dsl_packages/cutlass/base_dsl/dsl.py", line 1647, in compile_and_jit
(Worker_TP2 pid=299)     kernel = self.compiler_provider.compile_and_jit(
(Worker_TP2 pid=299)   File "/usr/local/lib/python3.12/dist-packages/nvidia_cutlass_dsl/dsl_packages/cutlass/base_dsl/compiler.py", line 203, in compile_and_jit
(Worker_TP2 pid=299)     self.compile(
(Worker_TP2 pid=299)   File "/usr/local/lib/python3.12/dist-packages/nvidia_cutlass_dsl/dsl_packages/cutlass/base_dsl/compiler.py", line 139, in compile
(Worker_TP2 pid=299)     pm.run(module.operation)
(Worker_TP2 pid=299) 2026-09-09 04:32:16,240 - INFO - cute_dsl_core.py:177 - flashinfer.jit: Compiling CuTe-DSL kernel b12x_moe_sm121a_cute_dsl/static2_m2_k4096_n512_t8_r640_tm32f2g2a32wutr16n128k256d256sf6v1_193d63818c0b791f
[osar] phase rank=2 us/collective (n=306): guard=2.6 copy=3.8 wait=763.9 reduce=4.2 | total=774.5  @1592 MHz assumed | wait by size: <=128KiB n=110 531.7, >128KiB n=196 894.2
(Worker_TP2 pid=299) DECODE_REFORM_LAYOUT_PASS 1024
(Worker_TP2 pid=299) REFORM_SF6_LAYOUT_PASS FC1=2048 FC2=2048
(Worker_TP2 pid=299) 2026-09-09 04:32:21,254 - INFO - cute_dsl_core.py:246 - flashinfer.jit: Persisted CuTe-DSL kernel to /cache/.cache/flashinfer/0.6.18.dev20260819/121a/cached_ops/b12x_moe_sm121a_cute_dsl/static2_m2_k4096_n512_t8_r640_tm32f2g2a32wutr16n128k256d256sf6v1_193d63818c0b791f.o
(Worker_TP2 pid=299) [b12x static v2] lane serving: static2_m2_k4096_n512_t8_r640_tm32f2g2a32wutr16n128k256d256sf6v1 (mac=48, m=2, routed=16, smem=98304 B)
(Worker_TP2 pid=299) [b12x sf6 unpack] lane serving: backend=static u8x4=0 artifact=static2_m2_k4096_n512_t8_r640_tm32f2g2a32wutr16n128k256d256sf6v1_193d63818c0b791f
(Worker_TP2 pid=299) 2026-09-09 04:32:22,449 - INFO - cute_dsl_core.py:177 - flashinfer.jit: Compiling CuTe-DSL kernel b12x_moe_sm121a_cute_dsl/static2_m1_k4096_n512_t8_r640_tm32f2g2a32wutr16n128k256d256sf6v1_30751265c074c69e
(Worker_TP2 pid=299) DECODE_REFORM_LAYOUT_PASS 1024
(Worker_TP2 pid=299) REFORM_SF6_LAYOUT_PASS FC1=2048 FC2=2048
[osar] phase rank=2 us/collective (n=204): guard=2.1 copy=3.2 wait=1029.9 reduce=2.2 | total=1037.4  @1592 MHz assumed | wait by size: <=128KiB n=204 1029.9, >128KiB n=0 0.0
(Worker_TP2 pid=299) 2026-09-09 04:32:27,430 - INFO - cute_dsl_core.py:246 - flashinfer.jit: Persisted CuTe-DSL kernel to /cache/.cache/flashinfer/0.6.18.dev20260819/121a/cached_ops/b12x_moe_sm121a_cute_dsl/static2_m1_k4096_n512_t8_r640_tm32f2g2a32wutr16n128k256d256sf6v1_30751265c074c69e.o
(Worker_TP2 pid=299) [b12x static v2] lane serving: static2_m1_k4096_n512_t8_r640_tm32f2g2a32wutr16n128k256d256sf6v1 (mac=48, m=1, routed=8, smem=98304 B)
(Worker_TP2 pid=299) [b12x sf6 unpack] lane serving: backend=static u8x4=0 artifact=static2_m1_k4096_n512_t8_r640_tm32f2g2a32wutr16n128k256d256sf6v1_30751265c074c69e
(Worker_TP2 pid=299) INFO 09-09 04:32:27 [jit_monitor.py:79] Kernel JIT monitor activated; monitored JIT compilations during inference will use mode=warn.
(Worker_TP2 pid=299) INFO 09-09 04:32:28 [torch_utils.py:262] Reducing Torch threads from 20 to 1 for serving. Set OMP_NUM_THREADS in the external environment to override.
(Worker_TP2 pid=299) [boot-stamp] compile+warmup took 73.7s (at 453.9s since interpreter start) dev free 17.97 GiB (+2.25 GiB used this phase)
