budget: 8 GiB beside production (the probe's own; ST_PROBE_GIB overrides)
needs one GPU, not four: single-GPU lane (GB10 on srv4 beside production); say --fleet to take the four Sparks instead
preflight c2so-gpu2-74943746 [single]:
{"budget_gib": 8, "entry": "probes/run_engine_probe.sh", "gpus": 1, "kind": "single", "policy": "onepass-only"}
  PASS /home/choiceoh/glm53-logs/ab-lever2.sh == repo
  PASS /home/choiceoh/glm53-logs/fleet.sh == repo
  PASS syntax probes/run_engine_probe.sh
  SKIP declared-knob check (single: no launcher in the path)
  -> PASS
wait work: step_sim 재검증(최근 onepass 기록 3개, CPU) → /home/choiceoh/glm53-logs/wait-sim/wait-c2so-gpu2-74943746-20260915-104105.txt
wait work: 끝났다 — 4줄 → /home/choiceoh/glm53-logs/wait-sim/wait-c2so-gpu2-74943746-20260915-104105.txt
GO c2so-gpu2-74943746 2026-09-15_10:41:05
  single GPU: probes/engine_kernel_check.py on srv4 (tree ~/c2so-74943746, image sha256:b45454b5fdc138bfaafa6470cf9cb49bbcd74783ceffb343b0a7b1d0cf87fcd5, budget 8 GiB beside production, no fleet lease)
[b12x sf6] prepared FC1+FC2; packed bytes=85819392
{"lane": "identity", "rank_file": "/home/choiceoh/models/st-glm53-9391-up-gate-full/rank3of4.safetensors", "weights_sha256": {"L3.moe.gate": "d9b073de20e23bca95c0110f8d131a655e27b8dd1ec9370943b78734b189e86e", "L3.moe.bias": "a7e9cd3226bcb86e10d968f96e59da7587f7a6b5ef72fa963d28f55967058f4a", "L3.moe.sh_gate_up": "c07e92349380ff565c30545a50e06bd74853f50834520f76b4149b2e457e9e97", "L3.moe.sh_down": "a56b4ed2e6be77b3410195dc8d459799e53c64308d53b776ad10334a554fbc25", "L3.moe.w13": "f75862ef0a624e6fb80391d11320d710822792b53028fd7c074b24014b6b0c8e", "L3.moe.w13_sf": "729cb1867c4202bf82a3aaf2a85201d04ff061e368e9f68ebf906d8ea935c00d", "L3.moe.w2": "6acdfea43502063b8137ca8428ab8332b7430ebe57af976b3dcbe950029d0ab7", "L3.moe.w2_sf": "c5b07a16094f1e619159cbdc51d5a368613dbf3474f411ab06b85934189ce3d8"}, "scales": "folded", "sources_sha256": {"engine/profiles/glm53/net.py": "06bcd112e31634d5546788609afbb5557686cdb65075fab71832c08494e0df92", "engine/kernels/dense/shared_mlp.py": "472fd574daa1b21721b99546c20f1e9d4e8adb226332001c95b1d4333ab7bc37", "engine/kernels/dense/kernels.cu": "c612d4453cb131956cf4798ef0eb70f6fd736f9a2a2e5263983b274fda542d6e", "engine/kernels/dense/__init__.py": "b4abf110a7c0e3eef5d6e794c8e31840def4fcd1bd712e1f3d808802699953f9", "engine/kernels/glm_pointwise.py": "bd9713dd4f4fd2a40f62b53f2d92c651356b54f3bd07242714e772aa52c1df5b", "engine/kernels/moe_output.py": "006d1ab7244f37bfc5f1dfe3b734c0950fa8c02b51d6629994e65492a1068068", "engine/profiles/glm53/lanes.py": "7ea25377cbe590638cfbf7fc27bbf16cb358366f6b5dc066175eaabde10a0b39", "engine/kernels/b12x/moe_dispatch.py": "a96b29aa955e642ffec0b457aa409140374bde3fe983254cd3674fdd13640627", "engine/kernels/b12x/moe_static_kernel_v4.py": "b7e7ea981a5b8761f5b1fd96cedf4735d24dff9b25c19b2c18627a8d19d82ea7", "engine/kernels/b12x/moe_static_kernel_v5.py": "4c3e8f66fb678d14fe2d97dd352c6e7ddb7b95b2b5ce710ebdb26398a232226e", "probes/engine_moe_shared_overlap.py": "fcc479169755c044514b0bd284a389a85785990cb3fd08ced58760a58b3a633f", "probes/engine_decode_fusions.py": "aa3a16802b88d684036dc424d250553943888a6d650a774fb4db004e535b81b0", "probes/engine_kernel_check.py": "0530aa7ae8aea27ce278243b8d7d6ebdbbb822f3a98c6d55501f4c0f15e53a2d"}, "torch": "2.13.0+cu132", "cuda": "13.2", "gpu": "NVIDIA GB10", "seed": 91515, "moe_static": "t,r,sf6,batch,q0", "decode_configs": {"8": {"tile_m": 32, "fc1": 2, "fc2": 2, "a_rows": 32, "stamps": false, "wide": true, "skip_sf": false, "skip_a": false, "v4": true, "a_ring": false, "tiled": true, "sf_pack": false, "decode_reform": true, "reform_sf_pack": true, "batch_reform": true, "sf6_separate": true, "sf6_word_expand": true, "sf6_fc2_word_expand": true, "packed_activation_store": true, "fc1_reuse_a": true, "compact_staging": true, "c2_direct_scatter": false, "c2_scatter_reuse": false, "c2_fc2_prefetch": false, "sf6_registers": true, "sync_cleanup": true}, "16": {"tile_m": 32, "fc1": 2, "fc2": 2, "a_rows": 32, "stamps": false, "wide": true, "skip_sf": false, "skip_a": false, "v4": true, "a_ring": false, "tiled": true, "sf_pack": false, "decode_reform": true, "reform_sf_pack": true, "batch_reform": true, "sf6_separate": true, "sf6_word_expand": true, "sf6_fc2_word_expand": true, "packed_activation_store": true, "fc1_reuse_a": true, "compact_staging": true, "c2_direct_scatter": true, "c2_scatter_reuse": true, "c2_fc2_prefetch": true, "sf6_registers": true, "sync_cleanup": true}}, "shapes": {"L3.moe.gate": [288, 4096], "L3.moe.bias": [288], "L3.moe.sh_gate_up": [1024, 4096], "L3.moe.sh_down": [4096, 512], "L3.moe.w13": [288, 1024, 2048], "L3.moe.w13_sf": [288, 262144], "L3.moe.w2": [288, 4096, 256], "L3.moe.w2_sf": [288, 131072]}, "arms": {"B": "served serial shared finalizer (c2_overlap=False)", "A": "SharedOverlap (default)", "F": "diagnostic: fused shared MLP after the routed kernel, same stream"}, "scope": "same-runtime component gate beside production; no NIC, full model, tok/s or acceptance"}
{"lane": "streams", "capture": 1679035056, "overlap": 1679035120, "current": 0, "distinct": true}
{"lane": "shared_audit_scale", "rows": 8, "scale": 0.0, "draws": 128, "output_mismatched": 0, "output_value_mismatched": 0, "activation_mismatched": 0, "activation_value_mismatched": 0}
{"lane": "shared_audit_scale", "rows": 8, "scale": 0.001, "draws": 128, "output_mismatched": 0, "output_value_mismatched": 0, "activation_mismatched": 0, "activation_value_mismatched": 0}
{"lane": "shared_audit_scale", "rows": 8, "scale": 0.02, "draws": 128, "output_mismatched": 0, "output_value_mismatched": 0, "activation_mismatched": 0, "activation_value_mismatched": 0}
{"lane": "shared_audit_scale", "rows": 8, "scale": 0.1, "draws": 128, "output_mismatched": 0, "output_value_mismatched": 0, "activation_mismatched": 0, "activation_value_mismatched": 0}
{"lane": "shared_audit_scale", "rows": 8, "scale": 0.5, "draws": 128, "output_mismatched": 0, "output_value_mismatched": 0, "activation_mismatched": 0, "activation_value_mismatched": 0}
{"lane": "shared_audit_scale", "rows": 8, "scale": 1.0, "draws": 128, "output_mismatched": 0, "output_value_mismatched": 0, "activation_mismatched": 0, "activation_value_mismatched": 0}
{"lane": "shared_audit_scale", "rows": 8, "scale": 2.0, "draws": 128, "output_mismatched": 0, "output_value_mismatched": 0, "activation_mismatched": 0, "activation_value_mismatched": 0}
{"lane": "shared_audit_scale", "rows": 8, "scale": 4.0, "draws": 128, "output_mismatched": 0, "output_value_mismatched": 0, "activation_mismatched": 0, "activation_value_mismatched": 0}
{"lane": "shared_audit_scale", "rows": 8, "scale": 16.0, "draws": 128, "output_mismatched": 0, "output_value_mismatched": 0, "activation_mismatched": 0, "activation_value_mismatched": 0}
{"lane": "shared_audit_scale", "rows": 8, "scale": 64.0, "draws": 128, "output_mismatched": 0, "output_value_mismatched": 0, "activation_mismatched": 0, "activation_value_mismatched": 0}
{"lane": "shared_audit_scale", "rows": 8, "scale": 256.0, "draws": 128, "output_mismatched": 0, "output_value_mismatched": 0, "activation_mismatched": 0, "activation_value_mismatched": 0}
{"lane": "shared_audit", "rows": 8, "exact": true, "captured_replays": 88, "captured_mismatched": 0, "captured_value_mismatched": 0, "first_draw_relative_max": 0.0, "distinct_bf16": {"gate": 8487, "up": 8422}, "draws": 1408, "output_elements": 46137344, "output_mismatched": 0, "output_value_mismatched": 0, "activation_elements": 2883584, "activation_mismatched": 0, "activation_value_mismatched": 0}
{"lane": "shared_audit_scale", "rows": 16, "scale": 0.0, "draws": 128, "output_mismatched": 0, "output_value_mismatched": 0, "activation_mismatched": 0, "activation_value_mismatched": 0}
{"lane": "shared_audit_scale", "rows": 16, "scale": 0.001, "draws": 128, "output_mismatched": 0, "output_value_mismatched": 0, "activation_mismatched": 0, "activation_value_mismatched": 0}
{"lane": "shared_audit_scale", "rows": 16, "scale": 0.02, "draws": 128, "output_mismatched": 0, "output_value_mismatched": 0, "activation_mismatched": 0, "activation_value_mismatched": 0}
{"lane": "shared_audit_scale", "rows": 16, "scale": 0.1, "draws": 128, "output_mismatched": 0, "output_value_mismatched": 0, "activation_mismatched": 0, "activation_value_mismatched": 0}
{"lane": "shared_audit_scale", "rows": 16, "scale": 0.5, "draws": 128, "output_mismatched": 0, "output_value_mismatched": 0, "activation_mismatched": 0, "activation_value_mismatched": 0}
{"lane": "shared_audit_scale", "rows": 16, "scale": 1.0, "draws": 128, "output_mismatched": 0, "output_value_mismatched": 0, "activation_mismatched": 0, "activation_value_mismatched": 0}
{"lane": "shared_audit_scale", "rows": 16, "scale": 2.0, "draws": 128, "output_mismatched": 0, "output_value_mismatched": 0, "activation_mismatched": 0, "activation_value_mismatched": 0}
{"lane": "shared_audit_scale", "rows": 16, "scale": 4.0, "draws": 128, "output_mismatched": 0, "output_value_mismatched": 0, "activation_mismatched": 0, "activation_value_mismatched": 0}
{"lane": "shared_audit_scale", "rows": 16, "scale": 16.0, "draws": 128, "output_mismatched": 0, "output_value_mismatched": 0, "activation_mismatched": 0, "activation_value_mismatched": 0}
{"lane": "shared_audit_scale", "rows": 16, "scale": 64.0, "draws": 128, "output_mismatched": 0, "output_value_mismatched": 0, "activation_mismatched": 0, "activation_value_mismatched": 0}
{"lane": "shared_audit_scale", "rows": 16, "scale": 256.0, "draws": 128, "output_mismatched": 0, "output_value_mismatched": 0, "activation_mismatched": 0, "activation_value_mismatched": 0}
{"lane": "shared_audit", "rows": 16, "exact": true, "captured_replays": 88, "captured_mismatched": 0, "captured_value_mismatched": 0, "first_draw_relative_max": 0.0, "distinct_bf16": {"gate": 8766, "up": 8746}, "draws": 1408, "output_elements": 92274688, "output_mismatched": 0, "output_value_mismatched": 0, "activation_elements": 5767168, "activation_mismatched": 0, "activation_value_mismatched": 0}
[b12x static v2] lane serving: static2_m8_k4096_n512_t8_r64_tm32f2g2a32wutr16n128k256d256sf6v1fc1sepwordfc2worda2u64a1reusecompactsfregssync (mac=48, m=8, routed=64, smem=0 B)
{"lane": "consumer_dispatch", "rows": 8, "dispatch": {"B": {"overlap": 2, "serial_linears": 0}, "A": {"overlap": 2, "serial_linears": 0}, "S": {"overlap": 0, "serial_linears": 4}}, "expected": {"B": {"overlap": 2, "serial_linears": 0}, "A": {"overlap": 2, "serial_linears": 0}, "S": {"overlap": 0, "serial_linears": 4}}}
{"lane": "consumer_cell", "rows": 8, "cell": "unique", "unique_experts": 1, "draw": 0, "A_mismatched": 0, "A_value_mismatched": 0, "A_relative_max": 0.0, "S_mismatched": 0, "S_value_mismatched": 0, "S_relative_max": 0.0}
{"lane": "consumer_cell", "rows": 8, "cell": "unique_repeat", "unique_experts": 1, "draw": 0, "A_mismatched": 0, "A_value_mismatched": 0, "A_relative_max": 0.0, "S_mismatched": 0, "S_value_mismatched": 0, "S_relative_max": 0.0, "repeat_mismatched": {"B": 0, "A": 0, "S": 0}}
{"lane": "consumer_cell", "rows": 8, "cell": "unique", "unique_experts": 1, "draw": 1, "A_mismatched": 0, "A_value_mismatched": 0, "A_relative_max": 0.0, "S_mismatched": 0, "S_value_mismatched": 0, "S_relative_max": 0.0}
{"lane": "consumer_cell", "rows": 8, "cell": "unique_repeat", "unique_experts": 1, "draw": 1, "A_mismatched": 0, "A_value_mismatched": 0, "A_relative_max": 0.0, "S_mismatched": 0, "S_value_mismatched": 0, "S_relative_max": 0.0, "repeat_mismatched": {"B": 0, "A": 0, "S": 0}}
{"lane": "consumer_cell", "rows": 8, "cell": "unique", "unique_experts": 1, "draw": 2, "A_mismatched": 0, "A_value_mismatched": 0, "A_relative_max": 0.0, "S_mismatched": 0, "S_value_mismatched": 0, "S_relative_max": 0.0}
{"lane": "consumer_cell", "rows": 8, "cell": "unique_repeat", "unique_experts": 1, "draw": 2, "A_mismatched": 0, "A_value_mismatched": 0, "A_relative_max": 0.0, "S_mismatched": 0, "S_value_mismatched": 0, "S_relative_max": 0.0, "repeat_mismatched": {"B": 0, "A": 0, "S": 0}}
{"lane": "consumer_cell", "rows": 8, "cell": "unique", "unique_experts": 1, "draw": 3, "A_mismatched": 0, "A_value_mismatched": 0, "A_relative_max": 0.0, "S_mismatched": 0, "S_value_mismatched": 0, "S_relative_max": 0.0}
{"lane": "consumer_cell", "rows": 8, "cell": "unique_repeat", "unique_experts": 1, "draw": 3, "A_mismatched": 0, "A_value_mismatched": 0, "A_relative_max": 0.0, "S_mismatched": 0, "S_value_mismatched": 0, "S_relative_max": 0.0, "repeat_mismatched": {"B": 0, "A": 0, "S": 0}}
{"lane": "consumer_cell", "rows": 8, "cell": "unique", "unique_experts": 2, "draw": 0, "A_mismatched": 0, "A_value_mismatched": 0, "A_relative_max": 0.0, "S_mismatched": 0, "S_value_mismatched": 0, "S_relative_max": 0.0}
{"lane": "consumer_cell", "rows": 8, "cell": "unique_repeat", "unique_experts": 2, "draw": 0, "A_mismatched": 0, "A_value_mismatched": 0, "A_relative_max": 0.0, "S_mismatched": 0, "S_value_mismatched": 0, "S_relative_max": 0.0, "repeat_mismatched": {"B": 0, "A": 0, "S": 0}}
{"lane": "consumer_cell", "rows": 8, "cell": "unique", "unique_experts": 2, "draw": 1, "A_mismatched": 0, "A_value_mismatched": 0, "A_relative_max": 0.0, "S_mismatched": 0, "S_value_mismatched": 0, "S_relative_max": 0.0}
{"lane": "consumer_cell", "rows": 8, "cell": "unique_repeat", "unique_experts": 2, "draw": 1, "A_mismatched": 0, "A_value_mismatched": 0, "A_relative_max": 0.0, "S_mismatched": 0, "S_value_mismatched": 0, "S_relative_max": 0.0, "repeat_mismatched": {"B": 0, "A": 0, "S": 0}}
{"lane": "consumer_cell", "rows": 8, "cell": "unique", "unique_experts": 2, "draw": 2, "A_mismatched": 0, "A_value_mismatched": 0, "A_relative_max": 0.0, "S_mismatched": 0, "S_value_mismatched": 0, "S_relative_max": 0.0}
{"lane": "consumer_cell", "rows": 8, "cell": "unique_repeat", "unique_experts": 2, "draw": 2, "A_mismatched": 0, "A_value_mismatched": 0, "A_relative_max": 0.0, "S_mismatched": 0, "S_value_mismatched": 0, "S_relative_max": 0.0, "repeat_mismatched": {"B": 0, "A": 0, "S": 0}}
{"lane": "consumer_cell", "rows": 8, "cell": "unique", "unique_experts": 2, "draw": 3, "A_mismatched": 0, "A_value_mismatched": 0, "A_relative_max": 0.0, "S_mismatched": 0, "S_value_mismatched": 0, "S_relative_max": 0.0}
{"lane": "consumer_cell", "rows": 8, "cell": "unique_repeat", "unique_experts": 2, "draw": 3, "A_mismatched": 0, "A_value_mismatched": 0, "A_relative_max": 0.0, "S_mismatched": 0, "S_value_mismatched": 0, "S_relative_max": 0.0, "repeat_mismatched": {"B": 0, "A": 0, "S": 0}}
{"lane": "consumer_cell", "rows": 8, "cell": "unique", "unique_experts": 8, "draw": 0, "A_mismatched": 0, "A_value_mismatched": 0, "A_relative_max": 0.0, "S_mismatched": 0, "S_value_mismatched": 0, "S_relative_max": 0.0}
{"lane": "consumer_cell", "rows": 8, "cell": "unique_repeat", "unique_experts": 8, "draw": 0, "A_mismatched": 0, "A_value_mismatched": 0, "A_relative_max": 0.0, "S_mismatched": 0, "S_value_mismatched": 0, "S_relative_max": 0.0, "repeat_mismatched": {"B": 0, "A": 0, "S": 0}}
{"lane": "consumer_cell", "rows": 8, "cell": "unique", "unique_experts": 8, "draw": 1, "A_mismatched": 0, "A_value_mismatched": 0, "A_relative_max": 0.0, "S_mismatched": 0, "S_value_mismatched": 0, "S_relative_max": 0.0}
{"lane": "consumer_cell", "rows": 8, "cell": "unique_repeat", "unique_experts": 8, "draw": 1, "A_mismatched": 0, "A_value_mismatched": 0, "A_relative_max": 0.0, "S_mismatched": 0, "S_value_mismatched": 0, "S_relative_max": 0.0, "repeat_mismatched": {"B": 0, "A": 0, "S": 0}}
{"lane": "consumer_cell", "rows": 8, "cell": "unique", "unique_experts": 8, "draw": 2, "A_mismatched": 0, "A_value_mismatched": 0, "A_relative_max": 0.0, "S_mismatched": 0, "S_value_mismatched": 0, "S_relative_max": 0.0}
{"lane": "consumer_cell", "rows": 8, "cell": "unique_repeat", "unique_experts": 8, "draw": 2, "A_mismatched": 0, "A_value_mismatched": 0, "A_relative_max": 0.0, "S_mismatched": 0, "S_value_mismatched": 0, "S_relative_max": 0.0, "repeat_mismatched": {"B": 0, "A": 0, "S": 0}}
{"lane": "consumer_cell", "rows": 8, "cell": "unique", "unique_experts": 8, "draw": 3, "A_mismatched": 0, "A_value_mismatched": 0, "A_relative_max": 0.0, "S_mismatched": 0, "S_value_mismatched": 0, "S_relative_max": 0.0}
{"lane": "consumer_cell", "rows": 8, "cell": "unique_repeat", "unique_experts": 8, "draw": 3, "A_mismatched": 0, "A_value_mismatched": 0, "A_relative_max": 0.0, "S_mismatched": 0, "S_value_mismatched": 0, "S_relative_max": 0.0, "repeat_mismatched": {"B": 0, "A": 0, "S": 0}}
{"lane": "consumer_cell", "rows": 8, "cell": "unique", "unique_experts": 16, "draw": 0, "A_mismatched": 0, "A_value_mismatched": 0, "A_relative_max": 0.0, "S_mismatched": 0, "S_value_mismatched": 0, "S_relative_max": 0.0}
{"lane": "consumer_cell", "rows": 8, "cell": "unique_repeat", "unique_experts": 16, "draw": 0, "A_mismatched": 0, "A_value_mismatched": 0, "A_relative_max": 0.0, "S_mismatched": 0, "S_value_mismatched": 0, "S_relative_max": 0.0, "repeat_mismatched": {"B": 0, "A": 0, "S": 0}}
{"lane": "consumer_cell", "rows": 8, "cell": "unique", "unique_experts": 16, "draw": 1, "A_mismatched": 0, "A_value_mismatched": 0, "A_relative_max": 0.0, "S_mismatched": 0, "S_value_mismatched": 0, "S_relative_max": 0.0}
{"lane": "consumer_cell", "rows": 8, "cell": "unique_repeat", "unique_experts": 16, "draw": 1, "A_mismatched": 0, "A_value_mismatched": 0, "A_relative_max": 0.0, "S_mismatched": 0, "S_value_mismatched": 0, "S_relative_max": 0.0, "repeat_mismatched": {"B": 0, "A": 0, "S": 0}}
{"lane": "consumer_cell", "rows": 8, "cell": "unique", "unique_experts": 16, "draw": 2, "A_mismatched": 0, "A_value_mismatched": 0, "A_relative_max": 0.0, "S_mismatched": 0, "S_value_mismatched": 0, "S_relative_max": 0.0}
{"lane": "consumer_cell", "rows": 8, "cell": "unique_repeat", "unique_experts": 16, "draw": 2, "A_mismatched": 0, "A_value_mismatched": 0, "A_relative_max": 0.0, "S_mismatched": 0, "S_value_mismatched": 0, "S_relative_max": 0.0, "repeat_mismatched": {"B": 0, "A": 0, "S": 0}}
{"lane": "consumer_cell", "rows": 8, "cell": "unique", "unique_experts": 16, "draw": 3, "A_mismatched": 0, "A_value_mismatched": 0, "A_relative_max": 0.0, "S_mismatched": 0, "S_value_mismatched": 0, "S_relative_max": 0.0}
{"lane": "consumer_cell", "rows": 8, "cell": "unique_repeat", "unique_experts": 16, "draw": 3, "A_mismatched": 0, "A_value_mismatched": 0, "A_relative_max": 0.0, "S_mismatched": 0, "S_value_mismatched": 0, "S_relative_max": 0.0, "repeat_mismatched": {"B": 0, "A": 0, "S": 0}}
{"lane": "consumer_cell", "rows": 8, "cell": "unique", "unique_experts": 20, "draw": 0, "A_mismatched": 0, "A_value_mismatched": 0, "A_relative_max": 0.0, "S_mismatched": 0, "S_value_mismatched": 0, "S_relative_max": 0.0}
{"lane": "consumer_cell", "rows": 8, "cell": "unique_repeat", "unique_experts": 20, "draw": 0, "A_mismatched": 0, "A_value_mismatched": 0, "A_relative_max": 0.0, "S_mismatched": 0, "S_value_mismatched": 0, "S_relative_max": 0.0, "repeat_mismatched": {"B": 0, "A": 0, "S": 0}}
{"lane": "consumer_cell", "rows": 8, "cell": "unique", "unique_experts": 20, "draw": 1, "A_mismatched": 0, "A_value_mismatched": 0, "A_relative_max": 0.0, "S_mismatched": 0, "S_value_mismatched": 0, "S_relative_max": 0.0}
{"lane": "consumer_cell", "rows": 8, "cell": "unique_repeat", "unique_experts": 20, "draw": 1, "A_mismatched": 0, "A_value_mismatched": 0, "A_relative_max": 0.0, "S_mismatched": 0, "S_value_mismatched": 0, "S_relative_max": 0.0, "repeat_mismatched": {"B": 0, "A": 0, "S": 0}}
{"lane": "consumer_cell", "rows": 8, "cell": "unique", "unique_experts": 20, "draw": 2, "A_mismatched": 0, "A_value_mismatched": 0, "A_relative_max": 0.0, "S_mismatched": 0, "S_value_mismatched": 0, "S_relative_max": 0.0}
{"lane": "consumer_cell", "rows": 8, "cell": "unique_repeat", "unique_experts": 20, "draw": 2, "A_mismatched": 0, "A_value_mismatched": 0, "A_relative_max": 0.0, "S_mismatched": 0, "S_value_mismatched": 0, "S_relative_max": 0.0, "repeat_mismatched": {"B": 0, "A": 0, "S": 0}}
{"lane": "consumer_cell", "rows": 8, "cell": "unique", "unique_experts": 20, "draw": 3, "A_mismatched": 0, "A_value_mismatched": 0, "A_relative_max": 0.0, "S_mismatched": 0, "S_value_mismatched": 0, "S_relative_max": 0.0}
{"lane": "consumer_cell", "rows": 8, "cell": "unique_repeat", "unique_experts": 20, "draw": 3, "A_mismatched": 0, "A_value_mismatched": 0, "A_relative_max": 0.0, "S_mismatched": 0, "S_value_mismatched": 0, "S_relative_max": 0.0, "repeat_mismatched": {"B": 0, "A": 0, "S": 0}}
{"lane": "consumer_cell", "rows": 8, "cell": "unique", "unique_experts": 32, "draw": 0, "A_mismatched": 0, "A_value_mismatched": 0, "A_relative_max": 0.0, "S_mismatched": 0, "S_value_mismatched": 0, "S_relative_max": 0.0}
{"lane": "consumer_cell", "rows": 8, "cell": "unique_repeat", "unique_experts": 32, "draw": 0, "A_mismatched": 0, "A_value_mismatched": 0, "A_relative_max": 0.0, "S_mismatched": 0, "S_value_mismatched": 0, "S_relative_max": 0.0, "repeat_mismatched": {"B": 0, "A": 0, "S": 0}}
{"lane": "consumer_cell", "rows": 8, "cell": "unique", "unique_experts": 32, "draw": 1, "A_mismatched": 0, "A_value_mismatched": 0, "A_relative_max": 0.0, "S_mismatched": 0, "S_value_mismatched": 0, "S_relative_max": 0.0}
{"lane": "consumer_cell", "rows": 8, "cell": "unique_repeat", "unique_experts": 32, "draw": 1, "A_mismatched": 0, "A_value_mismatched": 0, "A_relative_max": 0.0, "S_mismatched": 0, "S_value_mismatched": 0, "S_relative_max": 0.0, "repeat_mismatched": {"B": 0, "A": 0, "S": 0}}
{"lane": "consumer_cell", "rows": 8, "cell": "unique", "unique_experts": 32, "draw": 2, "A_mismatched": 0, "A_value_mismatched": 0, "A_relative_max": 0.0, "S_mismatched": 0, "S_value_mismatched": 0, "S_relative_max": 0.0}
{"lane": "consumer_cell", "rows": 8, "cell": "unique_repeat", "unique_experts": 32, "draw": 2, "A_mismatched": 0, "A_value_mismatched": 0, "A_relative_max": 0.0, "S_mismatched": 0, "S_value_mismatched": 0, "S_relative_max": 0.0, "repeat_mismatched": {"B": 0, "A": 0, "S": 0}}
{"lane": "consumer_cell", "rows": 8, "cell": "unique", "unique_experts": 32, "draw": 3, "A_mismatched": 0, "A_value_mismatched": 0, "A_relative_max": 0.0, "S_mismatched": 0, "S_value_mismatched": 0, "S_relative_max": 0.0}
{"lane": "consumer_cell", "rows": 8, "cell": "unique_repeat", "unique_experts": 32, "draw": 3, "A_mismatched": 0, "A_value_mismatched": 0, "A_relative_max": 0.0, "S_mismatched": 0, "S_value_mismatched": 0, "S_relative_max": 0.0, "repeat_mismatched": {"B": 0, "A": 0, "S": 0}}
{"lane": "consumer_cell", "rows": 8, "cell": "unique", "unique_experts": 56, "draw": 0, "A_mismatched": 0, "A_value_mismatched": 0, "A_relative_max": 0.0, "S_mismatched": 0, "S_value_mismatched": 0, "S_relative_max": 0.0}
{"lane": "consumer_cell", "rows": 8, "cell": "unique_repeat", "unique_experts": 56, "draw": 0, "A_mismatched": 0, "A_value_mismatched": 0, "A_relative_max": 0.0, "S_mismatched": 0, "S_value_mismatched": 0, "S_relative_max": 0.0, "repeat_mismatched": {"B": 0, "A": 0, "S": 0}}
{"lane": "consumer_cell", "rows": 8, "cell": "unique", "unique_experts": 56, "draw": 1, "A_mismatched": 0, "A_value_mismatched": 0, "A_relative_max": 0.0, "S_mismatched": 0, "S_value_mismatched": 0, "S_relative_max": 0.0}
{"lane": "consumer_cell", "rows": 8, "cell": "unique_repeat", "unique_experts": 56, "draw": 1, "A_mismatched": 0, "A_value_mismatched": 0, "A_relative_max": 0.0, "S_mismatched": 0, "S_value_mismatched": 0, "S_relative_max": 0.0, "repeat_mismatched": {"B": 0, "A": 0, "S": 0}}
{"lane": "consumer_cell", "rows": 8, "cell": "unique", "unique_experts": 56, "draw": 2, "A_mismatched": 0, "A_value_mismatched": 0, "A_relative_max": 0.0, "S_mismatched": 0, "S_value_mismatched": 0, "S_relative_max": 0.0}
{"lane": "consumer_cell", "rows": 8, "cell": "unique_repeat", "unique_experts": 56, "draw": 2, "A_mismatched": 0, "A_value_mismatched": 0, "A_relative_max": 0.0, "S_mismatched": 0, "S_value_mismatched": 0, "S_relative_max": 0.0, "repeat_mismatched": {"B": 0, "A": 0, "S": 0}}
{"lane": "consumer_cell", "rows": 8, "cell": "unique", "unique_experts": 56, "draw": 3, "A_mismatched": 0, "A_value_mismatched": 0, "A_relative_max": 0.0, "S_mismatched": 0, "S_value_mismatched": 0, "S_relative_max": 0.0}
{"lane": "consumer_cell", "rows": 8, "cell": "unique_repeat", "unique_experts": 56, "draw": 3, "A_mismatched": 0, "A_value_mismatched": 0, "A_relative_max": 0.0, "S_mismatched": 0, "S_value_mismatched": 0, "S_relative_max": 0.0, "repeat_mismatched": {"B": 0, "A": 0, "S": 0}}
{"lane": "consumer_cell", "rows": 8, "cell": "router_scale", "scale": 0.001, "unique_experts": 58, "A_mismatched": 0, "A_value_mismatched": 0, "A_relative_max": 0.0, "S_mismatched": 0, "S_value_mismatched": 0, "S_relative_max": 0.0}
{"lane": "consumer_cell", "rows": 8, "cell": "router_scale", "scale": 0.05, "unique_experts": 59, "A_mismatched": 0, "A_value_mismatched": 0, "A_relative_max": 0.0, "S_mismatched": 0, "S_value_mismatched": 0, "S_relative_max": 0.0}
{"lane": "consumer_cell", "rows": 8, "cell": "router_scale", "scale": 1.0, "unique_experts": 55, "A_mismatched": 0, "A_value_mismatched": 0, "A_relative_max": 0.0, "S_mismatched": 0, "S_value_mismatched": 0, "S_relative_max": 0.0}
{"lane": "consumer_cell", "rows": 8, "cell": "router_scale", "scale": 4.0, "unique_experts": 58, "A_mismatched": 0, "A_value_mismatched": 0, "A_relative_max": 0.0, "S_mismatched": 0, "S_value_mismatched": 0, "S_relative_max": 0.0}
{"lane": "consumer_cell", "rows": 8, "cell": "router_scale", "scale": 16.0, "unique_experts": 31, "A_mismatched": 0, "A_value_mismatched": 0, "A_relative_max": 0.0, "S_mismatched": 0, "S_value_mismatched": 0, "S_relative_max": 0.0}
{"lane": "consumer_cell", "rows": 8, "cell": "zero_routed_weights", "A_mismatched": 0, "A_value_mismatched": 0, "A_relative_max": 0.0, "S_mismatched": 0, "S_value_mismatched": 0, "S_relative_max": 0.0}
{"lane": "consumer_cell", "rows": 8, "cell": "real_router", "request_groups": 0, "draw": 0, "unique_experts": 53, "A_mismatched": 0, "A_value_mismatched": 0, "A_relative_max": 0.0, "S_mismatched": 0, "S_value_mismatched": 0, "S_relative_max": 0.0}
{"lane": "consumer_cell", "rows": 8, "cell": "real_router", "request_groups": 0, "draw": 1, "unique_experts": 59, "A_mismatched": 0, "A_value_mismatched": 0, "A_relative_max": 0.0, "S_mismatched": 0, "S_value_mismatched": 0, "S_relative_max": 0.0}
{"lane": "consumer_cell", "rows": 8, "cell": "real_router", "request_groups": 0, "draw": 2, "unique_experts": 62, "A_mismatched": 0, "A_value_mismatched": 0, "A_relative_max": 0.0, "S_mismatched": 0, "S_value_mismatched": 0, "S_relative_max": 0.0}
{"lane": "consumer_cell", "rows": 8, "cell": "real_router", "request_groups": 0, "draw": 3, "unique_experts": 59, "A_mismatched": 0, "A_value_mismatched": 0, "A_relative_max": 0.0, "S_mismatched": 0, "S_value_mismatched": 0, "S_relative_max": 0.0}
{"lane": "consumer_cell", "rows": 8, "cell": "real_router", "request_groups": 0, "draw": 4, "unique_experts": 55, "A_mismatched": 0, "A_value_mismatched": 0, "A_relative_max": 0.0, "S_mismatched": 0, "S_value_mismatched": 0, "S_relative_max": 0.0}
{"lane": "consumer_cell", "rows": 8, "cell": "real_router", "request_groups": 0, "draw": 5, "unique_experts": 61, "A_mismatched": 0, "A_value_mismatched": 0, "A_relative_max": 0.0, "S_mismatched": 0, "S_value_mismatched": 0, "S_relative_max": 0.0}
{"lane": "consumer_cell", "rows": 8, "cell": "real_router", "request_groups": 1, "draw": 0, "unique_experts": 8, "A_mismatched": 0, "A_value_mismatched": 0, "A_relative_max": 0.0, "S_mismatched": 0, "S_value_mismatched": 0, "S_relative_max": 0.0}
{"lane": "consumer_cell", "rows": 8, "cell": "real_router", "request_groups": 1, "draw": 1, "unique_experts": 11, "A_mismatched": 0, "A_value_mismatched": 0, "A_relative_max": 0.0, "S_mismatched": 0, "S_value_mismatched": 0, "S_relative_max": 0.0}
{"lane": "consumer_cell", "rows": 8, "cell": "real_router", "request_groups": 1, "draw": 2, "unique_experts": 11, "A_mismatched": 0, "A_value_mismatched": 0, "A_relative_max": 0.0, "S_mismatched": 0, "S_value_mismatched": 0, "S_relative_max": 0.0}
{"lane": "consumer_cell", "rows": 8, "cell": "real_router", "request_groups": 1, "draw": 3, "unique_experts": 8, "A_mismatched": 0, "A_value_mismatched": 0, "A_relative_max": 0.0, "S_mismatched": 0, "S_value_mismatched": 0, "S_relative_max": 0.0}
{"lane": "consumer_cell", "rows": 8, "cell": "real_router", "request_groups": 1, "draw": 4, "unique_experts": 10, "A_mismatched": 0, "A_value_mismatched": 0, "A_relative_max": 0.0, "S_mismatched": 0, "S_value_mismatched": 0, "S_relative_max": 0.0}
{"lane": "consumer_cell", "rows": 8, "cell": "real_router", "request_groups": 1, "draw": 5, "unique_experts": 9, "A_mismatched": 0, "A_value_mismatched": 0, "A_relative_max": 0.0, "S_mismatched": 0, "S_value_mismatched": 0, "S_relative_max": 0.0}
{"lane": "consumer_numerics", "rows": 8, "exact": true, "cells": 74, "mismatched_cells": 0, "mismatched_elements": 0, "value_mismatched_elements": 0, "relative_max": 0.0, "repeat_mismatched_cells": 0, "S_mismatched_cells": 0}
[b12x static v2] lane serving: static2_m16_k4096_n512_t8_r128_tm32f2g2a32wutr16n128k256d256sf6v1fc1sepwordfc2worda2u64a1reusecompactsfregsc2scatterreuseprefetch3sync (mac=48, m=16, routed=128, smem=0 B)
{"lane": "consumer_dispatch", "rows": 16, "dispatch": {"B": {"overlap": 0, "serial_linears": 4}, "A": {"overlap": 2, "serial_linears": 0}, "F": {"overlap": 0, "serial_linears": 0}}, "expected": {"B": {"overlap": 0, "serial_linears": 4}, "A": {"overlap": 2, "serial_linears": 0}, "F": {"overlap": 0, "serial_linears": 0}}}
{"lane": "consumer_cell", "rows": 16, "cell": "unique", "unique_experts": 1, "draw": 0, "A_mismatched": 0, "A_value_mismatched": 0, "A_relative_max": 0.0, "F_mismatched": 0, "F_value_mismatched": 0, "F_relative_max": 0.0}
{"lane": "consumer_cell", "rows": 16, "cell": "unique_repeat", "unique_experts": 1, "draw": 0, "A_mismatched": 0, "A_value_mismatched": 0, "A_relative_max": 0.0, "F_mismatched": 0, "F_value_mismatched": 0, "F_relative_max": 0.0, "repeat_mismatched": {"B": 0, "A": 0, "F": 0}}
{"lane": "consumer_cell", "rows": 16, "cell": "unique", "unique_experts": 1, "draw": 1, "A_mismatched": 0, "A_value_mismatched": 0, "A_relative_max": 0.0, "F_mismatched": 0, "F_value_mismatched": 0, "F_relative_max": 0.0}
{"lane": "consumer_cell", "rows": 16, "cell": "unique_repeat", "unique_experts": 1, "draw": 1, "A_mismatched": 0, "A_value_mismatched": 0, "A_relative_max": 0.0, "F_mismatched": 0, "F_value_mismatched": 0, "F_relative_max": 0.0, "repeat_mismatched": {"B": 0, "A": 0, "F": 0}}
{"lane": "consumer_cell", "rows": 16, "cell": "unique", "unique_experts": 1, "draw": 2, "A_mismatched": 0, "A_value_mismatched": 0, "A_relative_max": 0.0, "F_mismatched": 0, "F_value_mismatched": 0, "F_relative_max": 0.0}
{"lane": "consumer_cell", "rows": 16, "cell": "unique_repeat", "unique_experts": 1, "draw": 2, "A_mismatched": 0, "A_value_mismatched": 0, "A_relative_max": 0.0, "F_mismatched": 0, "F_value_mismatched": 0, "F_relative_max": 0.0, "repeat_mismatched": {"B": 0, "A": 0, "F": 0}}
{"lane": "consumer_cell", "rows": 16, "cell": "unique", "unique_experts": 1, "draw": 3, "A_mismatched": 0, "A_value_mismatched": 0, "A_relative_max": 0.0, "F_mismatched": 0, "F_value_mismatched": 0, "F_relative_max": 0.0}
{"lane": "consumer_cell", "rows": 16, "cell": "unique_repeat", "unique_experts": 1, "draw": 3, "A_mismatched": 0, "A_value_mismatched": 0, "A_relative_max": 0.0, "F_mismatched": 0, "F_value_mismatched": 0, "F_relative_max": 0.0, "repeat_mismatched": {"B": 0, "A": 0, "F": 0}}
{"lane": "consumer_cell", "rows": 16, "cell": "unique", "unique_experts": 2, "draw": 0, "A_mismatched": 0, "A_value_mismatched": 0, "A_relative_max": 0.0, "F_mismatched": 0, "F_value_mismatched": 0, "F_relative_max": 0.0}
{"lane": "consumer_cell", "rows": 16, "cell": "unique_repeat", "unique_experts": 2, "draw": 0, "A_mismatched": 0, "A_value_mismatched": 0, "A_relative_max": 0.0, "F_mismatched": 0, "F_value_mismatched": 0, "F_relative_max": 0.0, "repeat_mismatched": {"B": 0, "A": 0, "F": 0}}
{"lane": "consumer_cell", "rows": 16, "cell": "unique", "unique_experts": 2, "draw": 1, "A_mismatched": 0, "A_value_mismatched": 0, "A_relative_max": 0.0, "F_mismatched": 0, "F_value_mismatched": 0, "F_relative_max": 0.0}
{"lane": "consumer_cell", "rows": 16, "cell": "unique_repeat", "unique_experts": 2, "draw": 1, "A_mismatched": 0, "A_value_mismatched": 0, "A_relative_max": 0.0, "F_mismatched": 0, "F_value_mismatched": 0, "F_relative_max": 0.0, "repeat_mismatched": {"B": 0, "A": 0, "F": 0}}
{"lane": "consumer_cell", "rows": 16, "cell": "unique", "unique_experts": 2, "draw": 2, "A_mismatched": 0, "A_value_mismatched": 0, "A_relative_max": 0.0, "F_mismatched": 0, "F_value_mismatched": 0, "F_relative_max": 0.0}
{"lane": "consumer_cell", "rows": 16, "cell": "unique_repeat", "unique_experts": 2, "draw": 2, "A_mismatched": 0, "A_value_mismatched": 0, "A_relative_max": 0.0, "F_mismatched": 0, "F_value_mismatched": 0, "F_relative_max": 0.0, "repeat_mismatched": {"B": 0, "A": 0, "F": 0}}
{"lane": "consumer_cell", "rows": 16, "cell": "unique", "unique_experts": 2, "draw": 3, "A_mismatched": 0, "A_value_mismatched": 0, "A_relative_max": 0.0, "F_mismatched": 0, "F_value_mismatched": 0, "F_relative_max": 0.0}
{"lane": "consumer_cell", "rows": 16, "cell": "unique_repeat", "unique_experts": 2, "draw": 3, "A_mismatched": 0, "A_value_mismatched": 0, "A_relative_max": 0.0, "F_mismatched": 0, "F_value_mismatched": 0, "F_relative_max": 0.0, "repeat_mismatched": {"B": 0, "A": 0, "F": 0}}
{"lane": "consumer_cell", "rows": 16, "cell": "unique", "unique_experts": 8, "draw": 0, "A_mismatched": 0, "A_value_mismatched": 0, "A_relative_max": 0.0, "F_mismatched": 0, "F_value_mismatched": 0, "F_relative_max": 0.0}
{"lane": "consumer_cell", "rows": 16, "cell": "unique_repeat", "unique_experts": 8, "draw": 0, "A_mismatched": 0, "A_value_mismatched": 0, "A_relative_max": 0.0, "F_mismatched": 0, "F_value_mismatched": 0, "F_relative_max": 0.0, "repeat_mismatched": {"B": 0, "A": 0, "F": 0}}
{"lane": "consumer_cell", "rows": 16, "cell": "unique", "unique_experts": 8, "draw": 1, "A_mismatched": 0, "A_value_mismatched": 0, "A_relative_max": 0.0, "F_mismatched": 0, "F_value_mismatched": 0, "F_relative_max": 0.0}
{"lane": "consumer_cell", "rows": 16, "cell": "unique_repeat", "unique_experts": 8, "draw": 1, "A_mismatched": 0, "A_value_mismatched": 0, "A_relative_max": 0.0, "F_mismatched": 0, "F_value_mismatched": 0, "F_relative_max": 0.0, "repeat_mismatched": {"B": 0, "A": 0, "F": 0}}
{"lane": "consumer_cell", "rows": 16, "cell": "unique", "unique_experts": 8, "draw": 2, "A_mismatched": 0, "A_value_mismatched": 0, "A_relative_max": 0.0, "F_mismatched": 0, "F_value_mismatched": 0, "F_relative_max": 0.0}
{"lane": "consumer_cell", "rows": 16, "cell": "unique_repeat", "unique_experts": 8, "draw": 2, "A_mismatched": 0, "A_value_mismatched": 0, "A_relative_max": 0.0, "F_mismatched": 0, "F_value_mismatched": 0, "F_relative_max": 0.0, "repeat_mismatched": {"B": 0, "A": 0, "F": 0}}
{"lane": "consumer_cell", "rows": 16, "cell": "unique", "unique_experts": 8, "draw": 3, "A_mismatched": 0, "A_value_mismatched": 0, "A_relative_max": 0.0, "F_mismatched": 0, "F_value_mismatched": 0, "F_relative_max": 0.0}
{"lane": "consumer_cell", "rows": 16, "cell": "unique_repeat", "unique_experts": 8, "draw": 3, "A_mismatched": 0, "A_value_mismatched": 0, "A_relative_max": 0.0, "F_mismatched": 0, "F_value_mismatched": 0, "F_relative_max": 0.0, "repeat_mismatched": {"B": 0, "A": 0, "F": 0}}
{"lane": "consumer_cell", "rows": 16, "cell": "unique", "unique_experts": 16, "draw": 0, "A_mismatched": 0, "A_value_mismatched": 0, "A_relative_max": 0.0, "F_mismatched": 0, "F_value_mismatched": 0, "F_relative_max": 0.0}
{"lane": "consumer_cell", "rows": 16, "cell": "unique_repeat", "unique_experts": 16, "draw": 0, "A_mismatched": 0, "A_value_mismatched": 0, "A_relative_max": 0.0, "F_mismatched": 0, "F_value_mismatched": 0, "F_relative_max": 0.0, "repeat_mismatched": {"B": 0, "A": 0, "F": 0}}
{"lane": "consumer_cell", "rows": 16, "cell": "unique", "unique_experts": 16, "draw": 1, "A_mismatched": 0, "A_value_mismatched": 0, "A_relative_max": 0.0, "F_mismatched": 0, "F_value_mismatched": 0, "F_relative_max": 0.0}
{"lane": "consumer_cell", "rows": 16, "cell": "unique_repeat", "unique_experts": 16, "draw": 1, "A_mismatched": 0, "A_value_mismatched": 0, "A_relative_max": 0.0, "F_mismatched": 0, "F_value_mismatched": 0, "F_relative_max": 0.0, "repeat_mismatched": {"B": 0, "A": 0, "F": 0}}
{"lane": "consumer_cell", "rows": 16, "cell": "unique", "unique_experts": 16, "draw": 2, "A_mismatched": 0, "A_value_mismatched": 0, "A_relative_max": 0.0, "F_mismatched": 0, "F_value_mismatched": 0, "F_relative_max": 0.0}
{"lane": "consumer_cell", "rows": 16, "cell": "unique_repeat", "unique_experts": 16, "draw": 2, "A_mismatched": 0, "A_value_mismatched": 0, "A_relative_max": 0.0, "F_mismatched": 0, "F_value_mismatched": 0, "F_relative_max": 0.0, "repeat_mismatched": {"B": 0, "A": 0, "F": 0}}
{"lane": "consumer_cell", "rows": 16, "cell": "unique", "unique_experts": 16, "draw": 3, "A_mismatched": 0, "A_value_mismatched": 0, "A_relative_max": 0.0, "F_mismatched": 0, "F_value_mismatched": 0, "F_relative_max": 0.0}
{"lane": "consumer_cell", "rows": 16, "cell": "unique_repeat", "unique_experts": 16, "draw": 3, "A_mismatched": 0, "A_value_mismatched": 0, "A_relative_max": 0.0, "F_mismatched": 0, "F_value_mismatched": 0, "F_relative_max": 0.0, "repeat_mismatched": {"B": 0, "A": 0, "F": 0}}
{"lane": "consumer_cell", "rows": 16, "cell": "unique", "unique_experts": 20, "draw": 0, "A_mismatched": 0, "A_value_mismatched": 0, "A_relative_max": 0.0, "F_mismatched": 0, "F_value_mismatched": 0, "F_relative_max": 0.0}
{"lane": "consumer_cell", "rows": 16, "cell": "unique_repeat", "unique_experts": 20, "draw": 0, "A_mismatched": 0, "A_value_mismatched": 0, "A_relative_max": 0.0, "F_mismatched": 0, "F_value_mismatched": 0, "F_relative_max": 0.0, "repeat_mismatched": {"B": 0, "A": 0, "F": 0}}
{"lane": "consumer_cell", "rows": 16, "cell": "unique", "unique_experts": 20, "draw": 1, "A_mismatched": 0, "A_value_mismatched": 0, "A_relative_max": 0.0, "F_mismatched": 0, "F_value_mismatched": 0, "F_relative_max": 0.0}
{"lane": "consumer_cell", "rows": 16, "cell": "unique_repeat", "unique_experts": 20, "draw": 1, "A_mismatched": 0, "A_value_mismatched": 0, "A_relative_max": 0.0, "F_mismatched": 0, "F_value_mismatched": 0, "F_relative_max": 0.0, "repeat_mismatched": {"B": 0, "A": 0, "F": 0}}
{"lane": "consumer_cell", "rows": 16, "cell": "unique", "unique_experts": 20, "draw": 2, "A_mismatched": 0, "A_value_mismatched": 0, "A_relative_max": 0.0, "F_mismatched": 0, "F_value_mismatched": 0, "F_relative_max": 0.0}
{"lane": "consumer_cell", "rows": 16, "cell": "unique_repeat", "unique_experts": 20, "draw": 2, "A_mismatched": 0, "A_value_mismatched": 0, "A_relative_max": 0.0, "F_mismatched": 0, "F_value_mismatched": 0, "F_relative_max": 0.0, "repeat_mismatched": {"B": 0, "A": 0, "F": 0}}
{"lane": "consumer_cell", "rows": 16, "cell": "unique", "unique_experts": 20, "draw": 3, "A_mismatched": 0, "A_value_mismatched": 0, "A_relative_max": 0.0, "F_mismatched": 0, "F_value_mismatched": 0, "F_relative_max": 0.0}
{"lane": "consumer_cell", "rows": 16, "cell": "unique_repeat", "unique_experts": 20, "draw": 3, "A_mismatched": 0, "A_value_mismatched": 0, "A_relative_max": 0.0, "F_mismatched": 0, "F_value_mismatched": 0, "F_relative_max": 0.0, "repeat_mismatched": {"B": 0, "A": 0, "F": 0}}
{"lane": "consumer_cell", "rows": 16, "cell": "unique", "unique_experts": 32, "draw": 0, "A_mismatched": 0, "A_value_mismatched": 0, "A_relative_max": 0.0, "F_mismatched": 0, "F_value_mismatched": 0, "F_relative_max": 0.0}
{"lane": "consumer_cell", "rows": 16, "cell": "unique_repeat", "unique_experts": 32, "draw": 0, "A_mismatched": 0, "A_value_mismatched": 0, "A_relative_max": 0.0, "F_mismatched": 0, "F_value_mismatched": 0, "F_relative_max": 0.0, "repeat_mismatched": {"B": 0, "A": 0, "F": 0}}
{"lane": "consumer_cell", "rows": 16, "cell": "unique", "unique_experts": 32, "draw": 1, "A_mismatched": 0, "A_value_mismatched": 0, "A_relative_max": 0.0, "F_mismatched": 0, "F_value_mismatched": 0, "F_relative_max": 0.0}
{"lane": "consumer_cell", "rows": 16, "cell": "unique_repeat", "unique_experts": 32, "draw": 1, "A_mismatched": 0, "A_value_mismatched": 0, "A_relative_max": 0.0, "F_mismatched": 0, "F_value_mismatched": 0, "F_relative_max": 0.0, "repeat_mismatched": {"B": 0, "A": 0, "F": 0}}
{"lane": "consumer_cell", "rows": 16, "cell": "unique", "unique_experts": 32, "draw": 2, "A_mismatched": 0, "A_value_mismatched": 0, "A_relative_max": 0.0, "F_mismatched": 0, "F_value_mismatched": 0, "F_relative_max": 0.0}
{"lane": "consumer_cell", "rows": 16, "cell": "unique_repeat", "unique_experts": 32, "draw": 2, "A_mismatched": 0, "A_value_mismatched": 0, "A_relative_max": 0.0, "F_mismatched": 0, "F_value_mismatched": 0, "F_relative_max": 0.0, "repeat_mismatched": {"B": 0, "A": 0, "F": 0}}
{"lane": "consumer_cell", "rows": 16, "cell": "unique", "unique_experts": 32, "draw": 3, "A_mismatched": 0, "A_value_mismatched": 0, "A_relative_max": 0.0, "F_mismatched": 0, "F_value_mismatched": 0, "F_relative_max": 0.0}
{"lane": "consumer_cell", "rows": 16, "cell": "unique_repeat", "unique_experts": 32, "draw": 3, "A_mismatched": 0, "A_value_mismatched": 0, "A_relative_max": 0.0, "F_mismatched": 0, "F_value_mismatched": 0, "F_relative_max": 0.0, "repeat_mismatched": {"B": 0, "A": 0, "F": 0}}
{"lane": "consumer_cell", "rows": 16, "cell": "unique", "unique_experts": 56, "draw": 0, "A_mismatched": 0, "A_value_mismatched": 0, "A_relative_max": 0.0, "F_mismatched": 0, "F_value_mismatched": 0, "F_relative_max": 0.0}
{"lane": "consumer_cell", "rows": 16, "cell": "unique_repeat", "unique_experts": 56, "draw": 0, "A_mismatched": 0, "A_value_mismatched": 0, "A_relative_max": 0.0, "F_mismatched": 0, "F_value_mismatched": 0, "F_relative_max": 0.0, "repeat_mismatched": {"B": 0, "A": 0, "F": 0}}
{"lane": "consumer_cell", "rows": 16, "cell": "unique", "unique_experts": 56, "draw": 1, "A_mismatched": 0, "A_value_mismatched": 0, "A_relative_max": 0.0, "F_mismatched": 0, "F_value_mismatched": 0, "F_relative_max": 0.0}
{"lane": "consumer_cell", "rows": 16, "cell": "unique_repeat", "unique_experts": 56, "draw": 1, "A_mismatched": 0, "A_value_mismatched": 0, "A_relative_max": 0.0, "F_mismatched": 0, "F_value_mismatched": 0, "F_relative_max": 0.0, "repeat_mismatched": {"B": 0, "A": 0, "F": 0}}
{"lane": "consumer_cell", "rows": 16, "cell": "unique", "unique_experts": 56, "draw": 2, "A_mismatched": 0, "A_value_mismatched": 0, "A_relative_max": 0.0, "F_mismatched": 0, "F_value_mismatched": 0, "F_relative_max": 0.0}
{"lane": "consumer_cell", "rows": 16, "cell": "unique_repeat", "unique_experts": 56, "draw": 2, "A_mismatched": 0, "A_value_mismatched": 0, "A_relative_max": 0.0, "F_mismatched": 0, "F_value_mismatched": 0, "F_relative_max": 0.0, "repeat_mismatched": {"B": 0, "A": 0, "F": 0}}
{"lane": "consumer_cell", "rows": 16, "cell": "unique", "unique_experts": 56, "draw": 3, "A_mismatched": 0, "A_value_mismatched": 0, "A_relative_max": 0.0, "F_mismatched": 0, "F_value_mismatched": 0, "F_relative_max": 0.0}
{"lane": "consumer_cell", "rows": 16, "cell": "unique_repeat", "unique_experts": 56, "draw": 3, "A_mismatched": 0, "A_value_mismatched": 0, "A_relative_max": 0.0, "F_mismatched": 0, "F_value_mismatched": 0, "F_relative_max": 0.0, "repeat_mismatched": {"B": 0, "A": 0, "F": 0}}
{"lane": "consumer_cell", "rows": 16, "cell": "unique", "unique_experts": 80, "draw": 0, "A_mismatched": 0, "A_value_mismatched": 0, "A_relative_max": 0.0, "F_mismatched": 0, "F_value_mismatched": 0, "F_relative_max": 0.0}
{"lane": "consumer_cell", "rows": 16, "cell": "unique_repeat", "unique_experts": 80, "draw": 0, "A_mismatched": 0, "A_value_mismatched": 0, "A_relative_max": 0.0, "F_mismatched": 0, "F_value_mismatched": 0, "F_relative_max": 0.0, "repeat_mismatched": {"B": 0, "A": 0, "F": 0}}
{"lane": "consumer_cell", "rows": 16, "cell": "unique", "unique_experts": 80, "draw": 1, "A_mismatched": 0, "A_value_mismatched": 0, "A_relative_max": 0.0, "F_mismatched": 0, "F_value_mismatched": 0, "F_relative_max": 0.0}
{"lane": "consumer_cell", "rows": 16, "cell": "unique_repeat", "unique_experts": 80, "draw": 1, "A_mismatched": 0, "A_value_mismatched": 0, "A_relative_max": 0.0, "F_mismatched": 0, "F_value_mismatched": 0, "F_relative_max": 0.0, "repeat_mismatched": {"B": 0, "A": 0, "F": 0}}
{"lane": "consumer_cell", "rows": 16, "cell": "unique", "unique_experts": 80, "draw": 2, "A_mismatched": 0, "A_value_mismatched": 0, "A_relative_max": 0.0, "F_mismatched": 0, "F_value_mismatched": 0, "F_relative_max": 0.0}
{"lane": "consumer_cell", "rows": 16, "cell": "unique_repeat", "unique_experts": 80, "draw": 2, "A_mismatched": 0, "A_value_mismatched": 0, "A_relative_max": 0.0, "F_mismatched": 0, "F_value_mismatched": 0, "F_relative_max": 0.0, "repeat_mismatched": {"B": 0, "A": 0, "F": 0}}
{"lane": "consumer_cell", "rows": 16, "cell": "unique", "unique_experts": 80, "draw": 3, "A_mismatched": 0, "A_value_mismatched": 0, "A_relative_max": 0.0, "F_mismatched": 0, "F_value_mismatched": 0, "F_relative_max": 0.0}
{"lane": "consumer_cell", "rows": 16, "cell": "unique_repeat", "unique_experts": 80, "draw": 3, "A_mismatched": 0, "A_value_mismatched": 0, "A_relative_max": 0.0, "F_mismatched": 0, "F_value_mismatched": 0, "F_relative_max": 0.0, "repeat_mismatched": {"B": 0, "A": 0, "F": 0}}
{"lane": "consumer_cell", "rows": 16, "cell": "unique", "unique_experts": 104, "draw": 0, "A_mismatched": 0, "A_value_mismatched": 0, "A_relative_max": 0.0, "F_mismatched": 0, "F_value_mismatched": 0, "F_relative_max": 0.0}
{"lane": "consumer_cell", "rows": 16, "cell": "unique_repeat", "unique_experts": 104, "draw": 0, "A_mismatched": 0, "A_value_mismatched": 0, "A_relative_max": 0.0, "F_mismatched": 0, "F_value_mismatched": 0, "F_relative_max": 0.0, "repeat_mismatched": {"B": 0, "A": 0, "F": 0}}
{"lane": "consumer_cell", "rows": 16, "cell": "unique", "unique_experts": 104, "draw": 1, "A_mismatched": 0, "A_value_mismatched": 0, "A_relative_max": 0.0, "F_mismatched": 0, "F_value_mismatched": 0, "F_relative_max": 0.0}
{"lane": "consumer_cell", "rows": 16, "cell": "unique_repeat", "unique_experts": 104, "draw": 1, "A_mismatched": 0, "A_value_mismatched": 0, "A_relative_max": 0.0, "F_mismatched": 0, "F_value_mismatched": 0, "F_relative_max": 0.0, "repeat_mismatched": {"B": 0, "A": 0, "F": 0}}
{"lane": "consumer_cell", "rows": 16, "cell": "unique", "unique_experts": 104, "draw": 2, "A_mismatched": 0, "A_value_mismatched": 0, "A_relative_max": 0.0, "F_mismatched": 0, "F_value_mismatched": 0, "F_relative_max": 0.0}
{"lane": "consumer_cell", "rows": 16, "cell": "unique_repeat", "unique_experts": 104, "draw": 2, "A_mismatched": 0, "A_value_mismatched": 0, "A_relative_max": 0.0, "F_mismatched": 0, "F_value_mismatched": 0, "F_relative_max": 0.0, "repeat_mismatched": {"B": 0, "A": 0, "F": 0}}
{"lane": "consumer_cell", "rows": 16, "cell": "unique", "unique_experts": 104, "draw": 3, "A_mismatched": 0, "A_value_mismatched": 0, "A_relative_max": 0.0, "F_mismatched": 0, "F_value_mismatched": 0, "F_relative_max": 0.0}
{"lane": "consumer_cell", "rows": 16, "cell": "unique_repeat", "unique_experts": 104, "draw": 3, "A_mismatched": 0, "A_value_mismatched": 0, "A_relative_max": 0.0, "F_mismatched": 0, "F_value_mismatched": 0, "F_relative_max": 0.0, "repeat_mismatched": {"B": 0, "A": 0, "F": 0}}
{"lane": "consumer_cell", "rows": 16, "cell": "unique", "unique_experts": 128, "draw": 0, "A_mismatched": 0, "A_value_mismatched": 0, "A_relative_max": 0.0, "F_mismatched": 0, "F_value_mismatched": 0, "F_relative_max": 0.0}
{"lane": "consumer_cell", "rows": 16, "cell": "unique_repeat", "unique_experts": 128, "draw": 0, "A_mismatched": 0, "A_value_mismatched": 0, "A_relative_max": 0.0, "F_mismatched": 0, "F_value_mismatched": 0, "F_relative_max": 0.0, "repeat_mismatched": {"B": 0, "A": 0, "F": 0}}
{"lane": "consumer_cell", "rows": 16, "cell": "unique", "unique_experts": 128, "draw": 1, "A_mismatched": 0, "A_value_mismatched": 0, "A_relative_max": 0.0, "F_mismatched": 0, "F_value_mismatched": 0, "F_relative_max": 0.0}
{"lane": "consumer_cell", "rows": 16, "cell": "unique_repeat", "unique_experts": 128, "draw": 1, "A_mismatched": 0, "A_value_mismatched": 0, "A_relative_max": 0.0, "F_mismatched": 0, "F_value_mismatched": 0, "F_relative_max": 0.0, "repeat_mismatched": {"B": 0, "A": 0, "F": 0}}
{"lane": "consumer_cell", "rows": 16, "cell": "unique", "unique_experts": 128, "draw": 2, "A_mismatched": 0, "A_value_mismatched": 0, "A_relative_max": 0.0, "F_mismatched": 0, "F_value_mismatched": 0, "F_relative_max": 0.0}
{"lane": "consumer_cell", "rows": 16, "cell": "unique_repeat", "unique_experts": 128, "draw": 2, "A_mismatched": 0, "A_value_mismatched": 0, "A_relative_max": 0.0, "F_mismatched": 0, "F_value_mismatched": 0, "F_relative_max": 0.0, "repeat_mismatched": {"B": 0, "A": 0, "F": 0}}
{"lane": "consumer_cell", "rows": 16, "cell": "unique", "unique_experts": 128, "draw": 3, "A_mismatched": 0, "A_value_mismatched": 0, "A_relative_max": 0.0, "F_mismatched": 0, "F_value_mismatched": 0, "F_relative_max": 0.0}
{"lane": "consumer_cell", "rows": 16, "cell": "unique_repeat", "unique_experts": 128, "draw": 3, "A_mismatched": 0, "A_value_mismatched": 0, "A_relative_max": 0.0, "F_mismatched": 0, "F_value_mismatched": 0, "F_relative_max": 0.0, "repeat_mismatched": {"B": 0, "A": 0, "F": 0}}
{"lane": "consumer_cell", "rows": 16, "cell": "router_scale", "scale": 0.001, "unique_experts": 102, "A_mismatched": 0, "A_value_mismatched": 0, "A_relative_max": 0.0, "F_mismatched": 0, "F_value_mismatched": 0, "F_relative_max": 0.0}
{"lane": "consumer_cell", "rows": 16, "cell": "router_scale", "scale": 0.05, "unique_experts": 95, "A_mismatched": 0, "A_value_mismatched": 0, "A_relative_max": 0.0, "F_mismatched": 0, "F_value_mismatched": 0, "F_relative_max": 0.0}
{"lane": "consumer_cell", "rows": 16, "cell": "router_scale", "scale": 1.0, "unique_experts": 105, "A_mismatched": 0, "A_value_mismatched": 0, "A_relative_max": 0.0, "F_mismatched": 0, "F_value_mismatched": 0, "F_relative_max": 0.0}
{"lane": "consumer_cell", "rows": 16, "cell": "router_scale", "scale": 4.0, "unique_experts": 101, "A_mismatched": 0, "A_value_mismatched": 0, "A_relative_max": 0.0, "F_mismatched": 0, "F_value_mismatched": 0, "F_relative_max": 0.0}
{"lane": "consumer_cell", "rows": 16, "cell": "router_scale", "scale": 16.0, "unique_experts": 36, "A_mismatched": 0, "A_value_mismatched": 0, "A_relative_max": 0.0, "F_mismatched": 0, "F_value_mismatched": 0, "F_relative_max": 0.0}
{"lane": "consumer_cell", "rows": 16, "cell": "zero_routed_weights", "A_mismatched": 0, "A_value_mismatched": 0, "A_relative_max": 0.0, "F_mismatched": 0, "F_value_mismatched": 0, "F_relative_max": 0.0}
{"lane": "consumer_cell", "rows": 16, "cell": "real_router", "request_groups": 0, "draw": 0, "unique_experts": 100, "A_mismatched": 0, "A_value_mismatched": 0, "A_relative_max": 0.0, "F_mismatched": 0, "F_value_mismatched": 0, "F_relative_max": 0.0}
{"lane": "consumer_cell", "rows": 16, "cell": "real_router", "request_groups": 0, "draw": 1, "unique_experts": 100, "A_mismatched": 0, "A_value_mismatched": 0, "A_relative_max": 0.0, "F_mismatched": 0, "F_value_mismatched": 0, "F_relative_max": 0.0}
{"lane": "consumer_cell", "rows": 16, "cell": "real_router", "request_groups": 0, "draw": 2, "unique_experts": 102, "A_mismatched": 0, "A_value_mismatched": 0, "A_relative_max": 0.0, "F_mismatched": 0, "F_value_mismatched": 0, "F_relative_max": 0.0}
{"lane": "consumer_cell", "rows": 16, "cell": "real_router", "request_groups": 0, "draw": 3, "unique_experts": 97, "A_mismatched": 0, "A_value_mismatched": 0, "A_relative_max": 0.0, "F_mismatched": 0, "F_value_mismatched": 0, "F_relative_max": 0.0}
{"lane": "consumer_cell", "rows": 16, "cell": "real_router", "request_groups": 0, "draw": 4, "unique_experts": 100, "A_mismatched": 0, "A_value_mismatched": 0, "A_relative_max": 0.0, "F_mismatched": 0, "F_value_mismatched": 0, "F_relative_max": 0.0}
{"lane": "consumer_cell", "rows": 16, "cell": "real_router", "request_groups": 0, "draw": 5, "unique_experts": 100, "A_mismatched": 0, "A_value_mismatched": 0, "A_relative_max": 0.0, "F_mismatched": 0, "F_value_mismatched": 0, "F_relative_max": 0.0}
{"lane": "consumer_cell", "rows": 16, "cell": "real_router", "request_groups": 1, "draw": 0, "unique_experts": 10, "A_mismatched": 0, "A_value_mismatched": 0, "A_relative_max": 0.0, "F_mismatched": 0, "F_value_mismatched": 0, "F_relative_max": 0.0}
{"lane": "consumer_cell", "rows": 16, "cell": "real_router", "request_groups": 1, "draw": 1, "unique_experts": 11, "A_mismatched": 0, "A_value_mismatched": 0, "A_relative_max": 0.0, "F_mismatched": 0, "F_value_mismatched": 0, "F_relative_max": 0.0}
{"lane": "consumer_cell", "rows": 16, "cell": "real_router", "request_groups": 1, "draw": 2, "unique_experts": 9, "A_mismatched": 0, "A_value_mismatched": 0, "A_relative_max": 0.0, "F_mismatched": 0, "F_value_mismatched": 0, "F_relative_max": 0.0}
{"lane": "consumer_cell", "rows": 16, "cell": "real_router", "request_groups": 1, "draw": 3, "unique_experts": 10, "A_mismatched": 0, "A_value_mismatched": 0, "A_relative_max": 0.0, "F_mismatched": 0, "F_value_mismatched": 0, "F_relative_max": 0.0}
{"lane": "consumer_cell", "rows": 16, "cell": "real_router", "request_groups": 1, "draw": 4, "unique_experts": 9, "A_mismatched": 0, "A_value_mismatched": 0, "A_relative_max": 0.0, "F_mismatched": 0, "F_value_mismatched": 0, "F_relative_max": 0.0}
{"lane": "consumer_cell", "rows": 16, "cell": "real_router", "request_groups": 1, "draw": 5, "unique_experts": 10, "A_mismatched": 0, "A_value_mismatched": 0, "A_relative_max": 0.0, "F_mismatched": 0, "F_value_mismatched": 0, "F_relative_max": 0.0}
{"lane": "consumer_cell", "rows": 16, "cell": "real_router", "request_groups": 2, "draw": 0, "unique_experts": 20, "A_mismatched": 0, "A_value_mismatched": 0, "A_relative_max": 0.0, "F_mismatched": 0, "F_value_mismatched": 0, "F_relative_max": 0.0}
{"lane": "consumer_cell", "rows": 16, "cell": "real_router", "request_groups": 2, "draw": 1, "unique_experts": 17, "A_mismatched": 0, "A_value_mismatched": 0, "A_relative_max": 0.0, "F_mismatched": 0, "F_value_mismatched": 0, "F_relative_max": 0.0}
{"lane": "consumer_cell", "rows": 16, "cell": "real_router", "request_groups": 2, "draw": 2, "unique_experts": 18, "A_mismatched": 0, "A_value_mismatched": 0, "A_relative_max": 0.0, "F_mismatched": 0, "F_value_mismatched": 0, "F_relative_max": 0.0}
{"lane": "consumer_cell", "rows": 16, "cell": "real_router", "request_groups": 2, "draw": 3, "unique_experts": 21, "A_mismatched": 0, "A_value_mismatched": 0, "A_relative_max": 0.0, "F_mismatched": 0, "F_value_mismatched": 0, "F_relative_max": 0.0}
{"lane": "consumer_cell", "rows": 16, "cell": "real_router", "request_groups": 2, "draw": 4, "unique_experts": 17, "A_mismatched": 0, "A_value_mismatched": 0, "A_relative_max": 0.0, "F_mismatched": 0, "F_value_mismatched": 0, "F_relative_max": 0.0}
{"lane": "consumer_cell", "rows": 16, "cell": "real_router", "request_groups": 2, "draw": 5, "unique_experts": 19, "A_mismatched": 0, "A_value_mismatched": 0, "A_relative_max": 0.0, "F_mismatched": 0, "F_value_mismatched": 0, "F_relative_max": 0.0}
{"lane": "consumer_numerics", "rows": 16, "exact": true, "cells": 104, "mismatched_cells": 0, "mismatched_elements": 0, "value_mismatched_elements": 0, "relative_max": 0.0, "repeat_mismatched_cells": 0, "F_mismatched_cells": 0}
{"lane": "numerics_complete", "exact": true, "shared_audit": {"8": true, "16": true}, "consumer": {"8": true, "16": true}, "controls": {"8": {"S": true}, "16": {"F": true}}, "overlap_rows": [8, 16]}
[b12x static v2] lane serving: static2_m8_k4096_n512_t8_r128_tm32f2g2a32wutr16n128k256d256sf6v1fc1sepwordfc2worda2u64a1reusecompactsfregssync (mac=48, m=8, routed=64, smem=0 B)
{"lane": "timing", "rows": 8, "cache": "warm", "samples": 6, "replays": 32, "labels": ["B", "A", "S"], "capture_order": ["B", "A", "S"], "entries": [{"bracket": 0, "arm": "B", "median_ms": 0.8552960157394409, "min_ms": 0.848800003528595, "mean_ms": 0.8556160014122725}, {"bracket": 0, "arm": "A", "median_ms": 0.8547680079936981, "min_ms": 0.8486080169677734, "mean_ms": 0.8545820023864508}, {"bracket": 0, "arm": "S", "median_ms": 0.8537920117378235, "min_ms": 0.8490239977836609, "mean_ms": 0.8543610014021397}, {"bracket": 0, "arm": "S", "median_ms": 0.8540799915790558, "min_ms": 0.8474559783935547, "mean_ms": 0.8541399966925383}, {"bracket": 0, "arm": "A", "median_ms": 0.8565439879894257, "min_ms": 0.8465279936790466, "mean_ms": 0.8798010032624006}, {"bracket": 0, "arm": "B", "median_ms": 0.8539360165596008, "min_ms": 0.8490880131721497, "mean_ms": 0.8543080054223537}, {"bracket": 1, "arm": "A", "median_ms": 0.8551360070705414, "min_ms": 0.8489599823951721, "mean_ms": 0.8547969982028008}, {"bracket": 1, "arm": "S", "median_ms": 0.8525919914245605, "min_ms": 0.8473920226097107, "mean_ms": 0.8527729976922274}, {"bracket": 1, "arm": "B", "median_ms": 0.8540160059928894, "min_ms": 0.842303991317749, "mean_ms": 0.8544939998537302}, {"bracket": 1, "arm": "B", "median_ms": 0.8547199964523315, "min_ms": 0.8471999764442444, "mean_ms": 0.853849995881319}, {"bracket": 1, "arm": "S", "median_ms": 0.8548479974269867, "min_ms": 0.8502079844474792, "mean_ms": 0.8546500019729137}, {"bracket": 1, "arm": "A", "median_ms": 0.854992002248764, "min_ms": 0.8450239896774292, "mean_ms": 0.8548230025917292}, {"bracket": 2, "arm": "S", "median_ms": 0.8544320166110992, "min_ms": 0.8479999899864197, "mean_ms": 0.8552610035985708}, {"bracket": 2, "arm": "B", "median_ms": 0.8535999953746796, "min_ms": 0.8460800051689148, "mean_ms": 0.8539160005748272}, {"bracket": 2, "arm": "A", "median_ms": 0.8539360165596008, "min_ms": 0.8490239977836609, "mean_ms": 0.8540709987282753}, {"bracket": 2, "arm": "A", "median_ms": 0.8548479974269867, "min_ms": 0.8485119938850403, "mean_ms": 0.8549169972538948}, {"bracket": 2, "arm": "B", "median_ms": 0.8548800051212311, "min_ms": 0.8480960130691528, "mean_ms": 0.8549690004438162}, {"bracket": 2, "arm": "S", "median_ms": 0.8540160059928894, "min_ms": 0.8482239842414856, "mean_ms": 0.8540930021554232}, {"bracket": 3, "arm": "B", "median_ms": 0.8541439771652222, "min_ms": 0.8449280261993408, "mean_ms": 0.8543759975582361}, {"bracket": 3, "arm": "A", "median_ms": 0.8543199896812439, "min_ms": 0.8472319841384888, "mean_ms": 0.8562029991298914}, {"bracket": 3, "arm": "S", "median_ms": 0.8542079925537109, "min_ms": 0.8507199883460999, "mean_ms": 0.8548749946057796}, {"bracket": 3, "arm": "S", "median_ms": 0.8538880050182343, "min_ms": 0.8487359881401062, "mean_ms": 0.8545309994369745}, {"bracket": 3, "arm": "A", "median_ms": 0.8543519973754883, "min_ms": 0.8438400030136108, "mean_ms": 0.8552909959107637}, {"bracket": 3, "arm": "B", "median_ms": 0.8617760241031647, "min_ms": 0.8516799807548523, "mean_ms": 0.8684470038861036}, {"bracket": 4, "arm": "A", "median_ms": 0.8608959913253784, "min_ms": 0.8513919711112976, "mean_ms": 0.8622340001165867}, {"bracket": 4, "arm": "S", "median_ms": 0.8571199774742126, "min_ms": 0.8510400056838989, "mean_ms": 0.8619260005652905}, {"bracket": 4, "arm": "B", "median_ms": 0.8551839888095856, "min_ms": 0.8422080278396606, "mean_ms": 0.854976998642087}, {"bracket": 4, "arm": "B", "median_ms": 0.8586240112781525, "min_ms": 0.8507199883460999, "mean_ms": 0.8593150060623884}, {"bracket": 4, "arm": "S", "median_ms": 0.8580320179462433, "min_ms": 0.8482239842414856, "mean_ms": 0.8589940015226603}, {"bracket": 4, "arm": "A", "median_ms": 0.8689920008182526, "min_ms": 0.8519359827041626, "mean_ms": 0.8872189968824387}, {"bracket": 5, "arm": "S", "median_ms": 0.8708639740943909, "min_ms": 0.8542079925537109, "mean_ms": 0.8713710010051727}, {"bracket": 5, "arm": "B", "median_ms": 0.8659679889678955, "min_ms": 0.849888026714325, "mean_ms": 0.868240999057889}, {"bracket": 5, "arm": "A", "median_ms": 0.8707360029220581, "min_ms": 0.8585919737815857, "mean_ms": 0.8714880011975765}, {"bracket": 5, "arm": "A", "median_ms": 0.8684960007667542, "min_ms": 0.8504959940910339, "mean_ms": 0.8687739968299866}, {"bracket": 5, "arm": "B", "median_ms": 0.8671039938926697, "min_ms": 0.8564800024032593, "mean_ms": 0.8680609967559576}, {"bracket": 5, "arm": "S", "median_ms": 0.866896003484726, "min_ms": 0.851967990398407, "mean_ms": 0.8717159926891327}], "summary": {"B": {"mean_ms": 0.8574373349547386, "min_ms": 0.8535999953746796, "entries": 12, "fastest_replay_ms": 0.8422080278396606}, "A": {"mean_ms": 0.8590013335148493, "min_ms": 0.8539360165596008, "entries": 12, "fastest_replay_ms": 0.8438400030136108}, "S": {"mean_ms": 0.8570639987786611, "min_ms": 0.8525919914245605, "entries": 12, "fastest_replay_ms": 0.8473920226097107}}, "change": {"A": {"mean": 0.0018240383248453451, "min": 0.00039365181202200006}, "S": {"mean": -0.00043540928398833056, "min": -0.0011808856086937825}}, "eviction_bytes": 0, "includes": "routed and shared experts, overlap/join, output cast/add", "excludes": "router selection, packet exchange/NIC, other layers", "request_groups": 0, "unique_experts": 53, "label": "independent"}
{"lane": "timing", "rows": 8, "cache": "evicted", "samples": 6, "replays": 32, "labels": ["B", "A", "S"], "capture_order": ["B", "A", "S"], "entries": [{"bracket": 0, "arm": "B", "median_ms": 0.9131999909877777, "min_ms": 0.9039999842643738, "mean_ms": 0.9138499964028597}, {"bracket": 0, "arm": "A", "median_ms": 0.9868640005588531, "min_ms": 0.9134079813957214, "mean_ms": 1.0082329977303743}, {"bracket": 0, "arm": "S", "median_ms": 0.921280026435852, "min_ms": 0.9089919924736023, "mean_ms": 0.9247730020433664}, {"bracket": 0, "arm": "S", "median_ms": 0.9140959978103638, "min_ms": 0.9083520174026489, "mean_ms": 0.9154270011931658}, {"bracket": 0, "arm": "A", "median_ms": 0.9100160002708435, "min_ms": 0.9048960208892822, "mean_ms": 0.9107239991426468}, {"bracket": 0, "arm": "B", "median_ms": 0.9085119962692261, "min_ms": 0.9039360284805298, "mean_ms": 0.9087250009179115}, {"bracket": 1, "arm": "A", "median_ms": 0.9110400080680847, "min_ms": 0.9018239974975586, "mean_ms": 0.9108710028231144}, {"bracket": 1, "arm": "S", "median_ms": 0.9110720157623291, "min_ms": 0.905951976776123, "mean_ms": 0.9120580013841391}, {"bracket": 1, "arm": "B", "median_ms": 0.9096960127353668, "min_ms": 0.903872013092041, "mean_ms": 0.9113739971071482}, {"bracket": 1, "arm": "B", "median_ms": 0.9118879735469818, "min_ms": 0.9045760035514832, "mean_ms": 0.915667001157999}, {"bracket": 1, "arm": "S", "median_ms": 0.9140480160713196, "min_ms": 0.9059200286865234, "mean_ms": 0.9140889998525381}, {"bracket": 1, "arm": "A", "median_ms": 0.9120960235595703, "min_ms": 0.9045119881629944, "mean_ms": 0.9129000008106232}, {"bracket": 2, "arm": "S", "median_ms": 0.9141119718551636, "min_ms": 0.9069759845733643, "mean_ms": 0.9148429967463017}, {"bracket": 2, "arm": "B", "median_ms": 0.9083999991416931, "min_ms": 0.9023360013961792, "mean_ms": 0.908864002674818}, {"bracket": 2, "arm": "A", "median_ms": 0.9105599820613861, "min_ms": 0.903872013092041, "mean_ms": 0.9116560015827417}, {"bracket": 2, "arm": "A", "median_ms": 0.9110400080680847, "min_ms": 0.9017919898033142, "mean_ms": 0.9114830046892166}, {"bracket": 2, "arm": "B", "median_ms": 0.9095360040664673, "min_ms": 0.9046400189399719, "mean_ms": 0.9126730021089315}, {"bracket": 2, "arm": "S", "median_ms": 0.9170880019664764, "min_ms": 0.9075199961662292, "mean_ms": 0.9258510023355484}, {"bracket": 3, "arm": "B", "median_ms": 0.9101119935512543, "min_ms": 0.9042559862136841, "mean_ms": 0.9123919997364283}, {"bracket": 3, "arm": "A", "median_ms": 0.9120640158653259, "min_ms": 0.9037759900093079, "mean_ms": 0.9111210033297539}, {"bracket": 3, "arm": "S", "median_ms": 0.9130240082740784, "min_ms": 0.9084159731864929, "mean_ms": 0.9130349960178137}, {"bracket": 3, "arm": "S", "median_ms": 0.9130880236625671, "min_ms": 0.904416024684906, "mean_ms": 0.9129749983549118}, {"bracket": 3, "arm": "A", "median_ms": 0.9170079827308655, "min_ms": 0.905023992061615, "mean_ms": 0.9169760011136532}, {"bracket": 3, "arm": "B", "median_ms": 0.9100640118122101, "min_ms": 0.901856005191803, "mean_ms": 0.9123990032821894}, {"bracket": 4, "arm": "A", "median_ms": 0.9100480079650879, "min_ms": 0.9049280285835266, "mean_ms": 0.9107889998704195}, {"bracket": 4, "arm": "S", "median_ms": 0.9127520024776459, "min_ms": 0.9085760116577148, "mean_ms": 0.913659006357193}, {"bracket": 4, "arm": "B", "median_ms": 0.9104320108890533, "min_ms": 0.9024320244789124, "mean_ms": 0.9103459976613522}, {"bracket": 4, "arm": "B", "median_ms": 0.9100640118122101, "min_ms": 0.902239978313446, "mean_ms": 0.9099940005689859}, {"bracket": 4, "arm": "S", "median_ms": 0.9131039977073669, "min_ms": 0.9051200151443481, "mean_ms": 0.9126849975436926}, {"bracket": 4, "arm": "A", "median_ms": 0.910288006067276, "min_ms": 0.9025920033454895, "mean_ms": 0.9111929964274168}, {"bracket": 5, "arm": "S", "median_ms": 0.9120960235595703, "min_ms": 0.9069759845733643, "mean_ms": 0.9121759980916977}, {"bracket": 5, "arm": "B", "median_ms": 0.9100640118122101, "min_ms": 0.903872013092041, "mean_ms": 0.9117720015347004}, {"bracket": 5, "arm": "A", "median_ms": 0.9110880196094513, "min_ms": 0.9034240245819092, "mean_ms": 0.911075996235013}, {"bracket": 5, "arm": "A", "median_ms": 0.9103839993476868, "min_ms": 0.9043840169906616, "mean_ms": 0.9120000004768372}, {"bracket": 5, "arm": "B", "median_ms": 0.9107840061187744, "min_ms": 0.9018239974975586, "mean_ms": 0.911361999809742}, {"bracket": 5, "arm": "S", "median_ms": 0.9120800197124481, "min_ms": 0.9079999923706055, "mean_ms": 0.9133129976689816}], "summary": {"B": {"mean_ms": 0.910229335228602, "min_ms": 0.9083999991416931, "entries": 12, "fastest_replay_ms": 0.9018239974975586}, "A": {"mean_ms": 0.9177080045143763, "min_ms": 0.9100160002708435, "entries": 12, "fastest_replay_ms": 0.9017919898033142}, "S": {"mean_ms": 0.9139866754412651, "min_ms": 0.9110720157623291, "entries": 12, "fastest_replay_ms": 0.904416024684906}}, "change": {"A": {"mean": 0.008216247264647869, "min": 0.0017789532482137549}, "S": {"mean": 0.004127904987504483, "min": 0.0029414537903573734}}, "eviction_bytes": 134217728, "includes": "routed and shared experts, overlap/join, output cast/add", "excludes": "router selection, packet exchange/NIC, other layers", "request_groups": 0, "unique_experts": 53, "label": "independent"}
{"lane": "timing", "rows": 8, "cache": "warm", "samples": 6, "replays": 32, "labels": ["B", "A", "S"], "capture_order": ["S", "A", "B"], "entries": [{"bracket": 0, "arm": "B", "median_ms": 0.17527999728918076, "min_ms": 0.1711679995059967, "mean_ms": 0.17629799898713827}, {"bracket": 0, "arm": "A", "median_ms": 0.1693599969148636, "min_ms": 0.16675199568271637, "mean_ms": 0.17006799904629588}, {"bracket": 0, "arm": "S", "median_ms": 0.17033599317073822, "min_ms": 0.16550399363040924, "mean_ms": 0.17037599859759212}, {"bracket": 0, "arm": "S", "median_ms": 0.17043200135231018, "min_ms": 0.16710400581359863, "mean_ms": 0.17022999981418252}, {"bracket": 0, "arm": "A", "median_ms": 0.1693279966711998, "min_ms": 0.16495999693870544, "mean_ms": 0.16941999923437834}, {"bracket": 0, "arm": "B", "median_ms": 0.17440000176429749, "min_ms": 0.17071999609470367, "mean_ms": 0.17452699970453978}, {"bracket": 1, "arm": "A", "median_ms": 0.16953599452972412, "min_ms": 0.16697600483894348, "mean_ms": 0.16967699816450477}, {"bracket": 1, "arm": "S", "median_ms": 0.17049599438905716, "min_ms": 0.15305599570274353, "mean_ms": 0.16971599962562323}, {"bracket": 1, "arm": "B", "median_ms": 0.17449600249528885, "min_ms": 0.16726399958133698, "mean_ms": 0.17450599977746606}, {"bracket": 1, "arm": "B", "median_ms": 0.17475200444459915, "min_ms": 0.17107200622558594, "mean_ms": 0.1743490002118051}, {"bracket": 1, "arm": "S", "median_ms": 0.17047999799251556, "min_ms": 0.15270400047302246, "mean_ms": 0.17037199949845672}, {"bracket": 1, "arm": "A", "median_ms": 0.16918399930000305, "min_ms": 0.16624000668525696, "mean_ms": 0.16906399838626385}, {"bracket": 2, "arm": "S", "median_ms": 0.17056000232696533, "min_ms": 0.15430399775505066, "mean_ms": 0.1702410001307726}, {"bracket": 2, "arm": "B", "median_ms": 0.1746399998664856, "min_ms": 0.16780799627304077, "mean_ms": 0.17457499913871288}, {"bracket": 2, "arm": "A", "median_ms": 0.1703519970178604, "min_ms": 0.16601599752902985, "mean_ms": 0.1704309992492199}, {"bracket": 2, "arm": "A", "median_ms": 0.17003200203180313, "min_ms": 0.16687999665737152, "mean_ms": 0.17015399923548102}, {"bracket": 2, "arm": "B", "median_ms": 0.17447999864816666, "min_ms": 0.17139199376106262, "mean_ms": 0.17439099960029125}, {"bracket": 2, "arm": "S", "median_ms": 0.17047999799251556, "min_ms": 0.1552640050649643, "mean_ms": 0.17007099837064743}, {"bracket": 3, "arm": "B", "median_ms": 0.17457599937915802, "min_ms": 0.16684800386428833, "mean_ms": 0.177496999502182}, {"bracket": 3, "arm": "A", "median_ms": 0.16963199526071548, "min_ms": 0.16624000668525696, "mean_ms": 0.1699890005402267}, {"bracket": 3, "arm": "S", "median_ms": 0.17044799774885178, "min_ms": 0.15494400262832642, "mean_ms": 0.16989100072532892}, {"bracket": 3, "arm": "S", "median_ms": 0.1714399978518486, "min_ms": 0.16672000288963318, "mean_ms": 0.17133399797603488}, {"bracket": 3, "arm": "A", "median_ms": 0.16951999813318253, "min_ms": 0.16620799899101257, "mean_ms": 0.16963700018823147}, {"bracket": 3, "arm": "B", "median_ms": 0.17431999742984772, "min_ms": 0.17071999609470367, "mean_ms": 0.1743139997124672}, {"bracket": 4, "arm": "A", "median_ms": 0.16996800154447556, "min_ms": 0.1658560037612915, "mean_ms": 0.16992200072854757}, {"bracket": 4, "arm": "S", "median_ms": 0.1701119989156723, "min_ms": 0.15318399667739868, "mean_ms": 0.1696540005505085}, {"bracket": 4, "arm": "B", "median_ms": 0.17511999607086182, "min_ms": 0.17129600048065186, "mean_ms": 0.17469599889591336}, {"bracket": 4, "arm": "B", "median_ms": 0.17449600249528885, "min_ms": 0.17206400632858276, "mean_ms": 0.1743100006133318}, {"bracket": 4, "arm": "S", "median_ms": 0.17073599994182587, "min_ms": 0.1570879966020584, "mean_ms": 0.17032899893820286}, {"bracket": 4, "arm": "A", "median_ms": 0.16950399428606033, "min_ms": 0.1637440025806427, "mean_ms": 0.1703889979980886}, {"bracket": 5, "arm": "S", "median_ms": 0.17072000354528427, "min_ms": 0.15199999511241913, "mean_ms": 0.17048099962994456}, {"bracket": 5, "arm": "B", "median_ms": 0.17443199455738068, "min_ms": 0.16396799683570862, "mean_ms": 0.1742329983972013}, {"bracket": 5, "arm": "A", "median_ms": 0.17022400349378586, "min_ms": 0.1666879951953888, "mean_ms": 0.17050999868661165}, {"bracket": 5, "arm": "A", "median_ms": 0.16976000368595123, "min_ms": 0.16607999801635742, "mean_ms": 0.16944799991324544}, {"bracket": 5, "arm": "B", "median_ms": 0.17476800084114075, "min_ms": 0.1671999990940094, "mean_ms": 0.17422099923714995}, {"bracket": 5, "arm": "S", "median_ms": 0.17044799774885178, "min_ms": 0.15561600029468536, "mean_ms": 0.1702269990928471}], "summary": {"B": {"mean_ms": 0.1746466662734747, "min_ms": 0.17431999742984772, "entries": 12, "fastest_replay_ms": 0.16396799683570862}, "A": {"mean_ms": 0.16969999857246876, "min_ms": 0.16918399930000305, "entries": 12, "fastest_replay_ms": 0.1637440025806427}, "S": {"mean_ms": 0.17055733191470304, "min_ms": 0.1701119989156723, "entries": 12, "fastest_replay_ms": 0.15199999511241913}}, "change": {"A": {"mean": -0.028323859862633083, "min": -0.0294630461540224}, "S": {"mean": -0.023414900759504143, "min": -0.024139505370683878}}, "eviction_bytes": 0, "includes": "routed and shared experts, overlap/join, output cast/add", "excludes": "router selection, packet exchange/NIC, other layers", "request_groups": 1, "unique_experts": 8, "label": "1 group(s) of 8 related rows"}
{"lane": "timing", "rows": 8, "cache": "evicted", "samples": 6, "replays": 32, "labels": ["B", "A", "S"], "capture_order": ["S", "A", "B"], "entries": [{"bracket": 0, "arm": "B", "median_ms": 0.24508800357580185, "min_ms": 0.23987199366092682, "mean_ms": 0.24510900070890784}, {"bracket": 0, "arm": "A", "median_ms": 0.24352000653743744, "min_ms": 0.23929600417613983, "mean_ms": 0.24389100167900324}, {"bracket": 0, "arm": "S", "median_ms": 0.24747200310230255, "min_ms": 0.2436479926109314, "mean_ms": 0.24734100047498941}, {"bracket": 0, "arm": "S", "median_ms": 0.24742399901151657, "min_ms": 0.24128000438213348, "mean_ms": 0.24692900106310844}, {"bracket": 0, "arm": "A", "median_ms": 0.24460799992084503, "min_ms": 0.24185599386692047, "mean_ms": 0.24503099964931607}, {"bracket": 0, "arm": "B", "median_ms": 0.24588799476623535, "min_ms": 0.24009600281715393, "mean_ms": 0.2459870004095137}, {"bracket": 1, "arm": "A", "median_ms": 0.2444159984588623, "min_ms": 0.24051199853420258, "mean_ms": 0.24439900135621428}, {"bracket": 1, "arm": "S", "median_ms": 0.24747200310230255, "min_ms": 0.2433280050754547, "mean_ms": 0.24750599917024374}, {"bracket": 1, "arm": "B", "median_ms": 0.24516800045967102, "min_ms": 0.2377920001745224, "mean_ms": 0.24539800081402063}, {"bracket": 1, "arm": "B", "median_ms": 0.2449600026011467, "min_ms": 0.24076800048351288, "mean_ms": 0.24502900056540966}, {"bracket": 1, "arm": "S", "median_ms": 0.247359998524189, "min_ms": 0.2414720058441162, "mean_ms": 0.2469230000860989}, {"bracket": 1, "arm": "A", "median_ms": 0.24438399821519852, "min_ms": 0.2401919960975647, "mean_ms": 0.24380099959671497}, {"bracket": 2, "arm": "S", "median_ms": 0.24729600548744202, "min_ms": 0.24406400322914124, "mean_ms": 0.2470360016450286}, {"bracket": 2, "arm": "B", "median_ms": 0.24475199729204178, "min_ms": 0.23987199366092682, "mean_ms": 0.2447960004210472}, {"bracket": 2, "arm": "A", "median_ms": 0.24438399821519852, "min_ms": 0.24012799561023712, "mean_ms": 0.24426899943500757}, {"bracket": 2, "arm": "A", "median_ms": 0.2444159984588623, "min_ms": 0.24035200476646423, "mean_ms": 0.2440859996713698}, {"bracket": 2, "arm": "B", "median_ms": 0.24648000299930573, "min_ms": 0.24009600281715393, "mean_ms": 0.24585100077092648}, {"bracket": 2, "arm": "S", "median_ms": 0.24644800275564194, "min_ms": 0.24265600740909576, "mean_ms": 0.24680200079455972}, {"bracket": 3, "arm": "B", "median_ms": 0.2444159984588623, "min_ms": 0.2396160066127777, "mean_ms": 0.2445399989373982}, {"bracket": 3, "arm": "A", "median_ms": 0.2441760003566742, "min_ms": 0.2407039999961853, "mean_ms": 0.2441490013152361}, {"bracket": 3, "arm": "S", "median_ms": 0.24676800519227982, "min_ms": 0.24128000438213348, "mean_ms": 0.2466480014845729}, {"bracket": 3, "arm": "S", "median_ms": 0.2473760023713112, "min_ms": 0.2438720017671585, "mean_ms": 0.24733699951320887}, {"bracket": 3, "arm": "A", "median_ms": 0.24459200352430344, "min_ms": 0.24134400486946106, "mean_ms": 0.24485100014135242}, {"bracket": 3, "arm": "B", "median_ms": 0.24649599939584732, "min_ms": 0.2409919947385788, "mean_ms": 0.24655299866572022}, {"bracket": 4, "arm": "A", "median_ms": 0.2446879968047142, "min_ms": 0.24137599766254425, "mean_ms": 0.2449219999834895}, {"bracket": 4, "arm": "S", "median_ms": 0.2465120032429695, "min_ms": 0.2414720058441162, "mean_ms": 0.24643200123682618}, {"bracket": 4, "arm": "B", "median_ms": 0.24507199972867966, "min_ms": 0.23999999463558197, "mean_ms": 0.24450900126248598}, {"bracket": 4, "arm": "B", "median_ms": 0.24446400254964828, "min_ms": 0.2417919933795929, "mean_ms": 0.24476500088348985}, {"bracket": 4, "arm": "S", "median_ms": 0.24660799652338028, "min_ms": 0.24236799776554108, "mean_ms": 0.2466679997742176}, {"bracket": 4, "arm": "A", "median_ms": 0.24648000299930573, "min_ms": 0.24137599766254425, "mean_ms": 0.2460650005377829}, {"bracket": 5, "arm": "S", "median_ms": 0.24633600562810898, "min_ms": 0.2417919933795929, "mean_ms": 0.24860400054603815}, {"bracket": 5, "arm": "B", "median_ms": 0.24508800357580185, "min_ms": 0.23897600173950195, "mean_ms": 0.24489600025117397}, {"bracket": 5, "arm": "A", "median_ms": 0.24462399631738663, "min_ms": 0.24172799289226532, "mean_ms": 0.24469600012525916}, {"bracket": 5, "arm": "A", "median_ms": 0.24480000138282776, "min_ms": 0.24128000438213348, "mean_ms": 0.24475400149822235}, {"bracket": 5, "arm": "B", "median_ms": 0.24659200012683868, "min_ms": 0.23900799453258514, "mean_ms": 0.24625699874013662}, {"bracket": 5, "arm": "S", "median_ms": 0.24676799774169922, "min_ms": 0.2433599978685379, "mean_ms": 0.24669500160962343}], "summary": {"B": {"mean_ms": 0.2453720004608234, "min_ms": 0.2444159984588623, "entries": 12, "fastest_replay_ms": 0.2377920001745224}, "A": {"mean_ms": 0.244590666765968, "min_ms": 0.24352000653743744, "entries": 12, "fastest_replay_ms": 0.23929600417613983}, "S": {"mean_ms": 0.24698666855692863, "min_ms": 0.24633600562810898, "entries": 12, "fastest_replay_ms": 0.24128000438213348}}, "change": {"A": {"mean": -0.0031842822057447373, "min": -0.0036658480912642455}, "S": {"mean": 0.006580490410775575, "min": 0.007855488926064913}}, "eviction_bytes": 134217728, "includes": "routed and shared experts, overlap/join, output cast/add", "excludes": "router selection, packet exchange/NIC, other layers", "request_groups": 1, "unique_experts": 8, "label": "1 group(s) of 8 related rows"}
{"lane": "timing", "rows": 16, "cache": "warm", "samples": 6, "replays": 32, "labels": ["B", "A", "F"], "capture_order": ["B", "A", "F"], "entries": [{"bracket": 0, "arm": "B", "median_ms": 1.5798400044441223, "min_ms": 1.5696640014648438, "mean_ms": 1.5820649974048138}, {"bracket": 0, "arm": "A", "median_ms": 1.5805760025978088, "min_ms": 1.5674240589141846, "mean_ms": 1.5822469927370548}, {"bracket": 0, "arm": "F", "median_ms": 1.5798559784889221, "min_ms": 1.5667840242385864, "mean_ms": 1.581869002431631}, {"bracket": 0, "arm": "F", "median_ms": 1.5795680284500122, "min_ms": 1.5697920322418213, "mean_ms": 1.5794860012829304}, {"bracket": 0, "arm": "A", "median_ms": 1.5783199667930603, "min_ms": 1.5701440572738647, "mean_ms": 1.5793590024113655}, {"bracket": 0, "arm": "B", "median_ms": 1.580399990081787, "min_ms": 1.5692800283432007, "mean_ms": 1.5809499956667423}, {"bracket": 1, "arm": "A", "median_ms": 1.5785279870033264, "min_ms": 1.5703680515289307, "mean_ms": 1.579545009881258}, {"bracket": 1, "arm": "F", "median_ms": 1.583519995212555, "min_ms": 1.5651520490646362, "mean_ms": 1.6102790012955666}, {"bracket": 1, "arm": "B", "median_ms": 1.58024001121521, "min_ms": 1.5664960145950317, "mean_ms": 1.5798800103366375}, {"bracket": 1, "arm": "B", "median_ms": 1.5810239911079407, "min_ms": 1.5722240209579468, "mean_ms": 1.5842870064079762}, {"bracket": 1, "arm": "F", "median_ms": 1.5791680216789246, "min_ms": 1.5720959901809692, "mean_ms": 1.578905001282692}, {"bracket": 1, "arm": "A", "median_ms": 1.582527995109558, "min_ms": 1.5649280548095703, "mean_ms": 1.5833109989762306}, {"bracket": 2, "arm": "F", "median_ms": 1.5824639797210693, "min_ms": 1.568127989768982, "mean_ms": 1.5824960060417652}, {"bracket": 2, "arm": "B", "median_ms": 1.5808640122413635, "min_ms": 1.5685759782791138, "mean_ms": 1.5804429985582829}, {"bracket": 2, "arm": "A", "median_ms": 1.5799680352210999, "min_ms": 1.5722559690475464, "mean_ms": 1.581871997565031}, {"bracket": 2, "arm": "A", "median_ms": 1.5825600028038025, "min_ms": 1.5678399801254272, "mean_ms": 1.5859340019524097}, {"bracket": 2, "arm": "B", "median_ms": 1.5786880254745483, "min_ms": 1.570688009262085, "mean_ms": 1.579582005739212}, {"bracket": 2, "arm": "F", "median_ms": 1.5799680352210999, "min_ms": 1.5688639879226685, "mean_ms": 1.5793020017445087}, {"bracket": 3, "arm": "B", "median_ms": 1.5814080238342285, "min_ms": 1.5687999725341797, "mean_ms": 1.5807449966669083}, {"bracket": 3, "arm": "A", "median_ms": 1.5797439813613892, "min_ms": 1.568992018699646, "mean_ms": 1.580171998590231}, {"bracket": 3, "arm": "F", "median_ms": 1.5779520273208618, "min_ms": 1.5680639743804932, "mean_ms": 1.5781820006668568}, {"bracket": 3, "arm": "F", "median_ms": 1.5776000022888184, "min_ms": 1.568992018699646, "mean_ms": 1.5774499997496605}, {"bracket": 3, "arm": "A", "median_ms": 1.5789120197296143, "min_ms": 1.5707520246505737, "mean_ms": 1.57931300252676}, {"bracket": 3, "arm": "B", "median_ms": 1.5781599879264832, "min_ms": 1.5721280574798584, "mean_ms": 1.5795469991862774}, {"bracket": 4, "arm": "A", "median_ms": 1.5816319584846497, "min_ms": 1.5699199438095093, "mean_ms": 1.5815679989755154}, {"bracket": 4, "arm": "F", "median_ms": 1.5815359950065613, "min_ms": 1.5730880498886108, "mean_ms": 1.5816180035471916}, {"bracket": 4, "arm": "B", "median_ms": 1.5799520015716553, "min_ms": 1.5731199979782104, "mean_ms": 1.5804169997572899}, {"bracket": 4, "arm": "B", "median_ms": 1.579647958278656, "min_ms": 1.567039966583252, "mean_ms": 1.5816560052335262}, {"bracket": 4, "arm": "F", "median_ms": 1.578976035118103, "min_ms": 1.573632001876831, "mean_ms": 1.5829210057854652}, {"bracket": 4, "arm": "A", "median_ms": 1.5817919969558716, "min_ms": 1.570304036140442, "mean_ms": 1.58432200178504}, {"bracket": 5, "arm": "F", "median_ms": 1.5792480111122131, "min_ms": 1.5684479475021362, "mean_ms": 1.5797749981284142}, {"bracket": 5, "arm": "B", "median_ms": 1.5861120223999023, "min_ms": 1.5726720094680786, "mean_ms": 1.5898460075259209}, {"bracket": 5, "arm": "A", "median_ms": 1.585040032863617, "min_ms": 1.5695680379867554, "mean_ms": 1.5902660004794598}, {"bracket": 5, "arm": "A", "median_ms": 1.6081439852714539, "min_ms": 1.5790719985961914, "mean_ms": 1.6064060032367706}, {"bracket": 5, "arm": "B", "median_ms": 1.6116639971733093, "min_ms": 1.5783679485321045, "mean_ms": 1.6090409979224205}, {"bracket": 5, "arm": "F", "median_ms": 1.6104000210762024, "min_ms": 1.5813440084457397, "mean_ms": 1.612184002995491}], "summary": {"B": {"mean_ms": 1.583166668812434, "min_ms": 1.5781599879264832, "entries": 12, "fastest_replay_ms": 1.5664960145950317}, "A": {"mean_ms": 1.5831453303496044, "min_ms": 1.5783199667930603, "entries": 12, "fastest_replay_ms": 1.5649280548095703}, "F": {"mean_ms": 1.582521344224612, "min_ms": 1.5776000022888184, "entries": 12, "fastest_replay_ms": 1.5651520490646362}}, "change": {"A": {"mean": -1.3478342646977559e-05, "min": 0.00010137049969660694}, "F": {"mean": -0.00040761633031727307, "min": -0.0003548345173802758}}, "eviction_bytes": 0, "includes": "routed and shared experts, overlap/join, output cast/add", "excludes": "router selection, packet exchange/NIC, other layers", "request_groups": 0, "unique_experts": 100, "label": "independent"}
{"lane": "timing", "rows": 16, "cache": "evicted", "samples": 6, "replays": 32, "labels": ["B", "A", "F"], "capture_order": ["B", "A", "F"], "entries": [{"bracket": 0, "arm": "B", "median_ms": 1.6436800360679626, "min_ms": 1.6237759590148926, "mean_ms": 1.658859994262457}, {"bracket": 0, "arm": "A", "median_ms": 1.6878399848937988, "min_ms": 1.6282240152359009, "mean_ms": 1.7155260033905506}, {"bracket": 0, "arm": "F", "median_ms": 1.639631986618042, "min_ms": 1.6279040575027466, "mean_ms": 1.6481360010802746}, {"bracket": 0, "arm": "F", "median_ms": 1.6330080032348633, "min_ms": 1.625823974609375, "mean_ms": 1.6338790096342564}, {"bracket": 0, "arm": "A", "median_ms": 1.6301279664039612, "min_ms": 1.619488000869751, "mean_ms": 1.6298869960010052}, {"bracket": 0, "arm": "B", "median_ms": 1.635040044784546, "min_ms": 1.6245759725570679, "mean_ms": 1.6354440078139305}, {"bracket": 1, "arm": "A", "median_ms": 1.629472017288208, "min_ms": 1.6166080236434937, "mean_ms": 1.6299719922244549}, {"bracket": 1, "arm": "F", "median_ms": 1.630895972251892, "min_ms": 1.6216959953308105, "mean_ms": 1.6311519928276539}, {"bracket": 1, "arm": "B", "median_ms": 1.632975995540619, "min_ms": 1.6247680187225342, "mean_ms": 1.6350520104169846}, {"bracket": 1, "arm": "B", "median_ms": 1.6355200409889221, "min_ms": 1.6226880550384521, "mean_ms": 1.6351980045437813}, {"bracket": 1, "arm": "F", "median_ms": 1.6379199624061584, "min_ms": 1.623744010925293, "mean_ms": 1.645819991827011}, {"bracket": 1, "arm": "A", "median_ms": 1.630240023136139, "min_ms": 1.6164799928665161, "mean_ms": 1.6328699886798859}, {"bracket": 2, "arm": "F", "median_ms": 1.635919988155365, "min_ms": 1.6239360570907593, "mean_ms": 1.6384510062634945}, {"bracket": 2, "arm": "B", "median_ms": 1.632975995540619, "min_ms": 1.6218880414962769, "mean_ms": 1.6341319978237152}, {"bracket": 2, "arm": "A", "median_ms": 1.6300320029258728, "min_ms": 1.620576024055481, "mean_ms": 1.6318549998104572}, {"bracket": 2, "arm": "A", "median_ms": 1.6297919750213623, "min_ms": 1.6227519512176514, "mean_ms": 1.6349189952015877}, {"bracket": 2, "arm": "B", "median_ms": 1.65310400724411, "min_ms": 1.6298880577087402, "mean_ms": 1.6521879993379116}, {"bracket": 2, "arm": "F", "median_ms": 1.6565279960632324, "min_ms": 1.6347520351409912, "mean_ms": 1.6566280014812946}, {"bracket": 3, "arm": "B", "median_ms": 1.680079996585846, "min_ms": 1.625823974609375, "mean_ms": 1.6836610026657581}, {"bracket": 3, "arm": "A", "median_ms": 1.661520004272461, "min_ms": 1.6299200057983398, "mean_ms": 1.6594040058553219}, {"bracket": 3, "arm": "F", "median_ms": 1.6432320475578308, "min_ms": 1.6288319826126099, "mean_ms": 1.6462880000472069}, {"bracket": 3, "arm": "F", "median_ms": 1.6365439891815186, "min_ms": 1.6278400421142578, "mean_ms": 1.6380930058658123}, {"bracket": 3, "arm": "A", "median_ms": 1.6336800456047058, "min_ms": 1.6227519512176514, "mean_ms": 1.6357089951634407}, {"bracket": 3, "arm": "B", "median_ms": 1.6360480189323425, "min_ms": 1.6268800497055054, "mean_ms": 1.6375319920480251}, {"bracket": 4, "arm": "A", "median_ms": 1.6299999952316284, "min_ms": 1.6166080236434937, "mean_ms": 1.6336360052227974}, {"bracket": 4, "arm": "F", "median_ms": 1.6360480189323425, "min_ms": 1.6227519512176514, "mean_ms": 1.6371740102767944}, {"bracket": 4, "arm": "B", "median_ms": 1.63510400056839, "min_ms": 1.6247680187225342, "mean_ms": 1.6419809982180595}, {"bracket": 4, "arm": "B", "median_ms": 1.6329599618911743, "min_ms": 1.6241919994354248, "mean_ms": 1.6336920000612736}, {"bracket": 4, "arm": "F", "median_ms": 1.6345120072364807, "min_ms": 1.623744010925293, "mean_ms": 1.6343440003693104}, {"bracket": 4, "arm": "A", "median_ms": 1.635744035243988, "min_ms": 1.6182399988174438, "mean_ms": 1.6411260031163692}, {"bracket": 5, "arm": "F", "median_ms": 1.662671983242035, "min_ms": 1.6281919479370117, "mean_ms": 1.6646630093455315}, {"bracket": 5, "arm": "B", "median_ms": 1.6338720321655273, "min_ms": 1.6254080533981323, "mean_ms": 1.6345960050821304}, {"bracket": 5, "arm": "A", "median_ms": 1.6308160424232483, "min_ms": 1.618623971939087, "mean_ms": 1.6326619982719421}, {"bracket": 5, "arm": "A", "median_ms": 1.6308000087738037, "min_ms": 1.6196479797363281, "mean_ms": 1.6475999988615513}, {"bracket": 5, "arm": "B", "median_ms": 1.6319360136985779, "min_ms": 1.6217279434204102, "mean_ms": 1.632482010871172}, {"bracket": 5, "arm": "F", "median_ms": 1.6338559985160828, "min_ms": 1.625823974609375, "mean_ms": 1.6353169977664948}], "summary": {"B": {"mean_ms": 1.6402746786673863, "min_ms": 1.6319360136985779, "entries": 12, "fastest_replay_ms": 1.6217279434204102}, "A": {"mean_ms": 1.638338675101598, "min_ms": 1.629472017288208, "entries": 12, "fastest_replay_ms": 1.6164799928665161}, "F": {"mean_ms": 1.6400639961163204, "min_ms": 1.630895972251892, "entries": 12, "fastest_replay_ms": 1.6216959953308105}}, "change": {"A": {"mean": -0.0011802922955325146, "min": -0.0015098609195991486}, "F": {"mean": -0.00012844345755380626, "min": -0.000637305285229095}}, "eviction_bytes": 134217728, "includes": "routed and shared experts, overlap/join, output cast/add", "excludes": "router selection, packet exchange/NIC, other layers", "request_groups": 0, "unique_experts": 100, "label": "independent"}
{"lane": "timing", "rows": 16, "cache": "warm", "samples": 6, "replays": 32, "labels": ["B", "A", "F"], "capture_order": ["F", "A", "B"], "entries": [{"bracket": 0, "arm": "B", "median_ms": 0.21135999262332916, "min_ms": 0.2088319957256317, "mean_ms": 0.2122030002065003}, {"bracket": 0, "arm": "A", "median_ms": 0.21051199734210968, "min_ms": 0.20895999670028687, "mean_ms": 0.2110040015541017}, {"bracket": 0, "arm": "F", "median_ms": 0.21007999777793884, "min_ms": 0.20828799903392792, "mean_ms": 0.21048200130462646}, {"bracket": 0, "arm": "F", "median_ms": 0.20921599864959717, "min_ms": 0.20720000565052032, "mean_ms": 0.20916900038719177}, {"bracket": 0, "arm": "A", "median_ms": 0.21112000197172165, "min_ms": 0.20496000349521637, "mean_ms": 0.21121100150048733}, {"bracket": 0, "arm": "B", "median_ms": 0.21137599647045135, "min_ms": 0.2067199945449829, "mean_ms": 0.2114070001989603}, {"bracket": 1, "arm": "A", "median_ms": 0.21241599321365356, "min_ms": 0.20188799500465393, "mean_ms": 0.21242399979382753}, {"bracket": 1, "arm": "F", "median_ms": 0.2104320004582405, "min_ms": 0.20528000593185425, "mean_ms": 0.21067400136962533}, {"bracket": 1, "arm": "B", "median_ms": 0.21161600202322006, "min_ms": 0.2091200053691864, "mean_ms": 0.21186300041154027}, {"bracket": 1, "arm": "B", "median_ms": 0.2115519940853119, "min_ms": 0.20838400721549988, "mean_ms": 0.21146100014448166}, {"bracket": 1, "arm": "F", "median_ms": 0.20934399962425232, "min_ms": 0.20739200711250305, "mean_ms": 0.2100440002977848}, {"bracket": 1, "arm": "A", "median_ms": 0.2125599980354309, "min_ms": 0.2062080055475235, "mean_ms": 0.2238380005583167}, {"bracket": 2, "arm": "F", "median_ms": 0.21214400231838226, "min_ms": 0.20572799444198608, "mean_ms": 0.2202459997497499}, {"bracket": 2, "arm": "B", "median_ms": 0.21115200221538544, "min_ms": 0.20924800634384155, "mean_ms": 0.21131899999454618}, {"bracket": 2, "arm": "A", "median_ms": 0.21134399622678757, "min_ms": 0.2022400051355362, "mean_ms": 0.21126400120556355}, {"bracket": 2, "arm": "A", "median_ms": 0.21224000304937363, "min_ms": 0.20979200303554535, "mean_ms": 0.21219800040125847}, {"bracket": 2, "arm": "B", "median_ms": 0.21086400002241135, "min_ms": 0.20739200711250305, "mean_ms": 0.21078999945893884}, {"bracket": 2, "arm": "F", "median_ms": 0.2101760059595108, "min_ms": 0.20796799659729004, "mean_ms": 0.21029300056397915}, {"bracket": 3, "arm": "B", "median_ms": 0.21078399568796158, "min_ms": 0.20828799903392792, "mean_ms": 0.21098699932917953}, {"bracket": 3, "arm": "A", "median_ms": 0.2112320065498352, "min_ms": 0.20272000133991241, "mean_ms": 0.21091700019314885}, {"bracket": 3, "arm": "F", "median_ms": 0.21113599836826324, "min_ms": 0.20448000729084015, "mean_ms": 0.21083300048485398}, {"bracket": 3, "arm": "F", "median_ms": 0.21035200357437134, "min_ms": 0.20841600000858307, "mean_ms": 0.21060700062662363}, {"bracket": 3, "arm": "A", "median_ms": 0.21112000197172165, "min_ms": 0.2059520035982132, "mean_ms": 0.2109079989604652}, {"bracket": 3, "arm": "B", "median_ms": 0.21059199422597885, "min_ms": 0.2061759978532791, "mean_ms": 0.21072199987247586}, {"bracket": 4, "arm": "A", "median_ms": 0.21132799983024597, "min_ms": 0.20588800311088562, "mean_ms": 0.21154299983754754}, {"bracket": 4, "arm": "F", "median_ms": 0.2096959948539734, "min_ms": 0.2022079974412918, "mean_ms": 0.20960300089791417}, {"bracket": 4, "arm": "B", "median_ms": 0.2112800031900406, "min_ms": 0.20892800390720367, "mean_ms": 0.21129600051790476}, {"bracket": 4, "arm": "B", "median_ms": 0.21112000197172165, "min_ms": 0.20867200195789337, "mean_ms": 0.21139700058847666}, {"bracket": 4, "arm": "F", "median_ms": 0.21056000143289566, "min_ms": 0.20828799903392792, "mean_ms": 0.21083200024440885}, {"bracket": 4, "arm": "A", "median_ms": 0.21225599944591522, "min_ms": 0.2008959949016571, "mean_ms": 0.21191199962049723}, {"bracket": 5, "arm": "F", "median_ms": 0.21027200669050217, "min_ms": 0.20476800203323364, "mean_ms": 0.21017200173810124}, {"bracket": 5, "arm": "B", "median_ms": 0.21057599782943726, "min_ms": 0.2091519981622696, "mean_ms": 0.21113499766215682}, {"bracket": 5, "arm": "A", "median_ms": 0.21129599958658218, "min_ms": 0.20371200144290924, "mean_ms": 0.21130899945273995}, {"bracket": 5, "arm": "A", "median_ms": 0.2112480029463768, "min_ms": 0.20947200059890747, "mean_ms": 0.2112720008008182}, {"bracket": 5, "arm": "B", "median_ms": 0.21129599958658218, "min_ms": 0.2035840004682541, "mean_ms": 0.21116399997845292}, {"bracket": 5, "arm": "F", "median_ms": 0.2099040001630783, "min_ms": 0.20819200575351715, "mean_ms": 0.21029100008308887}], "summary": {"B": {"mean_ms": 0.2111306649943193, "min_ms": 0.21057599782943726, "entries": 12, "fastest_replay_ms": 0.2035840004682541}, "A": {"mean_ms": 0.21155600001414618, "min_ms": 0.21051199734210968, "entries": 12, "fastest_replay_ms": 0.2008959949016571}, "F": {"mean_ms": 0.21027600082258383, "min_ms": 0.20921599864959717, "entries": 12, "fastest_replay_ms": 0.2022079974412918}}, "change": {"A": {"mean": 0.002014558235007291, "min": -0.00030393059032030045}, "F": {"mean": -0.004048034290795477, "min": -0.006458471971443114}}, "eviction_bytes": 0, "includes": "routed and shared experts, overlap/join, output cast/add", "excludes": "router selection, packet exchange/NIC, other layers", "request_groups": 1, "unique_experts": 10, "label": "1 group(s) of 16 related rows"}
{"lane": "timing", "rows": 16, "cache": "evicted", "samples": 6, "replays": 32, "labels": ["B", "A", "F"], "capture_order": ["F", "A", "B"], "entries": [{"bracket": 0, "arm": "B", "median_ms": 0.27513599395751953, "min_ms": 0.27299201488494873, "mean_ms": 0.27691500075161457}, {"bracket": 0, "arm": "A", "median_ms": 0.27006399631500244, "min_ms": 0.2680000066757202, "mean_ms": 0.27106800209730864}, {"bracket": 0, "arm": "F", "median_ms": 0.274399995803833, "min_ms": 0.27219200134277344, "mean_ms": 0.2745399968698621}, {"bracket": 0, "arm": "F", "median_ms": 0.2740959972143173, "min_ms": 0.2720640003681183, "mean_ms": 0.274100000038743}, {"bracket": 0, "arm": "A", "median_ms": 0.27004799246788025, "min_ms": 0.2680000066757202, "mean_ms": 0.2706020027399063}, {"bracket": 0, "arm": "B", "median_ms": 0.27513599395751953, "min_ms": 0.27299201488494873, "mean_ms": 0.27514899987727404}, {"bracket": 1, "arm": "A", "median_ms": 0.2701119929552078, "min_ms": 0.2672640085220337, "mean_ms": 0.2705460023134947}, {"bracket": 1, "arm": "F", "median_ms": 0.27380800247192383, "min_ms": 0.27107200026512146, "mean_ms": 0.27400500047951937}, {"bracket": 1, "arm": "B", "median_ms": 0.2751519978046417, "min_ms": 0.2728320062160492, "mean_ms": 0.2757770009338856}, {"bracket": 1, "arm": "B", "median_ms": 0.2751680016517639, "min_ms": 0.27238398790359497, "mean_ms": 0.275344998575747}, {"bracket": 1, "arm": "F", "median_ms": 0.27407999336719513, "min_ms": 0.2709760069847107, "mean_ms": 0.274277999997139}, {"bracket": 1, "arm": "A", "median_ms": 0.27001601457595825, "min_ms": 0.2680639922618866, "mean_ms": 0.2705150041729212}, {"bracket": 2, "arm": "F", "median_ms": 0.2735520005226135, "min_ms": 0.2712000012397766, "mean_ms": 0.27371400222182274}, {"bracket": 2, "arm": "B", "median_ms": 0.2751680016517639, "min_ms": 0.2730880081653595, "mean_ms": 0.2752290004864335}, {"bracket": 2, "arm": "A", "median_ms": 0.27008000016212463, "min_ms": 0.26796799898147583, "mean_ms": 0.27091299928724766}, {"bracket": 2, "arm": "A", "median_ms": 0.2709760069847107, "min_ms": 0.2683199942111969, "mean_ms": 0.270731003023684}, {"bracket": 2, "arm": "B", "median_ms": 0.2752480059862137, "min_ms": 0.2724800109863281, "mean_ms": 0.2755879983305931}, {"bracket": 2, "arm": "F", "median_ms": 0.27376000583171844, "min_ms": 0.2709760069847107, "mean_ms": 0.27424199879169464}, {"bracket": 3, "arm": "B", "median_ms": 0.27510400116443634, "min_ms": 0.2730239927768707, "mean_ms": 0.27515000104904175}, {"bracket": 3, "arm": "A", "median_ms": 0.270239993929863, "min_ms": 0.2669439911842346, "mean_ms": 0.27041200175881386}, {"bracket": 3, "arm": "F", "median_ms": 0.2741760015487671, "min_ms": 0.27219200134277344, "mean_ms": 0.27421499881893396}, {"bracket": 3, "arm": "F", "median_ms": 0.2740959972143173, "min_ms": 0.27209600806236267, "mean_ms": 0.2747889989987016}, {"bracket": 3, "arm": "A", "median_ms": 0.27003200352191925, "min_ms": 0.2677760124206543, "mean_ms": 0.27032200153917074}, {"bracket": 3, "arm": "B", "median_ms": 0.2756959944963455, "min_ms": 0.2722879946231842, "mean_ms": 0.27577800024300814}, {"bracket": 4, "arm": "A", "median_ms": 0.27055999636650085, "min_ms": 0.26796799898147583, "mean_ms": 0.2702119993045926}, {"bracket": 4, "arm": "F", "median_ms": 0.27423998713493347, "min_ms": 0.2715519964694977, "mean_ms": 0.27500199619680643}, {"bracket": 4, "arm": "B", "median_ms": 0.2751840054988861, "min_ms": 0.27209600806236267, "mean_ms": 0.27532799821347}, {"bracket": 4, "arm": "B", "median_ms": 0.275519996881485, "min_ms": 0.2728320062160492, "mean_ms": 0.2760399989783764}, {"bracket": 4, "arm": "F", "median_ms": 0.2744800001382828, "min_ms": 0.2717440128326416, "mean_ms": 0.27497899904847145}, {"bracket": 4, "arm": "A", "median_ms": 0.270687997341156, "min_ms": 0.26796799898147583, "mean_ms": 0.2704799994826317}, {"bracket": 5, "arm": "F", "median_ms": 0.2741599977016449, "min_ms": 0.27187201380729675, "mean_ms": 0.2747520003467798}, {"bracket": 5, "arm": "B", "median_ms": 0.2746080011129379, "min_ms": 0.27244800329208374, "mean_ms": 0.2749420003965497}, {"bracket": 5, "arm": "A", "median_ms": 0.2701440006494522, "min_ms": 0.2682879865169525, "mean_ms": 0.27191300224512815}, {"bracket": 5, "arm": "A", "median_ms": 0.27025599777698517, "min_ms": 0.268095999956131, "mean_ms": 0.27048500068485737}, {"bracket": 5, "arm": "B", "median_ms": 0.2750079929828644, "min_ms": 0.2728640139102936, "mean_ms": 0.2750369990244508}, {"bracket": 5, "arm": "F", "median_ms": 0.2740800082683563, "min_ms": 0.2720319926738739, "mean_ms": 0.27415299974381924}], "summary": {"B": {"mean_ms": 0.27517733226219815, "min_ms": 0.2746080011129379, "entries": 12, "fastest_replay_ms": 0.27209600806236267}, "A": {"mean_ms": 0.2702679994205634, "min_ms": 0.27001601457595825, "entries": 12, "fastest_replay_ms": 0.2669439911842346}, "F": {"mean_ms": 0.2740773322681586, "min_ms": 0.2735520005226135, "entries": 12, "fastest_replay_ms": 0.2709760069847107}}, "change": {"A": {"mean": -0.01784061500006462, "min": -0.01672196920107627}, "F": {"mean": -0.0039974222622065625, "min": -0.003845483693281415}}, "eviction_bytes": 134217728, "includes": "routed and shared experts, overlap/join, output cast/add", "excludes": "router selection, packet exchange/NIC, other layers", "request_groups": 1, "unique_experts": 10, "label": "1 group(s) of 16 related rows"}
{"lane": "timing", "rows": 16, "cache": "warm", "samples": 6, "replays": 32, "labels": ["B", "A", "F"], "capture_order": ["B", "A", "F"], "entries": [{"bracket": 0, "arm": "B", "median_ms": 0.37248000502586365, "min_ms": 0.3696320056915283, "mean_ms": 0.37345000077039003}, {"bracket": 0, "arm": "A", "median_ms": 0.373088002204895, "min_ms": 0.3707840144634247, "mean_ms": 0.3734419960528612}, {"bracket": 0, "arm": "F", "median_ms": 0.37166400253772736, "min_ms": 0.3691839873790741, "mean_ms": 0.37218800000846386}, {"bracket": 0, "arm": "F", "median_ms": 0.371616005897522, "min_ms": 0.36825600266456604, "mean_ms": 0.3712850008159876}, {"bracket": 0, "arm": "A", "median_ms": 0.3728480041027069, "min_ms": 0.3633599877357483, "mean_ms": 0.3730599982663989}, {"bracket": 0, "arm": "B", "median_ms": 0.3717760145664215, "min_ms": 0.36800000071525574, "mean_ms": 0.37163100484758615}, {"bracket": 1, "arm": "A", "median_ms": 0.3731359988451004, "min_ms": 0.36905598640441895, "mean_ms": 0.3726379983127117}, {"bracket": 1, "arm": "F", "median_ms": 0.37246400117874146, "min_ms": 0.36774399876594543, "mean_ms": 0.37292400002479553}, {"bracket": 1, "arm": "B", "median_ms": 0.3715519905090332, "min_ms": 0.3686720132827759, "mean_ms": 0.3717650016769767}, {"bracket": 1, "arm": "B", "median_ms": 0.3720320016145706, "min_ms": 0.36713600158691406, "mean_ms": 0.3721219999715686}, {"bracket": 1, "arm": "F", "median_ms": 0.3713440001010895, "min_ms": 0.3680639863014221, "mean_ms": 0.3717900002375245}, {"bracket": 1, "arm": "A", "median_ms": 0.37296000123023987, "min_ms": 0.36191999912261963, "mean_ms": 0.3726610019803047}, {"bracket": 2, "arm": "F", "median_ms": 0.3709920048713684, "min_ms": 0.36774399876594543, "mean_ms": 0.3714170018211007}, {"bracket": 2, "arm": "B", "median_ms": 0.3726720064878464, "min_ms": 0.3668479919433594, "mean_ms": 0.37200399953871965}, {"bracket": 2, "arm": "A", "median_ms": 0.37244801223278046, "min_ms": 0.3630400002002716, "mean_ms": 0.37279099598526955}, {"bracket": 2, "arm": "A", "median_ms": 0.3731199949979782, "min_ms": 0.3708159923553467, "mean_ms": 0.37349899858236313}, {"bracket": 2, "arm": "B", "median_ms": 0.3720159977674484, "min_ms": 0.3678719997406006, "mean_ms": 0.37180300056934357}, {"bracket": 2, "arm": "F", "median_ms": 0.3715360015630722, "min_ms": 0.36924800276756287, "mean_ms": 0.37233199924230576}, {"bracket": 3, "arm": "B", "median_ms": 0.3717759996652603, "min_ms": 0.3678080141544342, "mean_ms": 0.3719159997999668}, {"bracket": 3, "arm": "A", "median_ms": 0.37329599261283875, "min_ms": 0.3627839982509613, "mean_ms": 0.37310999631881714}, {"bracket": 3, "arm": "F", "median_ms": 0.3720159977674484, "min_ms": 0.3680959939956665, "mean_ms": 0.3724539987742901}, {"bracket": 3, "arm": "F", "median_ms": 0.3715520054101944, "min_ms": 0.368831992149353, "mean_ms": 0.3715409990400076}, {"bracket": 3, "arm": "A", "median_ms": 0.37303999066352844, "min_ms": 0.36083200573921204, "mean_ms": 0.3731400007382035}, {"bracket": 3, "arm": "B", "median_ms": 0.3720480054616928, "min_ms": 0.3681600093841553, "mean_ms": 0.3724950011819601}, {"bracket": 4, "arm": "A", "median_ms": 0.37305599451065063, "min_ms": 0.3657279908657074, "mean_ms": 0.3730849977582693}, {"bracket": 4, "arm": "F", "median_ms": 0.37092798948287964, "min_ms": 0.3670719861984253, "mean_ms": 0.3710089959204197}, {"bracket": 4, "arm": "B", "median_ms": 0.3710080087184906, "min_ms": 0.36796799302101135, "mean_ms": 0.37111799977719784}, {"bracket": 4, "arm": "B", "median_ms": 0.37113599479198456, "min_ms": 0.3686400055885315, "mean_ms": 0.3717190008610487}, {"bracket": 4, "arm": "F", "median_ms": 0.3716159909963608, "min_ms": 0.3683199882507324, "mean_ms": 0.3718449976295233}, {"bracket": 4, "arm": "A", "median_ms": 0.3731679916381836, "min_ms": 0.3611519932746887, "mean_ms": 0.3734779981896281}, {"bracket": 5, "arm": "F", "median_ms": 0.37012800574302673, "min_ms": 0.36473599076271057, "mean_ms": 0.37070199847221375}, {"bracket": 5, "arm": "B", "median_ms": 0.37196798622608185, "min_ms": 0.3681600093841553, "mean_ms": 0.3720569983124733}, {"bracket": 5, "arm": "A", "median_ms": 0.3728960007429123, "min_ms": 0.3699840009212494, "mean_ms": 0.37291899882256985}, {"bracket": 5, "arm": "A", "median_ms": 0.37299199402332306, "min_ms": 0.3699199855327606, "mean_ms": 0.3731639990583062}, {"bracket": 5, "arm": "B", "median_ms": 0.37088000774383545, "min_ms": 0.36768001317977905, "mean_ms": 0.3712400011718273}, {"bracket": 5, "arm": "F", "median_ms": 0.3723679929971695, "min_ms": 0.3675200045108795, "mean_ms": 0.37340700160712004}], "summary": {"B": {"mean_ms": 0.37177866821487743, "min_ms": 0.37088000774383545, "entries": 12, "fastest_replay_ms": 0.3668479919433594}, "A": {"mean_ms": 0.3730039981504281, "min_ms": 0.37244801223278046, "entries": 12, "fastest_replay_ms": 0.36083200573921204}, "F": {"mean_ms": 0.37151866654555005, "min_ms": 0.37012800574302673, "entries": 12, "fastest_replay_ms": 0.36473599076271057}}, "change": {"A": {"mean": 0.003295858639319471, "min": 0.004227794586404432}, "F": {"mean": -0.0006993453136399097, "min": -0.0020276153610526704}}, "eviction_bytes": 0, "includes": "routed and shared experts, overlap/join, output cast/add", "excludes": "router selection, packet exchange/NIC, other layers", "request_groups": 2, "unique_experts": 20, "label": "2 group(s) of 8 related rows"}
{"lane": "timing", "rows": 16, "cache": "evicted", "samples": 6, "replays": 32, "labels": ["B", "A", "F"], "capture_order": ["B", "A", "F"], "entries": [{"bracket": 0, "arm": "B", "median_ms": 0.42799998819828033, "min_ms": 0.42364799976348877, "mean_ms": 0.4286800008267164}, {"bracket": 0, "arm": "A", "median_ms": 0.42671999335289, "min_ms": 0.42054399847984314, "mean_ms": 0.42661300022155046}, {"bracket": 0, "arm": "F", "median_ms": 0.4277759939432144, "min_ms": 0.42419201135635376, "mean_ms": 0.4281439986079931}, {"bracket": 0, "arm": "F", "median_ms": 0.4278559982776642, "min_ms": 0.4246399998664856, "mean_ms": 0.4289579978212714}, {"bracket": 0, "arm": "A", "median_ms": 0.4275200068950653, "min_ms": 0.42163199186325073, "mean_ms": 0.42666899878531694}, {"bracket": 0, "arm": "B", "median_ms": 0.4277600049972534, "min_ms": 0.4249599874019623, "mean_ms": 0.4278749991208315}, {"bracket": 1, "arm": "A", "median_ms": 0.42686399817466736, "min_ms": 0.4217279851436615, "mean_ms": 0.4271229961887002}, {"bracket": 1, "arm": "F", "median_ms": 0.4280800074338913, "min_ms": 0.4242880046367645, "mean_ms": 0.4286519978195429}, {"bracket": 1, "arm": "B", "median_ms": 0.4307679980993271, "min_ms": 0.4267840087413788, "mean_ms": 0.43076599948108196}, {"bracket": 1, "arm": "B", "median_ms": 0.43136000633239746, "min_ms": 0.42710399627685547, "mean_ms": 0.4320849981158972}, {"bracket": 1, "arm": "F", "median_ms": 0.4304640144109726, "min_ms": 0.4256959855556488, "mean_ms": 0.43081799894571304}, {"bracket": 1, "arm": "A", "median_ms": 0.42820799350738525, "min_ms": 0.4216639995574951, "mean_ms": 0.42911199666559696}, {"bracket": 2, "arm": "F", "median_ms": 0.43086399137973785, "min_ms": 0.42668798565864563, "mean_ms": 0.4323449982330203}, {"bracket": 2, "arm": "B", "median_ms": 0.4280799925327301, "min_ms": 0.424703985452652, "mean_ms": 0.42849999759346247}, {"bracket": 2, "arm": "A", "median_ms": 0.43433599174022675, "min_ms": 0.42419201135635376, "mean_ms": 0.4488409999758005}, {"bracket": 2, "arm": "A", "median_ms": 0.4394720047712326, "min_ms": 0.42467200756073, "mean_ms": 0.4556450042873621}, {"bracket": 2, "arm": "B", "median_ms": 0.43160000443458557, "min_ms": 0.42694398760795593, "mean_ms": 0.4329009987413883}, {"bracket": 2, "arm": "F", "median_ms": 0.43087999522686005, "min_ms": 0.4261760115623474, "mean_ms": 0.43179299868643284}, {"bracket": 3, "arm": "B", "median_ms": 0.42876800894737244, "min_ms": 0.4246399998664856, "mean_ms": 0.42916599940508604}, {"bracket": 3, "arm": "A", "median_ms": 0.42604799568653107, "min_ms": 0.4211840033531189, "mean_ms": 0.4255279991775751}, {"bracket": 3, "arm": "F", "median_ms": 0.42771199345588684, "min_ms": 0.42364799976348877, "mean_ms": 0.42784399818629026}, {"bracket": 3, "arm": "F", "median_ms": 0.4283199906349182, "min_ms": 0.4235199987888336, "mean_ms": 0.4284999966621399}, {"bracket": 3, "arm": "A", "median_ms": 0.4256959855556488, "min_ms": 0.42054399847984314, "mean_ms": 0.4257959984242916}, {"bracket": 3, "arm": "B", "median_ms": 0.4283680021762848, "min_ms": 0.4252159893512726, "mean_ms": 0.42888399865478277}, {"bracket": 4, "arm": "A", "median_ms": 0.4257599860429764, "min_ms": 0.42160001397132874, "mean_ms": 0.42657799925655127}, {"bracket": 4, "arm": "F", "median_ms": 0.42844800651073456, "min_ms": 0.4236159920692444, "mean_ms": 0.4284749999642372}, {"bracket": 4, "arm": "B", "median_ms": 0.42768000066280365, "min_ms": 0.42371198534965515, "mean_ms": 0.4276729980483651}, {"bracket": 4, "arm": "B", "median_ms": 0.4277440011501312, "min_ms": 0.4246079921722412, "mean_ms": 0.4293179977685213}, {"bracket": 4, "arm": "F", "median_ms": 0.4276160001754761, "min_ms": 0.4239040017127991, "mean_ms": 0.42734599858522415}, {"bracket": 4, "arm": "A", "median_ms": 0.4264799952507019, "min_ms": 0.4214079976081848, "mean_ms": 0.42583599779754877}, {"bracket": 5, "arm": "F", "median_ms": 0.42873600125312805, "min_ms": 0.4238719940185547, "mean_ms": 0.42870199773460627}, {"bracket": 5, "arm": "B", "median_ms": 0.42788800597190857, "min_ms": 0.4232960045337677, "mean_ms": 0.4284570012241602}, {"bracket": 5, "arm": "A", "median_ms": 0.4275519996881485, "min_ms": 0.42156800627708435, "mean_ms": 0.42733899876475334}, {"bracket": 5, "arm": "A", "median_ms": 0.4256640076637268, "min_ms": 0.4190399944782257, "mean_ms": 0.42614200059324503}, {"bracket": 5, "arm": "B", "median_ms": 0.429392009973526, "min_ms": 0.42559999227523804, "mean_ms": 0.43033199943602085}, {"bracket": 5, "arm": "F", "median_ms": 0.42820800840854645, "min_ms": 0.4241600036621094, "mean_ms": 0.4286759998649359}], "summary": {"B": {"mean_ms": 0.42895066862305004, "min_ms": 0.42768000066280365, "entries": 12, "fastest_replay_ms": 0.4232960045337677}, "A": {"mean_ms": 0.4283599965274334, "min_ms": 0.4256640076637268, "entries": 12, "fastest_replay_ms": 0.4190399944782257}, "F": {"mean_ms": 0.42874666675925255, "min_ms": 0.4276160001754761, "entries": 12, "fastest_replay_ms": 0.4235199987888336}}, "change": {"A": {"mean": -0.0013770163769943888, "min": -0.004713788336963454}, "F": {"mean": -0.0004755835081277082, "min": -0.00014964573332487685}}, "eviction_bytes": 134217728, "includes": "routed and shared experts, overlap/join, output cast/add", "excludes": "router selection, packet exchange/NIC, other layers", "request_groups": 2, "unique_experts": 20, "label": "2 group(s) of 8 related rows"}
{"lane": "component_timing", "rows": 8, "cache": "warm", "samples": 6, "replays": 32, "labels": ["R", "H", "C"], "capture_order": ["R", "H", "C"], "entries": [{"bracket": 0, "arm": "R", "median_ms": 0.8298560082912445, "min_ms": 0.8190720081329346, "mean_ms": 0.8334870003163815}, {"bracket": 0, "arm": "H", "median_ms": 0.02107200026512146, "min_ms": 0.0208320003002882, "mean_ms": 0.02194199984660372}, {"bracket": 0, "arm": "C", "median_ms": 0.022448000498116016, "min_ms": 0.02127999998629093, "mean_ms": 0.022452000062912703}, {"bracket": 0, "arm": "C", "median_ms": 0.022752000018954277, "min_ms": 0.021376000717282295, "mean_ms": 0.022418999986257404}, {"bracket": 0, "arm": "H", "median_ms": 0.021088000386953354, "min_ms": 0.0208320003002882, "mean_ms": 0.021296999999321997}, {"bracket": 0, "arm": "R", "median_ms": 0.8254880011081696, "min_ms": 0.8194239735603333, "mean_ms": 0.8268029987812042}, {"bracket": 1, "arm": "H", "median_ms": 0.02112000063061714, "min_ms": 0.020896000787615776, "mean_ms": 0.021703000005800277}, {"bracket": 1, "arm": "C", "median_ms": 0.02230399940162897, "min_ms": 0.021344000473618507, "mean_ms": 0.02227600000333041}, {"bracket": 1, "arm": "R", "median_ms": 0.826559990644455, "min_ms": 0.818015992641449, "mean_ms": 0.8275230005383492}, {"bracket": 1, "arm": "R", "median_ms": 0.8264319896697998, "min_ms": 0.8195520043373108, "mean_ms": 0.8265069983899593}, {"bracket": 1, "arm": "C", "median_ms": 0.022847999818623066, "min_ms": 0.021344000473618507, "mean_ms": 0.02295699989190325}, {"bracket": 1, "arm": "H", "median_ms": 0.021344000473618507, "min_ms": 0.020927999168634415, "mean_ms": 0.021601000044029206}, {"bracket": 2, "arm": "C", "median_ms": 0.021920000202953815, "min_ms": 0.021407999098300934, "mean_ms": 0.022230999951716512}, {"bracket": 2, "arm": "R", "median_ms": 0.8249280154705048, "min_ms": 0.8167359828948975, "mean_ms": 0.8253439981490374}, {"bracket": 2, "arm": "H", "median_ms": 0.021104000508785248, "min_ms": 0.0208320003002882, "mean_ms": 0.021557000174652785}, {"bracket": 2, "arm": "H", "median_ms": 0.02115200087428093, "min_ms": 0.020896000787615776, "mean_ms": 0.021431000146549195}, {"bracket": 2, "arm": "R", "median_ms": 0.8246240019798279, "min_ms": 0.8187839984893799, "mean_ms": 0.8272299990057945}, {"bracket": 2, "arm": "C", "median_ms": 0.021776000037789345, "min_ms": 0.021215999498963356, "mean_ms": 0.022435999824665487}, {"bracket": 3, "arm": "R", "median_ms": 0.8238880038261414, "min_ms": 0.8184000253677368, "mean_ms": 0.823741003870964}, {"bracket": 3, "arm": "H", "median_ms": 0.02137599978595972, "min_ms": 0.021023999899625778, "mean_ms": 0.021846999938134104}, {"bracket": 3, "arm": "C", "median_ms": 0.021776000037789345, "min_ms": 0.02143999934196472, "mean_ms": 0.02222400007303804}, {"bracket": 3, "arm": "C", "median_ms": 0.02175999991595745, "min_ms": 0.021183999255299568, "mean_ms": 0.0220399999525398}, {"bracket": 3, "arm": "H", "median_ms": 0.02127999998629093, "min_ms": 0.020896000787615776, "mean_ms": 0.021372999937739223}, {"bracket": 3, "arm": "R", "median_ms": 0.8239679932594299, "min_ms": 0.8169280290603638, "mean_ms": 0.8240680005401373}, {"bracket": 4, "arm": "H", "median_ms": 0.021199999377131462, "min_ms": 0.020896000787615776, "mean_ms": 0.021652999974321574}, {"bracket": 4, "arm": "C", "median_ms": 0.022895999252796173, "min_ms": 0.021407999098300934, "mean_ms": 0.022644000127911568}, {"bracket": 4, "arm": "R", "median_ms": 0.8234879970550537, "min_ms": 0.814303994178772, "mean_ms": 0.8232240006327629}, {"bracket": 4, "arm": "R", "median_ms": 0.8225600123405457, "min_ms": 0.8176959753036499, "mean_ms": 0.8233840055763721}, {"bracket": 4, "arm": "C", "median_ms": 0.02280000038444996, "min_ms": 0.02143999934196472, "mean_ms": 0.022752000018954277}, {"bracket": 4, "arm": "H", "median_ms": 0.021183999255299568, "min_ms": 0.020800000056624413, "mean_ms": 0.021594000048935413}, {"bracket": 5, "arm": "C", "median_ms": 0.022576000541448593, "min_ms": 0.021376000717282295, "mean_ms": 0.02230100001906976}, {"bracket": 5, "arm": "R", "median_ms": 0.823199987411499, "min_ms": 0.8176959753036499, "mean_ms": 0.8244060017168522}, {"bracket": 5, "arm": "H", "median_ms": 0.021088000386953354, "min_ms": 0.0208320003002882, "mean_ms": 0.02161499997600913}, {"bracket": 5, "arm": "H", "median_ms": 0.021088000386953354, "min_ms": 0.020927999168634415, "mean_ms": 0.021221999952103943}, {"bracket": 5, "arm": "R", "median_ms": 0.8323200047016144, "min_ms": 0.8247039914131165, "mean_ms": 0.8331450000405312}, {"bracket": 5, "arm": "C", "median_ms": 0.02190400008112192, "min_ms": 0.02131200022995472, "mean_ms": 0.022432000085245818}], "summary": {"R": {"mean_ms": 0.8256093338131905, "min_ms": 0.8225600123405457, "entries": 12, "fastest_replay_ms": 0.814303994178772}, "H": {"mean_ms": 0.02117466685983042, "min_ms": 0.02107200026512146, "entries": 12, "fastest_replay_ms": 0.020800000056624413}, "C": {"mean_ms": 0.02231333334930241, "min_ms": 0.02175999991595745, "entries": 12, "fastest_replay_ms": 0.021183999255299568}}, "change": {"H": {"mean": -0.9743526799024518, "min": -0.9743824159344163}, "C": {"mean": -0.9729734967430114, "min": -0.9735460032222565}}, "eviction_bytes": 0, "includes": "R: routed kernel and cast/add over a zero shared row; H: fused shared MLP; C: serial chain", "excludes": "router selection, packet exchange/NIC, other layers", "request_groups": 0, "unique_experts": 53, "label": "independent"}
{"lane": "component_timing", "rows": 8, "cache": "evicted", "samples": 6, "replays": 32, "labels": ["R", "H", "C"], "capture_order": ["R", "H", "C"], "entries": [{"bracket": 0, "arm": "R", "median_ms": 0.8844159841537476, "min_ms": 0.8782399892807007, "mean_ms": 0.8844800014048815}, {"bracket": 0, "arm": "H", "median_ms": 0.049616001546382904, "min_ms": 0.0488319993019104, "mean_ms": 0.04955499991774559}, {"bracket": 0, "arm": "C", "median_ms": 0.0488319993019104, "min_ms": 0.04816000163555145, "mean_ms": 0.04900999995879829}, {"bracket": 0, "arm": "C", "median_ms": 0.04886399954557419, "min_ms": 0.047807998955249786, "mean_ms": 0.04909699980635196}, {"bracket": 0, "arm": "H", "median_ms": 0.04975999891757965, "min_ms": 0.04819199815392494, "mean_ms": 0.04959299962501973}, {"bracket": 0, "arm": "R", "median_ms": 0.8813440203666687, "min_ms": 0.8774080276489258, "mean_ms": 0.8819720055907965}, {"bracket": 1, "arm": "H", "median_ms": 0.049855999648571014, "min_ms": 0.0488319993019104, "mean_ms": 0.0495649998774752}, {"bracket": 1, "arm": "C", "median_ms": 0.04887999966740608, "min_ms": 0.0480320006608963, "mean_ms": 0.049108999664895236}, {"bracket": 1, "arm": "R", "median_ms": 0.8828159868717194, "min_ms": 0.877951979637146, "mean_ms": 0.8838159963488579}, {"bracket": 1, "arm": "R", "median_ms": 0.883215993642807, "min_ms": 0.8744959831237793, "mean_ms": 0.8833750002086163}, {"bracket": 1, "arm": "C", "median_ms": 0.04886399954557419, "min_ms": 0.047680001705884933, "mean_ms": 0.049065999570302665}, {"bracket": 1, "arm": "H", "median_ms": 0.049855999648571014, "min_ms": 0.04873599857091904, "mean_ms": 0.0495769998524338}, {"bracket": 2, "arm": "C", "median_ms": 0.04886399954557419, "min_ms": 0.04851200059056282, "mean_ms": 0.049162999843247235}, {"bracket": 2, "arm": "R", "median_ms": 0.8837119936943054, "min_ms": 0.8772799968719482, "mean_ms": 0.887794004753232}, {"bracket": 2, "arm": "H", "median_ms": 0.04907200112938881, "min_ms": 0.048767998814582825, "mean_ms": 0.049381999764591455}, {"bracket": 2, "arm": "H", "median_ms": 0.04979199916124344, "min_ms": 0.04800000041723251, "mean_ms": 0.0496430000057444}, {"bracket": 2, "arm": "R", "median_ms": 0.8819360136985779, "min_ms": 0.8762239813804626, "mean_ms": 0.8826540037989616}, {"bracket": 2, "arm": "C", "median_ms": 0.04886399954557419, "min_ms": 0.048448000103235245, "mean_ms": 0.04913399985525757}, {"bracket": 3, "arm": "R", "median_ms": 0.8841759860515594, "min_ms": 0.8752319812774658, "mean_ms": 0.8853409998118877}, {"bracket": 3, "arm": "H", "median_ms": 0.049855999648571014, "min_ms": 0.0488319993019104, "mean_ms": 0.04997599986381829}, {"bracket": 3, "arm": "C", "median_ms": 0.04886399954557419, "min_ms": 0.047839999198913574, "mean_ms": 0.04916299972683191}, {"bracket": 3, "arm": "C", "median_ms": 0.04886399954557419, "min_ms": 0.04806400090456009, "mean_ms": 0.04910699976608157}, {"bracket": 3, "arm": "H", "median_ms": 0.04931199923157692, "min_ms": 0.04870399832725525, "mean_ms": 0.04960499994922429}, {"bracket": 3, "arm": "R", "median_ms": 0.8900639712810516, "min_ms": 0.8801599740982056, "mean_ms": 0.9005659986287355}, {"bracket": 4, "arm": "H", "median_ms": 0.049584001302719116, "min_ms": 0.04879999905824661, "mean_ms": 0.050583000062033534}, {"bracket": 4, "arm": "C", "median_ms": 0.04886399954557419, "min_ms": 0.04848000034689903, "mean_ms": 0.04908099980093539}, {"bracket": 4, "arm": "R", "median_ms": 0.8819359838962555, "min_ms": 0.8776000142097473, "mean_ms": 0.8828580044209957}, {"bracket": 4, "arm": "R", "median_ms": 0.8844799995422363, "min_ms": 0.874176025390625, "mean_ms": 0.8841860014945269}, {"bracket": 4, "arm": "C", "median_ms": 0.04886399954557419, "min_ms": 0.04870399832725525, "mean_ms": 0.049154999549500644}, {"bracket": 4, "arm": "H", "median_ms": 0.04950400069355965, "min_ms": 0.04822399839758873, "mean_ms": 0.04948099981993437}, {"bracket": 5, "arm": "C", "median_ms": 0.04891199991106987, "min_ms": 0.04790399968624115, "mean_ms": 0.049579999526031315}, {"bracket": 5, "arm": "R", "median_ms": 0.8930079936981201, "min_ms": 0.8842880129814148, "mean_ms": 0.8957499954849482}, {"bracket": 5, "arm": "H", "median_ms": 0.04939199984073639, "min_ms": 0.04848000034689903, "mean_ms": 0.049513000063598156}, {"bracket": 5, "arm": "H", "median_ms": 0.04904000088572502, "min_ms": 0.048287998884916306, "mean_ms": 0.04931599972769618}, {"bracket": 5, "arm": "R", "median_ms": 0.8823999762535095, "min_ms": 0.8782719969749451, "mean_ms": 0.8827560003846884}, {"bracket": 5, "arm": "C", "median_ms": 0.04886399954557419, "min_ms": 0.047807998955249786, "mean_ms": 0.04901799978688359}], "summary": {"R": {"mean_ms": 0.8844586585958799, "min_ms": 0.8813440203666687, "entries": 12, "fastest_replay_ms": 0.874176025390625}, "H": {"mean_ms": 0.04955333347121874, "min_ms": 0.04904000088572502, "entries": 12, "fastest_replay_ms": 0.04800000041723251}, "C": {"mean_ms": 0.04886666623254617, "min_ms": 0.0488319993019104, "entries": 12, "fastest_replay_ms": 0.047680001705884933}}, "change": {"H": {"mean": -0.9439732620743552, "min": -0.9443577085082818}, "C": {"mean": -0.9447496321533848, "min": -0.944593713494993}}, "eviction_bytes": 134217728, "includes": "R: routed kernel and cast/add over a zero shared row; H: fused shared MLP; C: serial chain", "excludes": "router selection, packet exchange/NIC, other layers", "request_groups": 0, "unique_experts": 53, "label": "independent"}
{"lane": "component_timing", "rows": 8, "cache": "warm", "samples": 6, "replays": 32, "labels": ["R", "H", "C"], "capture_order": ["C", "H", "R"], "entries": [{"bracket": 0, "arm": "R", "median_ms": 0.1258239969611168, "min_ms": 0.12140800058841705, "mean_ms": 0.12695499951951206}, {"bracket": 0, "arm": "H", "median_ms": 0.021344000473618507, "min_ms": 0.020896000787615776, "mean_ms": 0.02218300011008978}, {"bracket": 0, "arm": "C", "median_ms": 0.022943999618291855, "min_ms": 0.021503999829292297, "mean_ms": 0.022944999858736992}, {"bracket": 0, "arm": "C", "median_ms": 0.022943999618291855, "min_ms": 0.021407999098300934, "mean_ms": 0.02300899982219562}, {"bracket": 0, "arm": "H", "median_ms": 0.021183999255299568, "min_ms": 0.0208320003002882, "mean_ms": 0.021373000112362206}, {"bracket": 0, "arm": "R", "median_ms": 0.12548799812793732, "min_ms": 0.12220799922943115, "mean_ms": 0.12582499929703772}, {"bracket": 1, "arm": "H", "median_ms": 0.021136000752449036, "min_ms": 0.020896000787615776, "mean_ms": 0.021506000077351928}, {"bracket": 1, "arm": "C", "median_ms": 0.022895999252796173, "min_ms": 0.021503999829292297, "mean_ms": 0.022644999902695417}, {"bracket": 1, "arm": "R", "median_ms": 0.12585600465536118, "min_ms": 0.1233920007944107, "mean_ms": 0.12666999967768788}, {"bracket": 1, "arm": "R", "median_ms": 0.12592000514268875, "min_ms": 0.12352000176906586, "mean_ms": 0.12607999937608838}, {"bracket": 1, "arm": "C", "median_ms": 0.022784000262618065, "min_ms": 0.02143999934196472, "mean_ms": 0.02279899996938184}, {"bracket": 1, "arm": "H", "median_ms": 0.02116800006479025, "min_ms": 0.02099199965596199, "mean_ms": 0.021306000067852437}, {"bracket": 2, "arm": "C", "median_ms": 0.022847999818623066, "min_ms": 0.02163200080394745, "mean_ms": 0.0225030001020059}, {"bracket": 2, "arm": "R", "median_ms": 0.12598399817943573, "min_ms": 0.12352000176906586, "mean_ms": 0.12639400037005544}, {"bracket": 2, "arm": "H", "median_ms": 0.021296000108122826, "min_ms": 0.0208320003002882, "mean_ms": 0.021782000141683966}, {"bracket": 2, "arm": "H", "median_ms": 0.021247999742627144, "min_ms": 0.021023999899625778, "mean_ms": 0.02144299994688481}, {"bracket": 2, "arm": "R", "median_ms": 0.12566399574279785, "min_ms": 0.12303999811410904, "mean_ms": 0.12648700014688075}, {"bracket": 2, "arm": "C", "median_ms": 0.022784000262618065, "min_ms": 0.021376000717282295, "mean_ms": 0.02273499994771555}, {"bracket": 3, "arm": "R", "median_ms": 0.12619199603796005, "min_ms": 0.12163200229406357, "mean_ms": 0.12642999994568527}, {"bracket": 3, "arm": "H", "median_ms": 0.021215999498963356, "min_ms": 0.02099199965596199, "mean_ms": 0.021638000034727156}, {"bracket": 3, "arm": "C", "median_ms": 0.02287999913096428, "min_ms": 0.021503999829292297, "mean_ms": 0.022637999907601625}, {"bracket": 3, "arm": "C", "median_ms": 0.022671999409794807, "min_ms": 0.02147199958562851, "mean_ms": 0.022441999928560108}, {"bracket": 3, "arm": "H", "median_ms": 0.021391999907791615, "min_ms": 0.021088000386953354, "mean_ms": 0.0215220000827685}, {"bracket": 3, "arm": "R", "median_ms": 0.12535999715328217, "min_ms": 0.12214399874210358, "mean_ms": 0.12600100110284984}, {"bracket": 4, "arm": "H", "median_ms": 0.02123199962079525, "min_ms": 0.0208320003002882, "mean_ms": 0.02175699995132163}, {"bracket": 4, "arm": "C", "median_ms": 0.022895999252796173, "min_ms": 0.021503999829292297, "mean_ms": 0.022721999848727137}, {"bracket": 4, "arm": "R", "median_ms": 0.1255519986152649, "min_ms": 0.1215360015630722, "mean_ms": 0.126232999144122}, {"bracket": 4, "arm": "R", "median_ms": 0.12537600100040436, "min_ms": 0.12150400131940842, "mean_ms": 0.12524100067093968}, {"bracket": 4, "arm": "C", "median_ms": 0.022943999618291855, "min_ms": 0.02147199958562851, "mean_ms": 0.022927000070922077}, {"bracket": 4, "arm": "H", "median_ms": 0.021104000508785248, "min_ms": 0.020864000543951988, "mean_ms": 0.02156800002558157}, {"bracket": 5, "arm": "C", "median_ms": 0.022895999252796173, "min_ms": 0.021407999098300934, "mean_ms": 0.02259900001809001}, {"bracket": 5, "arm": "R", "median_ms": 0.12559999525547028, "min_ms": 0.1226240023970604, "mean_ms": 0.12675799941644073}, {"bracket": 5, "arm": "H", "median_ms": 0.021088000386953354, "min_ms": 0.020800000056624413, "mean_ms": 0.021480999886989594}, {"bracket": 5, "arm": "H", "median_ms": 0.021183999255299568, "min_ms": 0.020864000543951988, "mean_ms": 0.021453000197652727}, {"bracket": 5, "arm": "R", "median_ms": 0.1247359998524189, "min_ms": 0.12150400131940842, "mean_ms": 0.12541799992322922}, {"bracket": 5, "arm": "C", "median_ms": 0.022735999897122383, "min_ms": 0.021407999098300934, "mean_ms": 0.022664999938569963}], "summary": {"R": {"mean_ms": 0.12562933222701153, "min_ms": 0.1247359998524189, "entries": 12, "fastest_replay_ms": 0.12140800058841705}, "H": {"mean_ms": 0.021215999964624643, "min_ms": 0.021088000386953354, "entries": 12, "fastest_replay_ms": 0.020800000056624413}, "C": {"mean_ms": 0.022851999616250396, "min_ms": 0.022671999409794807, "entries": 12, "fastest_replay_ms": 0.021376000717282295}}, "change": {"H": {"mean": -0.8311222420072453, "min": -0.8309389397455139}, "C": {"mean": -0.8180998082919285, "min": -0.8182401276566578}}, "eviction_bytes": 0, "includes": "R: routed kernel and cast/add over a zero shared row; H: fused shared MLP; C: serial chain", "excludes": "router selection, packet exchange/NIC, other layers", "request_groups": 1, "unique_experts": 8, "label": "1 group(s) of 8 related rows"}
{"lane": "component_timing", "rows": 8, "cache": "evicted", "samples": 6, "replays": 32, "labels": ["R", "H", "C"], "capture_order": ["C", "H", "R"], "entries": [{"bracket": 0, "arm": "R", "median_ms": 0.21668799966573715, "min_ms": 0.2131199985742569, "mean_ms": 0.2163410005159676}, {"bracket": 0, "arm": "H", "median_ms": 0.0498879998922348, "min_ms": 0.04879999905824661, "mean_ms": 0.049998999922536314}, {"bracket": 0, "arm": "C", "median_ms": 0.049056001007556915, "min_ms": 0.04867200180888176, "mean_ms": 0.04948499985039234}, {"bracket": 0, "arm": "C", "median_ms": 0.049056001007556915, "min_ms": 0.048448000103235245, "mean_ms": 0.04930999979842454}, {"bracket": 0, "arm": "H", "median_ms": 0.04980799928307533, "min_ms": 0.0488319993019104, "mean_ms": 0.04984099988359958}, {"bracket": 0, "arm": "R", "median_ms": 0.21670399606227875, "min_ms": 0.2130880057811737, "mean_ms": 0.21672000037506223}, {"bracket": 1, "arm": "H", "median_ms": 0.049855999648571014, "min_ms": 0.048895999789237976, "mean_ms": 0.04980500019155443}, {"bracket": 1, "arm": "C", "median_ms": 0.04886399954557419, "min_ms": 0.04816000163555145, "mean_ms": 0.049301999737508595}, {"bracket": 1, "arm": "R", "median_ms": 0.21662399917840958, "min_ms": 0.2120639979839325, "mean_ms": 0.21609800029546022}, {"bracket": 1, "arm": "R", "median_ms": 0.2168000042438507, "min_ms": 0.21062399446964264, "mean_ms": 0.2164030009880662}, {"bracket": 1, "arm": "C", "median_ms": 0.04887999966740608, "min_ms": 0.04867200180888176, "mean_ms": 0.049190999707207084}, {"bracket": 1, "arm": "H", "median_ms": 0.049855999648571014, "min_ms": 0.0488319993019104, "mean_ms": 0.04990800004452467}, {"bracket": 2, "arm": "C", "median_ms": 0.048976000398397446, "min_ms": 0.04870399832725525, "mean_ms": 0.049230999778956175}, {"bracket": 2, "arm": "R", "median_ms": 0.21662399917840958, "min_ms": 0.212351992726326, "mean_ms": 0.21660699974745512}, {"bracket": 2, "arm": "H", "median_ms": 0.04926399886608124, "min_ms": 0.04816000163555145, "mean_ms": 0.049520999658852816}, {"bracket": 2, "arm": "H", "median_ms": 0.049775999039411545, "min_ms": 0.04835199937224388, "mean_ms": 0.04966399981640279}, {"bracket": 2, "arm": "R", "median_ms": 0.2157759964466095, "min_ms": 0.2120639979839325, "mean_ms": 0.2159920004196465}, {"bracket": 2, "arm": "C", "median_ms": 0.04891199991106987, "min_ms": 0.048128001391887665, "mean_ms": 0.0492689999518916}, {"bracket": 3, "arm": "R", "median_ms": 0.21587199717760086, "min_ms": 0.21270400285720825, "mean_ms": 0.21636700024828315}, {"bracket": 3, "arm": "H", "median_ms": 0.04987199977040291, "min_ms": 0.0488319993019104, "mean_ms": 0.049786000163294375}, {"bracket": 3, "arm": "C", "median_ms": 0.049216000363230705, "min_ms": 0.048128001391887665, "mean_ms": 0.04936599999200553}, {"bracket": 3, "arm": "C", "median_ms": 0.0488319993019104, "min_ms": 0.04800000041723251, "mean_ms": 0.04895799979567528}, {"bracket": 3, "arm": "H", "median_ms": 0.049775999039411545, "min_ms": 0.04879999905824661, "mean_ms": 0.04963499982841313}, {"bracket": 3, "arm": "R", "median_ms": 0.2176000028848648, "min_ms": 0.21270400285720825, "mean_ms": 0.2172220004722476}, {"bracket": 4, "arm": "H", "median_ms": 0.04966400004923344, "min_ms": 0.048576001077890396, "mean_ms": 0.04967400000896305}, {"bracket": 4, "arm": "C", "median_ms": 0.048976000398397446, "min_ms": 0.04822399839758873, "mean_ms": 0.04920099989976734}, {"bracket": 4, "arm": "R", "median_ms": 0.21742399781942368, "min_ms": 0.21369600296020508, "mean_ms": 0.21770400181412697}, {"bracket": 4, "arm": "R", "median_ms": 0.2168000042438507, "min_ms": 0.21270400285720825, "mean_ms": 0.21678200084716082}, {"bracket": 4, "arm": "C", "median_ms": 0.04886399954557419, "min_ms": 0.048767998814582825, "mean_ms": 0.04912599956151098}, {"bracket": 4, "arm": "H", "median_ms": 0.049855999648571014, "min_ms": 0.04822399839758873, "mean_ms": 0.049645999795757234}, {"bracket": 5, "arm": "C", "median_ms": 0.04886399954557419, "min_ms": 0.04851200059056282, "mean_ms": 0.049096999573521316}, {"bracket": 5, "arm": "R", "median_ms": 0.2173439934849739, "min_ms": 0.21270400285720825, "mean_ms": 0.21699799969792366}, {"bracket": 5, "arm": "H", "median_ms": 0.049855999648571014, "min_ms": 0.04841599985957146, "mean_ms": 0.04962299985345453}, {"bracket": 5, "arm": "H", "median_ms": 0.04955200105905533, "min_ms": 0.048576001077890396, "mean_ms": 0.04952799982856959}, {"bracket": 5, "arm": "R", "median_ms": 0.21676799654960632, "min_ms": 0.21167999505996704, "mean_ms": 0.21630299929529428}, {"bracket": 5, "arm": "C", "median_ms": 0.04886399954557419, "min_ms": 0.0480320006608963, "mean_ms": 0.04921299987472594}], "summary": {"R": {"mean_ms": 0.21675199891130129, "min_ms": 0.2157759964466095, "entries": 12, "fastest_replay_ms": 0.21062399446964264}, "H": {"mean_ms": 0.04975199963276585, "min_ms": 0.04926399886608124, "entries": 12, "fastest_replay_ms": 0.04816000163555145}, "C": {"mean_ms": 0.04894666668648521, "min_ms": 0.0488319993019104, "entries": 12, "fastest_replay_ms": 0.04800000041723251}}, "change": {"H": {"mean": -0.7704657863241887, "min": -0.7716891606232444}, "C": {"mean": -0.7741812443145447, "min": -0.7736912348635909}}, "eviction_bytes": 134217728, "includes": "R: routed kernel and cast/add over a zero shared row; H: fused shared MLP; C: serial chain", "excludes": "router selection, packet exchange/NIC, other layers", "request_groups": 1, "unique_experts": 8, "label": "1 group(s) of 8 related rows"}
{"lane": "component_timing", "rows": 16, "cache": "warm", "samples": 6, "replays": 32, "labels": ["R", "H", "C"], "capture_order": ["R", "H", "C"], "entries": [{"bracket": 0, "arm": "R", "median_ms": 1.5448480248451233, "min_ms": 1.528831958770752, "mean_ms": 1.5476780086755753}, {"bracket": 0, "arm": "H", "median_ms": 0.027135999873280525, "min_ms": 0.02534399926662445, "mean_ms": 0.0276939999894239}, {"bracket": 0, "arm": "C", "median_ms": 0.02703999914228916, "min_ms": 0.026176000013947487, "mean_ms": 0.02730099984910339}, {"bracket": 0, "arm": "C", "median_ms": 0.027055999264121056, "min_ms": 0.02672000043094158, "mean_ms": 0.027130000002216548}, {"bracket": 0, "arm": "H", "median_ms": 0.027168000116944313, "min_ms": 0.026847999542951584, "mean_ms": 0.027212999935727566}, {"bracket": 0, "arm": "R", "median_ms": 1.5424160361289978, "min_ms": 1.533568024635315, "mean_ms": 1.5437350049614906}, {"bracket": 1, "arm": "H", "median_ms": 0.027168000116944313, "min_ms": 0.02582399919629097, "mean_ms": 0.0273860000888817}, {"bracket": 1, "arm": "C", "median_ms": 0.027184000238776207, "min_ms": 0.026784000918269157, "mean_ms": 0.027166000101715326}, {"bracket": 1, "arm": "R", "median_ms": 1.5431679487228394, "min_ms": 1.5346879959106445, "mean_ms": 1.5485129952430725}, {"bracket": 1, "arm": "R", "median_ms": 1.5455360412597656, "min_ms": 1.5349119901657104, "mean_ms": 1.5569069869816303}, {"bracket": 1, "arm": "C", "median_ms": 0.02696000039577484, "min_ms": 0.026208000257611275, "mean_ms": 0.02949300000909716}, {"bracket": 1, "arm": "H", "median_ms": 0.028479999862611294, "min_ms": 0.026623999699950218, "mean_ms": 0.03219099988928065}, {"bracket": 2, "arm": "C", "median_ms": 0.027087999507784843, "min_ms": 0.026240000501275063, "mean_ms": 0.027902000059839338}, {"bracket": 2, "arm": "R", "median_ms": 1.5481119751930237, "min_ms": 1.538432002067566, "mean_ms": 1.5499809980392456}, {"bracket": 2, "arm": "H", "median_ms": 0.027168000116944313, "min_ms": 0.026176000013947487, "mean_ms": 0.027433999930508435}, {"bracket": 2, "arm": "H", "median_ms": 0.027264000847935677, "min_ms": 0.026335999369621277, "mean_ms": 0.027202000084798783}, {"bracket": 2, "arm": "R", "median_ms": 1.5478399991989136, "min_ms": 1.536255955696106, "mean_ms": 1.5505220033228397}, {"bracket": 2, "arm": "C", "median_ms": 0.02707199938595295, "min_ms": 0.02598400041460991, "mean_ms": 0.027394000091589987}, {"bracket": 3, "arm": "R", "median_ms": 1.544863998889923, "min_ms": 1.5341119766235352, "mean_ms": 1.5463939905166626}, {"bracket": 3, "arm": "H", "median_ms": 0.0272000003606081, "min_ms": 0.026847999542951584, "mean_ms": 0.027510999992955476}, {"bracket": 3, "arm": "C", "median_ms": 0.027135999873280525, "min_ms": 0.02691200003027916, "mean_ms": 0.027171000081580132}, {"bracket": 3, "arm": "C", "median_ms": 0.027055999264121056, "min_ms": 0.0261439997702837, "mean_ms": 0.027040999848395586}, {"bracket": 3, "arm": "H", "median_ms": 0.0272000003606081, "min_ms": 0.025472000241279602, "mean_ms": 0.02710000000661239}, {"bracket": 3, "arm": "R", "median_ms": 1.5461919903755188, "min_ms": 1.537600040435791, "mean_ms": 1.547443002462387}, {"bracket": 4, "arm": "H", "median_ms": 0.0272000003606081, "min_ms": 0.026784000918269157, "mean_ms": 0.02750600001309067}, {"bracket": 4, "arm": "C", "median_ms": 0.0272000003606081, "min_ms": 0.026208000257611275, "mean_ms": 0.02724100014893338}, {"bracket": 4, "arm": "R", "median_ms": 1.5433440208435059, "min_ms": 1.5366719961166382, "mean_ms": 1.5450420081615448}, {"bracket": 4, "arm": "R", "median_ms": 1.5431039929389954, "min_ms": 1.5355839729309082, "mean_ms": 1.5447889901697636}, {"bracket": 4, "arm": "C", "median_ms": 0.027184000238776207, "min_ms": 0.026815999299287796, "mean_ms": 0.027491000073496252}, {"bracket": 4, "arm": "H", "median_ms": 0.027103999629616737, "min_ms": 0.025696000084280968, "mean_ms": 0.0270630000741221}, {"bracket": 5, "arm": "C", "median_ms": 0.027135999873280525, "min_ms": 0.02687999978661537, "mean_ms": 0.027146999957039952}, {"bracket": 5, "arm": "R", "median_ms": 1.5453599691390991, "min_ms": 1.5322879552841187, "mean_ms": 1.547719992697239}, {"bracket": 5, "arm": "H", "median_ms": 0.02723200060427189, "min_ms": 0.026016000658273697, "mean_ms": 0.02785900013986975}, {"bracket": 5, "arm": "H", "median_ms": 0.027184000238776207, "min_ms": 0.025599999353289604, "mean_ms": 0.02707100019324571}, {"bracket": 5, "arm": "R", "median_ms": 1.543984055519104, "min_ms": 1.533568024635315, "mean_ms": 1.5436090007424355}, {"bracket": 5, "arm": "C", "median_ms": 0.02703999914228916, "min_ms": 0.02595200017094612, "mean_ms": 0.027329999953508377}], "summary": {"R": {"mean_ms": 1.5448973377545674, "min_ms": 1.5424160361289978, "entries": 12, "fastest_replay_ms": 1.528831958770752}, "H": {"mean_ms": 0.02729200020742913, "min_ms": 0.027103999629616737, "entries": 12, "fastest_replay_ms": 0.02534399926662445}, "C": {"mean_ms": 0.02709599972392122, "min_ms": 0.02696000039577484, "entries": 12, "fastest_replay_ms": 0.02595200017094612}}, "change": {"H": {"mean": -0.9823341010820197, "min": -0.9824275688304955}, "C": {"mean": -0.9824609706666309, "min": -0.9825209283589683}}, "eviction_bytes": 0, "includes": "R: routed kernel and cast/add over a zero shared row; H: fused shared MLP; C: serial chain", "excludes": "router selection, packet exchange/NIC, other layers", "request_groups": 0, "unique_experts": 100, "label": "independent"}
{"lane": "component_timing", "rows": 16, "cache": "evicted", "samples": 6, "replays": 32, "labels": ["R", "H", "C"], "capture_order": ["R", "H", "C"], "entries": [{"bracket": 0, "arm": "R", "median_ms": 1.597935974597931, "min_ms": 1.58896005153656, "mean_ms": 1.5987089909613132}, {"bracket": 0, "arm": "H", "median_ms": 0.057071998715400696, "min_ms": 0.0560000017285347, "mean_ms": 0.05745899968314916}, {"bracket": 0, "arm": "C", "median_ms": 0.05657600052654743, "min_ms": 0.054976001381874084, "mean_ms": 0.05644299974665046}, {"bracket": 0, "arm": "C", "median_ms": 0.05692800134420395, "min_ms": 0.05539200082421303, "mean_ms": 0.05674699950031936}, {"bracket": 0, "arm": "H", "median_ms": 0.057231999933719635, "min_ms": 0.05644800141453743, "mean_ms": 0.057430999469943345}, {"bracket": 0, "arm": "R", "median_ms": 1.6018880009651184, "min_ms": 1.594048023223877, "mean_ms": 1.6027800105512142}, {"bracket": 1, "arm": "H", "median_ms": 0.0570559985935688, "min_ms": 0.056063998490571976, "mean_ms": 0.05725499917753041}, {"bracket": 1, "arm": "C", "median_ms": 0.05694400146603584, "min_ms": 0.055424001067876816, "mean_ms": 0.05671899940352887}, {"bracket": 1, "arm": "R", "median_ms": 1.5971519947052002, "min_ms": 1.5920000076293945, "mean_ms": 1.5983190052211285}, {"bracket": 1, "arm": "R", "median_ms": 1.615007996559143, "min_ms": 1.594048023223877, "mean_ms": 1.6171459965407848}, {"bracket": 1, "arm": "C", "median_ms": 0.057023998349905014, "min_ms": 0.054368000477552414, "mean_ms": 0.056800999445840716}, {"bracket": 1, "arm": "H", "median_ms": 0.05742399953305721, "min_ms": 0.0560000017285347, "mean_ms": 0.057419999269768596}, {"bracket": 2, "arm": "C", "median_ms": 0.056432001292705536, "min_ms": 0.05507199838757515, "mean_ms": 0.056580999749712646}, {"bracket": 2, "arm": "R", "median_ms": 1.602288007736206, "min_ms": 1.591007947921753, "mean_ms": 1.6037919856607914}, {"bracket": 2, "arm": "H", "median_ms": 0.057840000838041306, "min_ms": 0.05660799890756607, "mean_ms": 0.05769199936185032}, {"bracket": 2, "arm": "H", "median_ms": 0.05742400139570236, "min_ms": 0.056095998734235764, "mean_ms": 0.0575709993718192}, {"bracket": 2, "arm": "R", "median_ms": 1.604416012763977, "min_ms": 1.58896005153656, "mean_ms": 1.605349998921156}, {"bracket": 2, "arm": "C", "median_ms": 0.056432001292705536, "min_ms": 0.05539200082421303, "mean_ms": 0.056645999662578106}, {"bracket": 3, "arm": "R", "median_ms": 1.6119839549064636, "min_ms": 1.59334397315979, "mean_ms": 1.6155869998037815}, {"bracket": 3, "arm": "H", "median_ms": 0.057103998959064484, "min_ms": 0.055904000997543335, "mean_ms": 0.05742799921426922}, {"bracket": 3, "arm": "C", "median_ms": 0.05636800080537796, "min_ms": 0.054976001381874084, "mean_ms": 0.05637599958572537}, {"bracket": 3, "arm": "C", "median_ms": 0.056752000004053116, "min_ms": 0.05526399984955788, "mean_ms": 0.056835999828763306}, {"bracket": 3, "arm": "H", "median_ms": 0.057071998715400696, "min_ms": 0.05603199824690819, "mean_ms": 0.05752899928484112}, {"bracket": 3, "arm": "R", "median_ms": 1.6044320464134216, "min_ms": 1.5889919996261597, "mean_ms": 1.6123550087213516}, {"bracket": 4, "arm": "H", "median_ms": 0.05796799995005131, "min_ms": 0.05612799897789955, "mean_ms": 0.0634289993904531}, {"bracket": 4, "arm": "C", "median_ms": 0.060096001252532005, "min_ms": 0.05548800155520439, "mean_ms": 0.0769130002008751}, {"bracket": 4, "arm": "R", "median_ms": 1.6201760172843933, "min_ms": 1.5947519540786743, "mean_ms": 1.6267049983143806}, {"bracket": 4, "arm": "R", "median_ms": 1.6018239855766296, "min_ms": 1.58896005153656, "mean_ms": 1.6025100015103817}, {"bracket": 4, "arm": "C", "median_ms": 0.05665599927306175, "min_ms": 0.055424001067876816, "mean_ms": 0.056875999667681754}, {"bracket": 4, "arm": "H", "median_ms": 0.05796799995005131, "min_ms": 0.05603199824690819, "mean_ms": 0.05758099944796413}, {"bracket": 5, "arm": "C", "median_ms": 0.05696000158786774, "min_ms": 0.055296000093221664, "mean_ms": 0.05668099981267005}, {"bracket": 5, "arm": "R", "median_ms": 1.5984800457954407, "min_ms": 1.5920319557189941, "mean_ms": 1.5991239920258522}, {"bracket": 5, "arm": "H", "median_ms": 0.05795200169086456, "min_ms": 0.05632000043988228, "mean_ms": 0.057649999391287565}, {"bracket": 5, "arm": "H", "median_ms": 0.05798399820923805, "min_ms": 0.05596800148487091, "mean_ms": 0.05768799933139235}, {"bracket": 5, "arm": "R", "median_ms": 1.5983360409736633, "min_ms": 1.5879360437393188, "mean_ms": 1.5984620042145252}, {"bracket": 5, "arm": "C", "median_ms": 0.0562559999525547, "min_ms": 0.05523199960589409, "mean_ms": 0.056503999745473266}], "summary": {"R": {"mean_ms": 1.6044933398564656, "min_ms": 1.5971519947052002, "entries": 12, "fastest_replay_ms": 1.5879360437393188}, "H": {"mean_ms": 0.05750799970701337, "min_ms": 0.0570559985935688, "entries": 12, "fastest_replay_ms": 0.055904000997543335}, "C": {"mean_ms": 0.056952000595629215, "min_ms": 0.0562559999525547, "entries": 12, "fastest_replay_ms": 0.054368000477552414}}, "change": {"H": {"mean": -0.964158156173987, "min": -0.9642764127755417}, "C": {"mean": -0.9645046824558811, "min": -0.9647773035133463}}, "eviction_bytes": 134217728, "includes": "R: routed kernel and cast/add over a zero shared row; H: fused shared MLP; C: serial chain", "excludes": "router selection, packet exchange/NIC, other layers", "request_groups": 0, "unique_experts": 100, "label": "independent"}
{"lane": "component_timing", "rows": 16, "cache": "warm", "samples": 6, "replays": 32, "labels": ["R", "H", "C"], "capture_order": ["C", "H", "R"], "entries": [{"bracket": 0, "arm": "R", "median_ms": 0.1693279966711998, "min_ms": 0.16598400473594666, "mean_ms": 0.1697359997779131}, {"bracket": 0, "arm": "H", "median_ms": 0.027055999264121056, "min_ms": 0.026784000918269157, "mean_ms": 0.027745999861508608}, {"bracket": 0, "arm": "C", "median_ms": 0.02703999914228916, "min_ms": 0.026464000344276428, "mean_ms": 0.027308000077027828}, {"bracket": 0, "arm": "C", "median_ms": 0.02707199938595295, "min_ms": 0.02582399919629097, "mean_ms": 0.02744400000665337}, {"bracket": 0, "arm": "H", "median_ms": 0.0272000003606081, "min_ms": 0.0261439997702837, "mean_ms": 0.027147000189870596}, {"bracket": 0, "arm": "R", "median_ms": 0.16910400241613388, "min_ms": 0.1666879951953888, "mean_ms": 0.16964800050482154}, {"bracket": 1, "arm": "H", "median_ms": 0.02723200060427189, "min_ms": 0.025855999439954758, "mean_ms": 0.02766299998620525}, {"bracket": 1, "arm": "C", "median_ms": 0.027168000116944313, "min_ms": 0.026048000901937485, "mean_ms": 0.02709900011541322}, {"bracket": 1, "arm": "R", "median_ms": 0.16924799978733063, "min_ms": 0.1658560037612915, "mean_ms": 0.16958599956706166}, {"bracket": 1, "arm": "R", "median_ms": 0.169295996427536, "min_ms": 0.1669439971446991, "mean_ms": 0.16929199919104576}, {"bracket": 1, "arm": "C", "median_ms": 0.027087999507784843, "min_ms": 0.025567999109625816, "mean_ms": 0.02741099992999807}, {"bracket": 1, "arm": "H", "median_ms": 0.027135999873280525, "min_ms": 0.025567999109625816, "mean_ms": 0.027104999986477196}, {"bracket": 2, "arm": "C", "median_ms": 0.027168000116944313, "min_ms": 0.02687999978661537, "mean_ms": 0.027265000098850578}, {"bracket": 2, "arm": "R", "median_ms": 0.17047999799251556, "min_ms": 0.16713599860668182, "mean_ms": 0.17114799795672297}, {"bracket": 2, "arm": "H", "median_ms": 0.027087999507784843, "min_ms": 0.02691200003027916, "mean_ms": 0.027508000028319657}, {"bracket": 2, "arm": "H", "median_ms": 0.02723200060427189, "min_ms": 0.02672000043094158, "mean_ms": 0.02718800015281886}, {"bracket": 2, "arm": "R", "median_ms": 0.16944000124931335, "min_ms": 0.16761599481105804, "mean_ms": 0.16976500069722533}, {"bracket": 2, "arm": "C", "median_ms": 0.027184000238776207, "min_ms": 0.025760000571608543, "mean_ms": 0.02746300003491342}, {"bracket": 3, "arm": "R", "median_ms": 0.16937599331140518, "min_ms": 0.16726399958133698, "mean_ms": 0.16982300020754337}, {"bracket": 3, "arm": "H", "median_ms": 0.027103999629616737, "min_ms": 0.025567999109625816, "mean_ms": 0.027403999934904277}, {"bracket": 3, "arm": "C", "median_ms": 0.027135999873280525, "min_ms": 0.025919999927282333, "mean_ms": 0.027589999954216182}, {"bracket": 3, "arm": "C", "median_ms": 0.027087999507784843, "min_ms": 0.025887999683618546, "mean_ms": 0.0270659999223426}, {"bracket": 3, "arm": "H", "median_ms": 0.027135999873280525, "min_ms": 0.025855999439954758, "mean_ms": 0.02734900009818375}, {"bracket": 3, "arm": "R", "median_ms": 0.1690240055322647, "min_ms": 0.16707199811935425, "mean_ms": 0.16946700029075146}, {"bracket": 4, "arm": "H", "median_ms": 0.02707199938595295, "min_ms": 0.02598400041460991, "mean_ms": 0.02740499994251877}, {"bracket": 4, "arm": "C", "median_ms": 0.027087999507784843, "min_ms": 0.02611199952661991, "mean_ms": 0.02709699986735359}, {"bracket": 4, "arm": "R", "median_ms": 0.16980800032615662, "min_ms": 0.16687999665737152, "mean_ms": 0.17036599852144718}, {"bracket": 4, "arm": "R", "median_ms": 0.17001600563526154, "min_ms": 0.16681599617004395, "mean_ms": 0.17024199990555644}, {"bracket": 4, "arm": "C", "median_ms": 0.02723200060427189, "min_ms": 0.02598400041460991, "mean_ms": 0.027597000007517636}, {"bracket": 4, "arm": "H", "median_ms": 0.027135999873280525, "min_ms": 0.025760000571608543, "mean_ms": 0.02705000014975667}, {"bracket": 5, "arm": "C", "median_ms": 0.027168000116944313, "min_ms": 0.026815999299287796, "mean_ms": 0.027160999889019877}, {"bracket": 5, "arm": "R", "median_ms": 0.16910399496555328, "min_ms": 0.16601599752902985, "mean_ms": 0.16961399791762233}, {"bracket": 5, "arm": "H", "median_ms": 0.027184000238776207, "min_ms": 0.026815999299287796, "mean_ms": 0.027473000169266015}, {"bracket": 5, "arm": "H", "median_ms": 0.027168000116944313, "min_ms": 0.026464000344276428, "mean_ms": 0.02716799982590601}, {"bracket": 5, "arm": "R", "median_ms": 0.1695999950170517, "min_ms": 0.16729600727558136, "mean_ms": 0.17004399932920933}, {"bracket": 5, "arm": "C", "median_ms": 0.027135999873280525, "min_ms": 0.02595200017094612, "mean_ms": 0.027460000128485262}], "summary": {"R": {"mean_ms": 0.1694853324443102, "min_ms": 0.1690240055322647, "entries": 12, "fastest_replay_ms": 0.1658560037612915}, "H": {"mean_ms": 0.027145333277682464, "min_ms": 0.027055999264121056, "entries": 12, "fastest_replay_ms": 0.025567999109625816}, "C": {"mean_ms": 0.02713066649933656, "min_ms": 0.02703999914228916, "entries": 12, "fastest_replay_ms": 0.025567999109625816}}, "change": {"H": {"mean": -0.8398366815216772, "min": -0.8399280671469096}, "C": {"mean": -0.8399232186758627, "min": -0.8400227289778224}}, "eviction_bytes": 0, "includes": "R: routed kernel and cast/add over a zero shared row; H: fused shared MLP; C: serial chain", "excludes": "router selection, packet exchange/NIC, other layers", "request_groups": 1, "unique_experts": 10, "label": "1 group(s) of 16 related rows"}
{"lane": "component_timing", "rows": 16, "cache": "evicted", "samples": 6, "replays": 32, "labels": ["R", "H", "C"], "capture_order": ["C", "H", "R"], "entries": [{"bracket": 0, "arm": "R", "median_ms": 0.24035200476646423, "min_ms": 0.23820799589157104, "mean_ms": 0.2407539989799261}, {"bracket": 0, "arm": "H", "median_ms": 0.057023998349905014, "min_ms": 0.0560000017285347, "mean_ms": 0.05713399953674525}, {"bracket": 0, "arm": "C", "median_ms": 0.0560000017285347, "min_ms": 0.0549440011382103, "mean_ms": 0.056131999706849456}, {"bracket": 0, "arm": "C", "median_ms": 0.055904000997543335, "min_ms": 0.05430399999022484, "mean_ms": 0.05574199999682605}, {"bracket": 0, "arm": "H", "median_ms": 0.056832000613212585, "min_ms": 0.055456001311540604, "mean_ms": 0.05683099967427552}, {"bracket": 0, "arm": "R", "median_ms": 0.24086400121450424, "min_ms": 0.2375359982252121, "mean_ms": 0.24116900144144893}, {"bracket": 1, "arm": "H", "median_ms": 0.057103998959064484, "min_ms": 0.0560000017285347, "mean_ms": 0.05745199939701706}, {"bracket": 1, "arm": "C", "median_ms": 0.0560000017285347, "min_ms": 0.054496001452207565, "mean_ms": 0.05601599987130612}, {"bracket": 1, "arm": "R", "median_ms": 0.24086400121450424, "min_ms": 0.23923200368881226, "mean_ms": 0.24131100112572312}, {"bracket": 1, "arm": "R", "median_ms": 0.24025599658489227, "min_ms": 0.23801599442958832, "mean_ms": 0.24018600024282932}, {"bracket": 1, "arm": "C", "median_ms": 0.05603199824690819, "min_ms": 0.05500800162553787, "mean_ms": 0.056096999323926866}, {"bracket": 1, "arm": "H", "median_ms": 0.05708799883723259, "min_ms": 0.05603199824690819, "mean_ms": 0.057635999168269336}, {"bracket": 2, "arm": "C", "median_ms": 0.05603199824690819, "min_ms": 0.054816000163555145, "mean_ms": 0.05600199964828789}, {"bracket": 2, "arm": "R", "median_ms": 0.2401600033044815, "min_ms": 0.23715199530124664, "mean_ms": 0.24227500008419156}, {"bracket": 2, "arm": "H", "median_ms": 0.05718399956822395, "min_ms": 0.0560000017285347, "mean_ms": 0.05734399950597435}, {"bracket": 2, "arm": "H", "median_ms": 0.057520000264048576, "min_ms": 0.05615999922156334, "mean_ms": 0.05750299908686429}, {"bracket": 2, "arm": "R", "median_ms": 0.24031999707221985, "min_ms": 0.238304004073143, "mean_ms": 0.2402390018105507}, {"bracket": 2, "arm": "C", "median_ms": 0.056143999099731445, "min_ms": 0.054976001381874084, "mean_ms": 0.056267999578267336}, {"bracket": 3, "arm": "R", "median_ms": 0.23974400013685226, "min_ms": 0.23772799968719482, "mean_ms": 0.2398019996471703}, {"bracket": 3, "arm": "H", "median_ms": 0.05721599981188774, "min_ms": 0.05596800148487091, "mean_ms": 0.057445999584160745}, {"bracket": 3, "arm": "C", "median_ms": 0.0560000017285347, "min_ms": 0.05475199967622757, "mean_ms": 0.055946999695152044}, {"bracket": 3, "arm": "C", "median_ms": 0.05584000051021576, "min_ms": 0.05488000065088272, "mean_ms": 0.05583799991291016}, {"bracket": 3, "arm": "H", "median_ms": 0.057103998959064484, "min_ms": 0.055615998804569244, "mean_ms": 0.05728999921120703}, {"bracket": 3, "arm": "R", "median_ms": 0.23982400447130203, "min_ms": 0.23785600066184998, "mean_ms": 0.2399240005761385}, {"bracket": 4, "arm": "H", "median_ms": 0.0570559985935688, "min_ms": 0.05603199824690819, "mean_ms": 0.05726999894250184}, {"bracket": 4, "arm": "C", "median_ms": 0.05603199824690819, "min_ms": 0.05446400120854378, "mean_ms": 0.05603299953509122}, {"bracket": 4, "arm": "R", "median_ms": 0.2412159964442253, "min_ms": 0.23721599578857422, "mean_ms": 0.24102200008928776}, {"bracket": 4, "arm": "R", "median_ms": 0.24022400379180908, "min_ms": 0.23759999871253967, "mean_ms": 0.24023499945178628}, {"bracket": 4, "arm": "C", "median_ms": 0.05603199824690819, "min_ms": 0.05500800162553787, "mean_ms": 0.056245999643579125}, {"bracket": 4, "arm": "H", "median_ms": 0.057023998349905014, "min_ms": 0.05500800162553787, "mean_ms": 0.057140999124385417}, {"bracket": 5, "arm": "C", "median_ms": 0.0560000017285347, "min_ms": 0.05417599901556969, "mean_ms": 0.05600899981800467}, {"bracket": 5, "arm": "R", "median_ms": 0.24075199663639069, "min_ms": 0.2375040054321289, "mean_ms": 0.24148000124841928}, {"bracket": 5, "arm": "H", "median_ms": 0.0570559985935688, "min_ms": 0.0560000017285347, "mean_ms": 0.05715699901338667}, {"bracket": 5, "arm": "H", "median_ms": 0.05703999847173691, "min_ms": 0.05593600124120712, "mean_ms": 0.05714199913199991}, {"bracket": 5, "arm": "R", "median_ms": 0.23975999653339386, "min_ms": 0.2372480034828186, "mean_ms": 0.2401830004528165}, {"bracket": 5, "arm": "C", "median_ms": 0.05596800148487091, "min_ms": 0.0544000007212162, "mean_ms": 0.055983999744057655}], "summary": {"R": {"mean_ms": 0.2403613335142533, "min_ms": 0.23974400013685226, "entries": 12, "fastest_replay_ms": 0.23715199530124664}, "H": {"mean_ms": 0.05710399911428491, "min_ms": 0.056832000613212585, "entries": 12, "fastest_replay_ms": 0.05500800162553787}, "C": {"mean_ms": 0.055998666832844414, "min_ms": 0.05584000051021576, "entries": 12, "fastest_replay_ms": 0.05417599901556969}}, "change": {"H": {"mean": -0.7624243538701341, "min": -0.7629471411973965}, "C": {"mean": -0.767022981549885, "min": -0.767084888554705}}, "eviction_bytes": 134217728, "includes": "R: routed kernel and cast/add over a zero shared row; H: fused shared MLP; C: serial chain", "excludes": "router selection, packet exchange/NIC, other layers", "request_groups": 1, "unique_experts": 10, "label": "1 group(s) of 16 related rows"}
{"lane": "component_timing", "rows": 16, "cache": "warm", "samples": 6, "replays": 32, "labels": ["R", "H", "C"], "capture_order": ["R", "H", "C"], "entries": [{"bracket": 0, "arm": "R", "median_ms": 0.33430400490760803, "min_ms": 0.33129599690437317, "mean_ms": 0.3362150005996227}, {"bracket": 0, "arm": "H", "median_ms": 0.02715199999511242, "min_ms": 0.025472000241279602, "mean_ms": 0.027974000084213912}, {"bracket": 0, "arm": "C", "median_ms": 0.027135999873280525, "min_ms": 0.026240000501275063, "mean_ms": 0.027279999805614352}, {"bracket": 0, "arm": "C", "median_ms": 0.027103999629616737, "min_ms": 0.026079999282956123, "mean_ms": 0.027215999958571047}, {"bracket": 0, "arm": "H", "median_ms": 0.027168000116944313, "min_ms": 0.026528000831604004, "mean_ms": 0.027189000160433352}, {"bracket": 0, "arm": "R", "median_ms": 0.33404800295829773, "min_ms": 0.3312320113182068, "mean_ms": 0.3342970013618469}, {"bracket": 1, "arm": "H", "median_ms": 0.027103999629616737, "min_ms": 0.026688000187277794, "mean_ms": 0.027479000040329993}, {"bracket": 1, "arm": "C", "median_ms": 0.02711999975144863, "min_ms": 0.026847999542951584, "mean_ms": 0.027140999911352992}, {"bracket": 1, "arm": "R", "median_ms": 0.3341759890317917, "min_ms": 0.3303360044956207, "mean_ms": 0.3345999987795949}, {"bracket": 1, "arm": "R", "median_ms": 0.3344639986753464, "min_ms": 0.3325760066509247, "mean_ms": 0.3357779998332262}, {"bracket": 1, "arm": "C", "median_ms": 0.027103999629616737, "min_ms": 0.02687999978661537, "mean_ms": 0.027483999845571816}, {"bracket": 1, "arm": "H", "median_ms": 0.02707199938595295, "min_ms": 0.026240000501275063, "mean_ms": 0.027076999889686704}, {"bracket": 2, "arm": "C", "median_ms": 0.02723200060427189, "min_ms": 0.0261439997702837, "mean_ms": 0.027279999980237335}, {"bracket": 2, "arm": "R", "median_ms": 0.3333760052919388, "min_ms": 0.3298879861831665, "mean_ms": 0.3339949995279312}, {"bracket": 2, "arm": "H", "median_ms": 0.027168000116944313, "min_ms": 0.02579200081527233, "mean_ms": 0.027672000171151012}, {"bracket": 2, "arm": "H", "median_ms": 0.027168000116944313, "min_ms": 0.02582399919629097, "mean_ms": 0.027102000080049038}, {"bracket": 2, "arm": "R", "median_ms": 0.33476799726486206, "min_ms": 0.33103999495506287, "mean_ms": 0.3348909970372915}, {"bracket": 2, "arm": "C", "median_ms": 0.02711999975144863, "min_ms": 0.026623999699950218, "mean_ms": 0.027452999900560826}, {"bracket": 3, "arm": "R", "median_ms": 0.3337920010089874, "min_ms": 0.3306879997253418, "mean_ms": 0.33393699768930674}, {"bracket": 3, "arm": "H", "median_ms": 0.026976000517606735, "min_ms": 0.02582399919629097, "mean_ms": 0.027322000067215413}, {"bracket": 3, "arm": "C", "median_ms": 0.02707199938595295, "min_ms": 0.02611199952661991, "mean_ms": 0.02713600010611117}, {"bracket": 3, "arm": "C", "median_ms": 0.027103999629616737, "min_ms": 0.02611199952661991, "mean_ms": 0.02734699985012412}, {"bracket": 3, "arm": "H", "median_ms": 0.027055999264121056, "min_ms": 0.025728000327944756, "mean_ms": 0.02698099979897961}, {"bracket": 3, "arm": "R", "median_ms": 0.3341279923915863, "min_ms": 0.3302080035209656, "mean_ms": 0.3341869991272688}, {"bracket": 4, "arm": "H", "median_ms": 0.02703999914228916, "min_ms": 0.026367999613285065, "mean_ms": 0.027781999902799726}, {"bracket": 4, "arm": "C", "median_ms": 0.02703999914228916, "min_ms": 0.026048000901937485, "mean_ms": 0.027058000036049634}, {"bracket": 4, "arm": "R", "median_ms": 0.3351840078830719, "min_ms": 0.3293119966983795, "mean_ms": 0.33620799984782934}, {"bracket": 4, "arm": "R", "median_ms": 0.3345760107040405, "min_ms": 0.3303360044956207, "mean_ms": 0.33471800200641155}, {"bracket": 4, "arm": "C", "median_ms": 0.027087999507784843, "min_ms": 0.025919999927282333, "mean_ms": 0.027649999887216836}, {"bracket": 4, "arm": "H", "median_ms": 0.027008000761270523, "min_ms": 0.025728000327944756, "mean_ms": 0.026950000028591603}, {"bracket": 5, "arm": "C", "median_ms": 0.027023999951779842, "min_ms": 0.0261439997702837, "mean_ms": 0.027092000236734748}, {"bracket": 5, "arm": "R", "median_ms": 0.33350400626659393, "min_ms": 0.3312000036239624, "mean_ms": 0.33396500162780285}, {"bracket": 5, "arm": "H", "median_ms": 0.02707199938595295, "min_ms": 0.025472000241279602, "mean_ms": 0.027363999979570508}, {"bracket": 5, "arm": "H", "median_ms": 0.027103999629616737, "min_ms": 0.02675200067460537, "mean_ms": 0.027323000074829906}, {"bracket": 5, "arm": "R", "median_ms": 0.33404800295829773, "min_ms": 0.32918399572372437, "mean_ms": 0.33392699901014566}, {"bracket": 5, "arm": "C", "median_ms": 0.027103999629616737, "min_ms": 0.026176000013947487, "mean_ms": 0.027454999973997474}], "summary": {"R": {"mean_ms": 0.3341973349452019, "min_ms": 0.3333760052919388, "entries": 12, "fastest_replay_ms": 0.32918399572372437}, "H": {"mean_ms": 0.027090666505197685, "min_ms": 0.026976000517606735, "entries": 12, "fastest_replay_ms": 0.025472000241279602}, "C": {"mean_ms": 0.02710399970722695, "min_ms": 0.027023999951779842, "entries": 12, "fastest_replay_ms": 0.025919999927282333}}, "change": {"H": {"mean": -0.918938113286751, "min": -0.9190823571900931}, "C": {"mean": -0.9188982170917934, "min": -0.9189383773192831}}, "eviction_bytes": 0, "includes": "R: routed kernel and cast/add over a zero shared row; H: fused shared MLP; C: serial chain", "excludes": "router selection, packet exchange/NIC, other layers", "request_groups": 2, "unique_experts": 20, "label": "2 group(s) of 8 related rows"}
{"lane": "component_timing", "rows": 16, "cache": "evicted", "samples": 6, "replays": 32, "labels": ["R", "H", "C"], "capture_order": ["R", "H", "C"], "entries": [{"bracket": 0, "arm": "R", "median_ms": 0.39587199687957764, "min_ms": 0.389631986618042, "mean_ms": 0.3959790002554655}, {"bracket": 0, "arm": "H", "median_ms": 0.0570559985935688, "min_ms": 0.05596800148487091, "mean_ms": 0.05730099929496646}, {"bracket": 0, "arm": "C", "median_ms": 0.057023998349905014, "min_ms": 0.05526399984955788, "mean_ms": 0.0569819996599108}, {"bracket": 0, "arm": "C", "median_ms": 0.0560000017285347, "min_ms": 0.05500800162553787, "mean_ms": 0.05599300016183406}, {"bracket": 0, "arm": "H", "median_ms": 0.05708799883723259, "min_ms": 0.05615999922156334, "mean_ms": 0.05731099937111139}, {"bracket": 0, "arm": "R", "median_ms": 0.3939040005207062, "min_ms": 0.3908480107784271, "mean_ms": 0.39392999839037657}, {"bracket": 1, "arm": "H", "median_ms": 0.0570559985935688, "min_ms": 0.05603199824690819, "mean_ms": 0.057357999379746616}, {"bracket": 1, "arm": "C", "median_ms": 0.056352000683546066, "min_ms": 0.05516799911856651, "mean_ms": 0.056574999704025686}, {"bracket": 1, "arm": "R", "median_ms": 0.39392000436782837, "min_ms": 0.39184001088142395, "mean_ms": 0.39659000281244516}, {"bracket": 1, "arm": "R", "median_ms": 0.3939040005207062, "min_ms": 0.3898240029811859, "mean_ms": 0.3937429999932647}, {"bracket": 1, "arm": "C", "median_ms": 0.056095998734235764, "min_ms": 0.05500800162553787, "mean_ms": 0.0563840001123026}, {"bracket": 1, "arm": "H", "median_ms": 0.05718399956822395, "min_ms": 0.056384000927209854, "mean_ms": 0.057444999110884964}, {"bracket": 2, "arm": "C", "median_ms": 0.05607999861240387, "min_ms": 0.05430399999022484, "mean_ms": 0.05658400012180209}, {"bracket": 2, "arm": "R", "median_ms": 0.39289599657058716, "min_ms": 0.3903360068798065, "mean_ms": 0.3933529993519187}, {"bracket": 2, "arm": "H", "median_ms": 0.057760000228881836, "min_ms": 0.05612799897789955, "mean_ms": 0.05776499933563173}, {"bracket": 2, "arm": "H", "median_ms": 0.057711999863386154, "min_ms": 0.0562559999525547, "mean_ms": 0.05772799940314144}, {"bracket": 2, "arm": "R", "median_ms": 0.398047998547554, "min_ms": 0.39187198877334595, "mean_ms": 0.39755899738520384}, {"bracket": 2, "arm": "C", "median_ms": 0.05632000043988228, "min_ms": 0.05503999814391136, "mean_ms": 0.05691399984061718}, {"bracket": 3, "arm": "R", "median_ms": 0.39392000436782837, "min_ms": 0.3903680145740509, "mean_ms": 0.39454299956560135}, {"bracket": 3, "arm": "H", "median_ms": 0.05728000029921532, "min_ms": 0.055424001067876816, "mean_ms": 0.05737199925351888}, {"bracket": 3, "arm": "C", "median_ms": 0.05636800080537796, "min_ms": 0.05491200089454651, "mean_ms": 0.056474000099115074}, {"bracket": 3, "arm": "C", "median_ms": 0.0562720000743866, "min_ms": 0.05516799911856651, "mean_ms": 0.056435999809764326}, {"bracket": 3, "arm": "H", "median_ms": 0.05711999908089638, "min_ms": 0.055904000997543335, "mean_ms": 0.05739999969955534}, {"bracket": 3, "arm": "R", "median_ms": 0.39401601254940033, "min_ms": 0.39030399918556213, "mean_ms": 0.3942880006507039}, {"bracket": 4, "arm": "H", "median_ms": 0.057103998959064484, "min_ms": 0.05539200082421303, "mean_ms": 0.057363999309018254}, {"bracket": 4, "arm": "C", "median_ms": 0.05623999983072281, "min_ms": 0.05491200089454651, "mean_ms": 0.05628800019621849}, {"bracket": 4, "arm": "R", "median_ms": 0.3930080085992813, "min_ms": 0.39103999733924866, "mean_ms": 0.3933459995314479}, {"bracket": 4, "arm": "R", "median_ms": 0.39289599657058716, "min_ms": 0.3909760117530823, "mean_ms": 0.3933679983019829}, {"bracket": 4, "arm": "C", "median_ms": 0.056095998734235764, "min_ms": 0.05500800162553787, "mean_ms": 0.05639699986204505}, {"bracket": 4, "arm": "H", "median_ms": 0.0570559985935688, "min_ms": 0.05603199824690819, "mean_ms": 0.0575099989073351}, {"bracket": 5, "arm": "C", "median_ms": 0.056063998490571976, "min_ms": 0.0551999993622303, "mean_ms": 0.05627900001127273}, {"bracket": 5, "arm": "R", "median_ms": 0.39395201206207275, "min_ms": 0.39187198877334595, "mean_ms": 0.39488699939101934}, {"bracket": 5, "arm": "H", "median_ms": 0.0570559985935688, "min_ms": 0.05603199824690819, "mean_ms": 0.05726399924606085}, {"bracket": 5, "arm": "H", "median_ms": 0.0570559985935688, "min_ms": 0.05587200075387955, "mean_ms": 0.05728199938312173}, {"bracket": 5, "arm": "R", "median_ms": 0.39392000436782837, "min_ms": 0.3908480107784271, "mean_ms": 0.39415700268000364}, {"bracket": 5, "arm": "C", "median_ms": 0.05648000165820122, "min_ms": 0.055135998874902725, "mean_ms": 0.056678000022657216}], "summary": {"R": {"mean_ms": 0.39418800299366313, "min_ms": 0.39289599657058716, "entries": 12, "fastest_replay_ms": 0.389631986618042}, "H": {"mean_ms": 0.05721066581706206, "min_ms": 0.0570559985935688, "entries": 12, "fastest_replay_ms": 0.05539200082421303}, "C": {"mean_ms": 0.05628266651183367, "min_ms": 0.0560000017285347, "entries": 12, "fastest_replay_ms": 0.05430399999022484}}, "change": {"H": {"mean": -0.8548645179899558, "min": -0.854780911254925}, "C": {"mean": -0.8572187228317589, "min": -0.8574686374579187}}, "eviction_bytes": 134217728, "includes": "R: routed kernel and cast/add over a zero shared row; H: fused shared MLP; C: serial chain", "excludes": "router selection, packet exchange/NIC, other layers", "request_groups": 2, "unique_experts": 20, "label": "2 group(s) of 8 related rows"}
{"lane": "complete", "passed": true, "max_allocated_bytes": 1940130816}
