srv2:31:31 [0] NCCL INFO ENV/Plugin: Could not find: libnccl-env.so
srv2:31:31 [0] NCCL INFO NCCL_SOCKET_IFNAME set to enp1s0f0np0
srv2:31:31 [0] NCCL INFO cudaDriverVersion 13000
srv2:31:31 [0] NCCL INFO NCCL version 2.29.7+cuda13.2
srv2:31:31 [0] NCCL INFO NCCL git version stable b81d6a5a3
srv2:31:31 [0] NCCL INFO NET/Plugin: Could not find: libnccl-net.so
srv2:31:31 [0] NCCL INFO dlvsym failed on mlx5dv_get_data_direct_sysfs_path - /usr/lib/aarch64-linux-gnu/libmlx5.so: undefined symbol: mlx5dv_get_data_direct_sysfs_path, version MLX5_1.25 version MLX5_1.25
srv2:31:31 [0] NCCL INFO dlvsym failed on mlx5dv_reg_dmabuf_mr - /usr/lib/aarch64-linux-gnu/libmlx5.so: undefined symbol: mlx5dv_reg_dmabuf_mr, version MLX5_1.25 version MLX5_1.25
srv2:31:31 [0] NCCL INFO NCCL_IB_HCA set to rocep1s0f0,roceP2p1s0f0
srv2:31:31 [0] NCCL INFO NET/IB: [0] rocep1s0f0:uverbs0:1/RoCE provider=Mlx5 speed=200000 context=0x3f16f870 pciPath=/sys/devices/pci0000:00/0000:00:00.0/0000:01:00.0 ar=0
srv2:31:31 [0] NCCL INFO NET/IB: [2] roceP2p1s0f0:uverbs2:1/RoCE provider=Mlx5 speed=200000 context=0x3f1b0f70 pciPath=/sys/devices/pci0002:00/0002:00:00.0/0002:01:00.0 ar=0
srv2:31:31 [0] NCCL INFO NET/IB : Made virtual device [0] name=rocep1s0f0 speed=200000 ndevs=1
srv2:31:31 [0] NCCL INFO NET/IB : Made virtual device [1] name=roceP2p1s0f0 speed=200000 ndevs=1
srv2:31:31 [0] NCCL INFO NET/IB : Using [0]rocep1s0f0:1/RoCE [1]roceP2p1s0f0:1/RoCE [RO]; OOB enp1s0f0np0:10.10.10.2<0>
srv2:31:31 [0] NCCL INFO Initialized NET plugin IB
srv2:31:31 [0] NCCL INFO Assigned NET plugin IB to comm
srv2:31:31 [0] NCCL INFO GIN/Plugin: Could not find: libnccl-gin.so
srv2:31:31 [0] NCCL INFO Assigned GIN plugin GIN_IB_GDAKI to comm
srv2:31:31 [0] NCCL INFO Assigned RMA plugin GIN_IB_PROXY to comm
srv2:31:31 [0] NCCL INFO Using network IB
srv2:31:31 [0] NCCL INFO [Rank 0] ncclCommInitRankConfig comm 0x3d74ddb0 rank 0 nranks 4 cudaDev 0 nvmlDev 0 busId f01000 commId 0x2af79407f61cfd5a - Init START
srv2:31:31 [0] NCCL INFO RAS client listening socket at 127.0.0.1<28028>
srv2:31:31 [0] NCCL INFO NCCL_P2P_LEVEL set by environment to SYS
srv2:31:31 [0] NCCL INFO Topology detection : could not read /sys/devices/system/node/node-1/cpumap, ignoring
srv2:31:31 [0] NCCL INFO TOPO/NET : Importing network plugins to topology
srv2:31:31 [0] NCCL INFO Topology detection : could not read /sys/devices/system/node/node-1/cpumap, ignoring
srv2:31:31 [0] NCCL INFO NET/GIN_IB_GDAKI : GPU Direct RDMA Disabled for HCA 0 'rocep1s0f0'
srv2:31:31 [0] NCCL INFO ncclTopoPopulateNics : Filled rocep1s0f0 in topo with pciPath=/sys/devices/pci0000:00/0000:00:00.0/0000:01:00.0 net=0 gin=1 keep=1 coll=(null)
srv2:31:31 [0] NCCL INFO Topology detection : could not read /sys/devices/system/node/node-1/cpumap, ignoring
srv2:31:31 [0] NCCL INFO NET/GIN_IB_GDAKI : GPU Direct RDMA Disabled for HCA 1 'roceP2p1s0f0'
srv2:31:31 [0] NCCL INFO ncclTopoPopulateNics : Filled roceP2p1s0f0 in topo with pciPath=/sys/devices/pci0002:00/0002:00:00.0/0002:01:00.0 net=0 gin=1 keep=1 coll=(null)
srv2:31:31 [0] NCCL INFO NET/IB : GPU Direct RDMA Disabled for HCA 0 'rocep1s0f0'
srv2:31:31 [0] NCCL INFO ncclTopoPopulateNics : Filled rocep1s0f0 in topo with pciPath=/sys/devices/pci0000:00/0000:00:00.0/0000:01:00.0 net=1 gin=1 keep=1 coll=(null)
srv2:31:31 [0] NCCL INFO NET/IB : GPU Direct RDMA Disabled for HCA 1 'roceP2p1s0f0'
srv2:31:31 [0] NCCL INFO ncclTopoPopulateNics : Filled roceP2p1s0f0 in topo with pciPath=/sys/devices/pci0002:00/0002:00:00.0/0002:01:00.0 net=1 gin=1 keep=1 coll=(null)
srv2:31:31 [0] NCCL INFO === System : maxBw 12.0 totalBw 3.0 ===
srv2:31:31 [0] NCCL INFO CPU/0-ffffffffffffff (3/-1/-1)
srv2:31:31 [0] NCCL INFO + C2C[345.0] - GPU/0-f01000
srv2:31:31 [0] NCCL INFO + PCI[12.0] - NIC/0-1000
srv2:31:31 [0] NCCL INFO               + NET[25.0] - NET/0-0 (0/f1a29600030b2148/1/25.000000)
srv2:31:31 [0] NCCL INFO               + NET[25.0] - GIN/0-0
srv2:31:31 [0] NCCL INFO + PCI[12.0] - NIC/0-201000
srv2:31:31 [0] NCCL INFO               + NET[25.0] - NET/0-1 (0/f1a29600030b2148/1/25.000000)
srv2:31:31 [0] NCCL INFO               + NET[25.0] - GIN/0-1
srv2:31:31 [0] NCCL INFO + PCI[3.0] - GPU/0-f01000 (0)
srv2:31:31 [0] NCCL INFO              + C2C[345.0] - CPU/0-ffffffffffffff
srv2:31:31 [0] NCCL INFO ==========================================
srv2:31:31 [0] NCCL INFO GPU/0-f01000 :GPU/0-f01000 (0/5000.0/LOC) CPU/0-ffffffffffffff (1/345.0/C2C) NET/0-0 (3/12.0/P2C) NET/0-1 (3/12.0/P2C) GIN/0-0 (3/12.0/PHB) GIN/0-1 (3/12.0/PHB) 
srv2:31:31 [0] NCCL INFO NET/0-0 :GPU/0-f01000 (3/12.0/P2C) CPU/0-ffffffffffffff (2/12.0/PHB) NET/0-0 (0/5000.0/LOC) NET/0-1 (4/12.0/PHB) GIN/0-0 (2/25.0/LOC) GIN/0-1 (4/12.0/PHB) 
srv2:31:31 [0] NCCL INFO NET/0-1 :GPU/0-f01000 (3/12.0/P2C) CPU/0-ffffffffffffff (2/12.0/PHB) NET/0-0 (4/12.0/PHB) NET/0-1 (0/5000.0/LOC) GIN/0-0 (4/12.0/PHB) GIN/0-1 (2/25.0/LOC) 
srv2:31:31 [0] NCCL INFO GIN/0-0 :GPU/0-f01000 (3/12.0/PHB) CPU/0-ffffffffffffff (2/12.0/PHB) NET/0-0 (2/25.0/LOC) NET/0-1 (4/12.0/PHB) GIN/0-0 (0/5000.0/LOC) GIN/0-1 (4/12.0/PHB) 
srv2:31:31 [0] NCCL INFO GIN/0-1 :GPU/0-f01000 (3/12.0/PHB) CPU/0-ffffffffffffff (2/12.0/PHB) NET/0-0 (4/12.0/PHB) NET/0-1 (2/25.0/LOC) GIN/0-0 (4/12.0/PHB) GIN/0-1 (0/5000.0/LOC) 
srv2:31:31 [0] NCCL INFO ncclTopoGetCpuAffinity: Affinity for GPU 0 is empty, ignoring. (GPU affinity = ).
srv2:31:31 [0] NCCL INFO Pattern 4, crossNic 1, nChannels 8, bw 3.000000/3.000000, type LOC/P2C, sameChannels 1
srv2:31:31 [0] NCCL INFO  0 : NET/0-0 GPU/0-f01000 NET/0-0
srv2:31:31 [0] NCCL INFO  1 : NET/0-1 GPU/0-f01000 NET/0-0
srv2:31:31 [0] NCCL INFO  2 : NET/0-0 GPU/0-f01000 NET/0-0
srv2:31:31 [0] NCCL INFO  3 : NET/0-1 GPU/0-f01000 NET/0-0
srv2:31:31 [0] NCCL INFO  4 : NET/0-0 GPU/0-f01000 NET/0-1
srv2:31:31 [0] NCCL INFO  5 : NET/0-1 GPU/0-f01000 NET/0-1
srv2:31:31 [0] NCCL INFO  6 : NET/0-0 GPU/0-f01000 NET/0-1
srv2:31:31 [0] NCCL INFO  7 : NET/0-1 GPU/0-f01000 NET/0-1
srv2:31:31 [0] NCCL INFO Pattern 3, crossNic 1, nChannels 8, bw 1.200000/0.240000, type LOC/P2C, sameChannels 1
srv2:31:31 [0] NCCL INFO  0 : NET/0-0 GPU/0-f01000 NET/0-0
srv2:31:31 [0] NCCL INFO  1 : NET/0-1 GPU/0-f01000 NET/0-1
srv2:31:31 [0] NCCL INFO  2 : NET/0-0 GPU/0-f01000 NET/0-0
srv2:31:31 [0] NCCL INFO  3 : NET/0-1 GPU/0-f01000 NET/0-1
srv2:31:31 [0] NCCL INFO  4 : NET/0-0 GPU/0-f01000 NET/0-0
srv2:31:31 [0] NCCL INFO  5 : NET/0-1 GPU/0-f01000 NET/0-1
srv2:31:31 [0] NCCL INFO  6 : NET/0-0 GPU/0-f01000 NET/0-0
srv2:31:31 [0] NCCL INFO  7 : NET/0-1 GPU/0-f01000 NET/0-1
srv2:31:31 [0] NCCL INFO comm 0x3d74ddb0 rank 0 nRanks 4 nNodes 4 localRanks 1 localRank 0 MNNVL 0
srv2:31:31 [0] NCCL INFO Tree 0 : -1 -> 0 -> 2/-1/-1
srv2:31:31 [0] NCCL INFO Tree 8 : 1 -> 0 -> -1/-1/-1
srv2:31:31 [0] NCCL INFO Tree 1 : -1 -> 0 -> 2/-1/-1
srv2:31:31 [0] NCCL INFO Tree 9 : 1 -> 0 -> -1/-1/-1
srv2:31:31 [0] NCCL INFO Tree 2 : -1 -> 0 -> 2/-1/-1
srv2:31:31 [0] NCCL INFO Tree 10 : 1 -> 0 -> -1/-1/-1
srv2:31:31 [0] NCCL INFO Tree 3 : -1 -> 0 -> 2/-1/-1
srv2:31:31 [0] NCCL INFO Tree 11 : 1 -> 0 -> -1/-1/-1
srv2:31:31 [0] NCCL INFO Tree 4 : -1 -> 0 -> 2/-1/-1
srv2:31:31 [0] NCCL INFO Tree 12 : 1 -> 0 -> -1/-1/-1
srv2:31:31 [0] NCCL INFO Tree 5 : -1 -> 0 -> 2/-1/-1
srv2:31:31 [0] NCCL INFO Tree 13 : 1 -> 0 -> -1/-1/-1
srv2:31:31 [0] NCCL INFO Tree 6 : -1 -> 0 -> 2/-1/-1
srv2:31:31 [0] NCCL INFO Tree 14 : 1 -> 0 -> -1/-1/-1
srv2:31:31 [0] NCCL INFO Tree 7 : -1 -> 0 -> 2/-1/-1
srv2:31:31 [0] NCCL INFO Tree 15 : 1 -> 0 -> -1/-1/-1
srv2:31:31 [0] NCCL INFO Channel 00/16 : 0 1 2 3
srv2:31:31 [0] NCCL INFO Channel 01/16 : 0 1 2 3
srv2:31:31 [0] NCCL INFO Channel 02/16 : 0 1 2 3
srv2:31:31 [0] NCCL INFO Channel 03/16 : 0 1 2 3
srv2:31:31 [0] NCCL INFO Channel 04/16 : 0 1 2 3
srv2:31:31 [0] NCCL INFO Channel 05/16 : 0 1 2 3
srv2:31:31 [0] NCCL INFO Channel 06/16 : 0 1 2 3
srv2:31:31 [0] NCCL INFO Channel 07/16 : 0 1 2 3
srv2:31:31 [0] NCCL INFO Channel 08/16 : 0 1 2 3
srv2:31:31 [0] NCCL INFO Channel 09/16 : 0 1 2 3
srv2:31:31 [0] NCCL INFO Channel 10/16 : 0 1 2 3
srv2:31:31 [0] NCCL INFO Channel 11/16 : 0 1 2 3
srv2:31:31 [0] NCCL INFO Channel 12/16 : 0 1 2 3
srv2:31:31 [0] NCCL INFO Channel 13/16 : 0 1 2 3
srv2:31:31 [0] NCCL INFO Channel 14/16 : 0 1 2 3
srv2:31:31 [0] NCCL INFO Channel 15/16 : 0 1 2 3
srv2:31:31 [0] NCCL INFO Ring 00 : 3 -> 0 -> 1
srv2:31:31 [0] NCCL INFO Ring 01 : 3 -> 0 -> 1
srv2:31:31 [0] NCCL INFO Ring 02 : 3 -> 0 -> 1
srv2:31:31 [0] NCCL INFO Ring 03 : 3 -> 0 -> 1
srv2:31:31 [0] NCCL INFO Ring 04 : 3 -> 0 -> 1
srv2:31:31 [0] NCCL INFO Ring 05 : 3 -> 0 -> 1
srv2:31:31 [0] NCCL INFO Ring 06 : 3 -> 0 -> 1
srv2:31:31 [0] NCCL INFO Ring 07 : 3 -> 0 -> 1
srv2:31:31 [0] NCCL INFO Ring 08 : 3 -> 0 -> 1
srv2:31:31 [0] NCCL INFO Ring 09 : 3 -> 0 -> 1
srv2:31:31 [0] NCCL INFO Ring 10 : 3 -> 0 -> 1
srv2:31:31 [0] NCCL INFO Ring 11 : 3 -> 0 -> 1
srv2:31:31 [0] NCCL INFO Ring 12 : 3 -> 0 -> 1
srv2:31:31 [0] NCCL INFO Ring 13 : 3 -> 0 -> 1
srv2:31:31 [0] NCCL INFO Ring 14 : 3 -> 0 -> 1
srv2:31:31 [0] NCCL INFO Ring 15 : 3 -> 0 -> 1
srv2:31:31 [0] NCCL INFO Trees [0] 2/-1/-1->0->-1 [1] 2/-1/-1->0->-1 [2] 2/-1/-1->0->-1 [3] 2/-1/-1->0->-1 [4] 2/-1/-1->0->-1 [5] 2/-1/-1->0->-1 [6] 2/-1/-1->0->-1 [7] 2/-1/-1->0->-1 [8] -1/-1/-1->0->1 [9] -1/-1/-1->0->1 [10] -1/-1/-1->0->1 [11] -1/-1/-1->0->1 [12] -1/-1/-1->0->1 [13] -1/-1/-1->0->1 [14] -1/-1/-1->0->1 [15] -1/-1/-1->0->1
srv2:31:31 [0] NCCL INFO P2P Chunksize set to 262144
srv2:31:31 [0] NCCL INFO PROFILER/Plugin: Could not find: libnccl-profiler.so
srv2:31:31 [0] NCCL INFO Check P2P Type isAllDirectP2p 1 directMode 0 isAllCudaP2p 1
srv2:31:31 [0] NCCL INFO ncclP2pSchedule: group size used is 1
srv2:31:44 [0] NCCL INFO [Proxy Service] Device 0 CPU core 6
srv2:31:45 [0] NCCL INFO [Proxy Service UDS] Device 0 CPU core 10
srv2:31:44 [0] NCCL INFO New proxy recv connection 0 from local rank 0, transport 2
srv2:31:31 [0] NCCL INFO Connected to proxy localRank 0 -> connection 0xe85f18004f70
srv2:31:46 [0] NCCL INFO [Proxy Progress] Device 0 CPU core 10
srv2:31:31 [0] NCCL INFO Channel 00/0 : 3[0] -> 0[0] [receive] via NET/IB/0
srv2:31:44 [0] NCCL INFO New proxy recv connection 1 from local rank 0, transport 2
srv2:31:31 [0] NCCL INFO Connected to proxy localRank 0 -> connection 0xe85f18004ff8
srv2:31:31 [0] NCCL INFO Channel 01/0 : 3[0] -> 0[0] [receive] via NET/IB/1
srv2:31:44 [0] NCCL INFO New proxy recv connection 2 from local rank 0, transport 2
srv2:31:31 [0] NCCL INFO Connected to proxy localRank 0 -> connection 0xe85f18005080
srv2:31:31 [0] NCCL INFO Channel 02/0 : 3[0] -> 0[0] [receive] via NET/IB/0
srv2:31:44 [0] NCCL INFO New proxy recv connection 3 from local rank 0, transport 2
srv2:31:31 [0] NCCL INFO Connected to proxy localRank 0 -> connection 0xe85f18005108
srv2:31:31 [0] NCCL INFO Channel 03/0 : 3[0] -> 0[0] [receive] via NET/IB/1
srv2:31:44 [0] NCCL INFO New proxy recv connection 4 from local rank 0, transport 2
srv2:31:31 [0] NCCL INFO Connected to proxy localRank 0 -> connection 0xe85f18005190
srv2:31:31 [0] NCCL INFO Channel 04/0 : 3[0] -> 0[0] [receive] via NET/IB/0
srv2:31:44 [0] NCCL INFO New proxy recv connection 5 from local rank 0, transport 2
srv2:31:31 [0] NCCL INFO Connected to proxy localRank 0 -> connection 0xe85f18005218
srv2:31:31 [0] NCCL INFO Channel 05/0 : 3[0] -> 0[0] [receive] via NET/IB/1
srv2:31:44 [0] NCCL INFO New proxy recv connection 6 from local rank 0, transport 2
srv2:31:31 [0] NCCL INFO Connected to proxy localRank 0 -> connection 0xe85f180052a0
srv2:31:31 [0] NCCL INFO Channel 06/0 : 3[0] -> 0[0] [receive] via NET/IB/0
srv2:31:44 [0] NCCL INFO New proxy recv connection 7 from local rank 0, transport 2
srv2:31:31 [0] NCCL INFO Connected to proxy localRank 0 -> connection 0xe85f18005328
srv2:31:31 [0] NCCL INFO Channel 07/0 : 3[0] -> 0[0] [receive] via NET/IB/1
srv2:31:44 [0] NCCL INFO New proxy recv connection 8 from local rank 0, transport 2
srv2:31:31 [0] NCCL INFO Connected to proxy localRank 0 -> connection 0xe85f180053b0
srv2:31:31 [0] NCCL INFO Channel 08/0 : 3[0] -> 0[0] [receive] via NET/IB/0
srv2:31:44 [0] NCCL INFO New proxy recv connection 9 from local rank 0, transport 2
srv2:31:31 [0] NCCL INFO Connected to proxy localRank 0 -> connection 0xe85f18005438
srv2:31:31 [0] NCCL INFO Channel 09/0 : 3[0] -> 0[0] [receive] via NET/IB/1
srv2:31:44 [0] NCCL INFO New proxy recv connection 10 from local rank 0, transport 2
srv2:31:31 [0] NCCL INFO Connected to proxy localRank 0 -> connection 0xe85f180054c0
srv2:31:31 [0] NCCL INFO Channel 10/0 : 3[0] -> 0[0] [receive] via NET/IB/0
srv2:31:44 [0] NCCL INFO New proxy recv connection 11 from local rank 0, transport 2
srv2:31:31 [0] NCCL INFO Connected to proxy localRank 0 -> connection 0xe85f18005548
srv2:31:31 [0] NCCL INFO Channel 11/0 : 3[0] -> 0[0] [receive] via NET/IB/1
srv2:31:44 [0] NCCL INFO New proxy recv connection 12 from local rank 0, transport 2
srv2:31:31 [0] NCCL INFO Connected to proxy localRank 0 -> connection 0xe85f180055d0
srv2:31:31 [0] NCCL INFO Channel 12/0 : 3[0] -> 0[0] [receive] via NET/IB/0
srv2:31:44 [0] NCCL INFO New proxy recv connection 13 from local rank 0, transport 2
srv2:31:31 [0] NCCL INFO Connected to proxy localRank 0 -> connection 0xe85f18005658
srv2:31:31 [0] NCCL INFO Channel 13/0 : 3[0] -> 0[0] [receive] via NET/IB/1
srv2:31:44 [0] NCCL INFO New proxy recv connection 14 from local rank 0, transport 2
srv2:31:31 [0] NCCL INFO Connected to proxy localRank 0 -> connection 0xe85f180056e0
srv2:31:31 [0] NCCL INFO Channel 14/0 : 3[0] -> 0[0] [receive] via NET/IB/0
srv2:31:44 [0] NCCL INFO New proxy recv connection 15 from local rank 0, transport 2
srv2:31:31 [0] NCCL INFO Connected to proxy localRank 0 -> connection 0xe85f18005768
srv2:31:31 [0] NCCL INFO Channel 15/0 : 3[0] -> 0[0] [receive] via NET/IB/1
srv2:31:44 [0] NCCL INFO New proxy send connection 16 from local rank 0, transport 2
srv2:31:31 [0] NCCL INFO Connected to proxy localRank 0 -> connection 0xe85f180057f0
srv2:31:31 [0] NCCL INFO Channel 00/0 : 0[0] -> 1[0] [send] via NET/IB/0
srv2:31:44 [0] NCCL INFO New proxy send connection 17 from local rank 0, transport 2
srv2:31:31 [0] NCCL INFO Connected to proxy localRank 0 -> connection 0xe85f18005878
srv2:31:31 [0] NCCL INFO Channel 01/0 : 0[0] -> 1[0] [send] via NET/IB/1
srv2:31:44 [0] NCCL INFO New proxy send connection 18 from local rank 0, transport 2
srv2:31:31 [0] NCCL INFO Connected to proxy localRank 0 -> connection 0xe85f18005900
srv2:31:31 [0] NCCL INFO Channel 02/0 : 0[0] -> 1[0] [send] via NET/IB/0
srv2:31:44 [0] NCCL INFO New proxy send connection 19 from local rank 0, transport 2
srv2:31:31 [0] NCCL INFO Connected to proxy localRank 0 -> connection 0xe85f18005988
srv2:31:31 [0] NCCL INFO Channel 03/0 : 0[0] -> 1[0] [send] via NET/IB/1
srv2:31:44 [0] NCCL INFO New proxy send connection 20 from local rank 0, transport 2
srv2:31:31 [0] NCCL INFO Connected to proxy localRank 0 -> connection 0xe85f18005a10
srv2:31:31 [0] NCCL INFO Channel 04/0 : 0[0] -> 1[0] [send] via NET/IB/0
srv2:31:44 [0] NCCL INFO New proxy send connection 21 from local rank 0, transport 2
srv2:31:31 [0] NCCL INFO Connected to proxy localRank 0 -> connection 0xe85f18005a98
srv2:31:31 [0] NCCL INFO Channel 05/0 : 0[0] -> 1[0] [send] via NET/IB/1
srv2:31:44 [0] NCCL INFO New proxy send connection 22 from local rank 0, transport 2
srv2:31:31 [0] NCCL INFO Connected to proxy localRank 0 -> connection 0xe85f18005b20
srv2:31:31 [0] NCCL INFO Channel 06/0 : 0[0] -> 1[0] [send] via NET/IB/0
srv2:31:44 [0] NCCL INFO New proxy send connection 23 from local rank 0, transport 2
srv2:31:31 [0] NCCL INFO Connected to proxy localRank 0 -> connection 0xe85f18005ba8
srv2:31:31 [0] NCCL INFO Channel 07/0 : 0[0] -> 1[0] [send] via NET/IB/1
srv2:31:44 [0] NCCL INFO New proxy send connection 24 from local rank 0, transport 2
srv2:31:31 [0] NCCL INFO Connected to proxy localRank 0 -> connection 0xe85f18005c30
srv2:31:31 [0] NCCL INFO Channel 08/0 : 0[0] -> 1[0] [send] via NET/IB/0
srv2:31:44 [0] NCCL INFO New proxy send connection 25 from local rank 0, transport 2
srv2:31:31 [0] NCCL INFO Connected to proxy localRank 0 -> connection 0xe85f18005cb8
srv2:31:31 [0] NCCL INFO Channel 09/0 : 0[0] -> 1[0] [send] via NET/IB/1
srv2:31:44 [0] NCCL INFO New proxy send connection 26 from local rank 0, transport 2
srv2:31:31 [0] NCCL INFO Connected to proxy localRank 0 -> connection 0xe85f18005d40
srv2:31:31 [0] NCCL INFO Channel 10/0 : 0[0] -> 1[0] [send] via NET/IB/0
srv2:31:44 [0] NCCL INFO New proxy send connection 27 from local rank 0, transport 2
srv2:31:31 [0] NCCL INFO Connected to proxy localRank 0 -> connection 0xe85f18005dc8
srv2:31:31 [0] NCCL INFO Channel 11/0 : 0[0] -> 1[0] [send] via NET/IB/1
srv2:31:44 [0] NCCL INFO New proxy send connection 28 from local rank 0, transport 2
srv2:31:31 [0] NCCL INFO Connected to proxy localRank 0 -> connection 0xe85f18005e50
srv2:31:31 [0] NCCL INFO Channel 12/0 : 0[0] -> 1[0] [send] via NET/IB/0
srv2:31:44 [0] NCCL INFO New proxy send connection 29 from local rank 0, transport 2
srv2:31:31 [0] NCCL INFO Connected to proxy localRank 0 -> connection 0xe85f18005ed8
srv2:31:31 [0] NCCL INFO Channel 13/0 : 0[0] -> 1[0] [send] via NET/IB/1
srv2:31:44 [0] NCCL INFO New proxy send connection 30 from local rank 0, transport 2
srv2:31:31 [0] NCCL INFO Connected to proxy localRank 0 -> connection 0xe85f18005f60
srv2:31:31 [0] NCCL INFO Channel 14/0 : 0[0] -> 1[0] [send] via NET/IB/0
srv2:31:44 [0] NCCL INFO New proxy send connection 31 from local rank 0, transport 2
srv2:31:31 [0] NCCL INFO Connected to proxy localRank 0 -> connection 0xe85f18005fe8
srv2:31:31 [0] NCCL INFO Channel 15/0 : 0[0] -> 1[0] [send] via NET/IB/1
srv2:31:44 [0] NCCL INFO NET/IB: ncclIbResiliencyInit: Resiliency is disabled on the send communicator (comm=0xe85f18018000)
srv2:31:44 [0] NCCL INFO NET/IB: ncclIbResiliencyInit: Resiliency is disabled on the recv communicator (comm=0xe85f18053000)
srv2:31:44 [0] NCCL INFO NET/IB: ncclIbRecvCommInit: Receive work requests will be posted on-demand
srv2:31:44 [0] NCCL INFO NET/IB: ncclIbResiliencyInit: Resiliency is disabled on the send communicator (comm=0xe85f18092000)
srv2:31:44 [0] NCCL INFO NET/IB: ncclIbSenderQpsCreate: QP created: port=1 dev=0 devName=rocep1s0f0 ndevs=2 nmdevs=2 qp_num=1580 pkey=0 pd=0xe85f18017c80
srv2:31:44 [0] NCCL INFO NET/IB: ncclIbConnect: NCCL Dev 0 IbDev 0 Port 1 qp_num 1580 mtu 5 GID 3 (0/20A0A0AFFFF0000) ctsFifoRkey=0x15eca8 ctsFifoLkey=0x15eca8
srv2:31:44 [0] NCCL INFO NET/IB: ncclIbConnect: IbDev 0 Port 1 qp_num 1580 query_ece={supported=1, vendor_id=0x15b3, options=0x30000002, comp_mask=0x0}
srv2:31:44 [0] NCCL INFO NET/IB: ncclIbReceiverQpsCreateToRts: QP created: port=1 dev=0 devName=rocep1s0f0 ndevs=2 nmdevs=2 qp_num=1581 pkey=0 pd=0xe85f18017c80
srv2:31:44 [0] NCCL INFO NET/IB: ncclIbReceiverQpsCreateToRts: QP created: port=1 dev=0 devName=rocep1s0f0 ndevs=2 nmdevs=2 qp_num=1582 pkey=0 pd=0xe85f18017c80
srv2:31:44 [0] NCCL INFO NET/IB: ncclIbSenderQpsCreate: QP created: port=1 dev=1 devName=roceP2p1s0f0 ndevs=2 nmdevs=2 qp_num=1702 pkey=0 pd=0xe85f180dff20
srv2:31:44 [0] NCCL INFO NET/IB: ncclIbConnect: NCCL Dev 1 IbDev 1 Port 1 qp_num 1702 mtu 5 GID 3 (0/20B0A0AFFFF0000) ctsFifoRkey=0x180b09 ctsFifoLkey=0x180b09
srv2:31:44 [0] NCCL INFO NET/IB: ncclIbConnect: IbDev 1 Port 1 qp_num 1702 query_ece={supported=1, vendor_id=0x15b3, options=0x30000002, comp_mask=0x0}
srv2:31:44 [0] NCCL INFO NET/IB: ncclIbResiliencyInit: Resiliency is disabled on the recv communicator (comm=0xe85f18195000)
srv2:31:44 [0] NCCL INFO NET/IB: ncclIbRecvCommInit: Receive work requests will be posted on-demand
srv2:31:44 [0] NCCL INFO NET/IB: ncclIbSenderQpsToRts: Set ECE: IbDev 0 Port 1 qp_num 1580 set_ece={supported=1, vendor_id=0x15b3, options=0x30000002, comp_mask=0x0}
srv2:31:44 [0] NCCL INFO NET/IB: ncclIbSenderQpsToRts: Set ECE: IbDev 1 Port 1 qp_num 1702 set_ece={supported=1, vendor_id=0x15b3, options=0x30000002, comp_mask=0x0}
srv2:31:44 [0] NCCL INFO NET/IB: ncclIbReceiverQpsCreateToRts: QP created: port=1 dev=1 devName=roceP2p1s0f0 ndevs=2 nmdevs=2 qp_num=1703 pkey=0 pd=0xe85f180dff20
srv2:31:44 [0] NCCL INFO NET/IB: ncclIbReceiverQpsCreateToRts: QP created: port=1 dev=1 devName=roceP2p1s0f0 ndevs=2 nmdevs=2 qp_num=1704 pkey=0 pd=0xe85f180dff20
srv2:31:44 [0] NCCL INFO NET/IB: ncclIbResiliencyInit: Resiliency is disabled on the send communicator (comm=0xe85f1821e000)
srv2:31:44 [0] NCCL INFO NET/IB: ncclIbResiliencyInit: Resiliency is disabled on the recv communicator (comm=0xe85f18259000)
srv2:31:44 [0] NCCL INFO NET/IB: ncclIbRecvCommInit: Receive work requests will be posted on-demand
srv2:31:44 [0] NCCL INFO NET/IB: ncclIbResiliencyInit: Resiliency is disabled on the send communicator (comm=0xe85f18298000)
srv2:31:44 [0] NCCL INFO NET/IB: ncclIbResiliencyInit: Resiliency is disabled on the recv communicator (comm=0xe85f182d3000)
srv2:31:44 [0] NCCL INFO NET/IB: ncclIbRecvCommInit: Receive work requests will be posted on-demand
srv2:31:44 [0] NCCL INFO NET/IB: ncclIbResiliencyInit: Resiliency is disabled on the send communicator (comm=0xe85f18312000)
srv2:31:44 [0] NCCL INFO NET/IB: ncclIbResiliencyInit: Resiliency is disabled on the recv communicator (comm=0xe85f1834d000)
srv2:31:44 [0] NCCL INFO NET/IB: ncclIbRecvCommInit: Receive work requests will be posted on-demand
srv2:31:44 [0] NCCL INFO NET/IB: ncclIbResiliencyInit: Resiliency is disabled on the send communicator (comm=0xe85f1838c000)
srv2:31:44 [0] NCCL INFO NET/IB: ncclIbResiliencyInit: Resiliency is disabled on the recv communicator (comm=0xe85f183c7000)
srv2:31:44 [0] NCCL INFO NET/IB: ncclIbRecvCommInit: Receive work requests will be posted on-demand
srv2:31:44 [0] NCCL INFO NET/IB: ncclIbResiliencyInit: Resiliency is disabled on the send communicator (comm=0xe85f18406000)
srv2:31:44 [0] NCCL INFO NET/IB: ncclIbResiliencyInit: Resiliency is disabled on the recv communicator (comm=0xe85f18441000)
srv2:31:44 [0] NCCL INFO NET/IB: ncclIbRecvCommInit: Receive work requests will be posted on-demand
srv2:31:44 [0] NCCL INFO NET/IB: ncclIbResiliencyInit: Resiliency is disabled on the send communicator (comm=0xe85f18480000)
srv2:31:44 [0] NCCL INFO NET/IB: ncclIbResiliencyInit: Resiliency is disabled on the recv communicator (comm=0xe85f184bb000)
srv2:31:44 [0] NCCL INFO NET/IB: ncclIbRecvCommInit: Receive work requests will be posted on-demand
srv2:31:44 [0] NCCL INFO NET/IB: ncclIbResiliencyInit: Resiliency is disabled on the send communicator (comm=0xe85f184fa000)
srv2:31:44 [0] NCCL INFO NET/IB: ncclIbResiliencyInit: Resiliency is disabled on the recv communicator (comm=0xe85f18535000)
srv2:31:44 [0] NCCL INFO NET/IB: ncclIbRecvCommInit: Receive work requests will be posted on-demand
srv2:31:44 [0] NCCL INFO NET/IB: ncclIbResiliencyInit: Resiliency is disabled on the send communicator (comm=0xe85f18574000)
srv2:31:44 [0] NCCL INFO NET/IB: ncclIbResiliencyInit: Resiliency is disabled on the recv communicator (comm=0xe85f185af000)
srv2:31:44 [0] NCCL INFO NET/IB: ncclIbRecvCommInit: Receive work requests will be posted on-demand
srv2:31:44 [0] NCCL INFO NET/IB: ncclIbResiliencyInit: Resiliency is disabled on the send communicator (comm=0xe85f185ee000)
srv2:31:44 [0] NCCL INFO NET/IB: ncclIbResiliencyInit: Resiliency is disabled on the recv communicator (comm=0xe85f18629000)
srv2:31:44 [0] NCCL INFO NET/IB: ncclIbRecvCommInit: Receive work requests will be posted on-demand
srv2:31:44 [0] NCCL INFO NET/IB: ncclIbResiliencyInit: Resiliency is disabled on the send communicator (comm=0xe85f18668000)
srv2:31:44 [0] NCCL INFO NET/IB: ncclIbResiliencyInit: Resiliency is disabled on the recv communicator (comm=0xe85f186a3000)
srv2:31:44 [0] NCCL INFO NET/IB: ncclIbRecvCommInit: Receive work requests will be posted on-demand
srv2:31:44 [0] NCCL INFO NET/IB: ncclIbResiliencyInit: Resiliency is disabled on the send communicator (comm=0xe85f186e2000)
srv2:31:44 [0] NCCL INFO NET/IB: ncclIbResiliencyInit: Resiliency is disabled on the recv communicator (comm=0xe85f1871d000)
srv2:31:44 [0] NCCL INFO NET/IB: ncclIbRecvCommInit: Receive work requests will be posted on-demand
srv2:31:44 [0] NCCL INFO NET/IB: ncclIbResiliencyInit: Resiliency is disabled on the send communicator (comm=0xe85f1875c000)
srv2:31:44 [0] NCCL INFO NET/IB: ncclIbSenderQpsCreate: QP created: port=1 dev=0 devName=rocep1s0f0 ndevs=2 nmdevs=2 qp_num=1583 pkey=0 pd=0xe85f18017c80
srv2:31:44 [0] NCCL INFO NET/IB: ncclIbConnect: NCCL Dev 0 IbDev 0 Port 1 qp_num 1583 mtu 5 GID 3 (0/20A0A0AFFFF0000) ctsFifoRkey=0x17da97 ctsFifoLkey=0x17da97
srv2:31:44 [0] NCCL INFO NET/IB: ncclIbConnect: IbDev 0 Port 1 qp_num 1583 query_ece={supported=1, vendor_id=0x15b3, options=0x30000002, comp_mask=0x0}
srv2:31:44 [0] NCCL INFO NET/IB: ncclIbSenderQpsCreate: QP created: port=1 dev=1 devName=roceP2p1s0f0 ndevs=2 nmdevs=2 qp_num=1705 pkey=0 pd=0xe85f180dff20
srv2:31:44 [0] NCCL INFO NET/IB: ncclIbConnect: NCCL Dev 1 IbDev 1 Port 1 qp_num 1705 mtu 5 GID 3 (0/20B0A0AFFFF0000) ctsFifoRkey=0x17514f ctsFifoLkey=0x17514f
srv2:31:44 [0] NCCL INFO NET/IB: ncclIbConnect: IbDev 1 Port 1 qp_num 1705 query_ece={supported=1, vendor_id=0x15b3, options=0x30000002, comp_mask=0x0}
srv2:31:44 [0] NCCL INFO NET/IB: ncclIbResiliencyInit: Resiliency is disabled on the recv communicator (comm=0xe85f187fb000)
srv2:31:44 [0] NCCL INFO NET/IB: ncclIbRecvCommInit: Receive work requests will be posted on-demand
srv2:31:44 [0] NCCL INFO NET/IB: ncclIbSenderQpsCreate: QP created: port=1 dev=0 devName=rocep1s0f0 ndevs=2 nmdevs=2 qp_num=1584 pkey=0 pd=0xe85f18017c80
srv2:31:44 [0] NCCL INFO NET/IB: ncclIbConnect: NCCL Dev 0 IbDev 0 Port 1 qp_num 1584 mtu 5 GID 3 (0/20A0A0AFFFF0000) ctsFifoRkey=0x17cf8e ctsFifoLkey=0x17cf8e
srv2:31:44 [0] NCCL INFO NET/IB: ncclIbConnect: IbDev 0 Port 1 qp_num 1584 query_ece={supported=1, vendor_id=0x15b3, options=0x30000002, comp_mask=0x0}
srv2:31:44 [0] NCCL INFO NET/IB: ncclIbReceiverQpsCreateToRts: QP created: port=1 dev=0 devName=rocep1s0f0 ndevs=2 nmdevs=2 qp_num=1585 pkey=0 pd=0xe85f18017c80
srv2:31:44 [0] NCCL INFO NET/IB: ncclIbReceiverQpsCreateToRts: QP created: port=1 dev=0 devName=rocep1s0f0 ndevs=2 nmdevs=2 qp_num=1586 pkey=0 pd=0xe85f18017c80
srv2:31:44 [0] NCCL INFO NET/IB: ncclIbSenderQpsCreate: QP created: port=1 dev=1 devName=roceP2p1s0f0 ndevs=2 nmdevs=2 qp_num=1706 pkey=0 pd=0xe85f180dff20
srv2:31:44 [0] NCCL INFO NET/IB: ncclIbConnect: NCCL Dev 1 IbDev 1 Port 1 qp_num 1706 mtu 5 GID 3 (0/20B0A0AFFFF0000) ctsFifoRkey=0x190f0e ctsFifoLkey=0x190f0e
srv2:31:44 [0] NCCL INFO NET/IB: ncclIbConnect: IbDev 1 Port 1 qp_num 1706 query_ece={supported=1, vendor_id=0x15b3, options=0x30000002, comp_mask=0x0}
srv2:31:44 [0] NCCL INFO NET/IB: ncclIbReceiverQpsCreateToRts: QP created: port=1 dev=1 devName=roceP2p1s0f0 ndevs=2 nmdevs=2 qp_num=1707 pkey=0 pd=0xe85f180dff20
srv2:31:44 [0] NCCL INFO NET/IB: ncclIbReceiverQpsCreateToRts: QP created: port=1 dev=1 devName=roceP2p1s0f0 ndevs=2 nmdevs=2 qp_num=1708 pkey=0 pd=0xe85f180dff20
srv2:31:44 [0] NCCL INFO NET/IB: ncclIbSenderQpsCreate: QP created: port=1 dev=0 devName=rocep1s0f0 ndevs=2 nmdevs=2 qp_num=1587 pkey=0 pd=0xe85f18017c80
srv2:31:44 [0] NCCL INFO NET/IB: ncclIbConnect: NCCL Dev 0 IbDev 0 Port 1 qp_num 1587 mtu 5 GID 3 (0/20A0A0AFFFF0000) ctsFifoRkey=0x17a561 ctsFifoLkey=0x17a561
srv2:31:44 [0] NCCL INFO NET/IB: ncclIbConnect: IbDev 0 Port 1 qp_num 1587 query_ece={supported=1, vendor_id=0x15b3, options=0x30000002, comp_mask=0x0}
srv2:31:44 [0] NCCL INFO NET/IB: ncclIbReceiverQpsCreateToRts: QP created: port=1 dev=0 devName=rocep1s0f0 ndevs=2 nmdevs=2 qp_num=1588 pkey=0 pd=0xe85f18017c80
srv2:31:44 [0] NCCL INFO NET/IB: ncclIbReceiverQpsCreateToRts: QP created: port=1 dev=0 devName=rocep1s0f0 ndevs=2 nmdevs=2 qp_num=1589 pkey=0 pd=0xe85f18017c80
srv2:31:44 [0] NCCL INFO NET/IB: ncclIbSenderQpsCreate: QP created: port=1 dev=1 devName=roceP2p1s0f0 ndevs=2 nmdevs=2 qp_num=1709 pkey=0 pd=0xe85f180dff20
srv2:31:44 [0] NCCL INFO NET/IB: ncclIbConnect: NCCL Dev 1 IbDev 1 Port 1 qp_num 1709 mtu 5 GID 3 (0/20B0A0AFFFF0000) ctsFifoRkey=0x175c5a ctsFifoLkey=0x175c5a
srv2:31:44 [0] NCCL INFO NET/IB: ncclIbConnect: IbDev 1 Port 1 qp_num 1709 query_ece={supported=1, vendor_id=0x15b3, options=0x30000002, comp_mask=0x0}
srv2:31:44 [0] NCCL INFO NET/IB: ncclIbReceiverQpsCreateToRts: QP created: port=1 dev=1 devName=roceP2p1s0f0 ndevs=2 nmdevs=2 qp_num=1710 pkey=0 pd=0xe85f180dff20
srv2:31:44 [0] NCCL INFO NET/IB: ncclIbReceiverQpsCreateToRts: QP created: port=1 dev=1 devName=roceP2p1s0f0 ndevs=2 nmdevs=2 qp_num=1711 pkey=0 pd=0xe85f180dff20
srv2:31:44 [0] NCCL INFO NET/IB: ncclIbSenderQpsCreate: QP created: port=1 dev=0 devName=rocep1s0f0 ndevs=2 nmdevs=2 qp_num=1590 pkey=0 pd=0xe85f18017c80
srv2:31:44 [0] NCCL INFO NET/IB: ncclIbConnect: NCCL Dev 0 IbDev 0 Port 1 qp_num 1590 mtu 5 GID 3 (0/20A0A0AFFFF0000) ctsFifoRkey=0x17af6d ctsFifoLkey=0x17af6d
srv2:31:44 [0] NCCL INFO NET/IB: ncclIbConnect: IbDev 0 Port 1 qp_num 1590 query_ece={supported=1, vendor_id=0x15b3, options=0x30000002, comp_mask=0x0}
srv2:31:44 [0] NCCL INFO NET/IB: ncclIbReceiverQpsCreateToRts: QP created: port=1 dev=0 devName=rocep1s0f0 ndevs=2 nmdevs=2 qp_num=1591 pkey=0 pd=0xe85f18017c80
srv2:31:44 [0] NCCL INFO NET/IB: ncclIbReceiverQpsCreateToRts: QP created: port=1 dev=0 devName=rocep1s0f0 ndevs=2 nmdevs=2 qp_num=1592 pkey=0 pd=0xe85f18017c80
srv2:31:44 [0] NCCL INFO NET/IB: ncclIbSenderQpsCreate: QP created: port=1 dev=1 devName=roceP2p1s0f0 ndevs=2 nmdevs=2 qp_num=1712 pkey=0 pd=0xe85f180dff20
srv2:31:44 [0] NCCL INFO NET/IB: ncclIbConnect: NCCL Dev 1 IbDev 1 Port 1 qp_num 1712 mtu 5 GID 3 (0/20B0A0AFFFF0000) ctsFifoRkey=0x154236 ctsFifoLkey=0x154236
srv2:31:44 [0] NCCL INFO NET/IB: ncclIbConnect: IbDev 1 Port 1 qp_num 1712 query_ece={supported=1, vendor_id=0x15b3, options=0x30000002, comp_mask=0x0}
srv2:31:44 [0] NCCL INFO NET/IB: ncclIbReceiverQpsCreateToRts: QP created: port=1 dev=1 devName=roceP2p1s0f0 ndevs=2 nmdevs=2 qp_num=1713 pkey=0 pd=0xe85f180dff20
srv2:31:44 [0] NCCL INFO NET/IB: ncclIbReceiverQpsCreateToRts: QP created: port=1 dev=1 devName=roceP2p1s0f0 ndevs=2 nmdevs=2 qp_num=1714 pkey=0 pd=0xe85f180dff20
srv2:31:44 [0] NCCL INFO NET/IB: ncclIbSenderQpsCreate: QP created: port=1 dev=0 devName=rocep1s0f0 ndevs=2 nmdevs=2 qp_num=1593 pkey=0 pd=0xe85f18017c80
srv2:31:44 [0] NCCL INFO NET/IB: ncclIbConnect: NCCL Dev 0 IbDev 0 Port 1 qp_num 1593 mtu 5 GID 3 (0/20A0A0AFFFF0000) ctsFifoRkey=0x1608c6 ctsFifoLkey=0x1608c6
srv2:31:44 [0] NCCL INFO NET/IB: ncclIbConnect: IbDev 0 Port 1 qp_num 1593 query_ece={supported=1, vendor_id=0x15b3, options=0x30000002, comp_mask=0x0}
srv2:31:44 [0] NCCL INFO NET/IB: ncclIbReceiverQpsCreateToRts: QP created: port=1 dev=0 devName=rocep1s0f0 ndevs=2 nmdevs=2 qp_num=1594 pkey=0 pd=0xe85f18017c80
srv2:31:44 [0] NCCL INFO NET/IB: ncclIbReceiverQpsCreateToRts: QP created: port=1 dev=0 devName=rocep1s0f0 ndevs=2 nmdevs=2 qp_num=1595 pkey=0 pd=0xe85f18017c80
srv2:31:44 [0] NCCL INFO NET/IB: ncclIbSenderQpsCreate: QP created: port=1 dev=1 devName=roceP2p1s0f0 ndevs=2 nmdevs=2 qp_num=1715 pkey=0 pd=0xe85f180dff20
srv2:31:44 [0] NCCL INFO NET/IB: ncclIbConnect: NCCL Dev 1 IbDev 1 Port 1 qp_num 1715 mtu 5 GID 3 (0/20B0A0AFFFF0000) ctsFifoRkey=0x170e07 ctsFifoLkey=0x170e07
srv2:31:44 [0] NCCL INFO NET/IB: ncclIbConnect: IbDev 1 Port 1 qp_num 1715 query_ece={supported=1, vendor_id=0x15b3, options=0x30000002, comp_mask=0x0}
srv2:31:44 [0] NCCL INFO NET/IB: ncclIbReceiverQpsCreateToRts: QP created: port=1 dev=1 devName=roceP2p1s0f0 ndevs=2 nmdevs=2 qp_num=1716 pkey=0 pd=0xe85f180dff20
srv2:31:44 [0] NCCL INFO NET/IB: ncclIbReceiverQpsCreateToRts: QP created: port=1 dev=1 devName=roceP2p1s0f0 ndevs=2 nmdevs=2 qp_num=1717 pkey=0 pd=0xe85f180dff20
srv2:31:44 [0] NCCL INFO NET/IB: ncclIbSenderQpsCreate: QP created: port=1 dev=0 devName=rocep1s0f0 ndevs=2 nmdevs=2 qp_num=1596 pkey=0 pd=0xe85f18017c80
srv2:31:44 [0] NCCL INFO NET/IB: ncclIbConnect: NCCL Dev 0 IbDev 0 Port 1 qp_num 1596 mtu 5 GID 3 (0/20A0A0AFFFF0000) ctsFifoRkey=0x178f49 ctsFifoLkey=0x178f49
srv2:31:44 [0] NCCL INFO NET/IB: ncclIbConnect: IbDev 0 Port 1 qp_num 1596 query_ece={supported=1, vendor_id=0x15b3, options=0x30000002, comp_mask=0x0}
srv2:31:44 [0] NCCL INFO NET/IB: ncclIbReceiverQpsCreateToRts: QP created: port=1 dev=0 devName=rocep1s0f0 ndevs=2 nmdevs=2 qp_num=1597 pkey=0 pd=0xe85f18017c80
srv2:31:44 [0] NCCL INFO NET/IB: ncclIbReceiverQpsCreateToRts: QP created: port=1 dev=0 devName=rocep1s0f0 ndevs=2 nmdevs=2 qp_num=1598 pkey=0 pd=0xe85f18017c80
srv2:31:44 [0] NCCL INFO NET/IB: ncclIbSenderQpsCreate: QP created: port=1 dev=1 devName=roceP2p1s0f0 ndevs=2 nmdevs=2 qp_num=1718 pkey=0 pd=0xe85f180dff20
srv2:31:44 [0] NCCL INFO NET/IB: ncclIbConnect: NCCL Dev 1 IbDev 1 Port 1 qp_num 1718 mtu 5 GID 3 (0/20B0A0AFFFF0000) ctsFifoRkey=0x18f4f4 ctsFifoLkey=0x18f4f4
srv2:31:44 [0] NCCL INFO NET/IB: ncclIbConnect: IbDev 1 Port 1 qp_num 1718 query_ece={supported=1, vendor_id=0x15b3, options=0x30000002, comp_mask=0x0}
srv2:31:44 [0] NCCL INFO NET/IB: ncclIbReceiverQpsCreateToRts: QP created: port=1 dev=1 devName=roceP2p1s0f0 ndevs=2 nmdevs=2 qp_num=1719 pkey=0 pd=0xe85f180dff20
srv2:31:44 [0] NCCL INFO NET/IB: ncclIbReceiverQpsCreateToRts: QP created: port=1 dev=1 devName=roceP2p1s0f0 ndevs=2 nmdevs=2 qp_num=1720 pkey=0 pd=0xe85f180dff20
srv2:31:44 [0] NCCL INFO NET/IB: ncclIbSenderQpsToRts: Set ECE: IbDev 0 Port 1 qp_num 1583 set_ece={supported=1, vendor_id=0x15b3, options=0x30000002, comp_mask=0x0}
srv2:31:44 [0] NCCL INFO NET/IB: ncclIbReceiverQpsCreateToRts: QP created: port=1 dev=0 devName=rocep1s0f0 ndevs=2 nmdevs=2 qp_num=1599 pkey=0 pd=0xe85f18017c80
srv2:31:44 [0] NCCL INFO NET/IB: ncclIbReceiverQpsCreateToRts: QP created: port=1 dev=0 devName=rocep1s0f0 ndevs=2 nmdevs=2 qp_num=1600 pkey=0 pd=0xe85f18017c80
srv2:31:44 [0] NCCL INFO NET/IB: ncclIbSenderQpsToRts: Set ECE: IbDev 1 Port 1 qp_num 1705 set_ece={supported=1, vendor_id=0x15b3, options=0x30000002, comp_mask=0x0}
srv2:31:44 [0] NCCL INFO NET/IB: ncclIbReceiverQpsCreateToRts: QP created: port=1 dev=1 devName=roceP2p1s0f0 ndevs=2 nmdevs=2 qp_num=1721 pkey=0 pd=0xe85f180dff20
srv2:31:44 [0] NCCL INFO NET/IB: ncclIbReceiverQpsCreateToRts: QP created: port=1 dev=1 devName=roceP2p1s0f0 ndevs=2 nmdevs=2 qp_num=1722 pkey=0 pd=0xe85f180dff20
srv2:31:44 [0] NCCL INFO NET/IB: ncclIbResiliencyInit: Resiliency is disabled on the send communicator (comm=0xe85f18dea000)
srv2:31:44 [0] NCCL INFO NET/IB: ncclIbSenderQpsToRts: Set ECE: IbDev 0 Port 1 qp_num 1584 set_ece={supported=1, vendor_id=0x15b3, options=0x30000002, comp_mask=0x0}
srv2:31:44 [0] NCCL INFO NET/IB: ncclIbSenderQpsToRts: Set ECE: IbDev 1 Port 1 qp_num 1706 set_ece={supported=1, vendor_id=0x15b3, options=0x30000002, comp_mask=0x0}
srv2:31:44 [0] NCCL INFO NET/IB: ncclIbSenderQpsToRts: Set ECE: IbDev 0 Port 1 qp_num 1587 set_ece={supported=1, vendor_id=0x15b3, options=0x30000002, comp_mask=0x0}
srv2:31:44 [0] NCCL INFO NET/IB: ncclIbSenderQpsToRts: Set ECE: IbDev 1 Port 1 qp_num 1709 set_ece={supported=1, vendor_id=0x15b3, options=0x30000002, comp_mask=0x0}
srv2:31:44 [0] NCCL INFO NET/IB: ncclIbSenderQpsToRts: Set ECE: IbDev 0 Port 1 qp_num 1590 set_ece={supported=1, vendor_id=0x15b3, options=0x30000002, comp_mask=0x0}
srv2:31:44 [0] NCCL INFO NET/IB: ncclIbSenderQpsToRts: Set ECE: IbDev 1 Port 1 qp_num 1712 set_ece={supported=1, vendor_id=0x15b3, options=0x30000002, comp_mask=0x0}
srv2:31:44 [0] NCCL INFO NET/IB: ncclIbSenderQpsToRts: Set ECE: IbDev 0 Port 1 qp_num 1593 set_ece={supported=1, vendor_id=0x15b3, options=0x30000002, comp_mask=0x0}
srv2:31:44 [0] NCCL INFO NET/IB: ncclIbSenderQpsToRts: Set ECE: IbDev 1 Port 1 qp_num 1715 set_ece={supported=1, vendor_id=0x15b3, options=0x30000002, comp_mask=0x0}
srv2:31:44 [0] NCCL INFO NET/IB: ncclIbSenderQpsToRts: Set ECE: IbDev 0 Port 1 qp_num 1596 set_ece={supported=1, vendor_id=0x15b3, options=0x30000002, comp_mask=0x0}
srv2:31:44 [0] NCCL INFO NET/IB: ncclIbSenderQpsToRts: Set ECE: IbDev 1 Port 1 qp_num 1718 set_ece={supported=1, vendor_id=0x15b3, options=0x30000002, comp_mask=0x0}
srv2:31:44 [0] NCCL INFO NET/IB: ncclIbSenderQpsCreate: QP created: port=1 dev=0 devName=rocep1s0f0 ndevs=2 nmdevs=2 qp_num=1601 pkey=0 pd=0xe85f18017c80
srv2:31:44 [0] NCCL INFO NET/IB: ncclIbConnect: NCCL Dev 0 IbDev 0 Port 1 qp_num 1601 mtu 5 GID 3 (0/20A0A0AFFFF0000) ctsFifoRkey=0x171dda ctsFifoLkey=0x171dda
srv2:31:44 [0] NCCL INFO NET/IB: ncclIbConnect: IbDev 0 Port 1 qp_num 1601 query_ece={supported=1, vendor_id=0x15b3, options=0x30000002, comp_mask=0x0}
srv2:31:44 [0] NCCL INFO NET/IB: ncclIbResiliencyInit: Resiliency is disabled on the recv communicator (comm=0xe85f18e53000)
srv2:31:44 [0] NCCL INFO NET/IB: ncclIbRecvCommInit: Receive work requests will be posted on-demand
srv2:31:44 [0] NCCL INFO NET/IB: ncclIbResiliencyInit: Resiliency is disabled on the send communicator (comm=0xe85f18e90000)
srv2:31:44 [0] NCCL INFO NET/IB: ncclIbResiliencyInit: Resiliency is disabled on the recv communicator (comm=0xe85f18ec9000)
srv2:31:44 [0] NCCL INFO NET/IB: ncclIbRecvCommInit: Receive work requests will be posted on-demand
srv2:31:44 [0] NCCL INFO NET/IB: ncclIbReceiverQpsCreateToRts: QP created: port=1 dev=0 devName=rocep1s0f0 ndevs=2 nmdevs=2 qp_num=1602 pkey=0 pd=0xe85f18017c80
srv2:31:44 [0] NCCL INFO NET/IB: ncclIbReceiverQpsCreateToRts: QP created: port=1 dev=0 devName=rocep1s0f0 ndevs=2 nmdevs=2 qp_num=1603 pkey=0 pd=0xe85f18017c80
srv2:31:44 [0] NCCL INFO NET/IB: ncclIbSenderQpsCreate: QP created: port=1 dev=1 devName=roceP2p1s0f0 ndevs=2 nmdevs=2 qp_num=1723 pkey=0 pd=0xe85f180dff20
srv2:31:44 [0] NCCL INFO NET/IB: ncclIbConnect: NCCL Dev 1 IbDev 1 Port 1 qp_num 1723 mtu 5 GID 3 (0/20B0A0AFFFF0000) ctsFifoRkey=0x182f2d ctsFifoLkey=0x182f2d
srv2:31:44 [0] NCCL INFO NET/IB: ncclIbConnect: IbDev 1 Port 1 qp_num 1723 query_ece={supported=1, vendor_id=0x15b3, options=0x30000002, comp_mask=0x0}
srv2:31:44 [0] NCCL INFO NET/IB: ncclIbReceiverQpsCreateToRts: QP created: port=1 dev=1 devName=roceP2p1s0f0 ndevs=2 nmdevs=2 qp_num=1724 pkey=0 pd=0xe85f180dff20
srv2:31:44 [0] NCCL INFO NET/IB: ncclIbReceiverQpsCreateToRts: QP created: port=1 dev=1 devName=roceP2p1s0f0 ndevs=2 nmdevs=2 qp_num=1725 pkey=0 pd=0xe85f180dff20
srv2:31:44 [0] NCCL INFO NET/IB: ncclIbSenderQpsToRts: Set ECE: IbDev 0 Port 1 qp_num 1601 set_ece={supported=1, vendor_id=0x15b3, options=0x30000002, comp_mask=0x0}
srv2:31:44 [0] NCCL INFO NET/IB: ncclIbSenderQpsToRts: Set ECE: IbDev 1 Port 1 qp_num 1723 set_ece={supported=1, vendor_id=0x15b3, options=0x30000002, comp_mask=0x0}
srv2:31:31 [0] NCCL INFO Connected all rings, use ring PXN 0 GDR 0
srv2:31:44 [0] NCCL INFO New proxy recv connection 32 from local rank 0, transport 2
srv2:31:31 [0] NCCL INFO Connected to proxy localRank 0 -> connection 0xe85f18006070
srv2:31:31 [0] NCCL INFO Channel 00/0 : 2[0] -> 0[0] [receive] via NET/IB/0
srv2:31:44 [0] NCCL INFO New proxy recv connection 33 from local rank 0, transport 2
srv2:31:31 [0] NCCL INFO Connected to proxy localRank 0 -> connection 0xe85f180060f8
srv2:31:31 [0] NCCL INFO Channel 01/0 : 2[0] -> 0[0] [receive] via NET/IB/1
srv2:31:44 [0] NCCL INFO New proxy recv connection 34 from local rank 0, transport 2
srv2:31:31 [0] NCCL INFO Connected to proxy localRank 0 -> connection 0xe85f18006180
srv2:31:31 [0] NCCL INFO Channel 02/0 : 2[0] -> 0[0] [receive] via NET/IB/0
srv2:31:44 [0] NCCL INFO New proxy recv connection 35 from local rank 0, transport 2
srv2:31:31 [0] NCCL INFO Connected to proxy localRank 0 -> connection 0xe85f18006208
srv2:31:31 [0] NCCL INFO Channel 03/0 : 2[0] -> 0[0] [receive] via NET/IB/1
srv2:31:44 [0] NCCL INFO New proxy recv connection 36 from local rank 0, transport 2
srv2:31:31 [0] NCCL INFO Connected to proxy localRank 0 -> connection 0xe85f18006290
srv2:31:31 [0] NCCL INFO Channel 04/0 : 2[0] -> 0[0] [receive] via NET/IB/0
srv2:31:44 [0] NCCL INFO New proxy recv connection 37 from local rank 0, transport 2
srv2:31:31 [0] NCCL INFO Connected to proxy localRank 0 -> connection 0xe85f18006318
srv2:31:31 [0] NCCL INFO Channel 05/0 : 2[0] -> 0[0] [receive] via NET/IB/1
srv2:31:44 [0] NCCL INFO New proxy recv connection 38 from local rank 0, transport 2
srv2:31:31 [0] NCCL INFO Connected to proxy localRank 0 -> connection 0xe85f180063a0
srv2:31:31 [0] NCCL INFO Channel 06/0 : 2[0] -> 0[0] [receive] via NET/IB/0
srv2:31:44 [0] NCCL INFO New proxy recv connection 39 from local rank 0, transport 2
srv2:31:31 [0] NCCL INFO Connected to proxy localRank 0 -> connection 0xe85f18006428
srv2:31:31 [0] NCCL INFO Channel 07/0 : 2[0] -> 0[0] [receive] via NET/IB/1
srv2:31:44 [0] NCCL INFO New proxy send connection 40 from local rank 0, transport 2
srv2:31:31 [0] NCCL INFO Connected to proxy localRank 0 -> connection 0xe85f180064b0
srv2:31:31 [0] NCCL INFO Channel 00/0 : 0[0] -> 2[0] [send] via NET/IB/0
srv2:31:44 [0] NCCL INFO New proxy send connection 41 from local rank 0, transport 2
srv2:31:31 [0] NCCL INFO Connected to proxy localRank 0 -> connection 0xe85f18006538
srv2:31:31 [0] NCCL INFO Channel 01/0 : 0[0] -> 2[0] [send] via NET/IB/1
srv2:31:44 [0] NCCL INFO New proxy send connection 42 from local rank 0, transport 2
srv2:31:31 [0] NCCL INFO Connected to proxy localRank 0 -> connection 0xe85f180065c0
srv2:31:31 [0] NCCL INFO Channel 02/0 : 0[0] -> 2[0] [send] via NET/IB/0
srv2:31:44 [0] NCCL INFO New proxy send connection 43 from local rank 0, transport 2
srv2:31:31 [0] NCCL INFO Connected to proxy localRank 0 -> connection 0xe85f18006648
srv2:31:31 [0] NCCL INFO Channel 03/0 : 0[0] -> 2[0] [send] via NET/IB/1
srv2:31:44 [0] NCCL INFO New proxy send connection 44 from local rank 0, transport 2
srv2:31:31 [0] NCCL INFO Connected to proxy localRank 0 -> connection 0xe85f180066d0
srv2:31:31 [0] NCCL INFO Channel 04/0 : 0[0] -> 2[0] [send] via NET/IB/0
srv2:31:44 [0] NCCL INFO New proxy send connection 45 from local rank 0, transport 2
srv2:31:31 [0] NCCL INFO Connected to proxy localRank 0 -> connection 0xe85f18006758
srv2:31:31 [0] NCCL INFO Channel 05/0 : 0[0] -> 2[0] [send] via NET/IB/1
srv2:31:44 [0] NCCL INFO New proxy send connection 46 from local rank 0, transport 2
srv2:31:31 [0] NCCL INFO Connected to proxy localRank 0 -> connection 0xe85f180067e0
srv2:31:31 [0] NCCL INFO Channel 06/0 : 0[0] -> 2[0] [send] via NET/IB/0
srv2:31:44 [0] NCCL INFO New proxy send connection 47 from local rank 0, transport 2
srv2:31:31 [0] NCCL INFO Connected to proxy localRank 0 -> connection 0xe85f18006868
srv2:31:31 [0] NCCL INFO Channel 07/0 : 0[0] -> 2[0] [send] via NET/IB/1
srv2:31:44 [0] NCCL INFO New proxy recv connection 48 from local rank 0, transport 2
srv2:31:31 [0] NCCL INFO Connected to proxy localRank 0 -> connection 0xe85f180068f0
srv2:31:31 [0] NCCL INFO Channel 08/0 : 1[0] -> 0[0] [receive] via NET/IB/0
srv2:31:44 [0] NCCL INFO New proxy recv connection 49 from local rank 0, transport 2
srv2:31:31 [0] NCCL INFO Connected to proxy localRank 0 -> connection 0xe85f18006978
srv2:31:31 [0] NCCL INFO Channel 09/0 : 1[0] -> 0[0] [receive] via NET/IB/1
srv2:31:44 [0] NCCL INFO New proxy recv connection 50 from local rank 0, transport 2
srv2:31:31 [0] NCCL INFO Connected to proxy localRank 0 -> connection 0xe85f18006a00
srv2:31:31 [0] NCCL INFO Channel 10/0 : 1[0] -> 0[0] [receive] via NET/IB/0
srv2:31:44 [0] NCCL INFO New proxy recv connection 51 from local rank 0, transport 2
srv2:31:31 [0] NCCL INFO Connected to proxy localRank 0 -> connection 0xe85f18006a88
srv2:31:31 [0] NCCL INFO Channel 11/0 : 1[0] -> 0[0] [receive] via NET/IB/1
srv2:31:44 [0] NCCL INFO New proxy recv connection 52 from local rank 0, transport 2
srv2:31:31 [0] NCCL INFO Connected to proxy localRank 0 -> connection 0xe85f18006b10
srv2:31:31 [0] NCCL INFO Channel 12/0 : 1[0] -> 0[0] [receive] via NET/IB/0
srv2:31:44 [0] NCCL INFO New proxy recv connection 53 from local rank 0, transport 2
srv2:31:31 [0] NCCL INFO Connected to proxy localRank 0 -> connection 0xe85f18006b98
srv2:31:31 [0] NCCL INFO Channel 13/0 : 1[0] -> 0[0] [receive] via NET/IB/1
srv2:31:44 [0] NCCL INFO New proxy recv connection 54 from local rank 0, transport 2
srv2:31:31 [0] NCCL INFO Connected to proxy localRank 0 -> connection 0xe85f18006c20
srv2:31:31 [0] NCCL INFO Channel 14/0 : 1[0] -> 0[0] [receive] via NET/IB/0
srv2:31:44 [0] NCCL INFO New proxy recv connection 55 from local rank 0, transport 2
srv2:31:31 [0] NCCL INFO Connected to proxy localRank 0 -> connection 0xe85f18006ca8
srv2:31:31 [0] NCCL INFO Channel 15/0 : 1[0] -> 0[0] [receive] via NET/IB/1
srv2:31:44 [0] NCCL INFO NET/IB: ncclIbResiliencyInit: Resiliency is disabled on the send communicator (comm=0xe85f18fc4000)
srv2:31:44 [0] NCCL INFO NET/IB: ncclIbResiliencyInit: Resiliency is disabled on the recv communicator (comm=0xe85f18ffd000)
srv2:31:44 [0] NCCL INFO NET/IB: ncclIbRecvCommInit: Receive work requests will be posted on-demand
srv2:31:44 [0] NCCL INFO NET/IB: ncclIbResiliencyInit: Resiliency is disabled on the send communicator (comm=0xe85f1903a000)
srv2:31:44 [0] NCCL INFO NET/IB: ncclIbSenderQpsCreate: QP created: port=1 dev=0 devName=rocep1s0f0 ndevs=2 nmdevs=2 qp_num=1604 pkey=0 pd=0xe85f18017c80
srv2:31:44 [0] NCCL INFO NET/IB: ncclIbConnect: NCCL Dev 0 IbDev 0 Port 1 qp_num 1604 mtu 5 GID 3 (0/20A0A0AFFFF0000) ctsFifoRkey=0x1423df ctsFifoLkey=0x1423df
srv2:31:44 [0] NCCL INFO NET/IB: ncclIbConnect: IbDev 0 Port 1 qp_num 1604 query_ece={supported=1, vendor_id=0x15b3, options=0x30000002, comp_mask=0x0}
srv2:31:44 [0] NCCL INFO NET/IB: ncclIbResiliencyInit: Resiliency is disabled on the recv communicator (comm=0xe85f190a1000)
srv2:31:44 [0] NCCL INFO NET/IB: ncclIbRecvCommInit: Receive work requests will be posted on-demand
srv2:31:44 [0] NCCL INFO NET/IB: ncclIbResiliencyInit: Resiliency is disabled on the send communicator (comm=0xe85f190de000)
srv2:31:44 [0] NCCL INFO NET/IB: ncclIbResiliencyInit: Resiliency is disabled on the recv communicator (comm=0xe85f19117000)
srv2:31:44 [0] NCCL INFO NET/IB: ncclIbRecvCommInit: Receive work requests will be posted on-demand
srv2:31:44 [0] NCCL INFO NET/IB: ncclIbResiliencyInit: Resiliency is disabled on the send communicator (comm=0xe85f19154000)
srv2:31:44 [0] NCCL INFO NET/IB: ncclIbResiliencyInit: Resiliency is disabled on the recv communicator (comm=0xe85f1918d000)
srv2:31:44 [0] NCCL INFO NET/IB: ncclIbRecvCommInit: Receive work requests will be posted on-demand
srv2:31:44 [0] NCCL INFO NET/IB: ncclIbResiliencyInit: Resiliency is disabled on the send communicator (comm=0xe85f191ca000)
srv2:31:44 [0] NCCL INFO NET/IB: ncclIbResiliencyInit: Resiliency is disabled on the recv communicator (comm=0xe85f19205000)
srv2:31:44 [0] NCCL INFO NET/IB: ncclIbRecvCommInit: Receive work requests will be posted on-demand
srv2:31:44 [0] NCCL INFO NET/IB: ncclIbResiliencyInit: Resiliency is disabled on the send communicator (comm=0xe85f19244000)
srv2:31:44 [0] NCCL INFO NET/IB: ncclIbResiliencyInit: Resiliency is disabled on the recv communicator (comm=0xe85f1927f000)
srv2:31:44 [0] NCCL INFO NET/IB: ncclIbRecvCommInit: Receive work requests will be posted on-demand
srv2:31:44 [0] NCCL INFO NET/IB: ncclIbResiliencyInit: Resiliency is disabled on the send communicator (comm=0xe85f192be000)
srv2:31:44 [0] NCCL INFO NET/IB: ncclIbResiliencyInit: Resiliency is disabled on the recv communicator (comm=0xe85f192f9000)
srv2:31:44 [0] NCCL INFO NET/IB: ncclIbRecvCommInit: Receive work requests will be posted on-demand
srv2:31:44 [0] NCCL INFO NET/IB: ncclIbSenderQpsCreate: QP created: port=1 dev=1 devName=roceP2p1s0f0 ndevs=2 nmdevs=2 qp_num=1726 pkey=0 pd=0xe85f180dff20
srv2:31:44 [0] NCCL INFO NET/IB: ncclIbConnect: NCCL Dev 1 IbDev 1 Port 1 qp_num 1726 mtu 5 GID 3 (0/20B0A0AFFFF0000) ctsFifoRkey=0x17d4d1 ctsFifoLkey=0x17d4d1
srv2:31:44 [0] NCCL INFO NET/IB: ncclIbConnect: IbDev 1 Port 1 qp_num 1726 query_ece={supported=1, vendor_id=0x15b3, options=0x30000002, comp_mask=0x0}
srv2:31:44 [0] NCCL INFO NET/IB: ncclIbResiliencyInit: Resiliency is disabled on the send communicator (comm=0xe85f1936a000)
srv2:31:44 [0] NCCL INFO NET/IB: ncclIbResiliencyInit: Resiliency is disabled on the recv communicator (comm=0xe85f193a5000)
srv2:31:44 [0] NCCL INFO NET/IB: ncclIbRecvCommInit: Receive work requests will be posted on-demand
srv2:31:44 [0] NCCL INFO NET/IB: ncclIbReceiverQpsCreateToRts: QP created: port=1 dev=0 devName=rocep1s0f0 ndevs=2 nmdevs=2 qp_num=1605 pkey=0 pd=0xe85f18017c80
srv2:31:44 [0] NCCL INFO NET/IB: ncclIbReceiverQpsCreateToRts: QP created: port=1 dev=0 devName=rocep1s0f0 ndevs=2 nmdevs=2 qp_num=1606 pkey=0 pd=0xe85f18017c80
srv2:31:44 [0] NCCL INFO NET/IB: ncclIbReceiverQpsCreateToRts: QP created: port=1 dev=1 devName=roceP2p1s0f0 ndevs=2 nmdevs=2 qp_num=1727 pkey=0 pd=0xe85f180dff20
srv2:31:44 [0] NCCL INFO NET/IB: ncclIbReceiverQpsCreateToRts: QP created: port=1 dev=1 devName=roceP2p1s0f0 ndevs=2 nmdevs=2 qp_num=1728 pkey=0 pd=0xe85f180dff20
srv2:31:44 [0] NCCL INFO NET/IB: ncclIbSenderQpsCreate: QP created: port=1 dev=0 devName=rocep1s0f0 ndevs=2 nmdevs=2 qp_num=1607 pkey=0 pd=0xe85f18017c80
srv2:31:44 [0] NCCL INFO NET/IB: ncclIbConnect: NCCL Dev 0 IbDev 0 Port 1 qp_num 1607 mtu 5 GID 3 (0/20A0A0AFFFF0000) ctsFifoRkey=0x179856 ctsFifoLkey=0x179856
srv2:31:44 [0] NCCL INFO NET/IB: ncclIbConnect: IbDev 0 Port 1 qp_num 1607 query_ece={supported=1, vendor_id=0x15b3, options=0x30000002, comp_mask=0x0}
srv2:31:44 [0] NCCL INFO NET/IB: ncclIbReceiverQpsCreateToRts: QP created: port=1 dev=0 devName=rocep1s0f0 ndevs=2 nmdevs=2 qp_num=1608 pkey=0 pd=0xe85f18017c80
srv2:31:44 [0] NCCL INFO NET/IB: ncclIbReceiverQpsCreateToRts: QP created: port=1 dev=0 devName=rocep1s0f0 ndevs=2 nmdevs=2 qp_num=1609 pkey=0 pd=0xe85f18017c80
srv2:31:44 [0] NCCL INFO NET/IB: ncclIbResiliencyInit: Resiliency is disabled on the recv communicator (comm=0xe85f19505000)
srv2:31:44 [0] NCCL INFO NET/IB: ncclIbRecvCommInit: Receive work requests will be posted on-demand
srv2:31:44 [0] NCCL INFO NET/IB: ncclIbSenderQpsToRts: Set ECE: IbDev 0 Port 1 qp_num 1604 set_ece={supported=1, vendor_id=0x15b3, options=0x30000002, comp_mask=0x0}
srv2:31:44 [0] NCCL INFO NET/IB: ncclIbSenderQpsToRts: Set ECE: IbDev 1 Port 1 qp_num 1726 set_ece={supported=1, vendor_id=0x15b3, options=0x30000002, comp_mask=0x0}
srv2:31:44 [0] NCCL INFO NET/IB: ncclIbSenderQpsToRts: Set ECE: IbDev 0 Port 1 qp_num 1607 set_ece={supported=1, vendor_id=0x15b3, options=0x30000002, comp_mask=0x0}
srv2:31:44 [0] NCCL INFO NET/IB: ncclIbSenderQpsCreate: QP created: port=1 dev=1 devName=roceP2p1s0f0 ndevs=2 nmdevs=2 qp_num=1729 pkey=0 pd=0xe85f180dff20
srv2:31:44 [0] NCCL INFO NET/IB: ncclIbConnect: NCCL Dev 1 IbDev 1 Port 1 qp_num 1729 mtu 5 GID 3 (0/20B0A0AFFFF0000) ctsFifoRkey=0x173837 ctsFifoLkey=0x173837
srv2:31:44 [0] NCCL INFO NET/IB: ncclIbConnect: IbDev 1 Port 1 qp_num 1729 query_ece={supported=1, vendor_id=0x15b3, options=0x30000002, comp_mask=0x0}
srv2:31:44 [0] NCCL INFO NET/IB: ncclIbSenderQpsCreate: QP created: port=1 dev=0 devName=rocep1s0f0 ndevs=2 nmdevs=2 qp_num=1610 pkey=0 pd=0xe85f18017c80
srv2:31:44 [0] NCCL INFO NET/IB: ncclIbConnect: NCCL Dev 0 IbDev 0 Port 1 qp_num 1610 mtu 5 GID 3 (0/20A0A0AFFFF0000) ctsFifoRkey=0x177835 ctsFifoLkey=0x177835
srv2:31:44 [0] NCCL INFO NET/IB: ncclIbConnect: IbDev 0 Port 1 qp_num 1610 query_ece={supported=1, vendor_id=0x15b3, options=0x30000002, comp_mask=0x0}
srv2:31:44 [0] NCCL INFO NET/IB: ncclIbSenderQpsCreate: QP created: port=1 dev=1 devName=roceP2p1s0f0 ndevs=2 nmdevs=2 qp_num=1730 pkey=0 pd=0xe85f180dff20
srv2:31:44 [0] NCCL INFO NET/IB: ncclIbConnect: NCCL Dev 1 IbDev 1 Port 1 qp_num 1730 mtu 5 GID 3 (0/20B0A0AFFFF0000) ctsFifoRkey=0x17221f ctsFifoLkey=0x17221f
srv2:31:44 [0] NCCL INFO NET/IB: ncclIbConnect: IbDev 1 Port 1 qp_num 1730 query_ece={supported=1, vendor_id=0x15b3, options=0x30000002, comp_mask=0x0}
srv2:31:44 [0] NCCL INFO NET/IB: ncclIbSenderQpsCreate: QP created: port=1 dev=0 devName=rocep1s0f0 ndevs=2 nmdevs=2 qp_num=1611 pkey=0 pd=0xe85f18017c80
srv2:31:44 [0] NCCL INFO NET/IB: ncclIbConnect: NCCL Dev 0 IbDev 0 Port 1 qp_num 1611 mtu 5 GID 3 (0/20A0A0AFFFF0000) ctsFifoRkey=0x175b15 ctsFifoLkey=0x175b15
srv2:31:44 [0] NCCL INFO NET/IB: ncclIbConnect: IbDev 0 Port 1 qp_num 1611 query_ece={supported=1, vendor_id=0x15b3, options=0x30000002, comp_mask=0x0}
srv2:31:44 [0] NCCL INFO NET/IB: ncclIbSenderQpsCreate: QP created: port=1 dev=1 devName=roceP2p1s0f0 ndevs=2 nmdevs=2 qp_num=1731 pkey=0 pd=0xe85f180dff20
srv2:31:44 [0] NCCL INFO NET/IB: ncclIbConnect: NCCL Dev 1 IbDev 1 Port 1 qp_num 1731 mtu 5 GID 3 (0/20B0A0AFFFF0000) ctsFifoRkey=0x18c6c3 ctsFifoLkey=0x18c6c3
srv2:31:44 [0] NCCL INFO NET/IB: ncclIbConnect: IbDev 1 Port 1 qp_num 1731 query_ece={supported=1, vendor_id=0x15b3, options=0x30000002, comp_mask=0x0}
srv2:31:44 [0] NCCL INFO NET/IB: ncclIbResiliencyInit: Resiliency is disabled on the recv communicator (comm=0xe85f19632000)
srv2:31:44 [0] NCCL INFO NET/IB: ncclIbRecvCommInit: Receive work requests will be posted on-demand
srv2:31:44 [0] NCCL INFO NET/IB: ncclIbSenderQpsToRts: Set ECE: IbDev 1 Port 1 qp_num 1729 set_ece={supported=1, vendor_id=0x15b3, options=0x30000002, comp_mask=0x0}
srv2:31:44 [0] NCCL INFO NET/IB: ncclIbReceiverQpsCreateToRts: QP created: port=1 dev=1 devName=roceP2p1s0f0 ndevs=2 nmdevs=2 qp_num=1732 pkey=0 pd=0xe85f180dff20
srv2:31:44 [0] NCCL INFO NET/IB: ncclIbReceiverQpsCreateToRts: QP created: port=1 dev=1 devName=roceP2p1s0f0 ndevs=2 nmdevs=2 qp_num=1733 pkey=0 pd=0xe85f180dff20
srv2:31:44 [0] NCCL INFO NET/IB: ncclIbSenderQpsToRts: Set ECE: IbDev 0 Port 1 qp_num 1610 set_ece={supported=1, vendor_id=0x15b3, options=0x30000002, comp_mask=0x0}
srv2:31:44 [0] NCCL INFO NET/IB: ncclIbReceiverQpsCreateToRts: QP created: port=1 dev=0 devName=rocep1s0f0 ndevs=2 nmdevs=2 qp_num=1612 pkey=0 pd=0xe85f18017c80
srv2:31:44 [0] NCCL INFO NET/IB: ncclIbReceiverQpsCreateToRts: QP created: port=1 dev=0 devName=rocep1s0f0 ndevs=2 nmdevs=2 qp_num=1613 pkey=0 pd=0xe85f18017c80
srv2:31:44 [0] NCCL INFO NET/IB: ncclIbSenderQpsToRts: Set ECE: IbDev 1 Port 1 qp_num 1730 set_ece={supported=1, vendor_id=0x15b3, options=0x30000002, comp_mask=0x0}
srv2:31:44 [0] NCCL INFO NET/IB: ncclIbReceiverQpsCreateToRts: QP created: port=1 dev=1 devName=roceP2p1s0f0 ndevs=2 nmdevs=2 qp_num=1734 pkey=0 pd=0xe85f180dff20
srv2:31:44 [0] NCCL INFO NET/IB: ncclIbReceiverQpsCreateToRts: QP created: port=1 dev=1 devName=roceP2p1s0f0 ndevs=2 nmdevs=2 qp_num=1735 pkey=0 pd=0xe85f180dff20
srv2:31:44 [0] NCCL INFO NET/IB: ncclIbSenderQpsToRts: Set ECE: IbDev 0 Port 1 qp_num 1611 set_ece={supported=1, vendor_id=0x15b3, options=0x30000002, comp_mask=0x0}
srv2:31:44 [0] NCCL INFO NET/IB: ncclIbReceiverQpsCreateToRts: QP created: port=1 dev=0 devName=rocep1s0f0 ndevs=2 nmdevs=2 qp_num=1614 pkey=0 pd=0xe85f18017c80
srv2:31:44 [0] NCCL INFO NET/IB: ncclIbReceiverQpsCreateToRts: QP created: port=1 dev=0 devName=rocep1s0f0 ndevs=2 nmdevs=2 qp_num=1615 pkey=0 pd=0xe85f18017c80
srv2:31:44 [0] NCCL INFO NET/IB: ncclIbSenderQpsToRts: Set ECE: IbDev 1 Port 1 qp_num 1731 set_ece={supported=1, vendor_id=0x15b3, options=0x30000002, comp_mask=0x0}
srv2:31:44 [0] NCCL INFO NET/IB: ncclIbReceiverQpsCreateToRts: QP created: port=1 dev=1 devName=roceP2p1s0f0 ndevs=2 nmdevs=2 qp_num=1736 pkey=0 pd=0xe85f180dff20
srv2:31:44 [0] NCCL INFO NET/IB: ncclIbReceiverQpsCreateToRts: QP created: port=1 dev=1 devName=roceP2p1s0f0 ndevs=2 nmdevs=2 qp_num=1737 pkey=0 pd=0xe85f180dff20
srv2:31:44 [0] NCCL INFO NET/IB: ncclIbResiliencyInit: Resiliency is disabled on the recv communicator (comm=0xe85f197f8000)
srv2:31:44 [0] NCCL INFO NET/IB: ncclIbRecvCommInit: Receive work requests will be posted on-demand
srv2:31:44 [0] NCCL INFO NET/IB: ncclIbReceiverQpsCreateToRts: QP created: port=1 dev=0 devName=rocep1s0f0 ndevs=2 nmdevs=2 qp_num=1616 pkey=0 pd=0xe85f18017c80
srv2:31:44 [0] NCCL INFO NET/IB: ncclIbReceiverQpsCreateToRts: QP created: port=1 dev=0 devName=rocep1s0f0 ndevs=2 nmdevs=2 qp_num=1617 pkey=0 pd=0xe85f18017c80
srv2:31:44 [0] NCCL INFO NET/IB: ncclIbReceiverQpsCreateToRts: QP created: port=1 dev=1 devName=roceP2p1s0f0 ndevs=2 nmdevs=2 qp_num=1738 pkey=0 pd=0xe85f180dff20
srv2:31:44 [0] NCCL INFO NET/IB: ncclIbReceiverQpsCreateToRts: QP created: port=1 dev=1 devName=roceP2p1s0f0 ndevs=2 nmdevs=2 qp_num=1739 pkey=0 pd=0xe85f180dff20
srv2:31:44 [0] NCCL INFO NET/IB: ncclIbReceiverQpsCreateToRts: QP created: port=1 dev=0 devName=rocep1s0f0 ndevs=2 nmdevs=2 qp_num=1618 pkey=0 pd=0xe85f18017c80
srv2:31:44 [0] NCCL INFO NET/IB: ncclIbReceiverQpsCreateToRts: QP created: port=1 dev=0 devName=rocep1s0f0 ndevs=2 nmdevs=2 qp_num=1619 pkey=0 pd=0xe85f18017c80
srv2:31:44 [0] NCCL INFO NET/IB: ncclIbResiliencyInit: Resiliency is disabled on the recv communicator (comm=0xe85f19922000)
srv2:31:44 [0] NCCL INFO NET/IB: ncclIbRecvCommInit: Receive work requests will be posted on-demand
srv2:31:44 [0] NCCL INFO NET/IB: ncclIbReceiverQpsCreateToRts: QP created: port=1 dev=1 devName=roceP2p1s0f0 ndevs=2 nmdevs=2 qp_num=1740 pkey=0 pd=0xe85f180dff20
srv2:31:44 [0] NCCL INFO NET/IB: ncclIbReceiverQpsCreateToRts: QP created: port=1 dev=1 devName=roceP2p1s0f0 ndevs=2 nmdevs=2 qp_num=1741 pkey=0 pd=0xe85f180dff20
srv2:31:44 [0] NCCL INFO NET/IB: ncclIbResiliencyInit: Resiliency is disabled on the recv communicator (comm=0xe85f199ab000)
srv2:31:44 [0] NCCL INFO NET/IB: ncclIbRecvCommInit: Receive work requests will be posted on-demand
srv2:31:44 [0] NCCL INFO NET/IB: ncclIbResiliencyInit: Resiliency is disabled on the recv communicator (comm=0xe85f199ea000)
srv2:31:44 [0] NCCL INFO NET/IB: ncclIbRecvCommInit: Receive work requests will be posted on-demand
srv2:31:44 [0] NCCL INFO NET/IB: ncclIbResiliencyInit: Resiliency is disabled on the recv communicator (comm=0xe85f19a29000)
srv2:31:44 [0] NCCL INFO NET/IB: ncclIbRecvCommInit: Receive work requests will be posted on-demand
srv2:31:44 [0] NCCL INFO NET/IB: ncclIbResiliencyInit: Resiliency is disabled on the recv communicator (comm=0xe85f19a68000)
srv2:31:44 [0] NCCL INFO NET/IB: ncclIbRecvCommInit: Receive work requests will be posted on-demand
srv2:31:44 [0] NCCL INFO NET/IB: ncclIbReceiverQpsCreateToRts: QP created: port=1 dev=0 devName=rocep1s0f0 ndevs=2 nmdevs=2 qp_num=1620 pkey=0 pd=0xe85f18017c80
srv2:31:44 [0] NCCL INFO NET/IB: ncclIbReceiverQpsCreateToRts: QP created: port=1 dev=0 devName=rocep1s0f0 ndevs=2 nmdevs=2 qp_num=1621 pkey=0 pd=0xe85f18017c80
srv2:31:44 [0] NCCL INFO NET/IB: ncclIbReceiverQpsCreateToRts: QP created: port=1 dev=1 devName=roceP2p1s0f0 ndevs=2 nmdevs=2 qp_num=1742 pkey=0 pd=0xe85f180dff20
srv2:31:44 [0] NCCL INFO NET/IB: ncclIbReceiverQpsCreateToRts: QP created: port=1 dev=1 devName=roceP2p1s0f0 ndevs=2 nmdevs=2 qp_num=1743 pkey=0 pd=0xe85f180dff20
srv2:31:44 [0] NCCL INFO NET/IB: ncclIbReceiverQpsCreateToRts: QP created: port=1 dev=0 devName=rocep1s0f0 ndevs=2 nmdevs=2 qp_num=1622 pkey=0 pd=0xe85f18017c80
srv2:31:44 [0] NCCL INFO NET/IB: ncclIbReceiverQpsCreateToRts: QP created: port=1 dev=0 devName=rocep1s0f0 ndevs=2 nmdevs=2 qp_num=1623 pkey=0 pd=0xe85f18017c80
srv2:31:44 [0] NCCL INFO NET/IB: ncclIbReceiverQpsCreateToRts: QP created: port=1 dev=1 devName=roceP2p1s0f0 ndevs=2 nmdevs=2 qp_num=1744 pkey=0 pd=0xe85f180dff20
srv2:31:44 [0] NCCL INFO NET/IB: ncclIbReceiverQpsCreateToRts: QP created: port=1 dev=1 devName=roceP2p1s0f0 ndevs=2 nmdevs=2 qp_num=1745 pkey=0 pd=0xe85f180dff20
srv2:31:31 [0] NCCL INFO Connected all trees
srv2:31:44 [0] NCCL INFO New proxy recv connection 56 from local rank 0, transport 2
srv2:31:31 [0] NCCL INFO Connected to proxy localRank 0 -> connection 0xe85f18006d30
srv2:31:31 [0] NCCL INFO Channel 00/0 : 1[0] -> 0[0] [receive] via NET/IB/0
srv2:31:44 [0] NCCL INFO New proxy recv connection 57 from local rank 0, transport 2
srv2:31:31 [0] NCCL INFO Connected to proxy localRank 0 -> connection 0xe85f18006db8
srv2:31:31 [0] NCCL INFO Channel 01/0 : 1[0] -> 0[0] [receive] via NET/IB/1
srv2:31:44 [0] NCCL INFO New proxy recv connection 58 from local rank 0, transport 2
srv2:31:31 [0] NCCL INFO Connected to proxy localRank 0 -> connection 0xe85f18006e40
srv2:31:31 [0] NCCL INFO Channel 02/0 : 1[0] -> 0[0] [receive] via NET/IB/0
srv2:31:44 [0] NCCL INFO New proxy recv connection 59 from local rank 0, transport 2
srv2:31:31 [0] NCCL INFO Connected to proxy localRank 0 -> connection 0xe85f18006ec8
srv2:31:31 [0] NCCL INFO Channel 03/0 : 1[0] -> 0[0] [receive] via NET/IB/1
srv2:31:44 [0] NCCL INFO New proxy recv connection 60 from local rank 0, transport 2
srv2:31:31 [0] NCCL INFO Connected to proxy localRank 0 -> connection 0xe85f18006f50
srv2:31:31 [0] NCCL INFO Channel 04/0 : 1[0] -> 0[0] [receive] via NET/IB/0
srv2:31:44 [0] NCCL INFO New proxy recv connection 61 from local rank 0, transport 2
srv2:31:31 [0] NCCL INFO Connected to proxy localRank 0 -> connection 0xe85f18006fd8
srv2:31:31 [0] NCCL INFO Channel 05/0 : 1[0] -> 0[0] [receive] via NET/IB/1
srv2:31:44 [0] NCCL INFO New proxy recv connection 62 from local rank 0, transport 2
srv2:31:31 [0] NCCL INFO Connected to proxy localRank 0 -> connection 0xe85f18007060
srv2:31:31 [0] NCCL INFO Channel 06/0 : 1[0] -> 0[0] [receive] via NET/IB/0
srv2:31:44 [0] NCCL INFO New proxy recv connection 63 from local rank 0, transport 2
srv2:31:31 [0] NCCL INFO Connected to proxy localRank 0 -> connection 0xe85f180070e8
srv2:31:31 [0] NCCL INFO Channel 07/0 : 1[0] -> 0[0] [receive] via NET/IB/1
srv2:31:44 [0] NCCL INFO New proxy send connection 64 from local rank 0, transport 2
srv2:31:31 [0] NCCL INFO Connected to proxy localRank 0 -> connection 0xe85f18007170
srv2:31:31 [0] NCCL INFO Channel 00/0 : 0[0] -> 3[0] [send] via NET/IB/0
srv2:31:44 [0] NCCL INFO New proxy send connection 65 from local rank 0, transport 2
srv2:31:31 [0] NCCL INFO Connected to proxy localRank 0 -> connection 0xe85f180071f8
srv2:31:31 [0] NCCL INFO Channel 01/0 : 0[0] -> 3[0] [send] via NET/IB/1
srv2:31:44 [0] NCCL INFO New proxy send connection 66 from local rank 0, transport 2
srv2:31:31 [0] NCCL INFO Connected to proxy localRank 0 -> connection 0xe85f18007280
srv2:31:31 [0] NCCL INFO Channel 02/0 : 0[0] -> 3[0] [send] via NET/IB/0
srv2:31:44 [0] NCCL INFO New proxy send connection 67 from local rank 0, transport 2
srv2:31:31 [0] NCCL INFO Connected to proxy localRank 0 -> connection 0xe85f18007308
srv2:31:31 [0] NCCL INFO Channel 03/0 : 0[0] -> 3[0] [send] via NET/IB/1
srv2:31:44 [0] NCCL INFO New proxy send connection 68 from local rank 0, transport 2
srv2:31:31 [0] NCCL INFO Connected to proxy localRank 0 -> connection 0xe85f18007390
srv2:31:31 [0] NCCL INFO Channel 04/0 : 0[0] -> 3[0] [send] via NET/IB/0
srv2:31:44 [0] NCCL INFO New proxy send connection 69 from local rank 0, transport 2
srv2:31:31 [0] NCCL INFO Connected to proxy localRank 0 -> connection 0xe85f18007418
srv2:31:31 [0] NCCL INFO Channel 05/0 : 0[0] -> 3[0] [send] via NET/IB/1
srv2:31:44 [0] NCCL INFO New proxy send connection 70 from local rank 0, transport 2
srv2:31:31 [0] NCCL INFO Connected to proxy localRank 0 -> connection 0xe85f180074a0
srv2:31:31 [0] NCCL INFO Channel 06/0 : 0[0] -> 3[0] [send] via NET/IB/0
srv2:31:44 [0] NCCL INFO New proxy send connection 71 from local rank 0, transport 2
srv2:31:31 [0] NCCL INFO Connected to proxy localRank 0 -> connection 0xe85f18007528
srv2:31:31 [0] NCCL INFO Channel 07/0 : 0[0] -> 3[0] [send] via NET/IB/1
srv2:31:44 [0] NCCL INFO New proxy send connection 72 from local rank 0, transport 2
srv2:31:31 [0] NCCL INFO Connected to proxy localRank 0 -> connection 0xe85f180075b0
srv2:31:31 [0] NCCL INFO Channel 08/0 : 0[0] -> 3[0] [send] via NET/IB/0
srv2:31:44 [0] NCCL INFO New proxy send connection 73 from local rank 0, transport 2
srv2:31:31 [0] NCCL INFO Connected to proxy localRank 0 -> connection 0xe85f18007638
srv2:31:31 [0] NCCL INFO Channel 09/0 : 0[0] -> 3[0] [send] via NET/IB/1
srv2:31:44 [0] NCCL INFO New proxy send connection 74 from local rank 0, transport 2
srv2:31:31 [0] NCCL INFO Connected to proxy localRank 0 -> connection 0xe85f180076c0
srv2:31:31 [0] NCCL INFO Channel 10/0 : 0[0] -> 3[0] [send] via NET/IB/0
srv2:31:44 [0] NCCL INFO New proxy send connection 75 from local rank 0, transport 2
srv2:31:31 [0] NCCL INFO Connected to proxy localRank 0 -> connection 0xe85f18007748
srv2:31:31 [0] NCCL INFO Channel 11/0 : 0[0] -> 3[0] [send] via NET/IB/1
srv2:31:44 [0] NCCL INFO New proxy send connection 76 from local rank 0, transport 2
srv2:31:31 [0] NCCL INFO Connected to proxy localRank 0 -> connection 0xe85f180077d0
srv2:31:31 [0] NCCL INFO Channel 12/0 : 0[0] -> 3[0] [send] via NET/IB/0
srv2:31:44 [0] NCCL INFO New proxy send connection 77 from local rank 0, transport 2
srv2:31:31 [0] NCCL INFO Connected to proxy localRank 0 -> connection 0xe85f18007858
srv2:31:31 [0] NCCL INFO Channel 13/0 : 0[0] -> 3[0] [send] via NET/IB/1
srv2:31:44 [0] NCCL INFO New proxy send connection 78 from local rank 0, transport 2
srv2:31:31 [0] NCCL INFO Connected to proxy localRank 0 -> connection 0xe85f180078e0
srv2:31:31 [0] NCCL INFO Channel 14/0 : 0[0] -> 3[0] [send] via NET/IB/0
srv2:31:44 [0] NCCL INFO New proxy send connection 79 from local rank 0, transport 2
srv2:31:31 [0] NCCL INFO Connected to proxy localRank 0 -> connection 0xe85f18007968
srv2:31:31 [0] NCCL INFO Channel 15/0 : 0[0] -> 3[0] [send] via NET/IB/1
srv2:31:44 [0] NCCL INFO NET/IB: ncclIbResiliencyInit: Resiliency is disabled on the send communicator (comm=0xe85f19be5000)
srv2:31:44 [0] NCCL INFO NET/IB: ncclIbResiliencyInit: Resiliency is disabled on the recv communicator (comm=0xe85f19c1e000)
srv2:31:44 [0] NCCL INFO NET/IB: ncclIbRecvCommInit: Receive work requests will be posted on-demand
srv2:31:44 [0] NCCL INFO NET/IB: ncclIbResiliencyInit: Resiliency is disabled on the send communicator (comm=0xe85f19c5b000)
srv2:31:44 [0] NCCL INFO NET/IB: ncclIbSenderQpsCreate: QP created: port=1 dev=0 devName=rocep1s0f0 ndevs=2 nmdevs=2 qp_num=1624 pkey=0 pd=0xe85f18017c80
srv2:31:44 [0] NCCL INFO NET/IB: ncclIbConnect: NCCL Dev 0 IbDev 0 Port 1 qp_num 1624 mtu 5 GID 3 (0/20A0A0AFFFF0000) ctsFifoRkey=0x12c784 ctsFifoLkey=0x12c784
srv2:31:44 [0] NCCL INFO NET/IB: ncclIbConnect: IbDev 0 Port 1 qp_num 1624 query_ece={supported=1, vendor_id=0x15b3, options=0x30000002, comp_mask=0x0}
srv2:31:44 [0] NCCL INFO NET/IB: ncclIbReceiverQpsCreateToRts: QP created: port=1 dev=0 devName=rocep1s0f0 ndevs=2 nmdevs=2 qp_num=1625 pkey=0 pd=0xe85f18017c80
srv2:31:44 [0] NCCL INFO NET/IB: ncclIbReceiverQpsCreateToRts: QP created: port=1 dev=0 devName=rocep1s0f0 ndevs=2 nmdevs=2 qp_num=1626 pkey=0 pd=0xe85f18017c80
srv2:31:44 [0] NCCL INFO NET/IB: ncclIbSenderQpsCreate: QP created: port=1 dev=1 devName=roceP2p1s0f0 ndevs=2 nmdevs=2 qp_num=1746 pkey=0 pd=0xe85f180dff20
srv2:31:44 [0] NCCL INFO NET/IB: ncclIbConnect: NCCL Dev 1 IbDev 1 Port 1 qp_num 1746 mtu 5 GID 3 (0/20B0A0AFFFF0000) ctsFifoRkey=0x148787 ctsFifoLkey=0x148787
srv2:31:44 [0] NCCL INFO NET/IB: ncclIbConnect: IbDev 1 Port 1 qp_num 1746 query_ece={supported=1, vendor_id=0x15b3, options=0x30000002, comp_mask=0x0}
srv2:31:44 [0] NCCL INFO NET/IB: ncclIbResiliencyInit: Resiliency is disabled on the recv communicator (comm=0xe85f19d46000)
srv2:31:44 [0] NCCL INFO NET/IB: ncclIbRecvCommInit: Receive work requests will be posted on-demand
srv2:31:44 [0] NCCL INFO NET/IB: ncclIbSenderQpsToRts: Set ECE: IbDev 0 Port 1 qp_num 1624 set_ece={supported=1, vendor_id=0x15b3, options=0x30000002, comp_mask=0x0}
srv2:31:44 [0] NCCL INFO NET/IB: ncclIbReceiverQpsCreateToRts: QP created: port=1 dev=1 devName=roceP2p1s0f0 ndevs=2 nmdevs=2 qp_num=1747 pkey=0 pd=0xe85f180dff20
srv2:31:44 [0] NCCL INFO NET/IB: ncclIbReceiverQpsCreateToRts: QP created: port=1 dev=1 devName=roceP2p1s0f0 ndevs=2 nmdevs=2 qp_num=1748 pkey=0 pd=0xe85f180dff20
srv2:31:44 [0] NCCL INFO NET/IB: ncclIbResiliencyInit: Resiliency is disabled on the send communicator (comm=0xe85f19dd1000)
srv2:31:44 [0] NCCL INFO NET/IB: ncclIbResiliencyInit: Resiliency is disabled on the recv communicator (comm=0xe85f19e0c000)
srv2:31:44 [0] NCCL INFO NET/IB: ncclIbRecvCommInit: Receive work requests will be posted on-demand
srv2:31:44 [0] NCCL INFO NET/IB: ncclIbResiliencyInit: Resiliency is disabled on the send communicator (comm=0xe85f19e4b000)
srv2:31:44 [0] NCCL INFO NET/IB: ncclIbResiliencyInit: Resiliency is disabled on the recv communicator (comm=0xe85f19e86000)
srv2:31:44 [0] NCCL INFO NET/IB: ncclIbRecvCommInit: Receive work requests will be posted on-demand
srv2:31:44 [0] NCCL INFO NET/IB: ncclIbResiliencyInit: Resiliency is disabled on the send communicator (comm=0xe85f19ec3000)
srv2:31:44 [0] NCCL INFO NET/IB: ncclIbReceiverQpsCreateToRts: QP created: port=1 dev=0 devName=rocep1s0f0 ndevs=2 nmdevs=2 qp_num=1627 pkey=0 pd=0xe85f18017c80
srv2:31:44 [0] NCCL INFO NET/IB: ncclIbReceiverQpsCreateToRts: QP created: port=1 dev=0 devName=rocep1s0f0 ndevs=2 nmdevs=2 qp_num=1628 pkey=0 pd=0xe85f18017c80
srv2:31:44 [0] NCCL INFO NET/IB: ncclIbSenderQpsCreate: QP created: port=1 dev=1 devName=roceP2p1s0f0 ndevs=2 nmdevs=2 qp_num=1749 pkey=0 pd=0xe85f180dff20
srv2:31:44 [0] NCCL INFO NET/IB: ncclIbConnect: NCCL Dev 1 IbDev 1 Port 1 qp_num 1749 mtu 5 GID 3 (0/20B0A0AFFFF0000) ctsFifoRkey=0x14e3e2 ctsFifoLkey=0x14e3e2
srv2:31:44 [0] NCCL INFO NET/IB: ncclIbConnect: IbDev 1 Port 1 qp_num 1749 query_ece={supported=1, vendor_id=0x15b3, options=0x30000002, comp_mask=0x0}
srv2:31:44 [0] NCCL INFO NET/IB: ncclIbReceiverQpsCreateToRts: QP created: port=1 dev=1 devName=roceP2p1s0f0 ndevs=2 nmdevs=2 qp_num=1750 pkey=0 pd=0xe85f180dff20
srv2:31:44 [0] NCCL INFO NET/IB: ncclIbReceiverQpsCreateToRts: QP created: port=1 dev=1 devName=roceP2p1s0f0 ndevs=2 nmdevs=2 qp_num=1751 pkey=0 pd=0xe85f180dff20
srv2:31:44 [0] NCCL INFO NET/IB: ncclIbSenderQpsCreate: QP created: port=1 dev=0 devName=rocep1s0f0 ndevs=2 nmdevs=2 qp_num=1629 pkey=0 pd=0xe85f18017c80
srv2:31:44 [0] NCCL INFO NET/IB: ncclIbConnect: NCCL Dev 0 IbDev 0 Port 1 qp_num 1629 mtu 5 GID 3 (0/20A0A0AFFFF0000) ctsFifoRkey=0x134600 ctsFifoLkey=0x134600
srv2:31:44 [0] NCCL INFO NET/IB: ncclIbConnect: IbDev 0 Port 1 qp_num 1629 query_ece={supported=1, vendor_id=0x15b3, options=0x30000002, comp_mask=0x0}
srv2:31:44 [0] NCCL INFO NET/IB: ncclIbResiliencyInit: Resiliency is disabled on the recv communicator (comm=0xe85f1a002000)
srv2:31:44 [0] NCCL INFO NET/IB: ncclIbRecvCommInit: Receive work requests will be posted on-demand
srv2:31:44 [0] NCCL INFO NET/IB: ncclIbSenderQpsToRts: Set ECE: IbDev 1 Port 1 qp_num 1746 set_ece={supported=1, vendor_id=0x15b3, options=0x30000002, comp_mask=0x0}
srv2:31:44 [0] NCCL INFO NET/IB: ncclIbSenderQpsCreate: QP created: port=1 dev=0 devName=rocep1s0f0 ndevs=2 nmdevs=2 qp_num=1630 pkey=0 pd=0xe85f18017c80
srv2:31:44 [0] NCCL INFO NET/IB: ncclIbConnect: NCCL Dev 0 IbDev 0 Port 1 qp_num 1630 mtu 5 GID 3 (0/20A0A0AFFFF0000) ctsFifoRkey=0x13bf80 ctsFifoLkey=0x13bf80
srv2:31:44 [0] NCCL INFO NET/IB: ncclIbConnect: IbDev 0 Port 1 qp_num 1630 query_ece={supported=1, vendor_id=0x15b3, options=0x30000002, comp_mask=0x0}
srv2:31:44 [0] NCCL INFO NET/IB: ncclIbSenderQpsToRts: Set ECE: IbDev 1 Port 1 qp_num 1749 set_ece={supported=1, vendor_id=0x15b3, options=0x30000002, comp_mask=0x0}
srv2:31:44 [0] NCCL INFO NET/IB: ncclIbSenderQpsToRts: Set ECE: IbDev 0 Port 1 qp_num 1629 set_ece={supported=1, vendor_id=0x15b3, options=0x30000002, comp_mask=0x0}
srv2:31:44 [0] NCCL INFO NET/IB: ncclIbReceiverQpsCreateToRts: QP created: port=1 dev=0 devName=rocep1s0f0 ndevs=2 nmdevs=2 qp_num=1631 pkey=0 pd=0xe85f18017c80
srv2:31:44 [0] NCCL INFO NET/IB: ncclIbReceiverQpsCreateToRts: QP created: port=1 dev=0 devName=rocep1s0f0 ndevs=2 nmdevs=2 qp_num=1632 pkey=0 pd=0xe85f18017c80
srv2:31:44 [0] NCCL INFO NET/IB: ncclIbResiliencyInit: Resiliency is disabled on the send communicator (comm=0xe85f1a0b9000)
srv2:31:44 [0] NCCL INFO NET/IB: ncclIbSenderQpsToRts: Set ECE: IbDev 0 Port 1 qp_num 1630 set_ece={supported=1, vendor_id=0x15b3, options=0x30000002, comp_mask=0x0}
srv2:31:44 [0] NCCL INFO NET/IB: ncclIbResiliencyInit: Resiliency is disabled on the recv communicator (comm=0xe85f1a0f4000)
srv2:31:44 [0] NCCL INFO NET/IB: ncclIbRecvCommInit: Receive work requests will be posted on-demand
srv2:31:44 [0] NCCL INFO NET/IB: ncclIbResiliencyInit: Resiliency is disabled on the send communicator (comm=0xe85f1a131000)
srv2:31:44 [0] NCCL INFO NET/IB: ncclIbResiliencyInit: Resiliency is disabled on the recv communicator (comm=0xe85f1a16a000)
srv2:31:44 [0] NCCL INFO NET/IB: ncclIbRecvCommInit: Receive work requests will be posted on-demand
srv2:31:44 [0] NCCL INFO NET/IB: ncclIbResiliencyInit: Resiliency is disabled on the send communicator (comm=0xe85f1a1a9000)
srv2:31:44 [0] NCCL INFO NET/IB: ncclIbResiliencyInit: Resiliency is disabled on the recv communicator (comm=0xe85f1a1e4000)
srv2:31:44 [0] NCCL INFO NET/IB: ncclIbRecvCommInit: Receive work requests will be posted on-demand
srv2:31:44 [0] NCCL INFO NET/IB: ncclIbResiliencyInit: Resiliency is disabled on the send communicator (comm=0xe85f1a223000)
srv2:31:44 [0] NCCL INFO NET/IB: ncclIbResiliencyInit: Resiliency is disabled on the send communicator (comm=0xe85f1a25e000)
srv2:31:44 [0] NCCL INFO NET/IB: ncclIbReceiverQpsCreateToRts: QP created: port=1 dev=1 devName=roceP2p1s0f0 ndevs=2 nmdevs=2 qp_num=1752 pkey=0 pd=0xe85f180dff20
srv2:31:44 [0] NCCL INFO NET/IB: ncclIbReceiverQpsCreateToRts: QP created: port=1 dev=1 devName=roceP2p1s0f0 ndevs=2 nmdevs=2 qp_num=1753 pkey=0 pd=0xe85f180dff20
srv2:31:44 [0] NCCL INFO NET/IB: ncclIbSenderQpsCreate: QP created: port=1 dev=0 devName=rocep1s0f0 ndevs=2 nmdevs=2 qp_num=1633 pkey=0 pd=0xe85f18017c80
srv2:31:44 [0] NCCL INFO NET/IB: ncclIbConnect: NCCL Dev 0 IbDev 0 Port 1 qp_num 1633 mtu 5 GID 3 (0/20A0A0AFFFF0000) ctsFifoRkey=0x13e09f ctsFifoLkey=0x13e09f
srv2:31:44 [0] NCCL INFO NET/IB: ncclIbConnect: IbDev 0 Port 1 qp_num 1633 query_ece={supported=1, vendor_id=0x15b3, options=0x30000002, comp_mask=0x0}
srv2:31:44 [0] NCCL INFO NET/IB: ncclIbReceiverQpsCreateToRts: QP created: port=1 dev=0 devName=rocep1s0f0 ndevs=2 nmdevs=2 qp_num=1634 pkey=0 pd=0xe85f18017c80
srv2:31:44 [0] NCCL INFO NET/IB: ncclIbReceiverQpsCreateToRts: QP created: port=1 dev=0 devName=rocep1s0f0 ndevs=2 nmdevs=2 qp_num=1635 pkey=0 pd=0xe85f18017c80
srv2:31:44 [0] NCCL INFO NET/IB: ncclIbSenderQpsCreate: QP created: port=1 dev=1 devName=roceP2p1s0f0 ndevs=2 nmdevs=2 qp_num=1754 pkey=0 pd=0xe85f180dff20
srv2:31:44 [0] NCCL INFO NET/IB: ncclIbConnect: NCCL Dev 1 IbDev 1 Port 1 qp_num 1754 mtu 5 GID 3 (0/20B0A0AFFFF0000) ctsFifoRkey=0x14c3c1 ctsFifoLkey=0x14c3c1
srv2:31:44 [0] NCCL INFO NET/IB: ncclIbConnect: IbDev 1 Port 1 qp_num 1754 query_ece={supported=1, vendor_id=0x15b3, options=0x30000002, comp_mask=0x0}
srv2:31:44 [0] NCCL INFO NET/IB: ncclIbReceiverQpsCreateToRts: QP created: port=1 dev=1 devName=roceP2p1s0f0 ndevs=2 nmdevs=2 qp_num=1755 pkey=0 pd=0xe85f180dff20
srv2:31:44 [0] NCCL INFO NET/IB: ncclIbReceiverQpsCreateToRts: QP created: port=1 dev=1 devName=roceP2p1s0f0 ndevs=2 nmdevs=2 qp_num=1756 pkey=0 pd=0xe85f180dff20
srv2:31:44 [0] NCCL INFO NET/IB: ncclIbSenderQpsCreate: QP created: port=1 dev=0 devName=rocep1s0f0 ndevs=2 nmdevs=2 qp_num=1636 pkey=0 pd=0xe85f18017c80
srv2:31:44 [0] NCCL INFO NET/IB: ncclIbConnect: NCCL Dev 0 IbDev 0 Port 1 qp_num 1636 mtu 5 GID 3 (0/20A0A0AFFFF0000) ctsFifoRkey=0x13722d ctsFifoLkey=0x13722d
srv2:31:44 [0] NCCL INFO NET/IB: ncclIbConnect: IbDev 0 Port 1 qp_num 1636 query_ece={supported=1, vendor_id=0x15b3, options=0x30000002, comp_mask=0x0}
srv2:31:44 [0] NCCL INFO NET/IB: ncclIbSenderQpsCreate: QP created: port=1 dev=1 devName=roceP2p1s0f0 ndevs=2 nmdevs=2 qp_num=1757 pkey=0 pd=0xe85f180dff20
srv2:31:44 [0] NCCL INFO NET/IB: ncclIbConnect: NCCL Dev 1 IbDev 1 Port 1 qp_num 1757 mtu 5 GID 3 (0/20B0A0AFFFF0000) ctsFifoRkey=0x18adab ctsFifoLkey=0x18adab
srv2:31:44 [0] NCCL INFO NET/IB: ncclIbConnect: IbDev 1 Port 1 qp_num 1757 query_ece={supported=1, vendor_id=0x15b3, options=0x30000002, comp_mask=0x0}
srv2:31:44 [0] NCCL INFO NET/IB: ncclIbResiliencyInit: Resiliency is disabled on the send communicator (comm=0xe85f1a451000)
srv2:31:44 [0] NCCL INFO NET/IB: ncclIbSenderQpsCreate: QP created: port=1 dev=1 devName=roceP2p1s0f0 ndevs=2 nmdevs=2 qp_num=1758 pkey=0 pd=0xe85f180dff20
srv2:31:44 [0] NCCL INFO NET/IB: ncclIbConnect: NCCL Dev 1 IbDev 1 Port 1 qp_num 1758 mtu 5 GID 3 (0/20B0A0AFFFF0000) ctsFifoRkey=0x144a46 ctsFifoLkey=0x144a46
srv2:31:44 [0] NCCL INFO NET/IB: ncclIbConnect: IbDev 1 Port 1 qp_num 1758 query_ece={supported=1, vendor_id=0x15b3, options=0x30000002, comp_mask=0x0}
srv2:31:44 [0] NCCL INFO NET/IB: ncclIbSenderQpsToRts: Set ECE: IbDev 1 Port 1 qp_num 1754 set_ece={supported=1, vendor_id=0x15b3, options=0x30000002, comp_mask=0x0}
srv2:31:44 [0] NCCL INFO NET/IB: ncclIbSenderQpsToRts: Set ECE: IbDev 0 Port 1 qp_num 1636 set_ece={supported=1, vendor_id=0x15b3, options=0x30000002, comp_mask=0x0}
srv2:31:44 [0] NCCL INFO NET/IB: ncclIbSenderQpsToRts: Set ECE: IbDev 1 Port 1 qp_num 1757 set_ece={supported=1, vendor_id=0x15b3, options=0x30000002, comp_mask=0x0}
srv2:31:44 [0] NCCL INFO NET/IB: ncclIbSenderQpsCreate: QP created: port=1 dev=0 devName=rocep1s0f0 ndevs=2 nmdevs=2 qp_num=1637 pkey=0 pd=0xe85f18017c80
srv2:31:44 [0] NCCL INFO NET/IB: ncclIbConnect: NCCL Dev 0 IbDev 0 Port 1 qp_num 1637 mtu 5 GID 3 (0/20A0A0AFFFF0000) ctsFifoRkey=0x12e7a5 ctsFifoLkey=0x12e7a5
srv2:31:44 [0] NCCL INFO NET/IB: ncclIbConnect: IbDev 0 Port 1 qp_num 1637 query_ece={supported=1, vendor_id=0x15b3, options=0x30000002, comp_mask=0x0}
srv2:31:44 [0] NCCL INFO NET/IB: ncclIbResiliencyInit: Resiliency is disabled on the send communicator (comm=0xe85f1a4ec000)
srv2:31:44 [0] NCCL INFO NET/IB: ncclIbSenderQpsToRts: Set ECE: IbDev 1 Port 1 qp_num 1758 set_ece={supported=1, vendor_id=0x15b3, options=0x30000002, comp_mask=0x0}
srv2:31:44 [0] NCCL INFO NET/IB: ncclIbSenderQpsToRts: Set ECE: IbDev 0 Port 1 qp_num 1633 set_ece={supported=1, vendor_id=0x15b3, options=0x30000002, comp_mask=0x0}
srv2:31:44 [0] NCCL INFO NET/IB: ncclIbSenderQpsToRts: Set ECE: IbDev 0 Port 1 qp_num 1637 set_ece={supported=1, vendor_id=0x15b3, options=0x30000002, comp_mask=0x0}
srv2:31:44 [0] NCCL INFO NET/IB: ncclIbSenderQpsCreate: QP created: port=1 dev=1 devName=roceP2p1s0f0 ndevs=2 nmdevs=2 qp_num=1759 pkey=0 pd=0xe85f180dff20
srv2:31:44 [0] NCCL INFO NET/IB: ncclIbConnect: NCCL Dev 1 IbDev 1 Port 1 qp_num 1759 mtu 5 GID 3 (0/20B0A0AFFFF0000) ctsFifoRkey=0x16a29f ctsFifoLkey=0x16a29f
srv2:31:44 [0] NCCL INFO NET/IB: ncclIbConnect: IbDev 1 Port 1 qp_num 1759 query_ece={supported=1, vendor_id=0x15b3, options=0x30000002, comp_mask=0x0}
srv2:31:44 [0] NCCL INFO NET/IB: ncclIbResiliencyInit: Resiliency is disabled on the send communicator (comm=0xe85f1a553000)
srv2:31:44 [0] NCCL INFO NET/IB: ncclIbResiliencyInit: Resiliency is disabled on the send communicator (comm=0xe85f1a58c000)
srv2:31:44 [0] NCCL INFO NET/IB: ncclIbResiliencyInit: Resiliency is disabled on the send communicator (comm=0xe85f1a5c5000)
srv2:31:44 [0] NCCL INFO NET/IB: ncclIbResiliencyInit: Resiliency is disabled on the send communicator (comm=0xe85f1a5fe000)
srv2:31:44 [0] NCCL INFO NET/IB: ncclIbSenderQpsToRts: Set ECE: IbDev 1 Port 1 qp_num 1759 set_ece={supported=1, vendor_id=0x15b3, options=0x30000002, comp_mask=0x0}
srv2:31:44 [0] NCCL INFO NET/IB: ncclIbSenderQpsCreate: QP created: port=1 dev=0 devName=rocep1s0f0 ndevs=2 nmdevs=2 qp_num=1638 pkey=0 pd=0xe85f18017c80
srv2:31:44 [0] NCCL INFO NET/IB: ncclIbConnect: NCCL Dev 0 IbDev 0 Port 1 qp_num 1638 mtu 5 GID 3 (0/20A0A0AFFFF0000) ctsFifoRkey=0x138948 ctsFifoLkey=0x138948
srv2:31:44 [0] NCCL INFO NET/IB: ncclIbConnect: IbDev 0 Port 1 qp_num 1638 query_ece={supported=1, vendor_id=0x15b3, options=0x30000002, comp_mask=0x0}
srv2:31:44 [0] NCCL INFO NET/IB: ncclIbSenderQpsCreate: QP created: port=1 dev=1 devName=roceP2p1s0f0 ndevs=2 nmdevs=2 qp_num=1760 pkey=0 pd=0xe85f180dff20
srv2:31:44 [0] NCCL INFO NET/IB: ncclIbConnect: NCCL Dev 1 IbDev 1 Port 1 qp_num 1760 mtu 5 GID 3 (0/20B0A0AFFFF0000) ctsFifoRkey=0x169692 ctsFifoLkey=0x169692
srv2:31:44 [0] NCCL INFO NET/IB: ncclIbConnect: IbDev 1 Port 1 qp_num 1760 query_ece={supported=1, vendor_id=0x15b3, options=0x30000002, comp_mask=0x0}
srv2:31:44 [0] NCCL INFO NET/IB: ncclIbSenderQpsCreate: QP created: port=1 dev=0 devName=rocep1s0f0 ndevs=2 nmdevs=2 qp_num=1639 pkey=0 pd=0xe85f18017c80
srv2:31:44 [0] NCCL INFO NET/IB: ncclIbConnect: NCCL Dev 0 IbDev 0 Port 1 qp_num 1639 mtu 5 GID 3 (0/20A0A0AFFFF0000) ctsFifoRkey=0x132de6 ctsFifoLkey=0x132de6
srv2:31:44 [0] NCCL INFO NET/IB: ncclIbConnect: IbDev 0 Port 1 qp_num 1639 query_ece={supported=1, vendor_id=0x15b3, options=0x30000002, comp_mask=0x0}
srv2:31:44 [0] NCCL INFO NET/IB: ncclIbSenderQpsCreate: QP created: port=1 dev=1 devName=roceP2p1s0f0 ndevs=2 nmdevs=2 qp_num=1761 pkey=0 pd=0xe85f180dff20
srv2:31:44 [0] NCCL INFO NET/IB: ncclIbConnect: NCCL Dev 1 IbDev 1 Port 1 qp_num 1761 mtu 5 GID 3 (0/20B0A0AFFFF0000) ctsFifoRkey=0x189895 ctsFifoLkey=0x189895
srv2:31:44 [0] NCCL INFO NET/IB: ncclIbConnect: IbDev 1 Port 1 qp_num 1761 query_ece={supported=1, vendor_id=0x15b3, options=0x30000002, comp_mask=0x0}
srv2:31:44 [0] NCCL INFO NET/IB: ncclIbSenderQpsToRts: Set ECE: IbDev 0 Port 1 qp_num 1638 set_ece={supported=1, vendor_id=0x15b3, options=0x30000002, comp_mask=0x0}
srv2:31:44 [0] NCCL INFO NET/IB: ncclIbSenderQpsToRts: Set ECE: IbDev 1 Port 1 qp_num 1760 set_ece={supported=1, vendor_id=0x15b3, options=0x30000002, comp_mask=0x0}
srv2:31:44 [0] NCCL INFO NET/IB: ncclIbSenderQpsToRts: Set ECE: IbDev 0 Port 1 qp_num 1639 set_ece={supported=1, vendor_id=0x15b3, options=0x30000002, comp_mask=0x0}
srv2:31:44 [0] NCCL INFO NET/IB: ncclIbSenderQpsToRts: Set ECE: IbDev 1 Port 1 qp_num 1761 set_ece={supported=1, vendor_id=0x15b3, options=0x30000002, comp_mask=0x0}
srv2:31:44 [0] NCCL INFO New proxy recv connection 80 from local rank 0, transport 2
srv2:31:31 [0] NCCL INFO Connected to proxy localRank 0 -> connection 0xe85f180079f0
srv2:31:31 [0] NCCL INFO Channel 08/0 : 2[0] -> 0[0] [receive] via NET/IB/0
srv2:31:44 [0] NCCL INFO New proxy recv connection 81 from local rank 0, transport 2
srv2:31:31 [0] NCCL INFO Connected to proxy localRank 0 -> connection 0xe85f18007a78
srv2:31:31 [0] NCCL INFO Channel 09/0 : 2[0] -> 0[0] [receive] via NET/IB/1
srv2:31:44 [0] NCCL INFO New proxy recv connection 82 from local rank 0, transport 2
srv2:31:31 [0] NCCL INFO Connected to proxy localRank 0 -> connection 0xe85f18007b00
srv2:31:31 [0] NCCL INFO Channel 10/0 : 2[0] -> 0[0] [receive] via NET/IB/0
srv2:31:44 [0] NCCL INFO New proxy recv connection 83 from local rank 0, transport 2
srv2:31:31 [0] NCCL INFO Connected to proxy localRank 0 -> connection 0xe85f18007b88
srv2:31:31 [0] NCCL INFO Channel 11/0 : 2[0] -> 0[0] [receive] via NET/IB/1
srv2:31:44 [0] NCCL INFO New proxy recv connection 84 from local rank 0, transport 2
srv2:31:31 [0] NCCL INFO Connected to proxy localRank 0 -> connection 0xe85f18007c10
srv2:31:31 [0] NCCL INFO Channel 12/0 : 2[0] -> 0[0] [receive] via NET/IB/0
srv2:31:44 [0] NCCL INFO New proxy recv connection 85 from local rank 0, transport 2
srv2:31:31 [0] NCCL INFO Connected to proxy localRank 0 -> connection 0xe85f18007c98
srv2:31:31 [0] NCCL INFO Channel 13/0 : 2[0] -> 0[0] [receive] via NET/IB/1
srv2:31:44 [0] NCCL INFO New proxy recv connection 86 from local rank 0, transport 2
srv2:31:31 [0] NCCL INFO Connected to proxy localRank 0 -> connection 0xe85f18007d20
srv2:31:31 [0] NCCL INFO Channel 14/0 : 2[0] -> 0[0] [receive] via NET/IB/0
srv2:31:44 [0] NCCL INFO New proxy recv connection 87 from local rank 0, transport 2
srv2:31:31 [0] NCCL INFO Connected to proxy localRank 0 -> connection 0xe85f18007da8
srv2:31:31 [0] NCCL INFO Channel 15/0 : 2[0] -> 0[0] [receive] via NET/IB/1
srv2:31:44 [0] NCCL INFO New proxy send connection 88 from local rank 0, transport 2
srv2:31:31 [0] NCCL INFO Connected to proxy localRank 0 -> connection 0xe85f18007e30
srv2:31:31 [0] NCCL INFO Channel 08/0 : 0[0] -> 2[0] [send] via NET/IB/0
srv2:31:44 [0] NCCL INFO New proxy send connection 89 from local rank 0, transport 2
srv2:31:31 [0] NCCL INFO Connected to proxy localRank 0 -> connection 0xe85f18007eb8
srv2:31:31 [0] NCCL INFO Channel 09/0 : 0[0] -> 2[0] [send] via NET/IB/1
srv2:31:44 [0] NCCL INFO New proxy send connection 90 from local rank 0, transport 2
srv2:31:31 [0] NCCL INFO Connected to proxy localRank 0 -> connection 0xe85f18007f40
srv2:31:31 [0] NCCL INFO Channel 10/0 : 0[0] -> 2[0] [send] via NET/IB/0
srv2:31:44 [0] NCCL INFO New proxy send connection 91 from local rank 0, transport 2
srv2:31:31 [0] NCCL INFO Connected to proxy localRank 0 -> connection 0xe85f18007fc8
srv2:31:31 [0] NCCL INFO Channel 11/0 : 0[0] -> 2[0] [send] via NET/IB/1
srv2:31:44 [0] NCCL INFO New proxy send connection 92 from local rank 0, transport 2
srv2:31:31 [0] NCCL INFO Connected to proxy localRank 0 -> connection 0xe85f18008050
srv2:31:31 [0] NCCL INFO Channel 12/0 : 0[0] -> 2[0] [send] via NET/IB/0
srv2:31:44 [0] NCCL INFO New proxy send connection 93 from local rank 0, transport 2
srv2:31:31 [0] NCCL INFO Connected to proxy localRank 0 -> connection 0xe85f180080d8
srv2:31:31 [0] NCCL INFO Channel 13/0 : 0[0] -> 2[0] [send] via NET/IB/1
srv2:31:44 [0] NCCL INFO New proxy send connection 94 from local rank 0, transport 2
srv2:31:31 [0] NCCL INFO Connected to proxy localRank 0 -> connection 0xe85f18008160
srv2:31:31 [0] NCCL INFO Channel 14/0 : 0[0] -> 2[0] [send] via NET/IB/0
srv2:31:44 [0] NCCL INFO New proxy send connection 95 from local rank 0, transport 2
srv2:31:31 [0] NCCL INFO Connected to proxy localRank 0 -> connection 0xe85f180081e8
srv2:31:31 [0] NCCL INFO Channel 15/0 : 0[0] -> 2[0] [send] via NET/IB/1
srv2:31:44 [0] NCCL INFO NET/IB: ncclIbResiliencyInit: Resiliency is disabled on the send communicator (comm=0xe85f1a6fd000)
srv2:31:44 [0] NCCL INFO NET/IB: ncclIbResiliencyInit: Resiliency is disabled on the recv communicator (comm=0xe85f1a736000)
srv2:31:44 [0] NCCL INFO NET/IB: ncclIbRecvCommInit: Receive work requests will be posted on-demand
srv2:31:44 [0] NCCL INFO NET/IB: ncclIbResiliencyInit: Resiliency is disabled on the send communicator (comm=0xe85f1a773000)
srv2:31:44 [0] NCCL INFO NET/IB: ncclIbResiliencyInit: Resiliency is disabled on the recv communicator (comm=0xe85f1a7ac000)
srv2:31:44 [0] NCCL INFO NET/IB: ncclIbRecvCommInit: Receive work requests will be posted on-demand
srv2:31:44 [0] NCCL INFO NET/IB: ncclIbResiliencyInit: Resiliency is disabled on the send communicator (comm=0xe85f1a7e9000)
srv2:31:44 [0] NCCL INFO NET/IB: ncclIbResiliencyInit: Resiliency is disabled on the recv communicator (comm=0xe85f1a824000)
srv2:31:44 [0] NCCL INFO NET/IB: ncclIbRecvCommInit: Receive work requests will be posted on-demand
srv2:31:44 [0] NCCL INFO NET/IB: ncclIbResiliencyInit: Resiliency is disabled on the send communicator (comm=0xe85f1a863000)
srv2:31:44 [0] NCCL INFO NET/IB: ncclIbResiliencyInit: Resiliency is disabled on the recv communicator (comm=0xe85f1a89e000)
srv2:31:44 [0] NCCL INFO NET/IB: ncclIbRecvCommInit: Receive work requests will be posted on-demand
srv2:31:44 [0] NCCL INFO NET/IB: ncclIbResiliencyInit: Resiliency is disabled on the send communicator (comm=0xe85f1a8dd000)
srv2:31:44 [0] NCCL INFO NET/IB: ncclIbSenderQpsCreate: QP created: port=1 dev=0 devName=rocep1s0f0 ndevs=2 nmdevs=2 qp_num=1640 pkey=0 pd=0xe85f18017c80
srv2:31:44 [0] NCCL INFO NET/IB: ncclIbConnect: NCCL Dev 0 IbDev 0 Port 1 qp_num 1640 mtu 5 GID 3 (0/20A0A0AFFFF0000) ctsFifoRkey=0x135916 ctsFifoLkey=0x135916
srv2:31:44 [0] NCCL INFO NET/IB: ncclIbConnect: IbDev 0 Port 1 qp_num 1640 query_ece={supported=1, vendor_id=0x15b3, options=0x30000002, comp_mask=0x0}
srv2:31:44 [0] NCCL INFO NET/IB: ncclIbReceiverQpsCreateToRts: QP created: port=1 dev=0 devName=rocep1s0f0 ndevs=2 nmdevs=2 qp_num=1641 pkey=0 pd=0xe85f18017c80
srv2:31:44 [0] NCCL INFO NET/IB: ncclIbReceiverQpsCreateToRts: QP created: port=1 dev=0 devName=rocep1s0f0 ndevs=2 nmdevs=2 qp_num=1642 pkey=0 pd=0xe85f18017c80
srv2:31:44 [0] NCCL INFO NET/IB: ncclIbSenderQpsCreate: QP created: port=1 dev=1 devName=roceP2p1s0f0 ndevs=2 nmdevs=2 qp_num=1762 pkey=0 pd=0xe85f180dff20
srv2:31:44 [0] NCCL INFO NET/IB: ncclIbConnect: NCCL Dev 1 IbDev 1 Port 1 qp_num 1762 mtu 5 GID 3 (0/20B0A0AFFFF0000) ctsFifoRkey=0x152927 ctsFifoLkey=0x152927
srv2:31:44 [0] NCCL INFO NET/IB: ncclIbConnect: IbDev 1 Port 1 qp_num 1762 query_ece={supported=1, vendor_id=0x15b3, options=0x30000002, comp_mask=0x0}
srv2:31:44 [0] NCCL INFO NET/IB: ncclIbReceiverQpsCreateToRts: QP created: port=1 dev=1 devName=roceP2p1s0f0 ndevs=2 nmdevs=2 qp_num=1763 pkey=0 pd=0xe85f180dff20
srv2:31:44 [0] NCCL INFO NET/IB: ncclIbReceiverQpsCreateToRts: QP created: port=1 dev=1 devName=roceP2p1s0f0 ndevs=2 nmdevs=2 qp_num=1764 pkey=0 pd=0xe85f180dff20
srv2:31:44 [0] NCCL INFO NET/IB: ncclIbResiliencyInit: Resiliency is disabled on the recv communicator (comm=0xe85f1aa1c000)
srv2:31:44 [0] NCCL INFO NET/IB: ncclIbRecvCommInit: Receive work requests will be posted on-demand
srv2:31:44 [0] NCCL INFO NET/IB: ncclIbSenderQpsToRts: Set ECE: IbDev 0 Port 1 qp_num 1640 set_ece={supported=1, vendor_id=0x15b3, options=0x30000002, comp_mask=0x0}
srv2:31:44 [0] NCCL INFO NET/IB: ncclIbSenderQpsToRts: Set ECE: IbDev 1 Port 1 qp_num 1762 set_ece={supported=1, vendor_id=0x15b3, options=0x30000002, comp_mask=0x0}
srv2:31:44 [0] NCCL INFO NET/IB: ncclIbSenderQpsCreate: QP created: port=1 dev=0 devName=rocep1s0f0 ndevs=2 nmdevs=2 qp_num=1643 pkey=0 pd=0xe85f18017c80
srv2:31:44 [0] NCCL INFO NET/IB: ncclIbConnect: NCCL Dev 0 IbDev 0 Port 1 qp_num 1643 mtu 5 GID 3 (0/20A0A0AFFFF0000) ctsFifoRkey=0x136522 ctsFifoLkey=0x136522
srv2:31:44 [0] NCCL INFO NET/IB: ncclIbConnect: IbDev 0 Port 1 qp_num 1643 query_ece={supported=1, vendor_id=0x15b3, options=0x30000002, comp_mask=0x0}
srv2:31:44 [0] NCCL INFO NET/IB: ncclIbReceiverQpsCreateToRts: QP created: port=1 dev=0 devName=rocep1s0f0 ndevs=2 nmdevs=2 qp_num=1644 pkey=0 pd=0xe85f18017c80
srv2:31:44 [0] NCCL INFO NET/IB: ncclIbReceiverQpsCreateToRts: QP created: port=1 dev=0 devName=rocep1s0f0 ndevs=2 nmdevs=2 qp_num=1645 pkey=0 pd=0xe85f18017c80
srv2:31:44 [0] NCCL INFO NET/IB: ncclIbResiliencyInit: Resiliency is disabled on the send communicator (comm=0xe85f1aad5000)
srv2:31:44 [0] NCCL INFO NET/IB: ncclIbResiliencyInit: Resiliency is disabled on the recv communicator (comm=0xe85f1ab10000)
srv2:31:44 [0] NCCL INFO NET/IB: ncclIbRecvCommInit: Receive work requests will be posted on-demand
srv2:31:44 [0] NCCL INFO NET/IB: ncclIbResiliencyInit: Resiliency is disabled on the send communicator (comm=0xe85f1ab4f000)
srv2:31:44 [0] NCCL INFO NET/IB: ncclIbResiliencyInit: Resiliency is disabled on the recv communicator (comm=0xe85f1ab8a000)
srv2:31:44 [0] NCCL INFO NET/IB: ncclIbRecvCommInit: Receive work requests will be posted on-demand
srv2:31:44 [0] NCCL INFO NET/IB: ncclIbResiliencyInit: Resiliency is disabled on the send communicator (comm=0xe85f1abc9000)
srv2:31:44 [0] NCCL INFO NET/IB: ncclIbSenderQpsToRts: Set ECE: IbDev 0 Port 1 qp_num 1643 set_ece={supported=1, vendor_id=0x15b3, options=0x30000002, comp_mask=0x0}
srv2:31:44 [0] NCCL INFO NET/IB: ncclIbResiliencyInit: Resiliency is disabled on the recv communicator (comm=0xe85f1ac04000)
srv2:31:44 [0] NCCL INFO NET/IB: ncclIbRecvCommInit: Receive work requests will be posted on-demand
srv2:31:44 [0] NCCL INFO NET/IB: ncclIbReceiverQpsCreateToRts: QP created: port=1 dev=1 devName=roceP2p1s0f0 ndevs=2 nmdevs=2 qp_num=1765 pkey=0 pd=0xe85f180dff20
srv2:31:44 [0] NCCL INFO NET/IB: ncclIbReceiverQpsCreateToRts: QP created: port=1 dev=1 devName=roceP2p1s0f0 ndevs=2 nmdevs=2 qp_num=1766 pkey=0 pd=0xe85f180dff20
srv2:31:44 [0] NCCL INFO NET/IB: ncclIbSenderQpsCreate: QP created: port=1 dev=0 devName=rocep1s0f0 ndevs=2 nmdevs=2 qp_num=1646 pkey=0 pd=0xe85f18017c80
srv2:31:44 [0] NCCL INFO NET/IB: ncclIbConnect: NCCL Dev 0 IbDev 0 Port 1 qp_num 1646 mtu 5 GID 3 (0/20A0A0AFFFF0000) ctsFifoRkey=0x12b06e ctsFifoLkey=0x12b06e
srv2:31:44 [0] NCCL INFO NET/IB: ncclIbConnect: IbDev 0 Port 1 qp_num 1646 query_ece={supported=1, vendor_id=0x15b3, options=0x30000002, comp_mask=0x0}
srv2:31:44 [0] NCCL INFO NET/IB: ncclIbSenderQpsCreate: QP created: port=1 dev=1 devName=roceP2p1s0f0 ndevs=2 nmdevs=2 qp_num=1767 pkey=0 pd=0xe85f180dff20
srv2:31:44 [0] NCCL INFO NET/IB: ncclIbConnect: NCCL Dev 1 IbDev 1 Port 1 qp_num 1767 mtu 5 GID 3 (0/20B0A0AFFFF0000) ctsFifoRkey=0x13c6c4 ctsFifoLkey=0x13c6c4
srv2:31:44 [0] NCCL INFO NET/IB: ncclIbConnect: IbDev 1 Port 1 qp_num 1767 query_ece={supported=1, vendor_id=0x15b3, options=0x30000002, comp_mask=0x0}
srv2:31:44 [0] NCCL INFO NET/IB: ncclIbSenderQpsCreate: QP created: port=1 dev=0 devName=rocep1s0f0 ndevs=2 nmdevs=2 qp_num=1647 pkey=0 pd=0xe85f18017c80
srv2:31:44 [0] NCCL INFO NET/IB: ncclIbConnect: NCCL Dev 0 IbDev 0 Port 1 qp_num 1647 mtu 5 GID 3 (0/20A0A0AFFFF0000) ctsFifoRkey=0x1312d0 ctsFifoLkey=0x1312d0
srv2:31:44 [0] NCCL INFO NET/IB: ncclIbConnect: IbDev 0 Port 1 qp_num 1647 query_ece={supported=1, vendor_id=0x15b3, options=0x30000002, comp_mask=0x0}
srv2:31:44 [0] NCCL INFO NET/IB: ncclIbSenderQpsCreate: QP created: port=1 dev=1 devName=roceP2p1s0f0 ndevs=2 nmdevs=2 qp_num=1768 pkey=0 pd=0xe85f180dff20
srv2:31:44 [0] NCCL INFO NET/IB: ncclIbConnect: NCCL Dev 1 IbDev 1 Port 1 qp_num 1768 mtu 5 GID 3 (0/20B0A0AFFFF0000) ctsFifoRkey=0x13504d ctsFifoLkey=0x13504d
srv2:31:44 [0] NCCL INFO NET/IB: ncclIbConnect: IbDev 1 Port 1 qp_num 1768 query_ece={supported=1, vendor_id=0x15b3, options=0x30000002, comp_mask=0x0}
srv2:31:44 [0] NCCL INFO NET/IB: ncclIbSenderQpsCreate: QP created: port=1 dev=1 devName=roceP2p1s0f0 ndevs=2 nmdevs=2 qp_num=1769 pkey=0 pd=0xe85f180dff20
srv2:31:44 [0] NCCL INFO NET/IB: ncclIbConnect: NCCL Dev 1 IbDev 1 Port 1 qp_num 1769 mtu 5 GID 3 (0/20B0A0AFFFF0000) ctsFifoRkey=0x135c59 ctsFifoLkey=0x135c59
srv2:31:44 [0] NCCL INFO NET/IB: ncclIbConnect: IbDev 1 Port 1 qp_num 1769 query_ece={supported=1, vendor_id=0x15b3, options=0x30000002, comp_mask=0x0}
srv2:31:44 [0] NCCL INFO NET/IB: ncclIbSenderQpsToRts: Set ECE: IbDev 0 Port 1 qp_num 1646 set_ece={supported=1, vendor_id=0x15b3, options=0x30000002, comp_mask=0x0}
srv2:31:44 [0] NCCL INFO NET/IB: ncclIbReceiverQpsCreateToRts: QP created: port=1 dev=0 devName=rocep1s0f0 ndevs=2 nmdevs=2 qp_num=1648 pkey=0 pd=0xe85f18017c80
srv2:31:44 [0] NCCL INFO NET/IB: ncclIbReceiverQpsCreateToRts: QP created: port=1 dev=0 devName=rocep1s0f0 ndevs=2 nmdevs=2 qp_num=1649 pkey=0 pd=0xe85f18017c80
srv2:31:44 [0] NCCL INFO NET/IB: ncclIbSenderQpsToRts: Set ECE: IbDev 1 Port 1 qp_num 1767 set_ece={supported=1, vendor_id=0x15b3, options=0x30000002, comp_mask=0x0}
srv2:31:44 [0] NCCL INFO NET/IB: ncclIbReceiverQpsCreateToRts: QP created: port=1 dev=1 devName=roceP2p1s0f0 ndevs=2 nmdevs=2 qp_num=1770 pkey=0 pd=0xe85f180dff20
srv2:31:44 [0] NCCL INFO NET/IB: ncclIbReceiverQpsCreateToRts: QP created: port=1 dev=1 devName=roceP2p1s0f0 ndevs=2 nmdevs=2 qp_num=1771 pkey=0 pd=0xe85f180dff20
srv2:31:44 [0] NCCL INFO NET/IB: ncclIbSenderQpsToRts: Set ECE: IbDev 0 Port 1 qp_num 1647 set_ece={supported=1, vendor_id=0x15b3, options=0x30000002, comp_mask=0x0}
srv2:31:44 [0] NCCL INFO NET/IB: ncclIbReceiverQpsCreateToRts: QP created: port=1 dev=0 devName=rocep1s0f0 ndevs=2 nmdevs=2 qp_num=1650 pkey=0 pd=0xe85f18017c80
srv2:31:44 [0] NCCL INFO NET/IB: ncclIbReceiverQpsCreateToRts: QP created: port=1 dev=0 devName=rocep1s0f0 ndevs=2 nmdevs=2 qp_num=1651 pkey=0 pd=0xe85f18017c80
srv2:31:44 [0] NCCL INFO NET/IB: ncclIbSenderQpsToRts: Set ECE: IbDev 1 Port 1 qp_num 1768 set_ece={supported=1, vendor_id=0x15b3, options=0x30000002, comp_mask=0x0}
srv2:31:44 [0] NCCL INFO NET/IB: ncclIbReceiverQpsCreateToRts: QP created: port=1 dev=1 devName=roceP2p1s0f0 ndevs=2 nmdevs=2 qp_num=1772 pkey=0 pd=0xe85f180dff20
srv2:31:44 [0] NCCL INFO NET/IB: ncclIbReceiverQpsCreateToRts: QP created: port=1 dev=1 devName=roceP2p1s0f0 ndevs=2 nmdevs=2 qp_num=1773 pkey=0 pd=0xe85f180dff20
srv2:31:44 [0] NCCL INFO NET/IB: ncclIbSenderQpsToRts: Set ECE: IbDev 1 Port 1 qp_num 1769 set_ece={supported=1, vendor_id=0x15b3, options=0x30000002, comp_mask=0x0}
srv2:31:31 [0] NCCL INFO Connected binomial trees
srv2:31:44 [0] NCCL INFO New proxy send connection 96 from local rank 0, transport 2
srv2:31:31 [0] NCCL INFO Connected to proxy localRank 0 -> connection 0xe85f18008270
srv2:31:31 [0] NCCL INFO TUNER/Plugin: Could not find: libnccl-tuner.so
srv2:31:31 [0] NCCL INFO   Algorithm   |                            Tree                  |                            Ring                  |                   CollNetDirect                  |
srv2:31:31 [0] NCCL INFO   Protocol    |             LL |          LL128 |         Simple |             LL |          LL128 |         Simple |             LL |          LL128 |         Simple |
srv2:31:31 [0] NCCL INFO  Max NThreads |            512 |            640 |            512 |            512 |            640 |            512 |              0 |              0 |            640 |
srv2:31:31 [0] NCCL INFO     Broadcast |     0.0/   0.0 |     0.0/   0.0 |     0.0/   0.0 |     9.3/  12.0 |    18.0/  22.1 |    22.4/  24.0 |     0.0/   0.0 |     0.0/   0.0 |     0.0/   0.0 |
srv2:31:31 [0] NCCL INFO        Reduce |     0.0/   0.0 |     0.0/   0.0 |     0.0/   0.0 |     9.3/  12.0 |    18.0/  22.1 |    22.4/  24.0 |     0.0/   0.0 |     0.0/   0.0 |     0.0/   0.0 |
srv2:31:31 [0] NCCL INFO     AllGather |     0.0/   0.0 |     0.0/   0.0 |     0.0/   0.0 |    21.6/  16.0 |    39.5/  29.4 |    50.4/  32.0 |     5.0/   0.0 |     8.5/   0.0 |    14.0/   0.0 |
srv2:31:31 [0] NCCL INFO ReduceScatter |     0.0/   0.0 |     0.0/   0.0 |     0.0/   0.0 |    21.6/  16.0 |    39.5/  29.4 |    50.4/  32.0 |     5.0/   0.0 |     8.5/   0.0 |    14.0/   0.0 |
srv2:31:31 [0] NCCL INFO     AllReduce |    26.8/   0.2 |    48.0/   0.7 |    64.4/   0.8 |    36.6/   8.0 |    65.0/  14.7 |    92.4/  16.0 |     5.0/   0.0 |     8.5/   0.0 |    14.0/   0.0 |
srv2:31:31 [0] NCCL INFO   Algorithm   |                    CollNetChain                  |                            NVLS                  |                        NVLSTree                  |
srv2:31:31 [0] NCCL INFO   Protocol    |             LL |          LL128 |         Simple |             LL |          LL128 |         Simple |             LL |          LL128 |         Simple |
srv2:31:31 [0] NCCL INFO  Max NThreads |              0 |              0 |            640 |              0 |              0 |            640 |              0 |              0 |            640 |
srv2:31:31 [0] NCCL INFO     Broadcast |     0.0/   0.0 |     0.0/   0.0 |     0.0/   0.0 |     0.0/   0.0 |     0.0/   0.0 |     0.0/   0.0 |     0.0/   0.0 |     0.0/   0.0 |     0.0/   0.0 |
srv2:31:31 [0] NCCL INFO        Reduce |     0.0/   0.0 |     0.0/   0.0 |     0.0/   0.0 |     0.0/   0.0 |     0.0/   0.0 |     0.0/   0.0 |     0.0/   0.0 |     0.0/   0.0 |     0.0/   0.0 |
srv2:31:31 [0] NCCL INFO     AllGather |     0.0/   0.0 |     0.0/   0.0 |     0.0/   0.0 |     0.0/   0.0 |     0.0/   0.0 |     0.0/   0.0 |     0.0/   0.0 |     0.0/   0.0 |     0.0/   0.0 |
srv2:31:31 [0] NCCL INFO ReduceScatter |     0.0/   0.0 |     0.0/   0.0 |     0.0/   0.0 |     0.0/   0.0 |     0.0/   0.0 |     0.0/   0.0 |     0.0/   0.0 |     0.0/   0.0 |     0.0/   0.0 |
srv2:31:31 [0] NCCL INFO     AllReduce |     5.0/   0.0 |     8.5/   0.0 |    14.0/   0.0 |     0.0/   0.0 |     0.0/   0.0 |     0.0/   0.0 |     0.0/   0.0 |     0.0/   0.0 |     0.0/   0.0 |
srv2:31:31 [0] NCCL INFO   Algorithm   |                             PAT                  |
srv2:31:31 [0] NCCL INFO   Protocol    |             LL |          LL128 |         Simple |             LL |          LL128 |         Simple |             LL |          LL128 |         Simple |
srv2:31:31 [0] NCCL INFO  Max NThreads |              0 |              0 |              0 |
srv2:31:31 [0] NCCL INFO     Broadcast |     0.0/   0.0 |     0.0/   0.0 |     0.0/   0.0 |
srv2:31:31 [0] NCCL INFO        Reduce |     0.0/   0.0 |     0.0/   0.0 |     0.0/   0.0 |
srv2:31:31 [0] NCCL INFO     AllGather |     0.0/   0.0 |     0.0/   0.0 |    27.2/   1.4 |
srv2:31:31 [0] NCCL INFO ReduceScatter |     0.0/   0.0 |     0.0/   0.0 |    27.2/   1.4 |
srv2:31:31 [0] NCCL INFO     AllReduce |     0.0/   0.0 |     0.0/   0.0 |     0.0/   0.0 |
srv2:31:31 [0] NCCL INFO threadThresholds 8/8/64 | 32/8/64 | 512 | 512
srv2:31:31 [0] NCCL INFO 16 coll channels, 16 collnet channels, 0 nvls channels, 16 p2p channels, 4 p2p channels per peer
srv2:31:31 [0] NCCL INFO Symmetric memory is not supported. cuMemEnable 0, globalGinSupport 0, globalNicFused 0 cuMemGdrSupport 0
srv2:31:31 [0] NCCL INFO CC Off, workFifoBytes 1048576
srv2:31:31 [0] NCCL INFO ncclCommInitRankConfig comm 0x3d74ddb0 rank 0 nranks 4 cudaDev 0 nvmlDev 0 busId f01000 commId 0x2af79407f61cfd5a - Init COMPLETE
srv2:31:31 [0] NCCL INFO Init timings - ncclCommInitRankConfig: rank 0 nranks 4 total 1.46 (kernels 0.21, alloc 0.03, bootstrap 0.02, allgathers 0.00, topo 0.01, graphs 0.00, connections 1.19, rest 0.00)
srv2:31:31 [0] NCCL INFO AllReduce: 8 Bytes -> Algo TREE proto LL channel{Lo..Hi}={0..0}
srv2:31:31 [0] NCCL INFO AllReduce: 8 Bytes -> Algo TREE proto LL channel{Lo..Hi}={0..0}
srv2:31:31 [0] NCCL INFO AllReduce: 8 Bytes -> Algo TREE proto LL channel{Lo..Hi}={0..0}
srv2:31:31 [0] NCCL INFO AllReduce: 8 Bytes -> Algo TREE proto LL channel{Lo..Hi}={0..0}
srv2:31:31 [0] NCCL INFO AllReduce: 8 Bytes -> Algo TREE proto LL channel{Lo..Hi}={0..0}
srv2:31:31 [0] NCCL INFO AllReduce: 8 Bytes -> Algo TREE proto LL channel{Lo..Hi}={0..0}
srv2:31:31 [0] NCCL INFO AllReduce: 8 Bytes -> Algo TREE proto LL channel{Lo..Hi}={0..0}
srv2:31:31 [0] NCCL INFO AllReduce: 8 Bytes -> Algo TREE proto LL channel{Lo..Hi}={0..0}
srv2:31:31 [0] NCCL INFO AllReduce: 8 Bytes -> Algo TREE proto LL channel{Lo..Hi}={0..0}
srv2:31:31 [0] NCCL INFO AllReduce: 8 Bytes -> Algo TREE proto LL channel{Lo..Hi}={0..0}
srv2:31:31 [0] NCCL INFO AllReduce: 8 Bytes -> Algo TREE proto LL channel{Lo..Hi}={0..0}
srv2:31:31 [0] NCCL INFO AllReduce: 8 Bytes -> Algo TREE proto LL channel{Lo..Hi}={0..0}
srv2:31:31 [0] NCCL INFO AllReduce: 8 Bytes -> Algo TREE proto LL channel{Lo..Hi}={0..0}
srv2:31:31 [0] NCCL INFO AllReduce: 8 Bytes -> Algo TREE proto LL channel{Lo..Hi}={0..0}
srv2:31:31 [0] NCCL INFO AllReduce: 8 Bytes -> Algo TREE proto LL channel{Lo..Hi}={0..0}
srv2:31:31 [0] NCCL INFO AllReduce: 8 Bytes -> Algo TREE proto LL channel{Lo..Hi}={0..0}
srv2:31:31 [0] NCCL INFO AllReduce: 8 Bytes -> Algo TREE proto LL channel{Lo..Hi}={0..0}
srv2:31:31 [0] NCCL INFO AllReduce: 8 Bytes -> Algo TREE proto LL channel{Lo..Hi}={0..0}
srv2:31:31 [0] NCCL INFO AllReduce: 8 Bytes -> Algo TREE proto LL channel{Lo..Hi}={0..0}
srv2:31:31 [0] NCCL INFO AllReduce: 8 Bytes -> Algo TREE proto LL channel{Lo..Hi}={0..0}
srv2:31:31 [0] NCCL INFO AllReduce: 8 Bytes -> Algo TREE proto LL channel{Lo..Hi}={0..0}
srv2:31:31 [0] NCCL INFO AllReduce: 8 Bytes -> Algo TREE proto LL channel{Lo..Hi}={0..0}
srv2:31:31 [0] NCCL INFO AllReduce: 8 Bytes -> Algo TREE proto LL channel{Lo..Hi}={0..0}
srv2:31:31 [0] NCCL INFO AllReduce: 8 Bytes -> Algo TREE proto LL channel{Lo..Hi}={0..0}
srv2:31:31 [0] NCCL INFO AllReduce: 8 Bytes -> Algo TREE proto LL channel{Lo..Hi}={0..0}
srv2:31:31 [0] NCCL INFO AllReduce: 8 Bytes -> Algo TREE proto LL channel{Lo..Hi}={0..0}
srv2:31:31 [0] NCCL INFO AllReduce: 8 Bytes -> Algo TREE proto LL channel{Lo..Hi}={0..0}
srv2:31:31 [0] NCCL INFO AllReduce: 8 Bytes -> Algo TREE proto LL channel{Lo..Hi}={0..0}
srv2:31:31 [0] NCCL INFO AllReduce: 8 Bytes -> Algo TREE proto LL channel{Lo..Hi}={0..0}
srv2:31:31 [0] NCCL INFO AllReduce: 8 Bytes -> Algo TREE proto LL channel{Lo..Hi}={0..0}
srv2:31:31 [0] NCCL INFO AllReduce: 8 Bytes -> Algo TREE proto LL channel{Lo..Hi}={0..0}
srv2:31:31 [0] NCCL INFO AllReduce: 8 Bytes -> Algo TREE proto LL channel{Lo..Hi}={0..0}
srv2:31:31 [0] NCCL INFO AllReduce: 8 Bytes -> Algo TREE proto LL channel{Lo..Hi}={0..0}
srv2:31:31 [0] NCCL INFO AllReduce: 8 Bytes -> Algo TREE proto LL channel{Lo..Hi}={0..0}
srv2:31:31 [0] NCCL INFO AllReduce: 8 Bytes -> Algo TREE proto LL channel{Lo..Hi}={0..0}
srv2:31:31 [0] NCCL INFO AllReduce: 8 Bytes -> Algo TREE proto LL channel{Lo..Hi}={0..0}
srv2:31:31 [0] NCCL INFO AllReduce: 8 Bytes -> Algo TREE proto LL channel{Lo..Hi}={0..0}
srv2:31:31 [0] NCCL INFO AllReduce: 8 Bytes -> Algo TREE proto LL channel{Lo..Hi}={0..0}
srv2:31:31 [0] NCCL INFO AllReduce: 8 Bytes -> Algo TREE proto LL channel{Lo..Hi}={0..0}
srv2:31:31 [0] NCCL INFO AllReduce: 8 Bytes -> Algo TREE proto LL channel{Lo..Hi}={0..0}
srv2:31:31 [0] NCCL INFO AllReduce: 8 Bytes -> Algo TREE proto LL channel{Lo..Hi}={0..0}
srv2:31:31 [0] NCCL INFO AllReduce: 8 Bytes -> Algo TREE proto LL channel{Lo..Hi}={0..0}
srv2:31:31 [0] NCCL INFO AllReduce: 8 Bytes -> Algo TREE proto LL channel{Lo..Hi}={0..0}
srv2:31:31 [0] NCCL INFO AllReduce: 8 Bytes -> Algo TREE proto LL channel{Lo..Hi}={0..0}
srv2:31:31 [0] NCCL INFO AllReduce: 8 Bytes -> Algo TREE proto LL channel{Lo..Hi}={0..0}
srv2:31:31 [0] NCCL INFO AllReduce: 8 Bytes -> Algo TREE proto LL channel{Lo..Hi}={0..0}
srv2:31:31 [0] NCCL INFO AllReduce: 8 Bytes -> Algo TREE proto LL channel{Lo..Hi}={0..0}
srv2:31:31 [0] NCCL INFO AllReduce: 8 Bytes -> Algo TREE proto LL channel{Lo..Hi}={0..0}
srv2:31:31 [0] NCCL INFO AllReduce: 8 Bytes -> Algo TREE proto LL channel{Lo..Hi}={0..0}
srv2:31:31 [0] NCCL INFO AllReduce: 8 Bytes -> Algo TREE proto LL channel{Lo..Hi}={0..0}
srv2:31:31 [0] NCCL INFO AllReduce: 8 Bytes -> Algo TREE proto LL channel{Lo..Hi}={0..0}
srv2:31:31 [0] NCCL INFO AllReduce: 8 Bytes -> Algo TREE proto LL channel{Lo..Hi}={0..0}
srv2:31:31 [0] NCCL INFO AllReduce: 8 Bytes -> Algo TREE proto LL channel{Lo..Hi}={0..0}
srv2:31:31 [0] NCCL INFO AllReduce: 8 Bytes -> Algo TREE proto LL channel{Lo..Hi}={0..0}
srv2:31:31 [0] NCCL INFO AllReduce: 8 Bytes -> Algo TREE proto LL channel{Lo..Hi}={0..0}
srv2:31:31 [0] NCCL INFO AllReduce: 8 Bytes -> Algo TREE proto LL channel{Lo..Hi}={0..0}
srv2:31:31 [0] NCCL INFO AllReduce: 8 Bytes -> Algo TREE proto LL channel{Lo..Hi}={0..0}
srv2:31:31 [0] NCCL INFO AllReduce: 8 Bytes -> Algo TREE proto LL channel{Lo..Hi}={0..0}
srv2:31:31 [0] NCCL INFO AllReduce: 8 Bytes -> Algo TREE proto LL channel{Lo..Hi}={0..0}
srv2:31:31 [0] NCCL INFO AllReduce: 8 Bytes -> Algo TREE proto LL channel{Lo..Hi}={0..0}
srv2:31:31 [0] NCCL INFO AllReduce: 8 Bytes -> Algo TREE proto LL channel{Lo..Hi}={0..0}
srv2:31:31 [0] NCCL INFO AllReduce: 8 Bytes -> Algo TREE proto LL channel{Lo..Hi}={0..0}
srv2:31:31 [0] NCCL INFO AllReduce: 8 Bytes -> Algo TREE proto LL channel{Lo..Hi}={0..0}
srv2:31:31 [0] NCCL INFO AllReduce: 8 Bytes -> Algo TREE proto LL channel{Lo..Hi}={0..0}
srv2:31:31 [0] NCCL INFO AllReduce: 8 Bytes -> Algo TREE proto LL channel{Lo..Hi}={0..0}
srv2:31:31 [0] NCCL INFO AllReduce: 8 Bytes -> Algo TREE proto LL channel{Lo..Hi}={0..0}
srv2:31:31 [0] NCCL INFO AllReduce: 8 Bytes -> Algo TREE proto LL channel{Lo..Hi}={0..0}
srv2:31:31 [0] NCCL INFO AllReduce: 8 Bytes -> Algo TREE proto LL channel{Lo..Hi}={0..0}
srv2:31:31 [0] NCCL INFO AllReduce: 8 Bytes -> Algo TREE proto LL channel{Lo..Hi}={0..0}
srv2:31:31 [0] NCCL INFO AllReduce: 8 Bytes -> Algo TREE proto LL channel{Lo..Hi}={0..0}
srv2:31:31 [0] NCCL INFO AllReduce: 8 Bytes -> Algo TREE proto LL channel{Lo..Hi}={0..0}
srv2:31:31 [0] NCCL INFO AllReduce: 8 Bytes -> Algo TREE proto LL channel{Lo..Hi}={0..0}
srv2:31:31 [0] NCCL INFO AllReduce: 8 Bytes -> Algo TREE proto LL channel{Lo..Hi}={0..0}
srv2:31:31 [0] NCCL INFO AllReduce: 8 Bytes -> Algo TREE proto LL channel{Lo..Hi}={0..0}
srv2:31:31 [0] NCCL INFO AllReduce: 8 Bytes -> Algo TREE proto LL channel{Lo..Hi}={0..0}
srv2:31:31 [0] NCCL INFO AllReduce: 8 Bytes -> Algo TREE proto LL channel{Lo..Hi}={0..0}
srv2:31:31 [0] NCCL INFO AllReduce: 8 Bytes -> Algo TREE proto LL channel{Lo..Hi}={0..0}
srv2:31:31 [0] NCCL INFO AllReduce: 8 Bytes -> Algo TREE proto LL channel{Lo..Hi}={0..0}
srv2:31:31 [0] NCCL INFO AllReduce: 8 Bytes -> Algo TREE proto LL channel{Lo..Hi}={0..0}
srv2:31:31 [0] NCCL INFO AllReduce: 8 Bytes -> Algo TREE proto LL channel{Lo..Hi}={0..0}
srv2:31:31 [0] NCCL INFO AllReduce: 8 Bytes -> Algo TREE proto LL channel{Lo..Hi}={0..0}
srv2:31:31 [0] NCCL INFO AllReduce: 8 Bytes -> Algo TREE proto LL channel{Lo..Hi}={0..0}
srv2:31:31 [0] NCCL INFO AllReduce: 8 Bytes -> Algo TREE proto LL channel{Lo..Hi}={0..0}
srv2:31:31 [0] NCCL INFO AllReduce: 8 Bytes -> Algo TREE proto LL channel{Lo..Hi}={0..0}
srv2:31:31 [0] NCCL INFO AllReduce: 8 Bytes -> Algo TREE proto LL channel{Lo..Hi}={0..0}
srv2:31:31 [0] NCCL INFO AllReduce: 8 Bytes -> Algo TREE proto LL channel{Lo..Hi}={0..0}
srv2:31:31 [0] NCCL INFO AllReduce: 8 Bytes -> Algo TREE proto LL channel{Lo..Hi}={0..0}
srv2:31:31 [0] NCCL INFO AllReduce: 8 Bytes -> Algo TREE proto LL channel{Lo..Hi}={0..0}
srv2:31:31 [0] NCCL INFO AllReduce: 8 Bytes -> Algo TREE proto LL channel{Lo..Hi}={0..0}
srv2:31:31 [0] NCCL INFO AllReduce: 8 Bytes -> Algo TREE proto LL channel{Lo..Hi}={0..0}
srv2:31:31 [0] NCCL INFO AllReduce: 8 Bytes -> Algo TREE proto LL channel{Lo..Hi}={0..0}
srv2:31:31 [0] NCCL INFO AllReduce: 8 Bytes -> Algo TREE proto LL channel{Lo..Hi}={0..0}
srv2:31:31 [0] NCCL INFO AllReduce: 8 Bytes -> Algo TREE proto LL channel{Lo..Hi}={0..0}
srv2:31:31 [0] NCCL INFO AllReduce: 8 Bytes -> Algo TREE proto LL channel{Lo..Hi}={0..0}
srv2:31:31 [0] NCCL INFO AllReduce: 8 Bytes -> Algo TREE proto LL channel{Lo..Hi}={0..0}
srv2:31:31 [0] NCCL INFO AllReduce: 8 Bytes -> Algo TREE proto LL channel{Lo..Hi}={0..0}
srv2:31:31 [0] NCCL INFO AllReduce: 8 Bytes -> Algo TREE proto LL channel{Lo..Hi}={0..0}
srv2:31:31 [0] NCCL INFO AllReduce: 8 Bytes -> Algo TREE proto LL channel{Lo..Hi}={0..0}
srv2:31:31 [0] NCCL INFO AllReduce: 8 Bytes -> Algo TREE proto LL channel{Lo..Hi}={0..0}
srv2:31:31 [0] NCCL INFO AllReduce: 8 Bytes -> Algo TREE proto LL channel{Lo..Hi}={0..0}
srv2:31:31 [0] NCCL INFO AllReduce: 8 Bytes -> Algo TREE proto LL channel{Lo..Hi}={0..0}
srv2:31:31 [0] NCCL INFO AllReduce: 8 Bytes -> Algo TREE proto LL channel{Lo..Hi}={0..0}
srv2:31:31 [0] NCCL INFO AllReduce: 8 Bytes -> Algo TREE proto LL channel{Lo..Hi}={0..0}
srv2:31:31 [0] NCCL INFO AllReduce: 8 Bytes -> Algo TREE proto LL channel{Lo..Hi}={0..0}
srv2:31:31 [0] NCCL INFO AllReduce: 8 Bytes -> Algo TREE proto LL channel{Lo..Hi}={0..0}
srv2:31:31 [0] NCCL INFO AllReduce: 8 Bytes -> Algo TREE proto LL channel{Lo..Hi}={0..0}
srv2:31:31 [0] NCCL INFO AllReduce: 8 Bytes -> Algo TREE proto LL channel{Lo..Hi}={0..0}
srv2:31:31 [0] NCCL INFO AllReduce: 8 Bytes -> Algo TREE proto LL channel{Lo..Hi}={0..0}
srv2:31:31 [0] NCCL INFO AllReduce: 8 Bytes -> Algo TREE proto LL channel{Lo..Hi}={0..0}
srv2:31:31 [0] NCCL INFO AllReduce: 8 Bytes -> Algo TREE proto LL channel{Lo..Hi}={0..0}
srv2:31:31 [0] NCCL INFO AllReduce: 8 Bytes -> Algo TREE proto LL channel{Lo..Hi}={0..0}
srv2:31:31 [0] NCCL INFO AllReduce: 8 Bytes -> Algo TREE proto LL channel{Lo..Hi}={0..0}
srv2:31:31 [0] NCCL INFO AllReduce: 8 Bytes -> Algo TREE proto LL channel{Lo..Hi}={0..0}
srv2:31:31 [0] NCCL INFO AllReduce: 8 Bytes -> Algo TREE proto LL channel{Lo..Hi}={0..0}
srv2:31:31 [0] NCCL INFO AllReduce: 8 Bytes -> Algo TREE proto LL channel{Lo..Hi}={0..0}
srv2:31:31 [0] NCCL INFO AllReduce: 8 Bytes -> Algo TREE proto LL channel{Lo..Hi}={0..0}
srv2:31:31 [0] NCCL INFO AllReduce: 8 Bytes -> Algo TREE proto LL channel{Lo..Hi}={0..0}
srv2:31:31 [0] NCCL INFO AllReduce: 8 Bytes -> Algo TREE proto LL channel{Lo..Hi}={0..0}
srv2:31:31 [0] NCCL INFO AllReduce: 8 Bytes -> Algo TREE proto LL channel{Lo..Hi}={0..0}
srv2:31:31 [0] NCCL INFO AllReduce: 8 Bytes -> Algo TREE proto LL channel{Lo..Hi}={0..0}
srv2:31:31 [0] NCCL INFO AllReduce: 8 Bytes -> Algo TREE proto LL channel{Lo..Hi}={0..0}
srv2:31:31 [0] NCCL INFO AllReduce: 8 Bytes -> Algo TREE proto LL channel{Lo..Hi}={0..0}
srv2:31:31 [0] NCCL INFO AllReduce: 8 Bytes -> Algo TREE proto LL channel{Lo..Hi}={0..0}
srv2:31:31 [0] NCCL INFO AllReduce: 8 Bytes -> Algo TREE proto LL channel{Lo..Hi}={0..0}
srv2:31:31 [0] NCCL INFO AllReduce: 8 Bytes -> Algo TREE proto LL channel{Lo..Hi}={0..0}
srv2:31:31 [0] NCCL INFO AllReduce: 8 Bytes -> Algo TREE proto LL channel{Lo..Hi}={0..0}
srv2:31:31 [0] NCCL INFO AllReduce: 8 Bytes -> Algo TREE proto LL channel{Lo..Hi}={0..0}
srv2:31:31 [0] NCCL INFO AllReduce: 8 Bytes -> Algo TREE proto LL channel{Lo..Hi}={0..0}
srv2:31:31 [0] NCCL INFO AllReduce: 8 Bytes -> Algo TREE proto LL channel{Lo..Hi}={0..0}
srv2:31:31 [0] NCCL INFO AllReduce: 4 Bytes -> Algo TREE proto LL channel{Lo..Hi}={0..0}
srv2:31:31 [0] NCCL INFO AllReduce: 4 Bytes -> Algo TREE proto LL channel{Lo..Hi}={0..0}
srv2:31:31 [0] NCCL INFO AllReduce: 4 Bytes -> Algo TREE proto LL channel{Lo..Hi}={0..0}
max 8 62.93550133705139
srv2:31:31 [0] NCCL INFO AllReduce: 48 Bytes -> Algo TREE proto LL channel{Lo..Hi}={0..0}
srv2:31:31 [0] NCCL INFO AllReduce: 48 Bytes -> Algo TREE proto LL channel{Lo..Hi}={0..0}
srv2:31:31 [0] NCCL INFO AllReduce: 48 Bytes -> Algo TREE proto LL channel{Lo..Hi}={0..0}
srv2:31:31 [0] NCCL INFO AllReduce: 48 Bytes -> Algo TREE proto LL channel{Lo..Hi}={0..0}
srv2:31:31 [0] NCCL INFO AllReduce: 48 Bytes -> Algo TREE proto LL channel{Lo..Hi}={0..0}
srv2:31:31 [0] NCCL INFO AllReduce: 48 Bytes -> Algo TREE proto LL channel{Lo..Hi}={0..0}
srv2:31:31 [0] NCCL INFO AllReduce: 48 Bytes -> Algo TREE proto LL channel{Lo..Hi}={0..0}
srv2:31:31 [0] NCCL INFO AllReduce: 48 Bytes -> Algo TREE proto LL channel{Lo..Hi}={0..0}
srv2:31:31 [0] NCCL INFO AllReduce: 48 Bytes -> Algo TREE proto LL channel{Lo..Hi}={0..0}
srv2:31:31 [0] NCCL INFO AllReduce: 48 Bytes -> Algo TREE proto LL channel{Lo..Hi}={0..0}
srv2:31:31 [0] NCCL INFO AllReduce: 48 Bytes -> Algo TREE proto LL channel{Lo..Hi}={0..0}
srv2:31:31 [0] NCCL INFO AllReduce: 48 Bytes -> Algo TREE proto LL channel{Lo..Hi}={0..0}
srv2:31:31 [0] NCCL INFO AllReduce: 48 Bytes -> Algo TREE proto LL channel{Lo..Hi}={0..0}
srv2:31:31 [0] NCCL INFO AllReduce: 48 Bytes -> Algo TREE proto LL channel{Lo..Hi}={0..0}
srv2:31:31 [0] NCCL INFO AllReduce: 48 Bytes -> Algo TREE proto LL channel{Lo..Hi}={0..0}
srv2:31:31 [0] NCCL INFO AllReduce: 48 Bytes -> Algo TREE proto LL channel{Lo..Hi}={0..0}
srv2:31:31 [0] NCCL INFO AllReduce: 48 Bytes -> Algo TREE proto LL channel{Lo..Hi}={0..0}
srv2:31:31 [0] NCCL INFO AllReduce: 48 Bytes -> Algo TREE proto LL channel{Lo..Hi}={0..0}
srv2:31:31 [0] NCCL INFO AllReduce: 48 Bytes -> Algo TREE proto LL channel{Lo..Hi}={0..0}
srv2:31:31 [0] NCCL INFO AllReduce: 48 Bytes -> Algo TREE proto LL channel{Lo..Hi}={0..0}
srv2:31:31 [0] NCCL INFO AllReduce: 48 Bytes -> Algo TREE proto LL channel{Lo..Hi}={0..0}
srv2:31:31 [0] NCCL INFO AllReduce: 48 Bytes -> Algo TREE proto LL channel{Lo..Hi}={0..0}
srv2:31:31 [0] NCCL INFO AllReduce: 48 Bytes -> Algo TREE proto LL channel{Lo..Hi}={0..0}
srv2:31:31 [0] NCCL INFO AllReduce: 48 Bytes -> Algo TREE proto LL channel{Lo..Hi}={0..0}
srv2:31:31 [0] NCCL INFO AllReduce: 48 Bytes -> Algo TREE proto LL channel{Lo..Hi}={0..0}
srv2:31:31 [0] NCCL INFO AllReduce: 48 Bytes -> Algo TREE proto LL channel{Lo..Hi}={0..0}
srv2:31:31 [0] NCCL INFO AllReduce: 48 Bytes -> Algo TREE proto LL channel{Lo..Hi}={0..0}
srv2:31:31 [0] NCCL INFO AllReduce: 48 Bytes -> Algo TREE proto LL channel{Lo..Hi}={0..0}
srv2:31:31 [0] NCCL INFO AllReduce: 48 Bytes -> Algo TREE proto LL channel{Lo..Hi}={0..0}
srv2:31:31 [0] NCCL INFO AllReduce: 48 Bytes -> Algo TREE proto LL channel{Lo..Hi}={0..0}
srv2:31:31 [0] NCCL INFO AllReduce: 48 Bytes -> Algo TREE proto LL channel{Lo..Hi}={0..0}
srv2:31:31 [0] NCCL INFO AllReduce: 48 Bytes -> Algo TREE proto LL channel{Lo..Hi}={0..0}
srv2:31:31 [0] NCCL INFO AllReduce: 48 Bytes -> Algo TREE proto LL channel{Lo..Hi}={0..0}
srv2:31:31 [0] NCCL INFO AllReduce: 48 Bytes -> Algo TREE proto LL channel{Lo..Hi}={0..0}
srv2:31:31 [0] NCCL INFO AllReduce: 48 Bytes -> Algo TREE proto LL channel{Lo..Hi}={0..0}
srv2:31:31 [0] NCCL INFO AllReduce: 48 Bytes -> Algo TREE proto LL channel{Lo..Hi}={0..0}
srv2:31:31 [0] NCCL INFO AllReduce: 48 Bytes -> Algo TREE proto LL channel{Lo..Hi}={0..0}
srv2:31:31 [0] NCCL INFO AllReduce: 48 Bytes -> Algo TREE proto LL channel{Lo..Hi}={0..0}
srv2:31:31 [0] NCCL INFO AllReduce: 48 Bytes -> Algo TREE proto LL channel{Lo..Hi}={0..0}
srv2:31:31 [0] NCCL INFO AllReduce: 48 Bytes -> Algo TREE proto LL channel{Lo..Hi}={0..0}
srv2:31:31 [0] NCCL INFO AllReduce: 48 Bytes -> Algo TREE proto LL channel{Lo..Hi}={0..0}
srv2:31:31 [0] NCCL INFO AllReduce: 48 Bytes -> Algo TREE proto LL channel{Lo..Hi}={0..0}
srv2:31:31 [0] NCCL INFO AllReduce: 48 Bytes -> Algo TREE proto LL channel{Lo..Hi}={0..0}
srv2:31:31 [0] NCCL INFO AllReduce: 48 Bytes -> Algo TREE proto LL channel{Lo..Hi}={0..0}
srv2:31:31 [0] NCCL INFO AllReduce: 48 Bytes -> Algo TREE proto LL channel{Lo..Hi}={0..0}
srv2:31:31 [0] NCCL INFO AllReduce: 48 Bytes -> Algo TREE proto LL channel{Lo..Hi}={0..0}
srv2:31:31 [0] NCCL INFO AllReduce: 48 Bytes -> Algo TREE proto LL channel{Lo..Hi}={0..0}
srv2:31:31 [0] NCCL INFO AllReduce: 48 Bytes -> Algo TREE proto LL channel{Lo..Hi}={0..0}
srv2:31:31 [0] NCCL INFO AllReduce: 48 Bytes -> Algo TREE proto LL channel{Lo..Hi}={0..0}
srv2:31:31 [0] NCCL INFO AllReduce: 48 Bytes -> Algo TREE proto LL channel{Lo..Hi}={0..0}
srv2:31:31 [0] NCCL INFO AllReduce: 48 Bytes -> Algo TREE proto LL channel{Lo..Hi}={0..0}
srv2:31:31 [0] NCCL INFO AllReduce: 48 Bytes -> Algo TREE proto LL channel{Lo..Hi}={0..0}
srv2:31:31 [0] NCCL INFO AllReduce: 48 Bytes -> Algo TREE proto LL channel{Lo..Hi}={0..0}
srv2:31:31 [0] NCCL INFO AllReduce: 48 Bytes -> Algo TREE proto LL channel{Lo..Hi}={0..0}
srv2:31:31 [0] NCCL INFO AllReduce: 48 Bytes -> Algo TREE proto LL channel{Lo..Hi}={0..0}
srv2:31:31 [0] NCCL INFO AllReduce: 48 Bytes -> Algo TREE proto LL channel{Lo..Hi}={0..0}
srv2:31:31 [0] NCCL INFO AllReduce: 48 Bytes -> Algo TREE proto LL channel{Lo..Hi}={0..0}
srv2:31:31 [0] NCCL INFO AllReduce: 48 Bytes -> Algo TREE proto LL channel{Lo..Hi}={0..0}
srv2:31:31 [0] NCCL INFO AllReduce: 48 Bytes -> Algo TREE proto LL channel{Lo..Hi}={0..0}
srv2:31:31 [0] NCCL INFO AllReduce: 48 Bytes -> Algo TREE proto LL channel{Lo..Hi}={0..0}
srv2:31:31 [0] NCCL INFO AllReduce: 48 Bytes -> Algo TREE proto LL channel{Lo..Hi}={0..0}
srv2:31:31 [0] NCCL INFO AllReduce: 48 Bytes -> Algo TREE proto LL channel{Lo..Hi}={0..0}
srv2:31:31 [0] NCCL INFO AllReduce: 48 Bytes -> Algo TREE proto LL channel{Lo..Hi}={0..0}
srv2:31:31 [0] NCCL INFO AllReduce: 48 Bytes -> Algo TREE proto LL channel{Lo..Hi}={0..0}
srv2:31:31 [0] NCCL INFO AllReduce: 48 Bytes -> Algo TREE proto LL channel{Lo..Hi}={0..0}
srv2:31:31 [0] NCCL INFO AllReduce: 48 Bytes -> Algo TREE proto LL channel{Lo..Hi}={0..0}
srv2:31:31 [0] NCCL INFO AllReduce: 48 Bytes -> Algo TREE proto LL channel{Lo..Hi}={0..0}
srv2:31:31 [0] NCCL INFO AllReduce: 48 Bytes -> Algo TREE proto LL channel{Lo..Hi}={0..0}
srv2:31:31 [0] NCCL INFO AllReduce: 48 Bytes -> Algo TREE proto LL channel{Lo..Hi}={0..0}
srv2:31:31 [0] NCCL INFO AllReduce: 48 Bytes -> Algo TREE proto LL channel{Lo..Hi}={0..0}
srv2:31:31 [0] NCCL INFO AllReduce: 48 Bytes -> Algo TREE proto LL channel{Lo..Hi}={0..0}
srv2:31:31 [0] NCCL INFO AllReduce: 48 Bytes -> Algo TREE proto LL channel{Lo..Hi}={0..0}
srv2:31:31 [0] NCCL INFO AllReduce: 48 Bytes -> Algo TREE proto LL channel{Lo..Hi}={0..0}
srv2:31:31 [0] NCCL INFO AllReduce: 48 Bytes -> Algo TREE proto LL channel{Lo..Hi}={0..0}
srv2:31:31 [0] NCCL INFO AllReduce: 48 Bytes -> Algo TREE proto LL channel{Lo..Hi}={0..0}
srv2:31:31 [0] NCCL INFO AllReduce: 48 Bytes -> Algo TREE proto LL channel{Lo..Hi}={0..0}
srv2:31:31 [0] NCCL INFO AllReduce: 48 Bytes -> Algo TREE proto LL channel{Lo..Hi}={0..0}
srv2:31:31 [0] NCCL INFO AllReduce: 48 Bytes -> Algo TREE proto LL channel{Lo..Hi}={0..0}
srv2:31:31 [0] NCCL INFO AllReduce: 48 Bytes -> Algo TREE proto LL channel{Lo..Hi}={0..0}
srv2:31:31 [0] NCCL INFO AllReduce: 48 Bytes -> Algo TREE proto LL channel{Lo..Hi}={0..0}
srv2:31:31 [0] NCCL INFO AllReduce: 48 Bytes -> Algo TREE proto LL channel{Lo..Hi}={0..0}
srv2:31:31 [0] NCCL INFO AllReduce: 48 Bytes -> Algo TREE proto LL channel{Lo..Hi}={0..0}
srv2:31:31 [0] NCCL INFO AllReduce: 48 Bytes -> Algo TREE proto LL channel{Lo..Hi}={0..0}
srv2:31:31 [0] NCCL INFO AllReduce: 48 Bytes -> Algo TREE proto LL channel{Lo..Hi}={0..0}
srv2:31:31 [0] NCCL INFO AllReduce: 48 Bytes -> Algo TREE proto LL channel{Lo..Hi}={0..0}
srv2:31:31 [0] NCCL INFO AllReduce: 48 Bytes -> Algo TREE proto LL channel{Lo..Hi}={0..0}
srv2:31:31 [0] NCCL INFO AllReduce: 48 Bytes -> Algo TREE proto LL channel{Lo..Hi}={0..0}
srv2:31:31 [0] NCCL INFO AllReduce: 48 Bytes -> Algo TREE proto LL channel{Lo..Hi}={0..0}
srv2:31:31 [0] NCCL INFO AllReduce: 48 Bytes -> Algo TREE proto LL channel{Lo..Hi}={0..0}
srv2:31:31 [0] NCCL INFO AllReduce: 48 Bytes -> Algo TREE proto LL channel{Lo..Hi}={0..0}
srv2:31:31 [0] NCCL INFO AllReduce: 48 Bytes -> Algo TREE proto LL channel{Lo..Hi}={0..0}
srv2:31:31 [0] NCCL INFO AllReduce: 48 Bytes -> Algo TREE proto LL channel{Lo..Hi}={0..0}
srv2:31:31 [0] NCCL INFO AllReduce: 48 Bytes -> Algo TREE proto LL channel{Lo..Hi}={0..0}
srv2:31:31 [0] NCCL INFO AllReduce: 48 Bytes -> Algo TREE proto LL channel{Lo..Hi}={0..0}
srv2:31:31 [0] NCCL INFO AllReduce: 48 Bytes -> Algo TREE proto LL channel{Lo..Hi}={0..0}
srv2:31:31 [0] NCCL INFO AllReduce: 48 Bytes -> Algo TREE proto LL channel{Lo..Hi}={0..0}
srv2:31:31 [0] NCCL INFO AllReduce: 48 Bytes -> Algo TREE proto LL channel{Lo..Hi}={0..0}
srv2:31:31 [0] NCCL INFO AllReduce: 48 Bytes -> Algo TREE proto LL channel{Lo..Hi}={0..0}
srv2:31:31 [0] NCCL INFO AllReduce: 48 Bytes -> Algo TREE proto LL channel{Lo..Hi}={0..0}
srv2:31:31 [0] NCCL INFO AllReduce: 48 Bytes -> Algo TREE proto LL channel{Lo..Hi}={0..0}
srv2:31:31 [0] NCCL INFO AllReduce: 48 Bytes -> Algo TREE proto LL channel{Lo..Hi}={0..0}
srv2:31:31 [0] NCCL INFO AllReduce: 48 Bytes -> Algo TREE proto LL channel{Lo..Hi}={0..0}
srv2:31:31 [0] NCCL INFO AllReduce: 48 Bytes -> Algo TREE proto LL channel{Lo..Hi}={0..0}
srv2:31:31 [0] NCCL INFO AllReduce: 48 Bytes -> Algo TREE proto LL channel{Lo..Hi}={0..0}
srv2:31:31 [0] NCCL INFO AllReduce: 48 Bytes -> Algo TREE proto LL channel{Lo..Hi}={0..0}
srv2:31:31 [0] NCCL INFO AllReduce: 48 Bytes -> Algo TREE proto LL channel{Lo..Hi}={0..0}
srv2:31:31 [0] NCCL INFO AllReduce: 48 Bytes -> Algo TREE proto LL channel{Lo..Hi}={0..0}
srv2:31:31 [0] NCCL INFO AllReduce: 48 Bytes -> Algo TREE proto LL channel{Lo..Hi}={0..0}
srv2:31:31 [0] NCCL INFO AllReduce: 48 Bytes -> Algo TREE proto LL channel{Lo..Hi}={0..0}
srv2:31:31 [0] NCCL INFO AllReduce: 48 Bytes -> Algo TREE proto LL channel{Lo..Hi}={0..0}
srv2:31:31 [0] NCCL INFO AllReduce: 48 Bytes -> Algo TREE proto LL channel{Lo..Hi}={0..0}
srv2:31:31 [0] NCCL INFO AllReduce: 48 Bytes -> Algo TREE proto LL channel{Lo..Hi}={0..0}
srv2:31:31 [0] NCCL INFO AllReduce: 48 Bytes -> Algo TREE proto LL channel{Lo..Hi}={0..0}
srv2:31:31 [0] NCCL INFO AllReduce: 48 Bytes -> Algo TREE proto LL channel{Lo..Hi}={0..0}
srv2:31:31 [0] NCCL INFO AllReduce: 48 Bytes -> Algo TREE proto LL channel{Lo..Hi}={0..0}
srv2:31:31 [0] NCCL INFO AllReduce: 48 Bytes -> Algo TREE proto LL channel{Lo..Hi}={0..0}
srv2:31:31 [0] NCCL INFO AllReduce: 48 Bytes -> Algo TREE proto LL channel{Lo..Hi}={0..0}
srv2:31:31 [0] NCCL INFO AllReduce: 48 Bytes -> Algo TREE proto LL channel{Lo..Hi}={0..0}
srv2:31:31 [0] NCCL INFO AllReduce: 48 Bytes -> Algo TREE proto LL channel{Lo..Hi}={0..0}
srv2:31:31 [0] NCCL INFO AllReduce: 48 Bytes -> Algo TREE proto LL channel{Lo..Hi}={0..0}
srv2:31:31 [0] NCCL INFO AllReduce: 48 Bytes -> Algo TREE proto LL channel{Lo..Hi}={0..0}
srv2:31:31 [0] NCCL INFO AllReduce: 48 Bytes -> Algo TREE proto LL channel{Lo..Hi}={0..0}
srv2:31:31 [0] NCCL INFO AllReduce: 48 Bytes -> Algo TREE proto LL channel{Lo..Hi}={0..0}
srv2:31:31 [0] NCCL INFO AllReduce: 48 Bytes -> Algo TREE proto LL channel{Lo..Hi}={0..0}
srv2:31:31 [0] NCCL INFO AllReduce: 48 Bytes -> Algo TREE proto LL channel{Lo..Hi}={0..0}
srv2:31:31 [0] NCCL INFO AllReduce: 48 Bytes -> Algo TREE proto LL channel{Lo..Hi}={0..0}
srv2:31:31 [0] NCCL INFO AllReduce: 48 Bytes -> Algo TREE proto LL channel{Lo..Hi}={0..0}
srv2:31:31 [0] NCCL INFO AllReduce: 48 Bytes -> Algo TREE proto LL channel{Lo..Hi}={0..0}
srv2:31:31 [0] NCCL INFO AllReduce: 48 Bytes -> Algo TREE proto LL channel{Lo..Hi}={0..0}
srv2:31:31 [0] NCCL INFO AllReduce: 4 Bytes -> Algo TREE proto LL channel{Lo..Hi}={0..0}
srv2:31:31 [0] NCCL INFO AllReduce: 4 Bytes -> Algo TREE proto LL channel{Lo..Hi}={0..0}
srv2:31:31 [0] NCCL INFO AllReduce: 4 Bytes -> Algo TREE proto LL channel{Lo..Hi}={0..0}
max 48 64.03499841690063
srv2:31:31 [0] NCCL INFO AllReduce: 192 Bytes -> Algo TREE proto LL channel{Lo..Hi}={0..0}
srv2:31:31 [0] NCCL INFO AllReduce: 192 Bytes -> Algo TREE proto LL channel{Lo..Hi}={0..0}
srv2:31:31 [0] NCCL INFO AllReduce: 192 Bytes -> Algo TREE proto LL channel{Lo..Hi}={0..0}
srv2:31:31 [0] NCCL INFO AllReduce: 192 Bytes -> Algo TREE proto LL channel{Lo..Hi}={0..0}
srv2:31:31 [0] NCCL INFO AllReduce: 192 Bytes -> Algo TREE proto LL channel{Lo..Hi}={0..0}
srv2:31:31 [0] NCCL INFO AllReduce: 192 Bytes -> Algo TREE proto LL channel{Lo..Hi}={0..0}
srv2:31:31 [0] NCCL INFO AllReduce: 192 Bytes -> Algo TREE proto LL channel{Lo..Hi}={0..0}
srv2:31:31 [0] NCCL INFO AllReduce: 192 Bytes -> Algo TREE proto LL channel{Lo..Hi}={0..0}
srv2:31:31 [0] NCCL INFO AllReduce: 192 Bytes -> Algo TREE proto LL channel{Lo..Hi}={0..0}
srv2:31:31 [0] NCCL INFO AllReduce: 192 Bytes -> Algo TREE proto LL channel{Lo..Hi}={0..0}
srv2:31:31 [0] NCCL INFO AllReduce: 192 Bytes -> Algo TREE proto LL channel{Lo..Hi}={0..0}
srv2:31:31 [0] NCCL INFO AllReduce: 192 Bytes -> Algo TREE proto LL channel{Lo..Hi}={0..0}
srv2:31:31 [0] NCCL INFO AllReduce: 192 Bytes -> Algo TREE proto LL channel{Lo..Hi}={0..0}
srv2:31:31 [0] NCCL INFO AllReduce: 192 Bytes -> Algo TREE proto LL channel{Lo..Hi}={0..0}
srv2:31:31 [0] NCCL INFO AllReduce: 192 Bytes -> Algo TREE proto LL channel{Lo..Hi}={0..0}
srv2:31:31 [0] NCCL INFO AllReduce: 192 Bytes -> Algo TREE proto LL channel{Lo..Hi}={0..0}
srv2:31:31 [0] NCCL INFO AllReduce: 192 Bytes -> Algo TREE proto LL channel{Lo..Hi}={0..0}
srv2:31:31 [0] NCCL INFO AllReduce: 192 Bytes -> Algo TREE proto LL channel{Lo..Hi}={0..0}
srv2:31:31 [0] NCCL INFO AllReduce: 192 Bytes -> Algo TREE proto LL channel{Lo..Hi}={0..0}
srv2:31:31 [0] NCCL INFO AllReduce: 192 Bytes -> Algo TREE proto LL channel{Lo..Hi}={0..0}
srv2:31:31 [0] NCCL INFO AllReduce: 192 Bytes -> Algo TREE proto LL channel{Lo..Hi}={0..0}
srv2:31:31 [0] NCCL INFO AllReduce: 192 Bytes -> Algo TREE proto LL channel{Lo..Hi}={0..0}
srv2:31:31 [0] NCCL INFO AllReduce: 192 Bytes -> Algo TREE proto LL channel{Lo..Hi}={0..0}
srv2:31:31 [0] NCCL INFO AllReduce: 192 Bytes -> Algo TREE proto LL channel{Lo..Hi}={0..0}
srv2:31:31 [0] NCCL INFO AllReduce: 192 Bytes -> Algo TREE proto LL channel{Lo..Hi}={0..0}
srv2:31:31 [0] NCCL INFO AllReduce: 192 Bytes -> Algo TREE proto LL channel{Lo..Hi}={0..0}
srv2:31:31 [0] NCCL INFO AllReduce: 192 Bytes -> Algo TREE proto LL channel{Lo..Hi}={0..0}
srv2:31:31 [0] NCCL INFO AllReduce: 192 Bytes -> Algo TREE proto LL channel{Lo..Hi}={0..0}
srv2:31:31 [0] NCCL INFO AllReduce: 192 Bytes -> Algo TREE proto LL channel{Lo..Hi}={0..0}
srv2:31:31 [0] NCCL INFO AllReduce: 192 Bytes -> Algo TREE proto LL channel{Lo..Hi}={0..0}
srv2:31:31 [0] NCCL INFO AllReduce: 192 Bytes -> Algo TREE proto LL channel{Lo..Hi}={0..0}
srv2:31:31 [0] NCCL INFO AllReduce: 192 Bytes -> Algo TREE proto LL channel{Lo..Hi}={0..0}
srv2:31:31 [0] NCCL INFO AllReduce: 192 Bytes -> Algo TREE proto LL channel{Lo..Hi}={0..0}
srv2:31:31 [0] NCCL INFO AllReduce: 192 Bytes -> Algo TREE proto LL channel{Lo..Hi}={0..0}
srv2:31:31 [0] NCCL INFO AllReduce: 192 Bytes -> Algo TREE proto LL channel{Lo..Hi}={0..0}
srv2:31:31 [0] NCCL INFO AllReduce: 192 Bytes -> Algo TREE proto LL channel{Lo..Hi}={0..0}
srv2:31:31 [0] NCCL INFO AllReduce: 192 Bytes -> Algo TREE proto LL channel{Lo..Hi}={0..0}
srv2:31:31 [0] NCCL INFO AllReduce: 192 Bytes -> Algo TREE proto LL channel{Lo..Hi}={0..0}
srv2:31:31 [0] NCCL INFO AllReduce: 192 Bytes -> Algo TREE proto LL channel{Lo..Hi}={0..0}
srv2:31:31 [0] NCCL INFO AllReduce: 192 Bytes -> Algo TREE proto LL channel{Lo..Hi}={0..0}
srv2:31:31 [0] NCCL INFO AllReduce: 192 Bytes -> Algo TREE proto LL channel{Lo..Hi}={0..0}
srv2:31:31 [0] NCCL INFO AllReduce: 192 Bytes -> Algo TREE proto LL channel{Lo..Hi}={0..0}
srv2:31:31 [0] NCCL INFO AllReduce: 192 Bytes -> Algo TREE proto LL channel{Lo..Hi}={0..0}
srv2:31:31 [0] NCCL INFO AllReduce: 192 Bytes -> Algo TREE proto LL channel{Lo..Hi}={0..0}
srv2:31:31 [0] NCCL INFO AllReduce: 192 Bytes -> Algo TREE proto LL channel{Lo..Hi}={0..0}
srv2:31:31 [0] NCCL INFO AllReduce: 192 Bytes -> Algo TREE proto LL channel{Lo..Hi}={0..0}
srv2:31:31 [0] NCCL INFO AllReduce: 192 Bytes -> Algo TREE proto LL channel{Lo..Hi}={0..0}
srv2:31:31 [0] NCCL INFO AllReduce: 192 Bytes -> Algo TREE proto LL channel{Lo..Hi}={0..0}
srv2:31:31 [0] NCCL INFO AllReduce: 192 Bytes -> Algo TREE proto LL channel{Lo..Hi}={0..0}
srv2:31:31 [0] NCCL INFO AllReduce: 192 Bytes -> Algo TREE proto LL channel{Lo..Hi}={0..0}
srv2:31:31 [0] NCCL INFO AllReduce: 192 Bytes -> Algo TREE proto LL channel{Lo..Hi}={0..0}
srv2:31:31 [0] NCCL INFO AllReduce: 192 Bytes -> Algo TREE proto LL channel{Lo..Hi}={0..0}
srv2:31:31 [0] NCCL INFO AllReduce: 192 Bytes -> Algo TREE proto LL channel{Lo..Hi}={0..0}
srv2:31:31 [0] NCCL INFO AllReduce: 192 Bytes -> Algo TREE proto LL channel{Lo..Hi}={0..0}
srv2:31:31 [0] NCCL INFO AllReduce: 192 Bytes -> Algo TREE proto LL channel{Lo..Hi}={0..0}
srv2:31:31 [0] NCCL INFO AllReduce: 192 Bytes -> Algo TREE proto LL channel{Lo..Hi}={0..0}
srv2:31:31 [0] NCCL INFO AllReduce: 192 Bytes -> Algo TREE proto LL channel{Lo..Hi}={0..0}
srv2:31:31 [0] NCCL INFO AllReduce: 192 Bytes -> Algo TREE proto LL channel{Lo..Hi}={0..0}
srv2:31:31 [0] NCCL INFO AllReduce: 192 Bytes -> Algo TREE proto LL channel{Lo..Hi}={0..0}
srv2:31:31 [0] NCCL INFO AllReduce: 192 Bytes -> Algo TREE proto LL channel{Lo..Hi}={0..0}
srv2:31:31 [0] NCCL INFO AllReduce: 192 Bytes -> Algo TREE proto LL channel{Lo..Hi}={0..0}
srv2:31:31 [0] NCCL INFO AllReduce: 192 Bytes -> Algo TREE proto LL channel{Lo..Hi}={0..0}
srv2:31:31 [0] NCCL INFO AllReduce: 192 Bytes -> Algo TREE proto LL channel{Lo..Hi}={0..0}
srv2:31:31 [0] NCCL INFO AllReduce: 192 Bytes -> Algo TREE proto LL channel{Lo..Hi}={0..0}
srv2:31:31 [0] NCCL INFO AllReduce: 192 Bytes -> Algo TREE proto LL channel{Lo..Hi}={0..0}
srv2:31:31 [0] NCCL INFO AllReduce: 192 Bytes -> Algo TREE proto LL channel{Lo..Hi}={0..0}
srv2:31:31 [0] NCCL INFO AllReduce: 192 Bytes -> Algo TREE proto LL channel{Lo..Hi}={0..0}
srv2:31:31 [0] NCCL INFO AllReduce: 192 Bytes -> Algo TREE proto LL channel{Lo..Hi}={0..0}
srv2:31:31 [0] NCCL INFO AllReduce: 192 Bytes -> Algo TREE proto LL channel{Lo..Hi}={0..0}
srv2:31:31 [0] NCCL INFO AllReduce: 192 Bytes -> Algo TREE proto LL channel{Lo..Hi}={0..0}
srv2:31:31 [0] NCCL INFO AllReduce: 192 Bytes -> Algo TREE proto LL channel{Lo..Hi}={0..0}
srv2:31:31 [0] NCCL INFO AllReduce: 192 Bytes -> Algo TREE proto LL channel{Lo..Hi}={0..0}
srv2:31:31 [0] NCCL INFO AllReduce: 192 Bytes -> Algo TREE proto LL channel{Lo..Hi}={0..0}
srv2:31:31 [0] NCCL INFO AllReduce: 192 Bytes -> Algo TREE proto LL channel{Lo..Hi}={0..0}
srv2:31:31 [0] NCCL INFO AllReduce: 192 Bytes -> Algo TREE proto LL channel{Lo..Hi}={0..0}
srv2:31:31 [0] NCCL INFO AllReduce: 192 Bytes -> Algo TREE proto LL channel{Lo..Hi}={0..0}
srv2:31:31 [0] NCCL INFO AllReduce: 192 Bytes -> Algo TREE proto LL channel{Lo..Hi}={0..0}
srv2:31:31 [0] NCCL INFO AllReduce: 192 Bytes -> Algo TREE proto LL channel{Lo..Hi}={0..0}
srv2:31:31 [0] NCCL INFO AllReduce: 192 Bytes -> Algo TREE proto LL channel{Lo..Hi}={0..0}
srv2:31:31 [0] NCCL INFO AllReduce: 192 Bytes -> Algo TREE proto LL channel{Lo..Hi}={0..0}
srv2:31:31 [0] NCCL INFO AllReduce: 192 Bytes -> Algo TREE proto LL channel{Lo..Hi}={0..0}
srv2:31:31 [0] NCCL INFO AllReduce: 192 Bytes -> Algo TREE proto LL channel{Lo..Hi}={0..0}
srv2:31:31 [0] NCCL INFO AllReduce: 192 Bytes -> Algo TREE proto LL channel{Lo..Hi}={0..0}
srv2:31:31 [0] NCCL INFO AllReduce: 192 Bytes -> Algo TREE proto LL channel{Lo..Hi}={0..0}
srv2:31:31 [0] NCCL INFO AllReduce: 192 Bytes -> Algo TREE proto LL channel{Lo..Hi}={0..0}
srv2:31:31 [0] NCCL INFO AllReduce: 192 Bytes -> Algo TREE proto LL channel{Lo..Hi}={0..0}
srv2:31:31 [0] NCCL INFO AllReduce: 192 Bytes -> Algo TREE proto LL channel{Lo..Hi}={0..0}
srv2:31:31 [0] NCCL INFO AllReduce: 192 Bytes -> Algo TREE proto LL channel{Lo..Hi}={0..0}
srv2:31:31 [0] NCCL INFO AllReduce: 192 Bytes -> Algo TREE proto LL channel{Lo..Hi}={0..0}
srv2:31:31 [0] NCCL INFO AllReduce: 192 Bytes -> Algo TREE proto LL channel{Lo..Hi}={0..0}
srv2:31:31 [0] NCCL INFO AllReduce: 192 Bytes -> Algo TREE proto LL channel{Lo..Hi}={0..0}
srv2:31:31 [0] NCCL INFO AllReduce: 192 Bytes -> Algo TREE proto LL channel{Lo..Hi}={0..0}
srv2:31:31 [0] NCCL INFO AllReduce: 192 Bytes -> Algo TREE proto LL channel{Lo..Hi}={0..0}
srv2:31:31 [0] NCCL INFO AllReduce: 192 Bytes -> Algo TREE proto LL channel{Lo..Hi}={0..0}
srv2:31:31 [0] NCCL INFO AllReduce: 192 Bytes -> Algo TREE proto LL channel{Lo..Hi}={0..0}
srv2:31:31 [0] NCCL INFO AllReduce: 192 Bytes -> Algo TREE proto LL channel{Lo..Hi}={0..0}
srv2:31:31 [0] NCCL INFO AllReduce: 192 Bytes -> Algo TREE proto LL channel{Lo..Hi}={0..0}
srv2:31:31 [0] NCCL INFO AllReduce: 192 Bytes -> Algo TREE proto LL channel{Lo..Hi}={0..0}
srv2:31:31 [0] NCCL INFO AllReduce: 192 Bytes -> Algo TREE proto LL channel{Lo..Hi}={0..0}
srv2:31:31 [0] NCCL INFO AllReduce: 192 Bytes -> Algo TREE proto LL channel{Lo..Hi}={0..0}
srv2:31:31 [0] NCCL INFO AllReduce: 192 Bytes -> Algo TREE proto LL channel{Lo..Hi}={0..0}
srv2:31:31 [0] NCCL INFO AllReduce: 192 Bytes -> Algo TREE proto LL channel{Lo..Hi}={0..0}
srv2:31:31 [0] NCCL INFO AllReduce: 192 Bytes -> Algo TREE proto LL channel{Lo..Hi}={0..0}
srv2:31:31 [0] NCCL INFO AllReduce: 192 Bytes -> Algo TREE proto LL channel{Lo..Hi}={0..0}
srv2:31:31 [0] NCCL INFO AllReduce: 192 Bytes -> Algo TREE proto LL channel{Lo..Hi}={0..0}
srv2:31:31 [0] NCCL INFO AllReduce: 192 Bytes -> Algo TREE proto LL channel{Lo..Hi}={0..0}
srv2:31:31 [0] NCCL INFO AllReduce: 192 Bytes -> Algo TREE proto LL channel{Lo..Hi}={0..0}
srv2:31:31 [0] NCCL INFO AllReduce: 192 Bytes -> Algo TREE proto LL channel{Lo..Hi}={0..0}
srv2:31:31 [0] NCCL INFO AllReduce: 192 Bytes -> Algo TREE proto LL channel{Lo..Hi}={0..0}
srv2:31:31 [0] NCCL INFO AllReduce: 192 Bytes -> Algo TREE proto LL channel{Lo..Hi}={0..0}
srv2:31:31 [0] NCCL INFO AllReduce: 192 Bytes -> Algo TREE proto LL channel{Lo..Hi}={0..0}
srv2:31:31 [0] NCCL INFO AllReduce: 192 Bytes -> Algo TREE proto LL channel{Lo..Hi}={0..0}
srv2:31:31 [0] NCCL INFO AllReduce: 192 Bytes -> Algo TREE proto LL channel{Lo..Hi}={0..0}
srv2:31:31 [0] NCCL INFO AllReduce: 192 Bytes -> Algo TREE proto LL channel{Lo..Hi}={0..0}
srv2:31:31 [0] NCCL INFO AllReduce: 192 Bytes -> Algo TREE proto LL channel{Lo..Hi}={0..0}
srv2:31:31 [0] NCCL INFO AllReduce: 192 Bytes -> Algo TREE proto LL channel{Lo..Hi}={0..0}
srv2:31:31 [0] NCCL INFO AllReduce: 192 Bytes -> Algo TREE proto LL channel{Lo..Hi}={0..0}
srv2:31:31 [0] NCCL INFO AllReduce: 192 Bytes -> Algo TREE proto LL channel{Lo..Hi}={0..0}
srv2:31:31 [0] NCCL INFO AllReduce: 192 Bytes -> Algo TREE proto LL channel{Lo..Hi}={0..0}
srv2:31:31 [0] NCCL INFO AllReduce: 192 Bytes -> Algo TREE proto LL channel{Lo..Hi}={0..0}
srv2:31:31 [0] NCCL INFO AllReduce: 192 Bytes -> Algo TREE proto LL channel{Lo..Hi}={0..0}
srv2:31:31 [0] NCCL INFO AllReduce: 192 Bytes -> Algo TREE proto LL channel{Lo..Hi}={0..0}
srv2:31:31 [0] NCCL INFO AllReduce: 192 Bytes -> Algo TREE proto LL channel{Lo..Hi}={0..0}
srv2:31:31 [0] NCCL INFO AllReduce: 192 Bytes -> Algo TREE proto LL channel{Lo..Hi}={0..0}
srv2:31:31 [0] NCCL INFO AllReduce: 192 Bytes -> Algo TREE proto LL channel{Lo..Hi}={0..0}
srv2:31:31 [0] NCCL INFO AllReduce: 192 Bytes -> Algo TREE proto LL channel{Lo..Hi}={0..0}
srv2:31:31 [0] NCCL INFO AllReduce: 192 Bytes -> Algo TREE proto LL channel{Lo..Hi}={0..0}
srv2:31:31 [0] NCCL INFO AllReduce: 192 Bytes -> Algo TREE proto LL channel{Lo..Hi}={0..0}
srv2:31:31 [0] NCCL INFO AllReduce: 192 Bytes -> Algo TREE proto LL channel{Lo..Hi}={0..0}
srv2:31:31 [0] NCCL INFO AllReduce: 4 Bytes -> Algo TREE proto LL channel{Lo..Hi}={0..0}
srv2:31:31 [0] NCCL INFO AllReduce: 4 Bytes -> Algo TREE proto LL channel{Lo..Hi}={0..0}
srv2:31:31 [0] NCCL INFO AllReduce: 4 Bytes -> Algo TREE proto LL channel{Lo..Hi}={0..0}
max 192 61.16200052201748
srv2:31:31 [0] NCCL INFO AllReduce: 8192 Bytes -> Algo RING proto LL channel{Lo..Hi}={0..0}
srv2:31:31 [0] NCCL INFO AllReduce: 8192 Bytes -> Algo RING proto LL channel{Lo..Hi}={0..0}
srv2:31:31 [0] NCCL INFO AllReduce: 8192 Bytes -> Algo RING proto LL channel{Lo..Hi}={0..0}
srv2:31:31 [0] NCCL INFO AllReduce: 8192 Bytes -> Algo RING proto LL channel{Lo..Hi}={0..0}
srv2:31:31 [0] NCCL INFO AllReduce: 8192 Bytes -> Algo RING proto LL channel{Lo..Hi}={0..0}
srv2:31:31 [0] NCCL INFO AllReduce: 8192 Bytes -> Algo RING proto LL channel{Lo..Hi}={0..0}
srv2:31:31 [0] NCCL INFO AllReduce: 8192 Bytes -> Algo RING proto LL channel{Lo..Hi}={0..0}
srv2:31:31 [0] NCCL INFO AllReduce: 8192 Bytes -> Algo RING proto LL channel{Lo..Hi}={0..0}
srv2:31:31 [0] NCCL INFO AllReduce: 8192 Bytes -> Algo RING proto LL channel{Lo..Hi}={0..0}
srv2:31:31 [0] NCCL INFO AllReduce: 8192 Bytes -> Algo RING proto LL channel{Lo..Hi}={0..0}
srv2:31:31 [0] NCCL INFO AllReduce: 8192 Bytes -> Algo RING proto LL channel{Lo..Hi}={0..0}
srv2:31:31 [0] NCCL INFO AllReduce: 8192 Bytes -> Algo RING proto LL channel{Lo..Hi}={0..0}
srv2:31:31 [0] NCCL INFO AllReduce: 8192 Bytes -> Algo RING proto LL channel{Lo..Hi}={0..0}
srv2:31:31 [0] NCCL INFO AllReduce: 8192 Bytes -> Algo RING proto LL channel{Lo..Hi}={0..0}
srv2:31:31 [0] NCCL INFO AllReduce: 8192 Bytes -> Algo RING proto LL channel{Lo..Hi}={0..0}
srv2:31:31 [0] NCCL INFO AllReduce: 8192 Bytes -> Algo RING proto LL channel{Lo..Hi}={0..0}
srv2:31:31 [0] NCCL INFO AllReduce: 8192 Bytes -> Algo RING proto LL channel{Lo..Hi}={0..0}
srv2:31:31 [0] NCCL INFO AllReduce: 8192 Bytes -> Algo RING proto LL channel{Lo..Hi}={0..0}
srv2:31:31 [0] NCCL INFO AllReduce: 8192 Bytes -> Algo RING proto LL channel{Lo..Hi}={0..0}
srv2:31:31 [0] NCCL INFO AllReduce: 8192 Bytes -> Algo RING proto LL channel{Lo..Hi}={0..0}
srv2:31:31 [0] NCCL INFO AllReduce: 8192 Bytes -> Algo RING proto LL channel{Lo..Hi}={0..0}
srv2:31:31 [0] NCCL INFO AllReduce: 8192 Bytes -> Algo RING proto LL channel{Lo..Hi}={0..0}
srv2:31:31 [0] NCCL INFO AllReduce: 8192 Bytes -> Algo RING proto LL channel{Lo..Hi}={0..0}
srv2:31:31 [0] NCCL INFO AllReduce: 8192 Bytes -> Algo RING proto LL channel{Lo..Hi}={0..0}
srv2:31:31 [0] NCCL INFO AllReduce: 8192 Bytes -> Algo RING proto LL channel{Lo..Hi}={0..0}
srv2:31:31 [0] NCCL INFO AllReduce: 8192 Bytes -> Algo RING proto LL channel{Lo..Hi}={0..0}
srv2:31:31 [0] NCCL INFO AllReduce: 8192 Bytes -> Algo RING proto LL channel{Lo..Hi}={0..0}
srv2:31:31 [0] NCCL INFO AllReduce: 8192 Bytes -> Algo RING proto LL channel{Lo..Hi}={0..0}
srv2:31:31 [0] NCCL INFO AllReduce: 8192 Bytes -> Algo RING proto LL channel{Lo..Hi}={0..0}
srv2:31:31 [0] NCCL INFO AllReduce: 8192 Bytes -> Algo RING proto LL channel{Lo..Hi}={0..0}
srv2:31:31 [0] NCCL INFO AllReduce: 8192 Bytes -> Algo RING proto LL channel{Lo..Hi}={0..0}
srv2:31:31 [0] NCCL INFO AllReduce: 8192 Bytes -> Algo RING proto LL channel{Lo..Hi}={0..0}
srv2:31:31 [0] NCCL INFO AllReduce: 8192 Bytes -> Algo RING proto LL channel{Lo..Hi}={0..0}
srv2:31:31 [0] NCCL INFO AllReduce: 8192 Bytes -> Algo RING proto LL channel{Lo..Hi}={0..0}
srv2:31:31 [0] NCCL INFO AllReduce: 8192 Bytes -> Algo RING proto LL channel{Lo..Hi}={0..0}
srv2:31:31 [0] NCCL INFO AllReduce: 8192 Bytes -> Algo RING proto LL channel{Lo..Hi}={0..0}
srv2:31:31 [0] NCCL INFO AllReduce: 8192 Bytes -> Algo RING proto LL channel{Lo..Hi}={0..0}
srv2:31:31 [0] NCCL INFO AllReduce: 8192 Bytes -> Algo RING proto LL channel{Lo..Hi}={0..0}
srv2:31:31 [0] NCCL INFO AllReduce: 8192 Bytes -> Algo RING proto LL channel{Lo..Hi}={0..0}
srv2:31:31 [0] NCCL INFO AllReduce: 8192 Bytes -> Algo RING proto LL channel{Lo..Hi}={0..0}
srv2:31:31 [0] NCCL INFO AllReduce: 8192 Bytes -> Algo RING proto LL channel{Lo..Hi}={0..0}
srv2:31:31 [0] NCCL INFO AllReduce: 8192 Bytes -> Algo RING proto LL channel{Lo..Hi}={0..0}
srv2:31:31 [0] NCCL INFO AllReduce: 8192 Bytes -> Algo RING proto LL channel{Lo..Hi}={0..0}
srv2:31:31 [0] NCCL INFO AllReduce: 8192 Bytes -> Algo RING proto LL channel{Lo..Hi}={0..0}
srv2:31:31 [0] NCCL INFO AllReduce: 8192 Bytes -> Algo RING proto LL channel{Lo..Hi}={0..0}
srv2:31:31 [0] NCCL INFO AllReduce: 8192 Bytes -> Algo RING proto LL channel{Lo..Hi}={0..0}
srv2:31:31 [0] NCCL INFO AllReduce: 8192 Bytes -> Algo RING proto LL channel{Lo..Hi}={0..0}
srv2:31:31 [0] NCCL INFO AllReduce: 8192 Bytes -> Algo RING proto LL channel{Lo..Hi}={0..0}
srv2:31:31 [0] NCCL INFO AllReduce: 8192 Bytes -> Algo RING proto LL channel{Lo..Hi}={0..0}
srv2:31:31 [0] NCCL INFO AllReduce: 8192 Bytes -> Algo RING proto LL channel{Lo..Hi}={0..0}
srv2:31:31 [0] NCCL INFO AllReduce: 8192 Bytes -> Algo RING proto LL channel{Lo..Hi}={0..0}
srv2:31:31 [0] NCCL INFO AllReduce: 8192 Bytes -> Algo RING proto LL channel{Lo..Hi}={0..0}
srv2:31:31 [0] NCCL INFO AllReduce: 8192 Bytes -> Algo RING proto LL channel{Lo..Hi}={0..0}
srv2:31:31 [0] NCCL INFO AllReduce: 8192 Bytes -> Algo RING proto LL channel{Lo..Hi}={0..0}
srv2:31:31 [0] NCCL INFO AllReduce: 8192 Bytes -> Algo RING proto LL channel{Lo..Hi}={0..0}
srv2:31:31 [0] NCCL INFO AllReduce: 8192 Bytes -> Algo RING proto LL channel{Lo..Hi}={0..0}
srv2:31:31 [0] NCCL INFO AllReduce: 8192 Bytes -> Algo RING proto LL channel{Lo..Hi}={0..0}
srv2:31:31 [0] NCCL INFO AllReduce: 8192 Bytes -> Algo RING proto LL channel{Lo..Hi}={0..0}
srv2:31:31 [0] NCCL INFO AllReduce: 8192 Bytes -> Algo RING proto LL channel{Lo..Hi}={0..0}
srv2:31:31 [0] NCCL INFO AllReduce: 8192 Bytes -> Algo RING proto LL channel{Lo..Hi}={0..0}
srv2:31:31 [0] NCCL INFO AllReduce: 8192 Bytes -> Algo RING proto LL channel{Lo..Hi}={0..0}
srv2:31:31 [0] NCCL INFO AllReduce: 8192 Bytes -> Algo RING proto LL channel{Lo..Hi}={0..0}
srv2:31:31 [0] NCCL INFO AllReduce: 8192 Bytes -> Algo RING proto LL channel{Lo..Hi}={0..0}
srv2:31:31 [0] NCCL INFO AllReduce: 8192 Bytes -> Algo RING proto LL channel{Lo..Hi}={0..0}
srv2:31:31 [0] NCCL INFO AllReduce: 8192 Bytes -> Algo RING proto LL channel{Lo..Hi}={0..0}
srv2:31:31 [0] NCCL INFO AllReduce: 8192 Bytes -> Algo RING proto LL channel{Lo..Hi}={0..0}
srv2:31:31 [0] NCCL INFO AllReduce: 8192 Bytes -> Algo RING proto LL channel{Lo..Hi}={0..0}
srv2:31:31 [0] NCCL INFO AllReduce: 8192 Bytes -> Algo RING proto LL channel{Lo..Hi}={0..0}
srv2:31:31 [0] NCCL INFO AllReduce: 8192 Bytes -> Algo RING proto LL channel{Lo..Hi}={0..0}
srv2:31:31 [0] NCCL INFO AllReduce: 8192 Bytes -> Algo RING proto LL channel{Lo..Hi}={0..0}
srv2:31:31 [0] NCCL INFO AllReduce: 8192 Bytes -> Algo RING proto LL channel{Lo..Hi}={0..0}
srv2:31:31 [0] NCCL INFO AllReduce: 8192 Bytes -> Algo RING proto LL channel{Lo..Hi}={0..0}
srv2:31:31 [0] NCCL INFO AllReduce: 8192 Bytes -> Algo RING proto LL channel{Lo..Hi}={0..0}
srv2:31:31 [0] NCCL INFO AllReduce: 8192 Bytes -> Algo RING proto LL channel{Lo..Hi}={0..0}
srv2:31:31 [0] NCCL INFO AllReduce: 8192 Bytes -> Algo RING proto LL channel{Lo..Hi}={0..0}
srv2:31:31 [0] NCCL INFO AllReduce: 8192 Bytes -> Algo RING proto LL channel{Lo..Hi}={0..0}
srv2:31:31 [0] NCCL INFO AllReduce: 8192 Bytes -> Algo RING proto LL channel{Lo..Hi}={0..0}
srv2:31:31 [0] NCCL INFO AllReduce: 8192 Bytes -> Algo RING proto LL channel{Lo..Hi}={0..0}
srv2:31:31 [0] NCCL INFO AllReduce: 8192 Bytes -> Algo RING proto LL channel{Lo..Hi}={0..0}
srv2:31:31 [0] NCCL INFO AllReduce: 8192 Bytes -> Algo RING proto LL channel{Lo..Hi}={0..0}
srv2:31:31 [0] NCCL INFO AllReduce: 8192 Bytes -> Algo RING proto LL channel{Lo..Hi}={0..0}
srv2:31:31 [0] NCCL INFO AllReduce: 8192 Bytes -> Algo RING proto LL channel{Lo..Hi}={0..0}
srv2:31:31 [0] NCCL INFO AllReduce: 8192 Bytes -> Algo RING proto LL channel{Lo..Hi}={0..0}
srv2:31:31 [0] NCCL INFO AllReduce: 8192 Bytes -> Algo RING proto LL channel{Lo..Hi}={0..0}
srv2:31:31 [0] NCCL INFO AllReduce: 8192 Bytes -> Algo RING proto LL channel{Lo..Hi}={0..0}
srv2:31:31 [0] NCCL INFO AllReduce: 8192 Bytes -> Algo RING proto LL channel{Lo..Hi}={0..0}
srv2:31:31 [0] NCCL INFO AllReduce: 8192 Bytes -> Algo RING proto LL channel{Lo..Hi}={0..0}
srv2:31:31 [0] NCCL INFO AllReduce: 8192 Bytes -> Algo RING proto LL channel{Lo..Hi}={0..0}
srv2:31:31 [0] NCCL INFO AllReduce: 8192 Bytes -> Algo RING proto LL channel{Lo..Hi}={0..0}
srv2:31:31 [0] NCCL INFO AllReduce: 8192 Bytes -> Algo RING proto LL channel{Lo..Hi}={0..0}
srv2:31:31 [0] NCCL INFO AllReduce: 8192 Bytes -> Algo RING proto LL channel{Lo..Hi}={0..0}
srv2:31:31 [0] NCCL INFO AllReduce: 8192 Bytes -> Algo RING proto LL channel{Lo..Hi}={0..0}
srv2:31:31 [0] NCCL INFO AllReduce: 8192 Bytes -> Algo RING proto LL channel{Lo..Hi}={0..0}
srv2:31:31 [0] NCCL INFO AllReduce: 8192 Bytes -> Algo RING proto LL channel{Lo..Hi}={0..0}
srv2:31:31 [0] NCCL INFO AllReduce: 8192 Bytes -> Algo RING proto LL channel{Lo..Hi}={0..0}
srv2:31:31 [0] NCCL INFO AllReduce: 8192 Bytes -> Algo RING proto LL channel{Lo..Hi}={0..0}
srv2:31:31 [0] NCCL INFO AllReduce: 8192 Bytes -> Algo RING proto LL channel{Lo..Hi}={0..0}
srv2:31:31 [0] NCCL INFO AllReduce: 8192 Bytes -> Algo RING proto LL channel{Lo..Hi}={0..0}
srv2:31:31 [0] NCCL INFO AllReduce: 8192 Bytes -> Algo RING proto LL channel{Lo..Hi}={0..0}
srv2:31:31 [0] NCCL INFO AllReduce: 8192 Bytes -> Algo RING proto LL channel{Lo..Hi}={0..0}
srv2:31:31 [0] NCCL INFO AllReduce: 8192 Bytes -> Algo RING proto LL channel{Lo..Hi}={0..0}
srv2:31:31 [0] NCCL INFO AllReduce: 8192 Bytes -> Algo RING proto LL channel{Lo..Hi}={0..0}
srv2:31:31 [0] NCCL INFO AllReduce: 8192 Bytes -> Algo RING proto LL channel{Lo..Hi}={0..0}
srv2:31:31 [0] NCCL INFO AllReduce: 8192 Bytes -> Algo RING proto LL channel{Lo..Hi}={0..0}
srv2:31:31 [0] NCCL INFO AllReduce: 8192 Bytes -> Algo RING proto LL channel{Lo..Hi}={0..0}
srv2:31:31 [0] NCCL INFO AllReduce: 8192 Bytes -> Algo RING proto LL channel{Lo..Hi}={0..0}
srv2:31:31 [0] NCCL INFO AllReduce: 8192 Bytes -> Algo RING proto LL channel{Lo..Hi}={0..0}
srv2:31:31 [0] NCCL INFO AllReduce: 8192 Bytes -> Algo RING proto LL channel{Lo..Hi}={0..0}
srv2:31:31 [0] NCCL INFO AllReduce: 8192 Bytes -> Algo RING proto LL channel{Lo..Hi}={0..0}
srv2:31:31 [0] NCCL INFO AllReduce: 8192 Bytes -> Algo RING proto LL channel{Lo..Hi}={0..0}
srv2:31:31 [0] NCCL INFO AllReduce: 8192 Bytes -> Algo RING proto LL channel{Lo..Hi}={0..0}
srv2:31:31 [0] NCCL INFO AllReduce: 8192 Bytes -> Algo RING proto LL channel{Lo..Hi}={0..0}
srv2:31:31 [0] NCCL INFO AllReduce: 8192 Bytes -> Algo RING proto LL channel{Lo..Hi}={0..0}
srv2:31:31 [0] NCCL INFO AllReduce: 8192 Bytes -> Algo RING proto LL channel{Lo..Hi}={0..0}
srv2:31:31 [0] NCCL INFO AllReduce: 8192 Bytes -> Algo RING proto LL channel{Lo..Hi}={0..0}
srv2:31:31 [0] NCCL INFO AllReduce: 8192 Bytes -> Algo RING proto LL channel{Lo..Hi}={0..0}
srv2:31:31 [0] NCCL INFO AllReduce: 8192 Bytes -> Algo RING proto LL channel{Lo..Hi}={0..0}
srv2:31:31 [0] NCCL INFO AllReduce: 8192 Bytes -> Algo RING proto LL channel{Lo..Hi}={0..0}
srv2:31:31 [0] NCCL INFO AllReduce: 8192 Bytes -> Algo RING proto LL channel{Lo..Hi}={0..0}
srv2:31:31 [0] NCCL INFO AllReduce: 8192 Bytes -> Algo RING proto LL channel{Lo..Hi}={0..0}
srv2:31:31 [0] NCCL INFO AllReduce: 8192 Bytes -> Algo RING proto LL channel{Lo..Hi}={0..0}
srv2:31:31 [0] NCCL INFO AllReduce: 8192 Bytes -> Algo RING proto LL channel{Lo..Hi}={0..0}
srv2:31:31 [0] NCCL INFO AllReduce: 8192 Bytes -> Algo RING proto LL channel{Lo..Hi}={0..0}
srv2:31:31 [0] NCCL INFO AllReduce: 8192 Bytes -> Algo RING proto LL channel{Lo..Hi}={0..0}
srv2:31:31 [0] NCCL INFO AllReduce: 8192 Bytes -> Algo RING proto LL channel{Lo..Hi}={0..0}
srv2:31:31 [0] NCCL INFO AllReduce: 8192 Bytes -> Algo RING proto LL channel{Lo..Hi}={0..0}
srv2:31:31 [0] NCCL INFO AllReduce: 8192 Bytes -> Algo RING proto LL channel{Lo..Hi}={0..0}
srv2:31:31 [0] NCCL INFO AllReduce: 8192 Bytes -> Algo RING proto LL channel{Lo..Hi}={0..0}
srv2:31:31 [0] NCCL INFO AllReduce: 8192 Bytes -> Algo RING proto LL channel{Lo..Hi}={0..0}
srv2:31:31 [0] NCCL INFO AllReduce: 4 Bytes -> Algo TREE proto LL channel{Lo..Hi}={0..0}
srv2:31:31 [0] NCCL INFO AllReduce: 4 Bytes -> Algo TREE proto LL channel{Lo..Hi}={0..0}
srv2:31:31 [0] NCCL INFO AllReduce: 4 Bytes -> Algo TREE proto LL channel{Lo..Hi}={0..0}
sum 8192 73.3104981482029
srv2:31:31 [0] NCCL INFO AllReduce: 49152 Bytes -> Algo RING proto LL channel{Lo..Hi}={0..2}
srv2:31:31 [0] NCCL INFO AllReduce: 49152 Bytes -> Algo RING proto LL channel{Lo..Hi}={0..2}
srv2:31:31 [0] NCCL INFO AllReduce: 49152 Bytes -> Algo RING proto LL channel{Lo..Hi}={0..2}
srv2:31:31 [0] NCCL INFO AllReduce: 49152 Bytes -> Algo RING proto LL channel{Lo..Hi}={0..2}
srv2:31:31 [0] NCCL INFO AllReduce: 49152 Bytes -> Algo RING proto LL channel{Lo..Hi}={0..2}
srv2:31:31 [0] NCCL INFO AllReduce: 49152 Bytes -> Algo RING proto LL channel{Lo..Hi}={0..2}
srv2:31:31 [0] NCCL INFO AllReduce: 49152 Bytes -> Algo RING proto LL channel{Lo..Hi}={0..2}
srv2:31:31 [0] NCCL INFO AllReduce: 49152 Bytes -> Algo RING proto LL channel{Lo..Hi}={0..2}
srv2:31:31 [0] NCCL INFO AllReduce: 49152 Bytes -> Algo RING proto LL channel{Lo..Hi}={0..2}
srv2:31:31 [0] NCCL INFO AllReduce: 49152 Bytes -> Algo RING proto LL channel{Lo..Hi}={0..2}
srv2:31:31 [0] NCCL INFO AllReduce: 49152 Bytes -> Algo RING proto LL channel{Lo..Hi}={0..2}
srv2:31:31 [0] NCCL INFO AllReduce: 49152 Bytes -> Algo RING proto LL channel{Lo..Hi}={0..2}
srv2:31:31 [0] NCCL INFO AllReduce: 49152 Bytes -> Algo RING proto LL channel{Lo..Hi}={0..2}
srv2:31:31 [0] NCCL INFO AllReduce: 49152 Bytes -> Algo RING proto LL channel{Lo..Hi}={0..2}
srv2:31:31 [0] NCCL INFO AllReduce: 49152 Bytes -> Algo RING proto LL channel{Lo..Hi}={0..2}
srv2:31:31 [0] NCCL INFO AllReduce: 49152 Bytes -> Algo RING proto LL channel{Lo..Hi}={0..2}
srv2:31:31 [0] NCCL INFO AllReduce: 49152 Bytes -> Algo RING proto LL channel{Lo..Hi}={0..2}
srv2:31:31 [0] NCCL INFO AllReduce: 49152 Bytes -> Algo RING proto LL channel{Lo..Hi}={0..2}
srv2:31:31 [0] NCCL INFO AllReduce: 49152 Bytes -> Algo RING proto LL channel{Lo..Hi}={0..2}
srv2:31:31 [0] NCCL INFO AllReduce: 49152 Bytes -> Algo RING proto LL channel{Lo..Hi}={0..2}
srv2:31:31 [0] NCCL INFO AllReduce: 49152 Bytes -> Algo RING proto LL channel{Lo..Hi}={0..2}
srv2:31:31 [0] NCCL INFO AllReduce: 49152 Bytes -> Algo RING proto LL channel{Lo..Hi}={0..2}
srv2:31:31 [0] NCCL INFO AllReduce: 49152 Bytes -> Algo RING proto LL channel{Lo..Hi}={0..2}
srv2:31:31 [0] NCCL INFO AllReduce: 49152 Bytes -> Algo RING proto LL channel{Lo..Hi}={0..2}
srv2:31:31 [0] NCCL INFO AllReduce: 49152 Bytes -> Algo RING proto LL channel{Lo..Hi}={0..2}
srv2:31:31 [0] NCCL INFO AllReduce: 49152 Bytes -> Algo RING proto LL channel{Lo..Hi}={0..2}
srv2:31:31 [0] NCCL INFO AllReduce: 49152 Bytes -> Algo RING proto LL channel{Lo..Hi}={0..2}
srv2:31:31 [0] NCCL INFO AllReduce: 49152 Bytes -> Algo RING proto LL channel{Lo..Hi}={0..2}
srv2:31:31 [0] NCCL INFO AllReduce: 49152 Bytes -> Algo RING proto LL channel{Lo..Hi}={0..2}
srv2:31:31 [0] NCCL INFO AllReduce: 49152 Bytes -> Algo RING proto LL channel{Lo..Hi}={0..2}
srv2:31:31 [0] NCCL INFO AllReduce: 49152 Bytes -> Algo RING proto LL channel{Lo..Hi}={0..2}
srv2:31:31 [0] NCCL INFO AllReduce: 49152 Bytes -> Algo RING proto LL channel{Lo..Hi}={0..2}
srv2:31:31 [0] NCCL INFO AllReduce: 49152 Bytes -> Algo RING proto LL channel{Lo..Hi}={0..2}
srv2:31:31 [0] NCCL INFO AllReduce: 49152 Bytes -> Algo RING proto LL channel{Lo..Hi}={0..2}
srv2:31:31 [0] NCCL INFO AllReduce: 49152 Bytes -> Algo RING proto LL channel{Lo..Hi}={0..2}
srv2:31:31 [0] NCCL INFO AllReduce: 49152 Bytes -> Algo RING proto LL channel{Lo..Hi}={0..2}
srv2:31:31 [0] NCCL INFO AllReduce: 49152 Bytes -> Algo RING proto LL channel{Lo..Hi}={0..2}
srv2:31:31 [0] NCCL INFO AllReduce: 49152 Bytes -> Algo RING proto LL channel{Lo..Hi}={0..2}
srv2:31:31 [0] NCCL INFO AllReduce: 49152 Bytes -> Algo RING proto LL channel{Lo..Hi}={0..2}
srv2:31:31 [0] NCCL INFO AllReduce: 49152 Bytes -> Algo RING proto LL channel{Lo..Hi}={0..2}
srv2:31:31 [0] NCCL INFO AllReduce: 49152 Bytes -> Algo RING proto LL channel{Lo..Hi}={0..2}
srv2:31:31 [0] NCCL INFO AllReduce: 49152 Bytes -> Algo RING proto LL channel{Lo..Hi}={0..2}
srv2:31:31 [0] NCCL INFO AllReduce: 49152 Bytes -> Algo RING proto LL channel{Lo..Hi}={0..2}
srv2:31:31 [0] NCCL INFO AllReduce: 49152 Bytes -> Algo RING proto LL channel{Lo..Hi}={0..2}
srv2:31:31 [0] NCCL INFO AllReduce: 49152 Bytes -> Algo RING proto LL channel{Lo..Hi}={0..2}
srv2:31:31 [0] NCCL INFO AllReduce: 49152 Bytes -> Algo RING proto LL channel{Lo..Hi}={0..2}
srv2:31:31 [0] NCCL INFO AllReduce: 49152 Bytes -> Algo RING proto LL channel{Lo..Hi}={0..2}
srv2:31:31 [0] NCCL INFO AllReduce: 49152 Bytes -> Algo RING proto LL channel{Lo..Hi}={0..2}
srv2:31:31 [0] NCCL INFO AllReduce: 49152 Bytes -> Algo RING proto LL channel{Lo..Hi}={0..2}
srv2:31:31 [0] NCCL INFO AllReduce: 49152 Bytes -> Algo RING proto LL channel{Lo..Hi}={0..2}
srv2:31:31 [0] NCCL INFO AllReduce: 49152 Bytes -> Algo RING proto LL channel{Lo..Hi}={0..2}
srv2:31:31 [0] NCCL INFO AllReduce: 49152 Bytes -> Algo RING proto LL channel{Lo..Hi}={0..2}
srv2:31:31 [0] NCCL INFO AllReduce: 49152 Bytes -> Algo RING proto LL channel{Lo..Hi}={0..2}
srv2:31:31 [0] NCCL INFO AllReduce: 49152 Bytes -> Algo RING proto LL channel{Lo..Hi}={0..2}
srv2:31:31 [0] NCCL INFO AllReduce: 49152 Bytes -> Algo RING proto LL channel{Lo..Hi}={0..2}
srv2:31:31 [0] NCCL INFO AllReduce: 49152 Bytes -> Algo RING proto LL channel{Lo..Hi}={0..2}
srv2:31:31 [0] NCCL INFO AllReduce: 49152 Bytes -> Algo RING proto LL channel{Lo..Hi}={0..2}
srv2:31:31 [0] NCCL INFO AllReduce: 49152 Bytes -> Algo RING proto LL channel{Lo..Hi}={0..2}
srv2:31:31 [0] NCCL INFO AllReduce: 49152 Bytes -> Algo RING proto LL channel{Lo..Hi}={0..2}
srv2:31:31 [0] NCCL INFO AllReduce: 49152 Bytes -> Algo RING proto LL channel{Lo..Hi}={0..2}
srv2:31:31 [0] NCCL INFO AllReduce: 49152 Bytes -> Algo RING proto LL channel{Lo..Hi}={0..2}
srv2:31:31 [0] NCCL INFO AllReduce: 49152 Bytes -> Algo RING proto LL channel{Lo..Hi}={0..2}
srv2:31:31 [0] NCCL INFO AllReduce: 49152 Bytes -> Algo RING proto LL channel{Lo..Hi}={0..2}
srv2:31:31 [0] NCCL INFO AllReduce: 49152 Bytes -> Algo RING proto LL channel{Lo..Hi}={0..2}
srv2:31:31 [0] NCCL INFO AllReduce: 49152 Bytes -> Algo RING proto LL channel{Lo..Hi}={0..2}
srv2:31:31 [0] NCCL INFO AllReduce: 49152 Bytes -> Algo RING proto LL channel{Lo..Hi}={0..2}
srv2:31:31 [0] NCCL INFO AllReduce: 49152 Bytes -> Algo RING proto LL channel{Lo..Hi}={0..2}
srv2:31:31 [0] NCCL INFO AllReduce: 49152 Bytes -> Algo RING proto LL channel{Lo..Hi}={0..2}
srv2:31:31 [0] NCCL INFO AllReduce: 49152 Bytes -> Algo RING proto LL channel{Lo..Hi}={0..2}
srv2:31:31 [0] NCCL INFO AllReduce: 49152 Bytes -> Algo RING proto LL channel{Lo..Hi}={0..2}
srv2:31:31 [0] NCCL INFO AllReduce: 49152 Bytes -> Algo RING proto LL channel{Lo..Hi}={0..2}
srv2:31:31 [0] NCCL INFO AllReduce: 49152 Bytes -> Algo RING proto LL channel{Lo..Hi}={0..2}
srv2:31:31 [0] NCCL INFO AllReduce: 49152 Bytes -> Algo RING proto LL channel{Lo..Hi}={0..2}
srv2:31:31 [0] NCCL INFO AllReduce: 49152 Bytes -> Algo RING proto LL channel{Lo..Hi}={0..2}
srv2:31:31 [0] NCCL INFO AllReduce: 49152 Bytes -> Algo RING proto LL channel{Lo..Hi}={0..2}
srv2:31:31 [0] NCCL INFO AllReduce: 49152 Bytes -> Algo RING proto LL channel{Lo..Hi}={0..2}
srv2:31:31 [0] NCCL INFO AllReduce: 49152 Bytes -> Algo RING proto LL channel{Lo..Hi}={0..2}
srv2:31:31 [0] NCCL INFO AllReduce: 49152 Bytes -> Algo RING proto LL channel{Lo..Hi}={0..2}
srv2:31:31 [0] NCCL INFO AllReduce: 49152 Bytes -> Algo RING proto LL channel{Lo..Hi}={0..2}
srv2:31:31 [0] NCCL INFO AllReduce: 49152 Bytes -> Algo RING proto LL channel{Lo..Hi}={0..2}
srv2:31:31 [0] NCCL INFO AllReduce: 49152 Bytes -> Algo RING proto LL channel{Lo..Hi}={0..2}
srv2:31:31 [0] NCCL INFO AllReduce: 49152 Bytes -> Algo RING proto LL channel{Lo..Hi}={0..2}
srv2:31:31 [0] NCCL INFO AllReduce: 49152 Bytes -> Algo RING proto LL channel{Lo..Hi}={0..2}
srv2:31:31 [0] NCCL INFO AllReduce: 49152 Bytes -> Algo RING proto LL channel{Lo..Hi}={0..2}
srv2:31:31 [0] NCCL INFO AllReduce: 49152 Bytes -> Algo RING proto LL channel{Lo..Hi}={0..2}
srv2:31:31 [0] NCCL INFO AllReduce: 49152 Bytes -> Algo RING proto LL channel{Lo..Hi}={0..2}
srv2:31:31 [0] NCCL INFO AllReduce: 49152 Bytes -> Algo RING proto LL channel{Lo..Hi}={0..2}
srv2:31:31 [0] NCCL INFO AllReduce: 49152 Bytes -> Algo RING proto LL channel{Lo..Hi}={0..2}
srv2:31:31 [0] NCCL INFO AllReduce: 49152 Bytes -> Algo RING proto LL channel{Lo..Hi}={0..2}
srv2:31:31 [0] NCCL INFO AllReduce: 49152 Bytes -> Algo RING proto LL channel{Lo..Hi}={0..2}
srv2:31:31 [0] NCCL INFO AllReduce: 49152 Bytes -> Algo RING proto LL channel{Lo..Hi}={0..2}
srv2:31:31 [0] NCCL INFO AllReduce: 49152 Bytes -> Algo RING proto LL channel{Lo..Hi}={0..2}
srv2:31:31 [0] NCCL INFO AllReduce: 49152 Bytes -> Algo RING proto LL channel{Lo..Hi}={0..2}
srv2:31:31 [0] NCCL INFO AllReduce: 49152 Bytes -> Algo RING proto LL channel{Lo..Hi}={0..2}
srv2:31:31 [0] NCCL INFO AllReduce: 49152 Bytes -> Algo RING proto LL channel{Lo..Hi}={0..2}
srv2:31:31 [0] NCCL INFO AllReduce: 49152 Bytes -> Algo RING proto LL channel{Lo..Hi}={0..2}
srv2:31:31 [0] NCCL INFO AllReduce: 49152 Bytes -> Algo RING proto LL channel{Lo..Hi}={0..2}
srv2:31:31 [0] NCCL INFO AllReduce: 49152 Bytes -> Algo RING proto LL channel{Lo..Hi}={0..2}
srv2:31:31 [0] NCCL INFO AllReduce: 49152 Bytes -> Algo RING proto LL channel{Lo..Hi}={0..2}
srv2:31:31 [0] NCCL INFO AllReduce: 49152 Bytes -> Algo RING proto LL channel{Lo..Hi}={0..2}
srv2:31:31 [0] NCCL INFO AllReduce: 49152 Bytes -> Algo RING proto LL channel{Lo..Hi}={0..2}
srv2:31:31 [0] NCCL INFO AllReduce: 49152 Bytes -> Algo RING proto LL channel{Lo..Hi}={0..2}
srv2:31:31 [0] NCCL INFO AllReduce: 49152 Bytes -> Algo RING proto LL channel{Lo..Hi}={0..2}
srv2:31:31 [0] NCCL INFO AllReduce: 49152 Bytes -> Algo RING proto LL channel{Lo..Hi}={0..2}
srv2:31:31 [0] NCCL INFO AllReduce: 49152 Bytes -> Algo RING proto LL channel{Lo..Hi}={0..2}
srv2:31:31 [0] NCCL INFO AllReduce: 49152 Bytes -> Algo RING proto LL channel{Lo..Hi}={0..2}
srv2:31:31 [0] NCCL INFO AllReduce: 49152 Bytes -> Algo RING proto LL channel{Lo..Hi}={0..2}
srv2:31:31 [0] NCCL INFO AllReduce: 49152 Bytes -> Algo RING proto LL channel{Lo..Hi}={0..2}
srv2:31:31 [0] NCCL INFO AllReduce: 49152 Bytes -> Algo RING proto LL channel{Lo..Hi}={0..2}
srv2:31:31 [0] NCCL INFO AllReduce: 49152 Bytes -> Algo RING proto LL channel{Lo..Hi}={0..2}
srv2:31:31 [0] NCCL INFO AllReduce: 49152 Bytes -> Algo RING proto LL channel{Lo..Hi}={0..2}
srv2:31:31 [0] NCCL INFO AllReduce: 49152 Bytes -> Algo RING proto LL channel{Lo..Hi}={0..2}
srv2:31:31 [0] NCCL INFO AllReduce: 49152 Bytes -> Algo RING proto LL channel{Lo..Hi}={0..2}
srv2:31:31 [0] NCCL INFO AllReduce: 49152 Bytes -> Algo RING proto LL channel{Lo..Hi}={0..2}
srv2:31:31 [0] NCCL INFO AllReduce: 49152 Bytes -> Algo RING proto LL channel{Lo..Hi}={0..2}
srv2:31:31 [0] NCCL INFO AllReduce: 49152 Bytes -> Algo RING proto LL channel{Lo..Hi}={0..2}
srv2:31:31 [0] NCCL INFO AllReduce: 49152 Bytes -> Algo RING proto LL channel{Lo..Hi}={0..2}
srv2:31:31 [0] NCCL INFO AllReduce: 49152 Bytes -> Algo RING proto LL channel{Lo..Hi}={0..2}
srv2:31:31 [0] NCCL INFO AllReduce: 49152 Bytes -> Algo RING proto LL channel{Lo..Hi}={0..2}
srv2:31:31 [0] NCCL INFO AllReduce: 49152 Bytes -> Algo RING proto LL channel{Lo..Hi}={0..2}
srv2:31:31 [0] NCCL INFO AllReduce: 49152 Bytes -> Algo RING proto LL channel{Lo..Hi}={0..2}
srv2:31:31 [0] NCCL INFO AllReduce: 49152 Bytes -> Algo RING proto LL channel{Lo..Hi}={0..2}
srv2:31:31 [0] NCCL INFO AllReduce: 49152 Bytes -> Algo RING proto LL channel{Lo..Hi}={0..2}
srv2:31:31 [0] NCCL INFO AllReduce: 49152 Bytes -> Algo RING proto LL channel{Lo..Hi}={0..2}
srv2:31:31 [0] NCCL INFO AllReduce: 49152 Bytes -> Algo RING proto LL channel{Lo..Hi}={0..2}
srv2:31:31 [0] NCCL INFO AllReduce: 49152 Bytes -> Algo RING proto LL channel{Lo..Hi}={0..2}
srv2:31:31 [0] NCCL INFO AllReduce: 49152 Bytes -> Algo RING proto LL channel{Lo..Hi}={0..2}
srv2:31:31 [0] NCCL INFO AllReduce: 49152 Bytes -> Algo RING proto LL channel{Lo..Hi}={0..2}
srv2:31:31 [0] NCCL INFO AllReduce: 49152 Bytes -> Algo RING proto LL channel{Lo..Hi}={0..2}
srv2:31:31 [0] NCCL INFO AllReduce: 4 Bytes -> Algo TREE proto LL channel{Lo..Hi}={0..0}
srv2:31:31 [0] NCCL INFO AllReduce: 4 Bytes -> Algo TREE proto LL channel{Lo..Hi}={0..0}
srv2:31:31 [0] NCCL INFO AllReduce: 4 Bytes -> Algo TREE proto LL channel{Lo..Hi}={0..0}
sum 49152 75.89549943804741
srv2:31:31 [0] NCCL INFO AllReduce: 196608 Bytes -> Algo RING proto LL channel{Lo..Hi}={0..11}
srv2:31:31 [0] NCCL INFO AllReduce: 196608 Bytes -> Algo RING proto LL channel{Lo..Hi}={0..11}
srv2:31:31 [0] NCCL INFO AllReduce: 196608 Bytes -> Algo RING proto LL channel{Lo..Hi}={0..11}
srv2:31:31 [0] NCCL INFO AllReduce: 196608 Bytes -> Algo RING proto LL channel{Lo..Hi}={0..11}
srv2:31:31 [0] NCCL INFO AllReduce: 196608 Bytes -> Algo RING proto LL channel{Lo..Hi}={0..11}
srv2:31:31 [0] NCCL INFO AllReduce: 196608 Bytes -> Algo RING proto LL channel{Lo..Hi}={0..11}
srv2:31:31 [0] NCCL INFO AllReduce: 196608 Bytes -> Algo RING proto LL channel{Lo..Hi}={0..11}
srv2:31:31 [0] NCCL INFO AllReduce: 196608 Bytes -> Algo RING proto LL channel{Lo..Hi}={0..11}
srv2:31:31 [0] NCCL INFO AllReduce: 196608 Bytes -> Algo RING proto LL channel{Lo..Hi}={0..11}
srv2:31:31 [0] NCCL INFO AllReduce: 196608 Bytes -> Algo RING proto LL channel{Lo..Hi}={0..11}
srv2:31:31 [0] NCCL INFO AllReduce: 196608 Bytes -> Algo RING proto LL channel{Lo..Hi}={0..11}
srv2:31:31 [0] NCCL INFO AllReduce: 196608 Bytes -> Algo RING proto LL channel{Lo..Hi}={0..11}
srv2:31:31 [0] NCCL INFO AllReduce: 196608 Bytes -> Algo RING proto LL channel{Lo..Hi}={0..11}
srv2:31:31 [0] NCCL INFO AllReduce: 196608 Bytes -> Algo RING proto LL channel{Lo..Hi}={0..11}
srv2:31:31 [0] NCCL INFO AllReduce: 196608 Bytes -> Algo RING proto LL channel{Lo..Hi}={0..11}
srv2:31:31 [0] NCCL INFO AllReduce: 196608 Bytes -> Algo RING proto LL channel{Lo..Hi}={0..11}
srv2:31:31 [0] NCCL INFO AllReduce: 196608 Bytes -> Algo RING proto LL channel{Lo..Hi}={0..11}
srv2:31:31 [0] NCCL INFO AllReduce: 196608 Bytes -> Algo RING proto LL channel{Lo..Hi}={0..11}
srv2:31:31 [0] NCCL INFO AllReduce: 196608 Bytes -> Algo RING proto LL channel{Lo..Hi}={0..11}
srv2:31:31 [0] NCCL INFO AllReduce: 196608 Bytes -> Algo RING proto LL channel{Lo..Hi}={0..11}
srv2:31:31 [0] NCCL INFO AllReduce: 196608 Bytes -> Algo RING proto LL channel{Lo..Hi}={0..11}
srv2:31:31 [0] NCCL INFO AllReduce: 196608 Bytes -> Algo RING proto LL channel{Lo..Hi}={0..11}
srv2:31:31 [0] NCCL INFO AllReduce: 196608 Bytes -> Algo RING proto LL channel{Lo..Hi}={0..11}
srv2:31:31 [0] NCCL INFO AllReduce: 196608 Bytes -> Algo RING proto LL channel{Lo..Hi}={0..11}
srv2:31:31 [0] NCCL INFO AllReduce: 196608 Bytes -> Algo RING proto LL channel{Lo..Hi}={0..11}
srv2:31:31 [0] NCCL INFO AllReduce: 196608 Bytes -> Algo RING proto LL channel{Lo..Hi}={0..11}
srv2:31:31 [0] NCCL INFO AllReduce: 196608 Bytes -> Algo RING proto LL channel{Lo..Hi}={0..11}
srv2:31:31 [0] NCCL INFO AllReduce: 196608 Bytes -> Algo RING proto LL channel{Lo..Hi}={0..11}
srv2:31:31 [0] NCCL INFO AllReduce: 196608 Bytes -> Algo RING proto LL channel{Lo..Hi}={0..11}
srv2:31:31 [0] NCCL INFO AllReduce: 196608 Bytes -> Algo RING proto LL channel{Lo..Hi}={0..11}
srv2:31:31 [0] NCCL INFO AllReduce: 196608 Bytes -> Algo RING proto LL channel{Lo..Hi}={0..11}
srv2:31:31 [0] NCCL INFO AllReduce: 196608 Bytes -> Algo RING proto LL channel{Lo..Hi}={0..11}
srv2:31:31 [0] NCCL INFO AllReduce: 196608 Bytes -> Algo RING proto LL channel{Lo..Hi}={0..11}
srv2:31:31 [0] NCCL INFO AllReduce: 196608 Bytes -> Algo RING proto LL channel{Lo..Hi}={0..11}
srv2:31:31 [0] NCCL INFO AllReduce: 196608 Bytes -> Algo RING proto LL channel{Lo..Hi}={0..11}
srv2:31:31 [0] NCCL INFO AllReduce: 196608 Bytes -> Algo RING proto LL channel{Lo..Hi}={0..11}
srv2:31:31 [0] NCCL INFO AllReduce: 196608 Bytes -> Algo RING proto LL channel{Lo..Hi}={0..11}
srv2:31:31 [0] NCCL INFO AllReduce: 196608 Bytes -> Algo RING proto LL channel{Lo..Hi}={0..11}
srv2:31:31 [0] NCCL INFO AllReduce: 196608 Bytes -> Algo RING proto LL channel{Lo..Hi}={0..11}
srv2:31:31 [0] NCCL INFO AllReduce: 196608 Bytes -> Algo RING proto LL channel{Lo..Hi}={0..11}
srv2:31:31 [0] NCCL INFO AllReduce: 196608 Bytes -> Algo RING proto LL channel{Lo..Hi}={0..11}
srv2:31:31 [0] NCCL INFO AllReduce: 196608 Bytes -> Algo RING proto LL channel{Lo..Hi}={0..11}
srv2:31:31 [0] NCCL INFO AllReduce: 196608 Bytes -> Algo RING proto LL channel{Lo..Hi}={0..11}
srv2:31:31 [0] NCCL INFO AllReduce: 196608 Bytes -> Algo RING proto LL channel{Lo..Hi}={0..11}
srv2:31:31 [0] NCCL INFO AllReduce: 196608 Bytes -> Algo RING proto LL channel{Lo..Hi}={0..11}
srv2:31:31 [0] NCCL INFO AllReduce: 196608 Bytes -> Algo RING proto LL channel{Lo..Hi}={0..11}
srv2:31:31 [0] NCCL INFO AllReduce: 196608 Bytes -> Algo RING proto LL channel{Lo..Hi}={0..11}
srv2:31:31 [0] NCCL INFO AllReduce: 196608 Bytes -> Algo RING proto LL channel{Lo..Hi}={0..11}
srv2:31:31 [0] NCCL INFO AllReduce: 196608 Bytes -> Algo RING proto LL channel{Lo..Hi}={0..11}
srv2:31:31 [0] NCCL INFO AllReduce: 196608 Bytes -> Algo RING proto LL channel{Lo..Hi}={0..11}
srv2:31:31 [0] NCCL INFO AllReduce: 196608 Bytes -> Algo RING proto LL channel{Lo..Hi}={0..11}
srv2:31:31 [0] NCCL INFO AllReduce: 196608 Bytes -> Algo RING proto LL channel{Lo..Hi}={0..11}
srv2:31:31 [0] NCCL INFO AllReduce: 196608 Bytes -> Algo RING proto LL channel{Lo..Hi}={0..11}
srv2:31:31 [0] NCCL INFO AllReduce: 196608 Bytes -> Algo RING proto LL channel{Lo..Hi}={0..11}
srv2:31:31 [0] NCCL INFO AllReduce: 196608 Bytes -> Algo RING proto LL channel{Lo..Hi}={0..11}
srv2:31:31 [0] NCCL INFO AllReduce: 196608 Bytes -> Algo RING proto LL channel{Lo..Hi}={0..11}
srv2:31:31 [0] NCCL INFO AllReduce: 196608 Bytes -> Algo RING proto LL channel{Lo..Hi}={0..11}
srv2:31:31 [0] NCCL INFO AllReduce: 196608 Bytes -> Algo RING proto LL channel{Lo..Hi}={0..11}
srv2:31:31 [0] NCCL INFO AllReduce: 196608 Bytes -> Algo RING proto LL channel{Lo..Hi}={0..11}
srv2:31:31 [0] NCCL INFO AllReduce: 196608 Bytes -> Algo RING proto LL channel{Lo..Hi}={0..11}
srv2:31:31 [0] NCCL INFO AllReduce: 196608 Bytes -> Algo RING proto LL channel{Lo..Hi}={0..11}
srv2:31:31 [0] NCCL INFO AllReduce: 196608 Bytes -> Algo RING proto LL channel{Lo..Hi}={0..11}
srv2:31:31 [0] NCCL INFO AllReduce: 196608 Bytes -> Algo RING proto LL channel{Lo..Hi}={0..11}
srv2:31:31 [0] NCCL INFO AllReduce: 196608 Bytes -> Algo RING proto LL channel{Lo..Hi}={0..11}
srv2:31:31 [0] NCCL INFO AllReduce: 196608 Bytes -> Algo RING proto LL channel{Lo..Hi}={0..11}
srv2:31:31 [0] NCCL INFO AllReduce: 196608 Bytes -> Algo RING proto LL channel{Lo..Hi}={0..11}
srv2:31:31 [0] NCCL INFO AllReduce: 196608 Bytes -> Algo RING proto LL channel{Lo..Hi}={0..11}
srv2:31:31 [0] NCCL INFO AllReduce: 196608 Bytes -> Algo RING proto LL channel{Lo..Hi}={0..11}
srv2:31:31 [0] NCCL INFO AllReduce: 196608 Bytes -> Algo RING proto LL channel{Lo..Hi}={0..11}
srv2:31:31 [0] NCCL INFO AllReduce: 196608 Bytes -> Algo RING proto LL channel{Lo..Hi}={0..11}
srv2:31:31 [0] NCCL INFO AllReduce: 196608 Bytes -> Algo RING proto LL channel{Lo..Hi}={0..11}
srv2:31:31 [0] NCCL INFO AllReduce: 196608 Bytes -> Algo RING proto LL channel{Lo..Hi}={0..11}
srv2:31:31 [0] NCCL INFO AllReduce: 196608 Bytes -> Algo RING proto LL channel{Lo..Hi}={0..11}
srv2:31:31 [0] NCCL INFO AllReduce: 196608 Bytes -> Algo RING proto LL channel{Lo..Hi}={0..11}
srv2:31:31 [0] NCCL INFO AllReduce: 196608 Bytes -> Algo RING proto LL channel{Lo..Hi}={0..11}
srv2:31:31 [0] NCCL INFO AllReduce: 196608 Bytes -> Algo RING proto LL channel{Lo..Hi}={0..11}
srv2:31:31 [0] NCCL INFO AllReduce: 196608 Bytes -> Algo RING proto LL channel{Lo..Hi}={0..11}
srv2:31:31 [0] NCCL INFO AllReduce: 196608 Bytes -> Algo RING proto LL channel{Lo..Hi}={0..11}
srv2:31:31 [0] NCCL INFO AllReduce: 196608 Bytes -> Algo RING proto LL channel{Lo..Hi}={0..11}
srv2:31:31 [0] NCCL INFO AllReduce: 196608 Bytes -> Algo RING proto LL channel{Lo..Hi}={0..11}
srv2:31:31 [0] NCCL INFO AllReduce: 196608 Bytes -> Algo RING proto LL channel{Lo..Hi}={0..11}
srv2:31:31 [0] NCCL INFO AllReduce: 196608 Bytes -> Algo RING proto LL channel{Lo..Hi}={0..11}
srv2:31:31 [0] NCCL INFO AllReduce: 196608 Bytes -> Algo RING proto LL channel{Lo..Hi}={0..11}
srv2:31:31 [0] NCCL INFO AllReduce: 196608 Bytes -> Algo RING proto LL channel{Lo..Hi}={0..11}
srv2:31:31 [0] NCCL INFO AllReduce: 196608 Bytes -> Algo RING proto LL channel{Lo..Hi}={0..11}
srv2:31:31 [0] NCCL INFO AllReduce: 196608 Bytes -> Algo RING proto LL channel{Lo..Hi}={0..11}
srv2:31:31 [0] NCCL INFO AllReduce: 196608 Bytes -> Algo RING proto LL channel{Lo..Hi}={0..11}
srv2:31:31 [0] NCCL INFO AllReduce: 196608 Bytes -> Algo RING proto LL channel{Lo..Hi}={0..11}
srv2:31:31 [0] NCCL INFO AllReduce: 196608 Bytes -> Algo RING proto LL channel{Lo..Hi}={0..11}
srv2:31:31 [0] NCCL INFO AllReduce: 196608 Bytes -> Algo RING proto LL channel{Lo..Hi}={0..11}
srv2:31:31 [0] NCCL INFO AllReduce: 196608 Bytes -> Algo RING proto LL channel{Lo..Hi}={0..11}
srv2:31:31 [0] NCCL INFO AllReduce: 196608 Bytes -> Algo RING proto LL channel{Lo..Hi}={0..11}
srv2:31:31 [0] NCCL INFO AllReduce: 196608 Bytes -> Algo RING proto LL channel{Lo..Hi}={0..11}
srv2:31:31 [0] NCCL INFO AllReduce: 196608 Bytes -> Algo RING proto LL channel{Lo..Hi}={0..11}
srv2:31:31 [0] NCCL INFO AllReduce: 196608 Bytes -> Algo RING proto LL channel{Lo..Hi}={0..11}
srv2:31:31 [0] NCCL INFO AllReduce: 196608 Bytes -> Algo RING proto LL channel{Lo..Hi}={0..11}
srv2:31:31 [0] NCCL INFO AllReduce: 196608 Bytes -> Algo RING proto LL channel{Lo..Hi}={0..11}
srv2:31:31 [0] NCCL INFO AllReduce: 196608 Bytes -> Algo RING proto LL channel{Lo..Hi}={0..11}
srv2:31:31 [0] NCCL INFO AllReduce: 196608 Bytes -> Algo RING proto LL channel{Lo..Hi}={0..11}
srv2:31:31 [0] NCCL INFO AllReduce: 196608 Bytes -> Algo RING proto LL channel{Lo..Hi}={0..11}
srv2:31:31 [0] NCCL INFO AllReduce: 196608 Bytes -> Algo RING proto LL channel{Lo..Hi}={0..11}
srv2:31:31 [0] NCCL INFO AllReduce: 196608 Bytes -> Algo RING proto LL channel{Lo..Hi}={0..11}
srv2:31:31 [0] NCCL INFO AllReduce: 196608 Bytes -> Algo RING proto LL channel{Lo..Hi}={0..11}
srv2:31:31 [0] NCCL INFO AllReduce: 196608 Bytes -> Algo RING proto LL channel{Lo..Hi}={0..11}
srv2:31:31 [0] NCCL INFO AllReduce: 196608 Bytes -> Algo RING proto LL channel{Lo..Hi}={0..11}
srv2:31:31 [0] NCCL INFO AllReduce: 196608 Bytes -> Algo RING proto LL channel{Lo..Hi}={0..11}
srv2:31:31 [0] NCCL INFO AllReduce: 196608 Bytes -> Algo RING proto LL channel{Lo..Hi}={0..11}
srv2:31:31 [0] NCCL INFO AllReduce: 196608 Bytes -> Algo RING proto LL channel{Lo..Hi}={0..11}
srv2:31:31 [0] NCCL INFO AllReduce: 196608 Bytes -> Algo RING proto LL channel{Lo..Hi}={0..11}
srv2:31:31 [0] NCCL INFO AllReduce: 196608 Bytes -> Algo RING proto LL channel{Lo..Hi}={0..11}
srv2:31:31 [0] NCCL INFO AllReduce: 196608 Bytes -> Algo RING proto LL channel{Lo..Hi}={0..11}
srv2:31:31 [0] NCCL INFO AllReduce: 196608 Bytes -> Algo RING proto LL channel{Lo..Hi}={0..11}
srv2:31:31 [0] NCCL INFO AllReduce: 196608 Bytes -> Algo RING proto LL channel{Lo..Hi}={0..11}
srv2:31:31 [0] NCCL INFO AllReduce: 196608 Bytes -> Algo RING proto LL channel{Lo..Hi}={0..11}
srv2:31:31 [0] NCCL INFO AllReduce: 196608 Bytes -> Algo RING proto LL channel{Lo..Hi}={0..11}
srv2:31:31 [0] NCCL INFO AllReduce: 196608 Bytes -> Algo RING proto LL channel{Lo..Hi}={0..11}
srv2:31:31 [0] NCCL INFO AllReduce: 196608 Bytes -> Algo RING proto LL channel{Lo..Hi}={0..11}
srv2:31:31 [0] NCCL INFO AllReduce: 196608 Bytes -> Algo RING proto LL channel{Lo..Hi}={0..11}
srv2:31:31 [0] NCCL INFO AllReduce: 196608 Bytes -> Algo RING proto LL channel{Lo..Hi}={0..11}
srv2:31:31 [0] NCCL INFO AllReduce: 196608 Bytes -> Algo RING proto LL channel{Lo..Hi}={0..11}
srv2:31:31 [0] NCCL INFO AllReduce: 196608 Bytes -> Algo RING proto LL channel{Lo..Hi}={0..11}
srv2:31:31 [0] NCCL INFO AllReduce: 196608 Bytes -> Algo RING proto LL channel{Lo..Hi}={0..11}
srv2:31:31 [0] NCCL INFO AllReduce: 196608 Bytes -> Algo RING proto LL channel{Lo..Hi}={0..11}
srv2:31:31 [0] NCCL INFO AllReduce: 196608 Bytes -> Algo RING proto LL channel{Lo..Hi}={0..11}
srv2:31:31 [0] NCCL INFO AllReduce: 196608 Bytes -> Algo RING proto LL channel{Lo..Hi}={0..11}
srv2:31:31 [0] NCCL INFO AllReduce: 196608 Bytes -> Algo RING proto LL channel{Lo..Hi}={0..11}
srv2:31:31 [0] NCCL INFO AllReduce: 196608 Bytes -> Algo RING proto LL channel{Lo..Hi}={0..11}
srv2:31:31 [0] NCCL INFO AllReduce: 196608 Bytes -> Algo RING proto LL channel{Lo..Hi}={0..11}
srv2:31:31 [0] NCCL INFO AllReduce: 196608 Bytes -> Algo RING proto LL channel{Lo..Hi}={0..11}
srv2:31:31 [0] NCCL INFO AllReduce: 4 Bytes -> Algo TREE proto LL channel{Lo..Hi}={0..0}
srv2:31:31 [0] NCCL INFO AllReduce: 4 Bytes -> Algo TREE proto LL channel{Lo..Hi}={0..0}
srv2:31:31 [0] NCCL INFO AllReduce: 4 Bytes -> Algo TREE proto LL channel{Lo..Hi}={0..0}
sum 196608 202.17150449752808
srv2:31:31 [0] NCCL INFO AllReduce: 2097152 Bytes -> Algo RING proto LL128 channel{Lo..Hi}={0..15}
srv2:31:31 [0] NCCL INFO AllReduce: 2097152 Bytes -> Algo RING proto LL128 channel{Lo..Hi}={0..15}
srv2:31:31 [0] NCCL INFO AllReduce: 2097152 Bytes -> Algo RING proto LL128 channel{Lo..Hi}={0..15}
srv2:31:31 [0] NCCL INFO AllReduce: 2097152 Bytes -> Algo RING proto LL128 channel{Lo..Hi}={0..15}
srv2:31:31 [0] NCCL INFO AllReduce: 2097152 Bytes -> Algo RING proto LL128 channel{Lo..Hi}={0..15}
srv2:31:31 [0] NCCL INFO AllReduce: 2097152 Bytes -> Algo RING proto LL128 channel{Lo..Hi}={0..15}
srv2:31:31 [0] NCCL INFO AllReduce: 2097152 Bytes -> Algo RING proto LL128 channel{Lo..Hi}={0..15}
srv2:31:31 [0] NCCL INFO AllReduce: 2097152 Bytes -> Algo RING proto LL128 channel{Lo..Hi}={0..15}
srv2:31:31 [0] NCCL INFO AllReduce: 2097152 Bytes -> Algo RING proto LL128 channel{Lo..Hi}={0..15}
srv2:31:31 [0] NCCL INFO AllReduce: 2097152 Bytes -> Algo RING proto LL128 channel{Lo..Hi}={0..15}
srv2:31:31 [0] NCCL INFO AllReduce: 2097152 Bytes -> Algo RING proto LL128 channel{Lo..Hi}={0..15}
srv2:31:31 [0] NCCL INFO AllReduce: 2097152 Bytes -> Algo RING proto LL128 channel{Lo..Hi}={0..15}
srv2:31:31 [0] NCCL INFO AllReduce: 2097152 Bytes -> Algo RING proto LL128 channel{Lo..Hi}={0..15}
srv2:31:31 [0] NCCL INFO AllReduce: 2097152 Bytes -> Algo RING proto LL128 channel{Lo..Hi}={0..15}
srv2:31:31 [0] NCCL INFO AllReduce: 2097152 Bytes -> Algo RING proto LL128 channel{Lo..Hi}={0..15}
srv2:31:31 [0] NCCL INFO AllReduce: 2097152 Bytes -> Algo RING proto LL128 channel{Lo..Hi}={0..15}
srv2:31:31 [0] NCCL INFO AllReduce: 2097152 Bytes -> Algo RING proto LL128 channel{Lo..Hi}={0..15}
srv2:31:31 [0] NCCL INFO AllReduce: 2097152 Bytes -> Algo RING proto LL128 channel{Lo..Hi}={0..15}
srv2:31:31 [0] NCCL INFO AllReduce: 2097152 Bytes -> Algo RING proto LL128 channel{Lo..Hi}={0..15}
srv2:31:31 [0] NCCL INFO AllReduce: 2097152 Bytes -> Algo RING proto LL128 channel{Lo..Hi}={0..15}
srv2:31:31 [0] NCCL INFO AllReduce: 2097152 Bytes -> Algo RING proto LL128 channel{Lo..Hi}={0..15}
srv2:31:31 [0] NCCL INFO AllReduce: 2097152 Bytes -> Algo RING proto LL128 channel{Lo..Hi}={0..15}
srv2:31:31 [0] NCCL INFO AllReduce: 2097152 Bytes -> Algo RING proto LL128 channel{Lo..Hi}={0..15}
srv2:31:31 [0] NCCL INFO AllReduce: 2097152 Bytes -> Algo RING proto LL128 channel{Lo..Hi}={0..15}
srv2:31:31 [0] NCCL INFO AllReduce: 2097152 Bytes -> Algo RING proto LL128 channel{Lo..Hi}={0..15}
srv2:31:31 [0] NCCL INFO AllReduce: 2097152 Bytes -> Algo RING proto LL128 channel{Lo..Hi}={0..15}
srv2:31:31 [0] NCCL INFO AllReduce: 2097152 Bytes -> Algo RING proto LL128 channel{Lo..Hi}={0..15}
srv2:31:31 [0] NCCL INFO AllReduce: 2097152 Bytes -> Algo RING proto LL128 channel{Lo..Hi}={0..15}
srv2:31:31 [0] NCCL INFO AllReduce: 2097152 Bytes -> Algo RING proto LL128 channel{Lo..Hi}={0..15}
srv2:31:31 [0] NCCL INFO AllReduce: 2097152 Bytes -> Algo RING proto LL128 channel{Lo..Hi}={0..15}
srv2:31:31 [0] NCCL INFO AllReduce: 2097152 Bytes -> Algo RING proto LL128 channel{Lo..Hi}={0..15}
srv2:31:31 [0] NCCL INFO AllReduce: 2097152 Bytes -> Algo RING proto LL128 channel{Lo..Hi}={0..15}
srv2:31:31 [0] NCCL INFO AllReduce: 2097152 Bytes -> Algo RING proto LL128 channel{Lo..Hi}={0..15}
srv2:31:31 [0] NCCL INFO AllReduce: 2097152 Bytes -> Algo RING proto LL128 channel{Lo..Hi}={0..15}
srv2:31:31 [0] NCCL INFO AllReduce: 2097152 Bytes -> Algo RING proto LL128 channel{Lo..Hi}={0..15}
srv2:31:31 [0] NCCL INFO AllReduce: 2097152 Bytes -> Algo RING proto LL128 channel{Lo..Hi}={0..15}
srv2:31:31 [0] NCCL INFO AllReduce: 2097152 Bytes -> Algo RING proto LL128 channel{Lo..Hi}={0..15}
srv2:31:31 [0] NCCL INFO AllReduce: 2097152 Bytes -> Algo RING proto LL128 channel{Lo..Hi}={0..15}
srv2:31:31 [0] NCCL INFO AllReduce: 2097152 Bytes -> Algo RING proto LL128 channel{Lo..Hi}={0..15}
srv2:31:31 [0] NCCL INFO AllReduce: 2097152 Bytes -> Algo RING proto LL128 channel{Lo..Hi}={0..15}
srv2:31:31 [0] NCCL INFO AllReduce: 2097152 Bytes -> Algo RING proto LL128 channel{Lo..Hi}={0..15}
srv2:31:31 [0] NCCL INFO AllReduce: 2097152 Bytes -> Algo RING proto LL128 channel{Lo..Hi}={0..15}
srv2:31:31 [0] NCCL INFO AllReduce: 2097152 Bytes -> Algo RING proto LL128 channel{Lo..Hi}={0..15}
srv2:31:31 [0] NCCL INFO AllReduce: 2097152 Bytes -> Algo RING proto LL128 channel{Lo..Hi}={0..15}
srv2:31:31 [0] NCCL INFO AllReduce: 2097152 Bytes -> Algo RING proto LL128 channel{Lo..Hi}={0..15}
srv2:31:31 [0] NCCL INFO AllReduce: 2097152 Bytes -> Algo RING proto LL128 channel{Lo..Hi}={0..15}
srv2:31:31 [0] NCCL INFO AllReduce: 2097152 Bytes -> Algo RING proto LL128 channel{Lo..Hi}={0..15}
srv2:31:31 [0] NCCL INFO AllReduce: 2097152 Bytes -> Algo RING proto LL128 channel{Lo..Hi}={0..15}
srv2:31:31 [0] NCCL INFO AllReduce: 2097152 Bytes -> Algo RING proto LL128 channel{Lo..Hi}={0..15}
srv2:31:31 [0] NCCL INFO AllReduce: 2097152 Bytes -> Algo RING proto LL128 channel{Lo..Hi}={0..15}
srv2:31:31 [0] NCCL INFO AllReduce: 2097152 Bytes -> Algo RING proto LL128 channel{Lo..Hi}={0..15}
srv2:31:31 [0] NCCL INFO AllReduce: 2097152 Bytes -> Algo RING proto LL128 channel{Lo..Hi}={0..15}
srv2:31:31 [0] NCCL INFO AllReduce: 2097152 Bytes -> Algo RING proto LL128 channel{Lo..Hi}={0..15}
srv2:31:31 [0] NCCL INFO AllReduce: 2097152 Bytes -> Algo RING proto LL128 channel{Lo..Hi}={0..15}
srv2:31:31 [0] NCCL INFO AllReduce: 2097152 Bytes -> Algo RING proto LL128 channel{Lo..Hi}={0..15}
srv2:31:31 [0] NCCL INFO AllReduce: 2097152 Bytes -> Algo RING proto LL128 channel{Lo..Hi}={0..15}
srv2:31:31 [0] NCCL INFO AllReduce: 2097152 Bytes -> Algo RING proto LL128 channel{Lo..Hi}={0..15}
srv2:31:31 [0] NCCL INFO AllReduce: 2097152 Bytes -> Algo RING proto LL128 channel{Lo..Hi}={0..15}
srv2:31:31 [0] NCCL INFO AllReduce: 2097152 Bytes -> Algo RING proto LL128 channel{Lo..Hi}={0..15}
srv2:31:31 [0] NCCL INFO AllReduce: 2097152 Bytes -> Algo RING proto LL128 channel{Lo..Hi}={0..15}
srv2:31:31 [0] NCCL INFO AllReduce: 2097152 Bytes -> Algo RING proto LL128 channel{Lo..Hi}={0..15}
srv2:31:31 [0] NCCL INFO AllReduce: 2097152 Bytes -> Algo RING proto LL128 channel{Lo..Hi}={0..15}
srv2:31:31 [0] NCCL INFO AllReduce: 2097152 Bytes -> Algo RING proto LL128 channel{Lo..Hi}={0..15}
srv2:31:31 [0] NCCL INFO AllReduce: 2097152 Bytes -> Algo RING proto LL128 channel{Lo..Hi}={0..15}
srv2:31:31 [0] NCCL INFO AllReduce: 2097152 Bytes -> Algo RING proto LL128 channel{Lo..Hi}={0..15}
srv2:31:31 [0] NCCL INFO AllReduce: 2097152 Bytes -> Algo RING proto LL128 channel{Lo..Hi}={0..15}
srv2:31:31 [0] NCCL INFO AllReduce: 2097152 Bytes -> Algo RING proto LL128 channel{Lo..Hi}={0..15}
srv2:31:31 [0] NCCL INFO AllReduce: 2097152 Bytes -> Algo RING proto LL128 channel{Lo..Hi}={0..15}
srv2:31:31 [0] NCCL INFO AllReduce: 2097152 Bytes -> Algo RING proto LL128 channel{Lo..Hi}={0..15}
srv2:31:31 [0] NCCL INFO AllReduce: 2097152 Bytes -> Algo RING proto LL128 channel{Lo..Hi}={0..15}
srv2:31:31 [0] NCCL INFO AllReduce: 2097152 Bytes -> Algo RING proto LL128 channel{Lo..Hi}={0..15}
srv2:31:31 [0] NCCL INFO AllReduce: 2097152 Bytes -> Algo RING proto LL128 channel{Lo..Hi}={0..15}
srv2:31:31 [0] NCCL INFO AllReduce: 2097152 Bytes -> Algo RING proto LL128 channel{Lo..Hi}={0..15}
srv2:31:31 [0] NCCL INFO AllReduce: 2097152 Bytes -> Algo RING proto LL128 channel{Lo..Hi}={0..15}
srv2:31:31 [0] NCCL INFO AllReduce: 2097152 Bytes -> Algo RING proto LL128 channel{Lo..Hi}={0..15}
srv2:31:31 [0] NCCL INFO AllReduce: 2097152 Bytes -> Algo RING proto LL128 channel{Lo..Hi}={0..15}
srv2:31:31 [0] NCCL INFO AllReduce: 2097152 Bytes -> Algo RING proto LL128 channel{Lo..Hi}={0..15}
srv2:31:31 [0] NCCL INFO AllReduce: 2097152 Bytes -> Algo RING proto LL128 channel{Lo..Hi}={0..15}
srv2:31:31 [0] NCCL INFO AllReduce: 2097152 Bytes -> Algo RING proto LL128 channel{Lo..Hi}={0..15}
srv2:31:31 [0] NCCL INFO AllReduce: 2097152 Bytes -> Algo RING proto LL128 channel{Lo..Hi}={0..15}
srv2:31:31 [0] NCCL INFO AllReduce: 2097152 Bytes -> Algo RING proto LL128 channel{Lo..Hi}={0..15}
srv2:31:31 [0] NCCL INFO AllReduce: 2097152 Bytes -> Algo RING proto LL128 channel{Lo..Hi}={0..15}
srv2:31:31 [0] NCCL INFO AllReduce: 2097152 Bytes -> Algo RING proto LL128 channel{Lo..Hi}={0..15}
srv2:31:31 [0] NCCL INFO AllReduce: 2097152 Bytes -> Algo RING proto LL128 channel{Lo..Hi}={0..15}
srv2:31:31 [0] NCCL INFO AllReduce: 2097152 Bytes -> Algo RING proto LL128 channel{Lo..Hi}={0..15}
srv2:31:31 [0] NCCL INFO AllReduce: 2097152 Bytes -> Algo RING proto LL128 channel{Lo..Hi}={0..15}
srv2:31:31 [0] NCCL INFO AllReduce: 2097152 Bytes -> Algo RING proto LL128 channel{Lo..Hi}={0..15}
srv2:31:31 [0] NCCL INFO AllReduce: 2097152 Bytes -> Algo RING proto LL128 channel{Lo..Hi}={0..15}
srv2:31:31 [0] NCCL INFO AllReduce: 2097152 Bytes -> Algo RING proto LL128 channel{Lo..Hi}={0..15}
srv2:31:31 [0] NCCL INFO AllReduce: 2097152 Bytes -> Algo RING proto LL128 channel{Lo..Hi}={0..15}
srv2:31:31 [0] NCCL INFO AllReduce: 2097152 Bytes -> Algo RING proto LL128 channel{Lo..Hi}={0..15}
srv2:31:31 [0] NCCL INFO AllReduce: 2097152 Bytes -> Algo RING proto LL128 channel{Lo..Hi}={0..15}
srv2:31:31 [0] NCCL INFO AllReduce: 2097152 Bytes -> Algo RING proto LL128 channel{Lo..Hi}={0..15}
srv2:31:31 [0] NCCL INFO AllReduce: 2097152 Bytes -> Algo RING proto LL128 channel{Lo..Hi}={0..15}
srv2:31:31 [0] NCCL INFO AllReduce: 2097152 Bytes -> Algo RING proto LL128 channel{Lo..Hi}={0..15}
srv2:31:31 [0] NCCL INFO AllReduce: 2097152 Bytes -> Algo RING proto LL128 channel{Lo..Hi}={0..15}
srv2:31:31 [0] NCCL INFO AllReduce: 2097152 Bytes -> Algo RING proto LL128 channel{Lo..Hi}={0..15}
srv2:31:31 [0] NCCL INFO AllReduce: 2097152 Bytes -> Algo RING proto LL128 channel{Lo..Hi}={0..15}
srv2:31:31 [0] NCCL INFO AllReduce: 2097152 Bytes -> Algo RING proto LL128 channel{Lo..Hi}={0..15}
srv2:31:31 [0] NCCL INFO AllReduce: 2097152 Bytes -> Algo RING proto LL128 channel{Lo..Hi}={0..15}
srv2:31:31 [0] NCCL INFO AllReduce: 2097152 Bytes -> Algo RING proto LL128 channel{Lo..Hi}={0..15}
srv2:31:31 [0] NCCL INFO AllReduce: 2097152 Bytes -> Algo RING proto LL128 channel{Lo..Hi}={0..15}
srv2:31:31 [0] NCCL INFO AllReduce: 2097152 Bytes -> Algo RING proto LL128 channel{Lo..Hi}={0..15}
srv2:31:31 [0] NCCL INFO AllReduce: 2097152 Bytes -> Algo RING proto LL128 channel{Lo..Hi}={0..15}
srv2:31:31 [0] NCCL INFO AllReduce: 2097152 Bytes -> Algo RING proto LL128 channel{Lo..Hi}={0..15}
srv2:31:31 [0] NCCL INFO AllReduce: 2097152 Bytes -> Algo RING proto LL128 channel{Lo..Hi}={0..15}
srv2:31:31 [0] NCCL INFO AllReduce: 2097152 Bytes -> Algo RING proto LL128 channel{Lo..Hi}={0..15}
srv2:31:31 [0] NCCL INFO AllReduce: 2097152 Bytes -> Algo RING proto LL128 channel{Lo..Hi}={0..15}
srv2:31:31 [0] NCCL INFO AllReduce: 2097152 Bytes -> Algo RING proto LL128 channel{Lo..Hi}={0..15}
srv2:31:31 [0] NCCL INFO AllReduce: 2097152 Bytes -> Algo RING proto LL128 channel{Lo..Hi}={0..15}
srv2:31:31 [0] NCCL INFO AllReduce: 2097152 Bytes -> Algo RING proto LL128 channel{Lo..Hi}={0..15}
srv2:31:31 [0] NCCL INFO AllReduce: 2097152 Bytes -> Algo RING proto LL128 channel{Lo..Hi}={0..15}
srv2:31:31 [0] NCCL INFO AllReduce: 2097152 Bytes -> Algo RING proto LL128 channel{Lo..Hi}={0..15}
srv2:31:31 [0] NCCL INFO AllReduce: 2097152 Bytes -> Algo RING proto LL128 channel{Lo..Hi}={0..15}
srv2:31:31 [0] NCCL INFO AllReduce: 2097152 Bytes -> Algo RING proto LL128 channel{Lo..Hi}={0..15}
srv2:31:31 [0] NCCL INFO AllReduce: 2097152 Bytes -> Algo RING proto LL128 channel{Lo..Hi}={0..15}
srv2:31:31 [0] NCCL INFO AllReduce: 2097152 Bytes -> Algo RING proto LL128 channel{Lo..Hi}={0..15}
srv2:31:31 [0] NCCL INFO AllReduce: 2097152 Bytes -> Algo RING proto LL128 channel{Lo..Hi}={0..15}
srv2:31:31 [0] NCCL INFO AllReduce: 2097152 Bytes -> Algo RING proto LL128 channel{Lo..Hi}={0..15}
srv2:31:31 [0] NCCL INFO AllReduce: 2097152 Bytes -> Algo RING proto LL128 channel{Lo..Hi}={0..15}
srv2:31:31 [0] NCCL INFO AllReduce: 2097152 Bytes -> Algo RING proto LL128 channel{Lo..Hi}={0..15}
srv2:31:31 [0] NCCL INFO AllReduce: 2097152 Bytes -> Algo RING proto LL128 channel{Lo..Hi}={0..15}
srv2:31:31 [0] NCCL INFO AllReduce: 2097152 Bytes -> Algo RING proto LL128 channel{Lo..Hi}={0..15}
srv2:31:31 [0] NCCL INFO AllReduce: 2097152 Bytes -> Algo RING proto LL128 channel{Lo..Hi}={0..15}
srv2:31:31 [0] NCCL INFO AllReduce: 2097152 Bytes -> Algo RING proto LL128 channel{Lo..Hi}={0..15}
srv2:31:31 [0] NCCL INFO AllReduce: 2097152 Bytes -> Algo RING proto LL128 channel{Lo..Hi}={0..15}
srv2:31:31 [0] NCCL INFO AllReduce: 2097152 Bytes -> Algo RING proto LL128 channel{Lo..Hi}={0..15}
srv2:31:31 [0] NCCL INFO AllReduce: 2097152 Bytes -> Algo RING proto LL128 channel{Lo..Hi}={0..15}
srv2:31:31 [0] NCCL INFO AllReduce: 2097152 Bytes -> Algo RING proto LL128 channel{Lo..Hi}={0..15}
srv2:31:31 [0] NCCL INFO AllReduce: 4 Bytes -> Algo TREE proto LL channel{Lo..Hi}={0..0}
srv2:31:31 [0] NCCL INFO AllReduce: 4 Bytes -> Algo TREE proto LL channel{Lo..Hi}={0..0}
srv2:31:31 [0] NCCL INFO AllReduce: 4 Bytes -> Algo TREE proto LL channel{Lo..Hi}={0..0}
sum 2097152 836.8555009365082
srv2:31:31 [0] NCCL INFO AllReduce: 8388608 Bytes -> Algo RING proto LL128 channel{Lo..Hi}={0..15}
srv2:31:31 [0] NCCL INFO AllReduce: 8388608 Bytes -> Algo RING proto LL128 channel{Lo..Hi}={0..15}
srv2:31:31 [0] NCCL INFO AllReduce: 8388608 Bytes -> Algo RING proto LL128 channel{Lo..Hi}={0..15}
srv2:31:31 [0] NCCL INFO AllReduce: 8388608 Bytes -> Algo RING proto LL128 channel{Lo..Hi}={0..15}
srv2:31:31 [0] NCCL INFO AllReduce: 8388608 Bytes -> Algo RING proto LL128 channel{Lo..Hi}={0..15}
srv2:31:31 [0] NCCL INFO AllReduce: 8388608 Bytes -> Algo RING proto LL128 channel{Lo..Hi}={0..15}
srv2:31:31 [0] NCCL INFO AllReduce: 8388608 Bytes -> Algo RING proto LL128 channel{Lo..Hi}={0..15}
srv2:31:31 [0] NCCL INFO AllReduce: 8388608 Bytes -> Algo RING proto LL128 channel{Lo..Hi}={0..15}
srv2:31:31 [0] NCCL INFO AllReduce: 8388608 Bytes -> Algo RING proto LL128 channel{Lo..Hi}={0..15}
srv2:31:31 [0] NCCL INFO AllReduce: 8388608 Bytes -> Algo RING proto LL128 channel{Lo..Hi}={0..15}
srv2:31:31 [0] NCCL INFO AllReduce: 8388608 Bytes -> Algo RING proto LL128 channel{Lo..Hi}={0..15}
srv2:31:31 [0] NCCL INFO AllReduce: 8388608 Bytes -> Algo RING proto LL128 channel{Lo..Hi}={0..15}
srv2:31:31 [0] NCCL INFO AllReduce: 8388608 Bytes -> Algo RING proto LL128 channel{Lo..Hi}={0..15}
srv2:31:31 [0] NCCL INFO AllReduce: 8388608 Bytes -> Algo RING proto LL128 channel{Lo..Hi}={0..15}
srv2:31:31 [0] NCCL INFO AllReduce: 8388608 Bytes -> Algo RING proto LL128 channel{Lo..Hi}={0..15}
srv2:31:31 [0] NCCL INFO AllReduce: 8388608 Bytes -> Algo RING proto LL128 channel{Lo..Hi}={0..15}
srv2:31:31 [0] NCCL INFO AllReduce: 8388608 Bytes -> Algo RING proto LL128 channel{Lo..Hi}={0..15}
srv2:31:31 [0] NCCL INFO AllReduce: 8388608 Bytes -> Algo RING proto LL128 channel{Lo..Hi}={0..15}
srv2:31:31 [0] NCCL INFO AllReduce: 8388608 Bytes -> Algo RING proto LL128 channel{Lo..Hi}={0..15}
srv2:31:31 [0] NCCL INFO AllReduce: 8388608 Bytes -> Algo RING proto LL128 channel{Lo..Hi}={0..15}
srv2:31:31 [0] NCCL INFO AllReduce: 8388608 Bytes -> Algo RING proto LL128 channel{Lo..Hi}={0..15}
srv2:31:31 [0] NCCL INFO AllReduce: 8388608 Bytes -> Algo RING proto LL128 channel{Lo..Hi}={0..15}
srv2:31:31 [0] NCCL INFO AllReduce: 8388608 Bytes -> Algo RING proto LL128 channel{Lo..Hi}={0..15}
srv2:31:31 [0] NCCL INFO AllReduce: 8388608 Bytes -> Algo RING proto LL128 channel{Lo..Hi}={0..15}
srv2:31:31 [0] NCCL INFO AllReduce: 8388608 Bytes -> Algo RING proto LL128 channel{Lo..Hi}={0..15}
srv2:31:31 [0] NCCL INFO AllReduce: 8388608 Bytes -> Algo RING proto LL128 channel{Lo..Hi}={0..15}
srv2:31:31 [0] NCCL INFO AllReduce: 8388608 Bytes -> Algo RING proto LL128 channel{Lo..Hi}={0..15}
srv2:31:31 [0] NCCL INFO AllReduce: 8388608 Bytes -> Algo RING proto LL128 channel{Lo..Hi}={0..15}
srv2:31:31 [0] NCCL INFO AllReduce: 8388608 Bytes -> Algo RING proto LL128 channel{Lo..Hi}={0..15}
srv2:31:31 [0] NCCL INFO AllReduce: 8388608 Bytes -> Algo RING proto LL128 channel{Lo..Hi}={0..15}
srv2:31:31 [0] NCCL INFO AllReduce: 8388608 Bytes -> Algo RING proto LL128 channel{Lo..Hi}={0..15}
srv2:31:31 [0] NCCL INFO AllReduce: 8388608 Bytes -> Algo RING proto LL128 channel{Lo..Hi}={0..15}
srv2:31:31 [0] NCCL INFO AllReduce: 8388608 Bytes -> Algo RING proto LL128 channel{Lo..Hi}={0..15}
srv2:31:31 [0] NCCL INFO AllReduce: 8388608 Bytes -> Algo RING proto LL128 channel{Lo..Hi}={0..15}
srv2:31:31 [0] NCCL INFO AllReduce: 8388608 Bytes -> Algo RING proto LL128 channel{Lo..Hi}={0..15}
srv2:31:31 [0] NCCL INFO AllReduce: 8388608 Bytes -> Algo RING proto LL128 channel{Lo..Hi}={0..15}
srv2:31:31 [0] NCCL INFO AllReduce: 8388608 Bytes -> Algo RING proto LL128 channel{Lo..Hi}={0..15}
srv2:31:31 [0] NCCL INFO AllReduce: 8388608 Bytes -> Algo RING proto LL128 channel{Lo..Hi}={0..15}
srv2:31:31 [0] NCCL INFO AllReduce: 8388608 Bytes -> Algo RING proto LL128 channel{Lo..Hi}={0..15}
srv2:31:31 [0] NCCL INFO AllReduce: 8388608 Bytes -> Algo RING proto LL128 channel{Lo..Hi}={0..15}
srv2:31:31 [0] NCCL INFO AllReduce: 8388608 Bytes -> Algo RING proto LL128 channel{Lo..Hi}={0..15}
srv2:31:31 [0] NCCL INFO AllReduce: 8388608 Bytes -> Algo RING proto LL128 channel{Lo..Hi}={0..15}
srv2:31:31 [0] NCCL INFO AllReduce: 8388608 Bytes -> Algo RING proto LL128 channel{Lo..Hi}={0..15}
srv2:31:31 [0] NCCL INFO AllReduce: 8388608 Bytes -> Algo RING proto LL128 channel{Lo..Hi}={0..15}
srv2:31:31 [0] NCCL INFO AllReduce: 8388608 Bytes -> Algo RING proto LL128 channel{Lo..Hi}={0..15}
srv2:31:31 [0] NCCL INFO AllReduce: 8388608 Bytes -> Algo RING proto LL128 channel{Lo..Hi}={0..15}
srv2:31:31 [0] NCCL INFO AllReduce: 8388608 Bytes -> Algo RING proto LL128 channel{Lo..Hi}={0..15}
srv2:31:31 [0] NCCL INFO AllReduce: 8388608 Bytes -> Algo RING proto LL128 channel{Lo..Hi}={0..15}
srv2:31:31 [0] NCCL INFO AllReduce: 8388608 Bytes -> Algo RING proto LL128 channel{Lo..Hi}={0..15}
srv2:31:31 [0] NCCL INFO AllReduce: 8388608 Bytes -> Algo RING proto LL128 channel{Lo..Hi}={0..15}
srv2:31:31 [0] NCCL INFO AllReduce: 8388608 Bytes -> Algo RING proto LL128 channel{Lo..Hi}={0..15}
srv2:31:31 [0] NCCL INFO AllReduce: 8388608 Bytes -> Algo RING proto LL128 channel{Lo..Hi}={0..15}
srv2:31:31 [0] NCCL INFO AllReduce: 8388608 Bytes -> Algo RING proto LL128 channel{Lo..Hi}={0..15}
srv2:31:31 [0] NCCL INFO AllReduce: 8388608 Bytes -> Algo RING proto LL128 channel{Lo..Hi}={0..15}
srv2:31:31 [0] NCCL INFO AllReduce: 8388608 Bytes -> Algo RING proto LL128 channel{Lo..Hi}={0..15}
srv2:31:31 [0] NCCL INFO AllReduce: 8388608 Bytes -> Algo RING proto LL128 channel{Lo..Hi}={0..15}
srv2:31:31 [0] NCCL INFO AllReduce: 8388608 Bytes -> Algo RING proto LL128 channel{Lo..Hi}={0..15}
srv2:31:31 [0] NCCL INFO AllReduce: 8388608 Bytes -> Algo RING proto LL128 channel{Lo..Hi}={0..15}
srv2:31:31 [0] NCCL INFO AllReduce: 8388608 Bytes -> Algo RING proto LL128 channel{Lo..Hi}={0..15}
srv2:31:31 [0] NCCL INFO AllReduce: 8388608 Bytes -> Algo RING proto LL128 channel{Lo..Hi}={0..15}
srv2:31:31 [0] NCCL INFO AllReduce: 8388608 Bytes -> Algo RING proto LL128 channel{Lo..Hi}={0..15}
srv2:31:31 [0] NCCL INFO AllReduce: 8388608 Bytes -> Algo RING proto LL128 channel{Lo..Hi}={0..15}
srv2:31:31 [0] NCCL INFO AllReduce: 8388608 Bytes -> Algo RING proto LL128 channel{Lo..Hi}={0..15}
srv2:31:31 [0] NCCL INFO AllReduce: 8388608 Bytes -> Algo RING proto LL128 channel{Lo..Hi}={0..15}
srv2:31:31 [0] NCCL INFO AllReduce: 8388608 Bytes -> Algo RING proto LL128 channel{Lo..Hi}={0..15}
srv2:31:31 [0] NCCL INFO AllReduce: 8388608 Bytes -> Algo RING proto LL128 channel{Lo..Hi}={0..15}
srv2:31:31 [0] NCCL INFO AllReduce: 8388608 Bytes -> Algo RING proto LL128 channel{Lo..Hi}={0..15}
srv2:31:31 [0] NCCL INFO AllReduce: 8388608 Bytes -> Algo RING proto LL128 channel{Lo..Hi}={0..15}
srv2:31:31 [0] NCCL INFO AllReduce: 8388608 Bytes -> Algo RING proto LL128 channel{Lo..Hi}={0..15}
srv2:31:31 [0] NCCL INFO AllReduce: 8388608 Bytes -> Algo RING proto LL128 channel{Lo..Hi}={0..15}
srv2:31:31 [0] NCCL INFO AllReduce: 8388608 Bytes -> Algo RING proto LL128 channel{Lo..Hi}={0..15}
srv2:31:31 [0] NCCL INFO AllReduce: 8388608 Bytes -> Algo RING proto LL128 channel{Lo..Hi}={0..15}
srv2:31:31 [0] NCCL INFO AllReduce: 8388608 Bytes -> Algo RING proto LL128 channel{Lo..Hi}={0..15}
srv2:31:31 [0] NCCL INFO AllReduce: 8388608 Bytes -> Algo RING proto LL128 channel{Lo..Hi}={0..15}
srv2:31:31 [0] NCCL INFO AllReduce: 8388608 Bytes -> Algo RING proto LL128 channel{Lo..Hi}={0..15}
srv2:31:31 [0] NCCL INFO AllReduce: 8388608 Bytes -> Algo RING proto LL128 channel{Lo..Hi}={0..15}
srv2:31:31 [0] NCCL INFO AllReduce: 8388608 Bytes -> Algo RING proto LL128 channel{Lo..Hi}={0..15}
srv2:31:31 [0] NCCL INFO AllReduce: 8388608 Bytes -> Algo RING proto LL128 channel{Lo..Hi}={0..15}
srv2:31:31 [0] NCCL INFO AllReduce: 8388608 Bytes -> Algo RING proto LL128 channel{Lo..Hi}={0..15}
srv2:31:31 [0] NCCL INFO AllReduce: 8388608 Bytes -> Algo RING proto LL128 channel{Lo..Hi}={0..15}
srv2:31:31 [0] NCCL INFO AllReduce: 8388608 Bytes -> Algo RING proto LL128 channel{Lo..Hi}={0..15}
srv2:31:31 [0] NCCL INFO AllReduce: 8388608 Bytes -> Algo RING proto LL128 channel{Lo..Hi}={0..15}
srv2:31:31 [0] NCCL INFO AllReduce: 8388608 Bytes -> Algo RING proto LL128 channel{Lo..Hi}={0..15}
srv2:31:31 [0] NCCL INFO AllReduce: 8388608 Bytes -> Algo RING proto LL128 channel{Lo..Hi}={0..15}
srv2:31:31 [0] NCCL INFO AllReduce: 8388608 Bytes -> Algo RING proto LL128 channel{Lo..Hi}={0..15}
srv2:31:31 [0] NCCL INFO AllReduce: 8388608 Bytes -> Algo RING proto LL128 channel{Lo..Hi}={0..15}
srv2:31:31 [0] NCCL INFO AllReduce: 8388608 Bytes -> Algo RING proto LL128 channel{Lo..Hi}={0..15}
srv2:31:31 [0] NCCL INFO AllReduce: 8388608 Bytes -> Algo RING proto LL128 channel{Lo..Hi}={0..15}
srv2:31:31 [0] NCCL INFO AllReduce: 8388608 Bytes -> Algo RING proto LL128 channel{Lo..Hi}={0..15}
srv2:31:31 [0] NCCL INFO AllReduce: 8388608 Bytes -> Algo RING proto LL128 channel{Lo..Hi}={0..15}
srv2:31:31 [0] NCCL INFO AllReduce: 8388608 Bytes -> Algo RING proto LL128 channel{Lo..Hi}={0..15}
srv2:31:31 [0] NCCL INFO AllReduce: 8388608 Bytes -> Algo RING proto LL128 channel{Lo..Hi}={0..15}
srv2:31:31 [0] NCCL INFO AllReduce: 8388608 Bytes -> Algo RING proto LL128 channel{Lo..Hi}={0..15}
srv2:31:31 [0] NCCL INFO AllReduce: 8388608 Bytes -> Algo RING proto LL128 channel{Lo..Hi}={0..15}
srv2:31:31 [0] NCCL INFO AllReduce: 8388608 Bytes -> Algo RING proto LL128 channel{Lo..Hi}={0..15}
srv2:31:31 [0] NCCL INFO AllReduce: 8388608 Bytes -> Algo RING proto LL128 channel{Lo..Hi}={0..15}
srv2:31:31 [0] NCCL INFO AllReduce: 8388608 Bytes -> Algo RING proto LL128 channel{Lo..Hi}={0..15}
srv2:31:31 [0] NCCL INFO AllReduce: 8388608 Bytes -> Algo RING proto LL128 channel{Lo..Hi}={0..15}
srv2:31:31 [0] NCCL INFO AllReduce: 8388608 Bytes -> Algo RING proto LL128 channel{Lo..Hi}={0..15}
srv2:31:31 [0] NCCL INFO AllReduce: 8388608 Bytes -> Algo RING proto LL128 channel{Lo..Hi}={0..15}
srv2:31:31 [0] NCCL INFO AllReduce: 8388608 Bytes -> Algo RING proto LL128 channel{Lo..Hi}={0..15}
srv2:31:31 [0] NCCL INFO AllReduce: 8388608 Bytes -> Algo RING proto LL128 channel{Lo..Hi}={0..15}
srv2:31:31 [0] NCCL INFO AllReduce: 8388608 Bytes -> Algo RING proto LL128 channel{Lo..Hi}={0..15}
srv2:31:31 [0] NCCL INFO AllReduce: 8388608 Bytes -> Algo RING proto LL128 channel{Lo..Hi}={0..15}
srv2:31:31 [0] NCCL INFO AllReduce: 8388608 Bytes -> Algo RING proto LL128 channel{Lo..Hi}={0..15}
srv2:31:31 [0] NCCL INFO AllReduce: 8388608 Bytes -> Algo RING proto LL128 channel{Lo..Hi}={0..15}
srv2:31:31 [0] NCCL INFO AllReduce: 8388608 Bytes -> Algo RING proto LL128 channel{Lo..Hi}={0..15}
srv2:31:31 [0] NCCL INFO AllReduce: 8388608 Bytes -> Algo RING proto LL128 channel{Lo..Hi}={0..15}
srv2:31:31 [0] NCCL INFO AllReduce: 8388608 Bytes -> Algo RING proto LL128 channel{Lo..Hi}={0..15}
srv2:31:31 [0] NCCL INFO AllReduce: 8388608 Bytes -> Algo RING proto LL128 channel{Lo..Hi}={0..15}
srv2:31:31 [0] NCCL INFO AllReduce: 8388608 Bytes -> Algo RING proto LL128 channel{Lo..Hi}={0..15}
srv2:31:31 [0] NCCL INFO AllReduce: 8388608 Bytes -> Algo RING proto LL128 channel{Lo..Hi}={0..15}
srv2:31:31 [0] NCCL INFO AllReduce: 8388608 Bytes -> Algo RING proto LL128 channel{Lo..Hi}={0..15}
srv2:31:31 [0] NCCL INFO AllReduce: 8388608 Bytes -> Algo RING proto LL128 channel{Lo..Hi}={0..15}
srv2:31:31 [0] NCCL INFO AllReduce: 8388608 Bytes -> Algo RING proto LL128 channel{Lo..Hi}={0..15}
srv2:31:31 [0] NCCL INFO AllReduce: 8388608 Bytes -> Algo RING proto LL128 channel{Lo..Hi}={0..15}
srv2:31:31 [0] NCCL INFO AllReduce: 8388608 Bytes -> Algo RING proto LL128 channel{Lo..Hi}={0..15}
srv2:31:31 [0] NCCL INFO AllReduce: 8388608 Bytes -> Algo RING proto LL128 channel{Lo..Hi}={0..15}
srv2:31:31 [0] NCCL INFO AllReduce: 8388608 Bytes -> Algo RING proto LL128 channel{Lo..Hi}={0..15}
srv2:31:31 [0] NCCL INFO AllReduce: 8388608 Bytes -> Algo RING proto LL128 channel{Lo..Hi}={0..15}
srv2:31:31 [0] NCCL INFO AllReduce: 8388608 Bytes -> Algo RING proto LL128 channel{Lo..Hi}={0..15}
srv2:31:31 [0] NCCL INFO AllReduce: 8388608 Bytes -> Algo RING proto LL128 channel{Lo..Hi}={0..15}
srv2:31:31 [0] NCCL INFO AllReduce: 8388608 Bytes -> Algo RING proto LL128 channel{Lo..Hi}={0..15}
srv2:31:31 [0] NCCL INFO AllReduce: 8388608 Bytes -> Algo RING proto LL128 channel{Lo..Hi}={0..15}
srv2:31:31 [0] NCCL INFO AllReduce: 8388608 Bytes -> Algo RING proto LL128 channel{Lo..Hi}={0..15}
srv2:31:31 [0] NCCL INFO AllReduce: 8388608 Bytes -> Algo RING proto LL128 channel{Lo..Hi}={0..15}
srv2:31:31 [0] NCCL INFO AllReduce: 8388608 Bytes -> Algo RING proto LL128 channel{Lo..Hi}={0..15}
srv2:31:31 [0] NCCL INFO AllReduce: 8388608 Bytes -> Algo RING proto LL128 channel{Lo..Hi}={0..15}
srv2:31:31 [0] NCCL INFO AllReduce: 8388608 Bytes -> Algo RING proto LL128 channel{Lo..Hi}={0..15}
srv2:31:31 [0] NCCL INFO AllReduce: 4 Bytes -> Algo TREE proto LL channel{Lo..Hi}={0..0}
srv2:31:31 [0] NCCL INFO AllReduce: 4 Bytes -> Algo TREE proto LL channel{Lo..Hi}={0..0}
srv2:31:31 [0] NCCL INFO AllReduce: 4 Bytes -> Algo TREE proto LL channel{Lo..Hi}={0..0}
sum 8388608 2438.9514923095703
srv2:31:31 [0] NCCL INFO AllReduce: 8192 Bytes -> Algo RING proto LL channel{Lo..Hi}={0..0}
srv2:31:31 [0] NCCL INFO AllReduce: 8192 Bytes -> Algo RING proto LL channel{Lo..Hi}={0..0}
srv2:31:31 [0] NCCL INFO AllReduce: 8192 Bytes -> Algo RING proto LL channel{Lo..Hi}={0..0}
srv2:31:31 [0] NCCL INFO AllReduce: 8192 Bytes -> Algo RING proto LL channel{Lo..Hi}={0..0}
srv2:31:31 [0] NCCL INFO AllReduce: 8192 Bytes -> Algo RING proto LL channel{Lo..Hi}={0..0}
srv2:31:31 [0] NCCL INFO AllReduce: 8192 Bytes -> Algo RING proto LL channel{Lo..Hi}={0..0}
srv2:31:31 [0] NCCL INFO AllReduce: 8192 Bytes -> Algo RING proto LL channel{Lo..Hi}={0..0}
srv2:31:31 [0] NCCL INFO AllReduce: 8192 Bytes -> Algo RING proto LL channel{Lo..Hi}={0..0}
srv2:31:31 [0] NCCL INFO AllReduce: 8192 Bytes -> Algo RING proto LL channel{Lo..Hi}={0..0}
srv2:31:31 [0] NCCL INFO AllReduce: 8192 Bytes -> Algo RING proto LL channel{Lo..Hi}={0..0}
srv2:31:31 [0] NCCL INFO AllReduce: 8192 Bytes -> Algo RING proto LL channel{Lo..Hi}={0..0}
srv2:31:31 [0] NCCL INFO AllReduce: 8192 Bytes -> Algo RING proto LL channel{Lo..Hi}={0..0}
srv2:31:31 [0] NCCL INFO AllReduce: 8192 Bytes -> Algo RING proto LL channel{Lo..Hi}={0..0}
srv2:31:31 [0] NCCL INFO AllReduce: 8192 Bytes -> Algo RING proto LL channel{Lo..Hi}={0..0}
srv2:31:31 [0] NCCL INFO AllReduce: 8192 Bytes -> Algo RING proto LL channel{Lo..Hi}={0..0}
srv2:31:31 [0] NCCL INFO AllReduce: 8192 Bytes -> Algo RING proto LL channel{Lo..Hi}={0..0}
srv2:31:31 [0] NCCL INFO AllReduce: 8192 Bytes -> Algo RING proto LL channel{Lo..Hi}={0..0}
srv2:31:31 [0] NCCL INFO AllReduce: 8192 Bytes -> Algo RING proto LL channel{Lo..Hi}={0..0}
srv2:31:31 [0] NCCL INFO AllReduce: 8192 Bytes -> Algo RING proto LL channel{Lo..Hi}={0..0}
srv2:31:31 [0] NCCL INFO AllReduce: 8192 Bytes -> Algo RING proto LL channel{Lo..Hi}={0..0}
srv2:31:31 [0] NCCL INFO AllReduce: 8192 Bytes -> Algo RING proto LL channel{Lo..Hi}={0..0}
srv2:31:31 [0] NCCL INFO AllReduce: 8192 Bytes -> Algo RING proto LL channel{Lo..Hi}={0..0}
srv2:31:31 [0] NCCL INFO AllReduce: 8192 Bytes -> Algo RING proto LL channel{Lo..Hi}={0..0}
srv2:31:31 [0] NCCL INFO AllReduce: 8192 Bytes -> Algo RING proto LL channel{Lo..Hi}={0..0}
srv2:31:31 [0] NCCL INFO AllReduce: 8192 Bytes -> Algo RING proto LL channel{Lo..Hi}={0..0}
srv2:31:31 [0] NCCL INFO AllReduce: 8192 Bytes -> Algo RING proto LL channel{Lo..Hi}={0..0}
srv2:31:31 [0] NCCL INFO AllReduce: 8192 Bytes -> Algo RING proto LL channel{Lo..Hi}={0..0}
srv2:31:31 [0] NCCL INFO AllReduce: 8192 Bytes -> Algo RING proto LL channel{Lo..Hi}={0..0}
srv2:31:31 [0] NCCL INFO AllReduce: 8192 Bytes -> Algo RING proto LL channel{Lo..Hi}={0..0}
srv2:31:31 [0] NCCL INFO AllReduce: 8192 Bytes -> Algo RING proto LL channel{Lo..Hi}={0..0}
srv2:31:31 [0] NCCL INFO AllReduce: 8192 Bytes -> Algo RING proto LL channel{Lo..Hi}={0..0}
srv2:31:31 [0] NCCL INFO AllReduce: 8192 Bytes -> Algo RING proto LL channel{Lo..Hi}={0..0}
srv2:31:31 [0] NCCL INFO AllReduce: 8192 Bytes -> Algo RING proto LL channel{Lo..Hi}={0..0}
srv2:31:31 [0] NCCL INFO AllReduce: 8192 Bytes -> Algo RING proto LL channel{Lo..Hi}={0..0}
srv2:31:31 [0] NCCL INFO AllReduce: 8192 Bytes -> Algo RING proto LL channel{Lo..Hi}={0..0}
srv2:31:31 [0] NCCL INFO AllReduce: 8192 Bytes -> Algo RING proto LL channel{Lo..Hi}={0..0}
srv2:31:31 [0] NCCL INFO AllReduce: 8192 Bytes -> Algo RING proto LL channel{Lo..Hi}={0..0}
srv2:31:31 [0] NCCL INFO AllReduce: 8192 Bytes -> Algo RING proto LL channel{Lo..Hi}={0..0}
srv2:31:31 [0] NCCL INFO AllReduce: 8192 Bytes -> Algo RING proto LL channel{Lo..Hi}={0..0}
srv2:31:31 [0] NCCL INFO AllReduce: 8192 Bytes -> Algo RING proto LL channel{Lo..Hi}={0..0}
srv2:31:31 [0] NCCL INFO AllReduce: 8192 Bytes -> Algo RING proto LL channel{Lo..Hi}={0..0}
srv2:31:31 [0] NCCL INFO AllReduce: 8192 Bytes -> Algo RING proto LL channel{Lo..Hi}={0..0}
srv2:31:31 [0] NCCL INFO AllReduce: 8192 Bytes -> Algo RING proto LL channel{Lo..Hi}={0..0}
srv2:31:31 [0] NCCL INFO AllReduce: 8192 Bytes -> Algo RING proto LL channel{Lo..Hi}={0..0}
srv2:31:31 [0] NCCL INFO AllReduce: 8192 Bytes -> Algo RING proto LL channel{Lo..Hi}={0..0}
srv2:31:31 [0] NCCL INFO AllReduce: 8192 Bytes -> Algo RING proto LL channel{Lo..Hi}={0..0}
srv2:31:31 [0] NCCL INFO AllReduce: 8192 Bytes -> Algo RING proto LL channel{Lo..Hi}={0..0}
srv2:31:31 [0] NCCL INFO AllReduce: 8192 Bytes -> Algo RING proto LL channel{Lo..Hi}={0..0}
srv2:31:31 [0] NCCL INFO AllReduce: 8192 Bytes -> Algo RING proto LL channel{Lo..Hi}={0..0}
srv2:31:31 [0] NCCL INFO AllReduce: 8192 Bytes -> Algo RING proto LL channel{Lo..Hi}={0..0}
srv2:31:31 [0] NCCL INFO AllReduce: 8192 Bytes -> Algo RING proto LL channel{Lo..Hi}={0..0}
srv2:31:31 [0] NCCL INFO AllReduce: 8192 Bytes -> Algo RING proto LL channel{Lo..Hi}={0..0}
srv2:31:31 [0] NCCL INFO AllReduce: 8192 Bytes -> Algo RING proto LL channel{Lo..Hi}={0..0}
srv2:31:31 [0] NCCL INFO AllReduce: 8192 Bytes -> Algo RING proto LL channel{Lo..Hi}={0..0}
srv2:31:31 [0] NCCL INFO AllReduce: 8192 Bytes -> Algo RING proto LL channel{Lo..Hi}={0..0}
srv2:31:31 [0] NCCL INFO AllReduce: 8192 Bytes -> Algo RING proto LL channel{Lo..Hi}={0..0}
srv2:31:31 [0] NCCL INFO AllReduce: 8192 Bytes -> Algo RING proto LL channel{Lo..Hi}={0..0}
srv2:31:31 [0] NCCL INFO AllReduce: 8192 Bytes -> Algo RING proto LL channel{Lo..Hi}={0..0}
srv2:31:31 [0] NCCL INFO AllReduce: 8192 Bytes -> Algo RING proto LL channel{Lo..Hi}={0..0}
srv2:31:31 [0] NCCL INFO AllReduce: 8192 Bytes -> Algo RING proto LL channel{Lo..Hi}={0..0}
srv2:31:31 [0] NCCL INFO AllReduce: 8192 Bytes -> Algo RING proto LL channel{Lo..Hi}={0..0}
srv2:31:31 [0] NCCL INFO AllReduce: 8192 Bytes -> Algo RING proto LL channel{Lo..Hi}={0..0}
srv2:31:31 [0] NCCL INFO AllReduce: 8192 Bytes -> Algo RING proto LL channel{Lo..Hi}={0..0}
srv2:31:31 [0] NCCL INFO AllReduce: 8192 Bytes -> Algo RING proto LL channel{Lo..Hi}={0..0}
srv2:31:31 [0] NCCL INFO AllReduce: 8192 Bytes -> Algo RING proto LL channel{Lo..Hi}={0..0}
srv2:31:31 [0] NCCL INFO AllReduce: 8192 Bytes -> Algo RING proto LL channel{Lo..Hi}={0..0}
srv2:31:31 [0] NCCL INFO AllReduce: 8192 Bytes -> Algo RING proto LL channel{Lo..Hi}={0..0}
srv2:31:31 [0] NCCL INFO AllReduce: 8192 Bytes -> Algo RING proto LL channel{Lo..Hi}={0..0}
srv2:31:31 [0] NCCL INFO AllReduce: 8192 Bytes -> Algo RING proto LL channel{Lo..Hi}={0..0}
srv2:31:31 [0] NCCL INFO AllReduce: 8192 Bytes -> Algo RING proto LL channel{Lo..Hi}={0..0}
srv2:31:31 [0] NCCL INFO AllReduce: 8192 Bytes -> Algo RING proto LL channel{Lo..Hi}={0..0}
srv2:31:31 [0] NCCL INFO AllReduce: 8192 Bytes -> Algo RING proto LL channel{Lo..Hi}={0..0}
srv2:31:31 [0] NCCL INFO AllReduce: 8192 Bytes -> Algo RING proto LL channel{Lo..Hi}={0..0}
srv2:31:31 [0] NCCL INFO AllReduce: 8192 Bytes -> Algo RING proto LL channel{Lo..Hi}={0..0}
srv2:31:31 [0] NCCL INFO AllReduce: 8192 Bytes -> Algo RING proto LL channel{Lo..Hi}={0..0}
srv2:31:31 [0] NCCL INFO AllReduce: 8192 Bytes -> Algo RING proto LL channel{Lo..Hi}={0..0}
srv2:31:31 [0] NCCL INFO AllReduce: 8192 Bytes -> Algo RING proto LL channel{Lo..Hi}={0..0}
srv2:31:31 [0] NCCL INFO AllReduce: 8192 Bytes -> Algo RING proto LL channel{Lo..Hi}={0..0}
srv2:31:31 [0] NCCL INFO AllReduce: 8192 Bytes -> Algo RING proto LL channel{Lo..Hi}={0..0}
srv2:31:31 [0] NCCL INFO AllReduce: 8192 Bytes -> Algo RING proto LL channel{Lo..Hi}={0..0}
srv2:31:31 [0] NCCL INFO AllReduce: 8192 Bytes -> Algo RING proto LL channel{Lo..Hi}={0..0}
srv2:31:31 [0] NCCL INFO AllReduce: 8192 Bytes -> Algo RING proto LL channel{Lo..Hi}={0..0}
srv2:31:31 [0] NCCL INFO AllReduce: 8192 Bytes -> Algo RING proto LL channel{Lo..Hi}={0..0}
srv2:31:31 [0] NCCL INFO AllReduce: 8192 Bytes -> Algo RING proto LL channel{Lo..Hi}={0..0}
srv2:31:31 [0] NCCL INFO AllReduce: 8192 Bytes -> Algo RING proto LL channel{Lo..Hi}={0..0}
srv2:31:31 [0] NCCL INFO AllReduce: 8192 Bytes -> Algo RING proto LL channel{Lo..Hi}={0..0}
srv2:31:31 [0] NCCL INFO AllReduce: 8192 Bytes -> Algo RING proto LL channel{Lo..Hi}={0..0}
srv2:31:31 [0] NCCL INFO AllReduce: 8192 Bytes -> Algo RING proto LL channel{Lo..Hi}={0..0}
srv2:31:31 [0] NCCL INFO AllReduce: 8192 Bytes -> Algo RING proto LL channel{Lo..Hi}={0..0}
srv2:31:31 [0] NCCL INFO AllReduce: 8192 Bytes -> Algo RING proto LL channel{Lo..Hi}={0..0}
srv2:31:31 [0] NCCL INFO AllReduce: 8192 Bytes -> Algo RING proto LL channel{Lo..Hi}={0..0}
srv2:31:31 [0] NCCL INFO AllReduce: 8192 Bytes -> Algo RING proto LL channel{Lo..Hi}={0..0}
srv2:31:31 [0] NCCL INFO AllReduce: 8192 Bytes -> Algo RING proto LL channel{Lo..Hi}={0..0}
srv2:31:31 [0] NCCL INFO AllReduce: 8192 Bytes -> Algo RING proto LL channel{Lo..Hi}={0..0}
srv2:31:31 [0] NCCL INFO AllReduce: 8192 Bytes -> Algo RING proto LL channel{Lo..Hi}={0..0}
srv2:31:31 [0] NCCL INFO AllReduce: 8192 Bytes -> Algo RING proto LL channel{Lo..Hi}={0..0}
srv2:31:31 [0] NCCL INFO AllReduce: 8192 Bytes -> Algo RING proto LL channel{Lo..Hi}={0..0}
srv2:31:31 [0] NCCL INFO AllReduce: 8192 Bytes -> Algo RING proto LL channel{Lo..Hi}={0..0}
srv2:31:31 [0] NCCL INFO AllReduce: 8192 Bytes -> Algo RING proto LL channel{Lo..Hi}={0..0}
srv2:31:31 [0] NCCL INFO AllReduce: 8192 Bytes -> Algo RING proto LL channel{Lo..Hi}={0..0}
srv2:31:31 [0] NCCL INFO AllReduce: 8192 Bytes -> Algo RING proto LL channel{Lo..Hi}={0..0}
srv2:31:31 [0] NCCL INFO AllReduce: 8192 Bytes -> Algo RING proto LL channel{Lo..Hi}={0..0}
srv2:31:31 [0] NCCL INFO AllReduce: 8192 Bytes -> Algo RING proto LL channel{Lo..Hi}={0..0}
srv2:31:31 [0] NCCL INFO AllReduce: 8192 Bytes -> Algo RING proto LL channel{Lo..Hi}={0..0}
srv2:31:31 [0] NCCL INFO AllReduce: 8192 Bytes -> Algo RING proto LL channel{Lo..Hi}={0..0}
srv2:31:31 [0] NCCL INFO AllReduce: 8192 Bytes -> Algo RING proto LL channel{Lo..Hi}={0..0}
srv2:31:31 [0] NCCL INFO AllReduce: 8192 Bytes -> Algo RING proto LL channel{Lo..Hi}={0..0}
srv2:31:31 [0] NCCL INFO AllReduce: 8192 Bytes -> Algo RING proto LL channel{Lo..Hi}={0..0}
srv2:31:31 [0] NCCL INFO AllReduce: 8192 Bytes -> Algo RING proto LL channel{Lo..Hi}={0..0}
srv2:31:31 [0] NCCL INFO AllReduce: 8192 Bytes -> Algo RING proto LL channel{Lo..Hi}={0..0}
srv2:31:31 [0] NCCL INFO AllReduce: 8192 Bytes -> Algo RING proto LL channel{Lo..Hi}={0..0}
srv2:31:31 [0] NCCL INFO AllReduce: 8192 Bytes -> Algo RING proto LL channel{Lo..Hi}={0..0}
srv2:31:31 [0] NCCL INFO AllReduce: 8192 Bytes -> Algo RING proto LL channel{Lo..Hi}={0..0}
srv2:31:31 [0] NCCL INFO AllReduce: 8192 Bytes -> Algo RING proto LL channel{Lo..Hi}={0..0}
srv2:31:31 [0] NCCL INFO AllReduce: 8192 Bytes -> Algo RING proto LL channel{Lo..Hi}={0..0}
srv2:31:31 [0] NCCL INFO AllReduce: 8192 Bytes -> Algo RING proto LL channel{Lo..Hi}={0..0}
srv2:31:31 [0] NCCL INFO AllReduce: 8192 Bytes -> Algo RING proto LL channel{Lo..Hi}={0..0}
srv2:31:31 [0] NCCL INFO AllReduce: 8192 Bytes -> Algo RING proto LL channel{Lo..Hi}={0..0}
srv2:31:31 [0] NCCL INFO AllReduce: 8192 Bytes -> Algo RING proto LL channel{Lo..Hi}={0..0}
srv2:31:31 [0] NCCL INFO AllReduce: 8192 Bytes -> Algo RING proto LL channel{Lo..Hi}={0..0}
srv2:31:31 [0] NCCL INFO AllReduce: 8192 Bytes -> Algo RING proto LL channel{Lo..Hi}={0..0}
srv2:31:31 [0] NCCL INFO AllReduce: 8192 Bytes -> Algo RING proto LL channel{Lo..Hi}={0..0}
srv2:31:31 [0] NCCL INFO AllReduce: 8192 Bytes -> Algo RING proto LL channel{Lo..Hi}={0..0}
srv2:31:31 [0] NCCL INFO AllReduce: 8192 Bytes -> Algo RING proto LL channel{Lo..Hi}={0..0}
srv2:31:31 [0] NCCL INFO AllReduce: 8192 Bytes -> Algo RING proto LL channel{Lo..Hi}={0..0}
srv2:31:31 [0] NCCL INFO AllReduce: 8192 Bytes -> Algo RING proto LL channel{Lo..Hi}={0..0}
srv2:31:31 [0] NCCL INFO AllReduce: 8192 Bytes -> Algo RING proto LL channel{Lo..Hi}={0..0}
srv2:31:31 [0] NCCL INFO AllReduce: 8192 Bytes -> Algo RING proto LL channel{Lo..Hi}={0..0}
srv2:31:31 [0] NCCL INFO AllReduce: 8192 Bytes -> Algo RING proto LL channel{Lo..Hi}={0..0}
srv2:31:31 [0] NCCL INFO AllReduce: 8192 Bytes -> Algo RING proto LL channel{Lo..Hi}={0..0}
srv2:31:31 [0] NCCL INFO AllReduce: 8192 Bytes -> Algo RING proto LL channel{Lo..Hi}={0..0}
srv2:31:31 [0] NCCL INFO AllReduce: 8192 Bytes -> Algo RING proto LL channel{Lo..Hi}={0..0}
srv2:31:31 [0] NCCL INFO AllReduce: 4 Bytes -> Algo TREE proto LL channel{Lo..Hi}={0..0}
srv2:31:31 [0] NCCL INFO AllReduce: 4 Bytes -> Algo TREE proto LL channel{Lo..Hi}={0..0}
srv2:31:31 [0] NCCL INFO AllReduce: 4 Bytes -> Algo TREE proto LL channel{Lo..Hi}={0..0}
injected_wait -1 [1.853000016126316, 81.54849946731701]
srv2:31:31 [0] NCCL INFO AllReduce: 8192 Bytes -> Algo RING proto LL channel{Lo..Hi}={0..0}
srv2:31:31 [0] NCCL INFO AllReduce: 8192 Bytes -> Algo RING proto LL channel{Lo..Hi}={0..0}
srv2:31:31 [0] NCCL INFO AllReduce: 8192 Bytes -> Algo RING proto LL channel{Lo..Hi}={0..0}
srv2:31:31 [0] NCCL INFO AllReduce: 8192 Bytes -> Algo RING proto LL channel{Lo..Hi}={0..0}
srv2:31:31 [0] NCCL INFO AllReduce: 8192 Bytes -> Algo RING proto LL channel{Lo..Hi}={0..0}
srv2:31:31 [0] NCCL INFO AllReduce: 8192 Bytes -> Algo RING proto LL channel{Lo..Hi}={0..0}
srv2:31:31 [0] NCCL INFO AllReduce: 8192 Bytes -> Algo RING proto LL channel{Lo..Hi}={0..0}
srv2:31:31 [0] NCCL INFO AllReduce: 8192 Bytes -> Algo RING proto LL channel{Lo..Hi}={0..0}
srv2:31:31 [0] NCCL INFO AllReduce: 8192 Bytes -> Algo RING proto LL channel{Lo..Hi}={0..0}
srv2:31:31 [0] NCCL INFO AllReduce: 8192 Bytes -> Algo RING proto LL channel{Lo..Hi}={0..0}
srv2:31:31 [0] NCCL INFO AllReduce: 8192 Bytes -> Algo RING proto LL channel{Lo..Hi}={0..0}
srv2:31:31 [0] NCCL INFO AllReduce: 8192 Bytes -> Algo RING proto LL channel{Lo..Hi}={0..0}
srv2:31:31 [0] NCCL INFO AllReduce: 8192 Bytes -> Algo RING proto LL channel{Lo..Hi}={0..0}
srv2:31:31 [0] NCCL INFO AllReduce: 8192 Bytes -> Algo RING proto LL channel{Lo..Hi}={0..0}
srv2:31:31 [0] NCCL INFO AllReduce: 8192 Bytes -> Algo RING proto LL channel{Lo..Hi}={0..0}
srv2:31:31 [0] NCCL INFO AllReduce: 8192 Bytes -> Algo RING proto LL channel{Lo..Hi}={0..0}
srv2:31:31 [0] NCCL INFO AllReduce: 8192 Bytes -> Algo RING proto LL channel{Lo..Hi}={0..0}
srv2:31:31 [0] NCCL INFO AllReduce: 8192 Bytes -> Algo RING proto LL channel{Lo..Hi}={0..0}
srv2:31:31 [0] NCCL INFO AllReduce: 8192 Bytes -> Algo RING proto LL channel{Lo..Hi}={0..0}
srv2:31:31 [0] NCCL INFO AllReduce: 8192 Bytes -> Algo RING proto LL channel{Lo..Hi}={0..0}
srv2:31:31 [0] NCCL INFO AllReduce: 8192 Bytes -> Algo RING proto LL channel{Lo..Hi}={0..0}
srv2:31:31 [0] NCCL INFO AllReduce: 8192 Bytes -> Algo RING proto LL channel{Lo..Hi}={0..0}
srv2:31:31 [0] NCCL INFO AllReduce: 8192 Bytes -> Algo RING proto LL channel{Lo..Hi}={0..0}
srv2:31:31 [0] NCCL INFO AllReduce: 8192 Bytes -> Algo RING proto LL channel{Lo..Hi}={0..0}
srv2:31:31 [0] NCCL INFO AllReduce: 8192 Bytes -> Algo RING proto LL channel{Lo..Hi}={0..0}
srv2:31:31 [0] NCCL INFO AllReduce: 8192 Bytes -> Algo RING proto LL channel{Lo..Hi}={0..0}
srv2:31:31 [0] NCCL INFO AllReduce: 8192 Bytes -> Algo RING proto LL channel{Lo..Hi}={0..0}
srv2:31:31 [0] NCCL INFO AllReduce: 8192 Bytes -> Algo RING proto LL channel{Lo..Hi}={0..0}
srv2:31:31 [0] NCCL INFO AllReduce: 8192 Bytes -> Algo RING proto LL channel{Lo..Hi}={0..0}
srv2:31:31 [0] NCCL INFO AllReduce: 8192 Bytes -> Algo RING proto LL channel{Lo..Hi}={0..0}
srv2:31:31 [0] NCCL INFO AllReduce: 8192 Bytes -> Algo RING proto LL channel{Lo..Hi}={0..0}
srv2:31:31 [0] NCCL INFO AllReduce: 8192 Bytes -> Algo RING proto LL channel{Lo..Hi}={0..0}
srv2:31:31 [0] NCCL INFO AllReduce: 8192 Bytes -> Algo RING proto LL channel{Lo..Hi}={0..0}
srv2:31:31 [0] NCCL INFO AllReduce: 8192 Bytes -> Algo RING proto LL channel{Lo..Hi}={0..0}
srv2:31:31 [0] NCCL INFO AllReduce: 8192 Bytes -> Algo RING proto LL channel{Lo..Hi}={0..0}
srv2:31:31 [0] NCCL INFO AllReduce: 8192 Bytes -> Algo RING proto LL channel{Lo..Hi}={0..0}
srv2:31:31 [0] NCCL INFO AllReduce: 8192 Bytes -> Algo RING proto LL channel{Lo..Hi}={0..0}
srv2:31:31 [0] NCCL INFO AllReduce: 8192 Bytes -> Algo RING proto LL channel{Lo..Hi}={0..0}
srv2:31:31 [0] NCCL INFO AllReduce: 8192 Bytes -> Algo RING proto LL channel{Lo..Hi}={0..0}
srv2:31:31 [0] NCCL INFO AllReduce: 8192 Bytes -> Algo RING proto LL channel{Lo..Hi}={0..0}
srv2:31:31 [0] NCCL INFO AllReduce: 8192 Bytes -> Algo RING proto LL channel{Lo..Hi}={0..0}
srv2:31:31 [0] NCCL INFO AllReduce: 8192 Bytes -> Algo RING proto LL channel{Lo..Hi}={0..0}
srv2:31:31 [0] NCCL INFO AllReduce: 8192 Bytes -> Algo RING proto LL channel{Lo..Hi}={0..0}
srv2:31:31 [0] NCCL INFO AllReduce: 8192 Bytes -> Algo RING proto LL channel{Lo..Hi}={0..0}
srv2:31:31 [0] NCCL INFO AllReduce: 8192 Bytes -> Algo RING proto LL channel{Lo..Hi}={0..0}
srv2:31:31 [0] NCCL INFO AllReduce: 8192 Bytes -> Algo RING proto LL channel{Lo..Hi}={0..0}
srv2:31:31 [0] NCCL INFO AllReduce: 8192 Bytes -> Algo RING proto LL channel{Lo..Hi}={0..0}
srv2:31:31 [0] NCCL INFO AllReduce: 8192 Bytes -> Algo RING proto LL channel{Lo..Hi}={0..0}
srv2:31:31 [0] NCCL INFO AllReduce: 8192 Bytes -> Algo RING proto LL channel{Lo..Hi}={0..0}
srv2:31:31 [0] NCCL INFO AllReduce: 8192 Bytes -> Algo RING proto LL channel{Lo..Hi}={0..0}
srv2:31:31 [0] NCCL INFO AllReduce: 8192 Bytes -> Algo RING proto LL channel{Lo..Hi}={0..0}
srv2:31:31 [0] NCCL INFO AllReduce: 8192 Bytes -> Algo RING proto LL channel{Lo..Hi}={0..0}
srv2:31:31 [0] NCCL INFO AllReduce: 8192 Bytes -> Algo RING proto LL channel{Lo..Hi}={0..0}
srv2:31:31 [0] NCCL INFO AllReduce: 8192 Bytes -> Algo RING proto LL channel{Lo..Hi}={0..0}
srv2:31:31 [0] NCCL INFO AllReduce: 8192 Bytes -> Algo RING proto LL channel{Lo..Hi}={0..0}
srv2:31:31 [0] NCCL INFO AllReduce: 8192 Bytes -> Algo RING proto LL channel{Lo..Hi}={0..0}
srv2:31:31 [0] NCCL INFO AllReduce: 8192 Bytes -> Algo RING proto LL channel{Lo..Hi}={0..0}
srv2:31:31 [0] NCCL INFO AllReduce: 8192 Bytes -> Algo RING proto LL channel{Lo..Hi}={0..0}
srv2:31:31 [0] NCCL INFO AllReduce: 8192 Bytes -> Algo RING proto LL channel{Lo..Hi}={0..0}
srv2:31:31 [0] NCCL INFO AllReduce: 8192 Bytes -> Algo RING proto LL channel{Lo..Hi}={0..0}
srv2:31:31 [0] NCCL INFO AllReduce: 8192 Bytes -> Algo RING proto LL channel{Lo..Hi}={0..0}
srv2:31:31 [0] NCCL INFO AllReduce: 8192 Bytes -> Algo RING proto LL channel{Lo..Hi}={0..0}
srv2:31:31 [0] NCCL INFO AllReduce: 8192 Bytes -> Algo RING proto LL channel{Lo..Hi}={0..0}
srv2:31:31 [0] NCCL INFO AllReduce: 8192 Bytes -> Algo RING proto LL channel{Lo..Hi}={0..0}
srv2:31:31 [0] NCCL INFO AllReduce: 8192 Bytes -> Algo RING proto LL channel{Lo..Hi}={0..0}
srv2:31:31 [0] NCCL INFO AllReduce: 8192 Bytes -> Algo RING proto LL channel{Lo..Hi}={0..0}
srv2:31:31 [0] NCCL INFO AllReduce: 8192 Bytes -> Algo RING proto LL channel{Lo..Hi}={0..0}
srv2:31:31 [0] NCCL INFO AllReduce: 8192 Bytes -> Algo RING proto LL channel{Lo..Hi}={0..0}
srv2:31:31 [0] NCCL INFO AllReduce: 8192 Bytes -> Algo RING proto LL channel{Lo..Hi}={0..0}
srv2:31:31 [0] NCCL INFO AllReduce: 8192 Bytes -> Algo RING proto LL channel{Lo..Hi}={0..0}
srv2:31:31 [0] NCCL INFO AllReduce: 8192 Bytes -> Algo RING proto LL channel{Lo..Hi}={0..0}
srv2:31:31 [0] NCCL INFO AllReduce: 8192 Bytes -> Algo RING proto LL channel{Lo..Hi}={0..0}
srv2:31:31 [0] NCCL INFO AllReduce: 8192 Bytes -> Algo RING proto LL channel{Lo..Hi}={0..0}
srv2:31:31 [0] NCCL INFO AllReduce: 8192 Bytes -> Algo RING proto LL channel{Lo..Hi}={0..0}
srv2:31:31 [0] NCCL INFO AllReduce: 8192 Bytes -> Algo RING proto LL channel{Lo..Hi}={0..0}
srv2:31:31 [0] NCCL INFO AllReduce: 8192 Bytes -> Algo RING proto LL channel{Lo..Hi}={0..0}
srv2:31:31 [0] NCCL INFO AllReduce: 8192 Bytes -> Algo RING proto LL channel{Lo..Hi}={0..0}
srv2:31:31 [0] NCCL INFO AllReduce: 8192 Bytes -> Algo RING proto LL channel{Lo..Hi}={0..0}
srv2:31:31 [0] NCCL INFO AllReduce: 8192 Bytes -> Algo RING proto LL channel{Lo..Hi}={0..0}
srv2:31:31 [0] NCCL INFO AllReduce: 8192 Bytes -> Algo RING proto LL channel{Lo..Hi}={0..0}
srv2:31:31 [0] NCCL INFO AllReduce: 8192 Bytes -> Algo RING proto LL channel{Lo..Hi}={0..0}
srv2:31:31 [0] NCCL INFO AllReduce: 8192 Bytes -> Algo RING proto LL channel{Lo..Hi}={0..0}
srv2:31:31 [0] NCCL INFO AllReduce: 8192 Bytes -> Algo RING proto LL channel{Lo..Hi}={0..0}
srv2:31:31 [0] NCCL INFO AllReduce: 8192 Bytes -> Algo RING proto LL channel{Lo..Hi}={0..0}
srv2:31:31 [0] NCCL INFO AllReduce: 8192 Bytes -> Algo RING proto LL channel{Lo..Hi}={0..0}
srv2:31:31 [0] NCCL INFO AllReduce: 8192 Bytes -> Algo RING proto LL channel{Lo..Hi}={0..0}
srv2:31:31 [0] NCCL INFO AllReduce: 8192 Bytes -> Algo RING proto LL channel{Lo..Hi}={0..0}
srv2:31:31 [0] NCCL INFO AllReduce: 8192 Bytes -> Algo RING proto LL channel{Lo..Hi}={0..0}
srv2:31:31 [0] NCCL INFO AllReduce: 8192 Bytes -> Algo RING proto LL channel{Lo..Hi}={0..0}
srv2:31:31 [0] NCCL INFO AllReduce: 8192 Bytes -> Algo RING proto LL channel{Lo..Hi}={0..0}
srv2:31:31 [0] NCCL INFO AllReduce: 8192 Bytes -> Algo RING proto LL channel{Lo..Hi}={0..0}
srv2:31:31 [0] NCCL INFO AllReduce: 8192 Bytes -> Algo RING proto LL channel{Lo..Hi}={0..0}
srv2:31:31 [0] NCCL INFO AllReduce: 8192 Bytes -> Algo RING proto LL channel{Lo..Hi}={0..0}
srv2:31:31 [0] NCCL INFO AllReduce: 8192 Bytes -> Algo RING proto LL channel{Lo..Hi}={0..0}
srv2:31:31 [0] NCCL INFO AllReduce: 8192 Bytes -> Algo RING proto LL channel{Lo..Hi}={0..0}
srv2:31:31 [0] NCCL INFO AllReduce: 8192 Bytes -> Algo RING proto LL channel{Lo..Hi}={0..0}
srv2:31:31 [0] NCCL INFO AllReduce: 8192 Bytes -> Algo RING proto LL channel{Lo..Hi}={0..0}
srv2:31:31 [0] NCCL INFO AllReduce: 8192 Bytes -> Algo RING proto LL channel{Lo..Hi}={0..0}
srv2:31:31 [0] NCCL INFO AllReduce: 8192 Bytes -> Algo RING proto LL channel{Lo..Hi}={0..0}
srv2:31:31 [0] NCCL INFO AllReduce: 8192 Bytes -> Algo RING proto LL channel{Lo..Hi}={0..0}
srv2:31:31 [0] NCCL INFO AllReduce: 8192 Bytes -> Algo RING proto LL channel{Lo..Hi}={0..0}
srv2:31:31 [0] NCCL INFO AllReduce: 8192 Bytes -> Algo RING proto LL channel{Lo..Hi}={0..0}
srv2:31:31 [0] NCCL INFO AllReduce: 8192 Bytes -> Algo RING proto LL channel{Lo..Hi}={0..0}
srv2:31:31 [0] NCCL INFO AllReduce: 8192 Bytes -> Algo RING proto LL channel{Lo..Hi}={0..0}
srv2:31:31 [0] NCCL INFO AllReduce: 8192 Bytes -> Algo RING proto LL channel{Lo..Hi}={0..0}
srv2:31:31 [0] NCCL INFO AllReduce: 8192 Bytes -> Algo RING proto LL channel{Lo..Hi}={0..0}
srv2:31:31 [0] NCCL INFO AllReduce: 8192 Bytes -> Algo RING proto LL channel{Lo..Hi}={0..0}
srv2:31:31 [0] NCCL INFO AllReduce: 8192 Bytes -> Algo RING proto LL channel{Lo..Hi}={0..0}
srv2:31:31 [0] NCCL INFO AllReduce: 8192 Bytes -> Algo RING proto LL channel{Lo..Hi}={0..0}
srv2:31:31 [0] NCCL INFO AllReduce: 8192 Bytes -> Algo RING proto LL channel{Lo..Hi}={0..0}
srv2:31:31 [0] NCCL INFO AllReduce: 8192 Bytes -> Algo RING proto LL channel{Lo..Hi}={0..0}
srv2:31:31 [0] NCCL INFO AllReduce: 8192 Bytes -> Algo RING proto LL channel{Lo..Hi}={0..0}
srv2:31:31 [0] NCCL INFO AllReduce: 8192 Bytes -> Algo RING proto LL channel{Lo..Hi}={0..0}
srv2:31:31 [0] NCCL INFO AllReduce: 8192 Bytes -> Algo RING proto LL channel{Lo..Hi}={0..0}
srv2:31:31 [0] NCCL INFO AllReduce: 8192 Bytes -> Algo RING proto LL channel{Lo..Hi}={0..0}
srv2:31:31 [0] NCCL INFO AllReduce: 8192 Bytes -> Algo RING proto LL channel{Lo..Hi}={0..0}
srv2:31:31 [0] NCCL INFO AllReduce: 8192 Bytes -> Algo RING proto LL channel{Lo..Hi}={0..0}
srv2:31:31 [0] NCCL INFO AllReduce: 8192 Bytes -> Algo RING proto LL channel{Lo..Hi}={0..0}
srv2:31:31 [0] NCCL INFO AllReduce: 8192 Bytes -> Algo RING proto LL channel{Lo..Hi}={0..0}
srv2:31:31 [0] NCCL INFO AllReduce: 8192 Bytes -> Algo RING proto LL channel{Lo..Hi}={0..0}
srv2:31:31 [0] NCCL INFO AllReduce: 8192 Bytes -> Algo RING proto LL channel{Lo..Hi}={0..0}
srv2:31:31 [0] NCCL INFO AllReduce: 8192 Bytes -> Algo RING proto LL channel{Lo..Hi}={0..0}
srv2:31:31 [0] NCCL INFO AllReduce: 8192 Bytes -> Algo RING proto LL channel{Lo..Hi}={0..0}
srv2:31:31 [0] NCCL INFO AllReduce: 8192 Bytes -> Algo RING proto LL channel{Lo..Hi}={0..0}
srv2:31:31 [0] NCCL INFO AllReduce: 8192 Bytes -> Algo RING proto LL channel{Lo..Hi}={0..0}
srv2:31:31 [0] NCCL INFO AllReduce: 8192 Bytes -> Algo RING proto LL channel{Lo..Hi}={0..0}
srv2:31:31 [0] NCCL INFO AllReduce: 8192 Bytes -> Algo RING proto LL channel{Lo..Hi}={0..0}
srv2:31:31 [0] NCCL INFO AllReduce: 8192 Bytes -> Algo RING proto LL channel{Lo..Hi}={0..0}
srv2:31:31 [0] NCCL INFO AllReduce: 8192 Bytes -> Algo RING proto LL channel{Lo..Hi}={0..0}
srv2:31:31 [0] NCCL INFO AllReduce: 8192 Bytes -> Algo RING proto LL channel{Lo..Hi}={0..0}
srv2:31:31 [0] NCCL INFO AllReduce: 8192 Bytes -> Algo RING proto LL channel{Lo..Hi}={0..0}
srv2:31:31 [0] NCCL INFO AllReduce: 8192 Bytes -> Algo RING proto LL channel{Lo..Hi}={0..0}
srv2:31:31 [0] NCCL INFO AllReduce: 4 Bytes -> Algo TREE proto LL channel{Lo..Hi}={0..0}
srv2:31:31 [0] NCCL INFO AllReduce: 4 Bytes -> Algo TREE proto LL channel{Lo..Hi}={0..0}
srv2:31:31 [0] NCCL INFO AllReduce: 4 Bytes -> Algo TREE proto LL channel{Lo..Hi}={0..0}
injected_wait 3 [1.828000011300901, 191.55100034549832]
srv2:31:31 [0] NCCL INFO comm 0x3d74ddb0 rank 0 nranks 4 cudaDev 0 busId f01000 - Destroy COMPLETE
srv2:31:31 [0] NCCL INFO ENV/Plugin: Closing env plugin ncclEnvDefault
[W911 13:22:12.159162023 Utils.hpp:137] Warning: Environment variable NCCL_ASYNC_ERROR_HANDLING is deprecated; use TORCH_NCCL_ASYNC_ERROR_HANDLING instead (function operator())
/usr/local/lib/python3.12/dist-packages/torch/distributed/c10d_logger.py:83: UserWarning: barrier(): using the device under current context. You can specify `device_id` in `init_process_group` to mute this warning.
  return func(*args, **kwargs)
