budget: 8 GiB beside production (the probe's own; ST_PROBE_GIB overrides)
needs one GPU, not four: single-GPU lane (GB10 on srv4 beside production); say --fleet to take the four Sparks instead
preflight qwen38-qsa-geometry-0919c [single]:
{"budget_gib": 8, "entry": "probes/run_engine_probe.sh", "gpus": 1, "kind": "single", "policy": "onepass-only"}
  PASS /home/choiceoh/glm53-logs/fleet.sh == repo
  -> PASS
wait work: step_sim 재검증(최근 onepass 기록 3개, CPU) → /home/choiceoh/glm53-logs/wait-sim/wait-qwen38-qsa-geometry-0919c-20260919-095902.txt
waiting: pos 1/1, held by q38head-0919d [single] (pid 1325107@srv2, since 09:58, est 15m, qwen38 vocab head: served fp8_rows at (32,4,4) vs deep_gemm, final), srv4: a probe is already running there (st-probe-srv2-1325681); srv4: no room beside production -- MemAvailable 23.5 GiB, this check's budget 8.0 GiB, floor 16.0: 15.5 GiB would be left 2026-09-19_09:59:03
waiting: pos 1/1, srv4: a probe is already running there (st-probe-srv2-1325681); srv4: no room beside production -- MemAvailable 23.5 GiB, this check's budget 8.0 GiB, floor 16.0: 15.5 GiB would be left 2026-09-19_09:59:13
wait work: 끝났다 — 4줄 → /home/choiceoh/glm53-logs/wait-sim/wait-qwen38-qsa-geometry-0919c-20260919-095902.txt
GO qwen38-qsa-geometry-0919c 2026-09-19_09:59:25
  single GPU: probes/engine_kernel_check.py on srv4 (tree ~/st-probe-tree, image st-engine:glm53, budget 8 GiB beside production, no fleet lease)
{"event": "device", "name": "NVIDIA GB10", "torch": "2.13.0+cu132", "cuda": "13.2", "triton": "3.7.1", "memory_cap_gib": 6}
{"event": "cell", "heads": 6, "kv_heads": 1, "head_dim": 256, "idx_heads": 4, "idx_dim": 128, "ratio": 4, "budget": 2048, "block": 768, "width": 2051, "widest": 32768, "rule": {"2": [16, 64, 4], "4": [16, 64, 4], "8": [16, 64, 4], "16": [16, 32, 4], "32": [64, 8, 2]}}
{"event": "attend", "rows": 2, "requests": 1, "tokens": 2, "geometry": [16, 1, 1], "passed": true, "largest": 0.005405, "rms": 0.002533, "gated_steps": 0, "gated_differ": 0, "from_rule": [0.005376, 0.002951], "cold_us": 664.21, "warm_us": 611.6, "cold_min_us": 652.22, "warm_min_us": 608.86, "samples": 24}
{"event": "attend", "rows": 2, "requests": 1, "tokens": 2, "geometry": [16, 1, 2], "passed": true, "largest": 0.005405, "rms": 0.002533, "gated_steps": 0, "gated_differ": 0, "from_rule": [0.005376, 0.002951], "cold_us": 371.71, "warm_us": 328.64, "cold_min_us": 370.66, "warm_min_us": 327.62, "samples": 24}
{"event": "attend", "rows": 2, "requests": 1, "tokens": 2, "geometry": [16, 1, 4], "passed": true, "largest": 0.005405, "rms": 0.002533, "gated_steps": 0, "gated_differ": 0, "from_rule": [0.005376, 0.002951], "cold_us": 322.34, "warm_us": 281.34, "cold_min_us": 320.1, "warm_min_us": 279.2, "samples": 24}
{"event": "attend", "rows": 2, "requests": 1, "tokens": 2, "geometry": [16, 1, 8], "passed": true, "largest": 0.005405, "rms": 0.002533, "gated_steps": 0, "gated_differ": 0, "from_rule": [0.005376, 0.002951], "cold_us": 307.94, "warm_us": 268.94, "cold_min_us": 305.98, "warm_min_us": 266.56, "samples": 24}
{"event": "attend", "rows": 2, "requests": 1, "tokens": 2, "geometry": [16, 4, 1], "passed": true, "largest": 0.005405, "rms": 0.002542, "gated_steps": 0, "gated_differ": 0, "from_rule": [0.005376, 0.002842], "cold_us": 183.9, "warm_us": 162.53, "cold_min_us": 182.53, "warm_min_us": 160.58, "samples": 24}
{"event": "attend", "rows": 2, "requests": 1, "tokens": 2, "geometry": [16, 4, 2], "passed": true, "largest": 0.005405, "rms": 0.002542, "gated_steps": 0, "gated_differ": 0, "from_rule": [0.005376, 0.002842], "cold_us": 107.1, "warm_us": 92.85, "cold_min_us": 105.92, "warm_min_us": 91.04, "samples": 24}
{"event": "attend", "rows": 2, "requests": 1, "tokens": 2, "geometry": [16, 4, 4], "passed": true, "largest": 0.005405, "rms": 0.002542, "gated_steps": 0, "gated_differ": 0, "from_rule": [0.005376, 0.002842], "cold_us": 94.98, "warm_us": 80.38, "cold_min_us": 94.08, "warm_min_us": 78.91, "samples": 24}
{"event": "attend", "rows": 2, "requests": 1, "tokens": 2, "geometry": [16, 4, 8], "passed": true, "largest": 0.005405, "rms": 0.002542, "gated_steps": 0, "gated_differ": 0, "from_rule": [0.005376, 0.002842], "cold_us": 90.7, "warm_us": 76.5, "cold_min_us": 88.58, "warm_min_us": 74.78, "samples": 24}
{"event": "attend", "rows": 2, "requests": 1, "tokens": 2, "geometry": [16, 16, 1], "passed": true, "largest": 0.005405, "rms": 0.002387, "gated_steps": 0, "gated_differ": 0, "from_rule": [0.005376, 0.002519], "cold_us": 85.49, "warm_us": 54.37, "cold_min_us": 82.98, "warm_min_us": 53.28, "samples": 24}
{"event": "attend", "rows": 2, "requests": 1, "tokens": 2, "geometry": [16, 16, 2], "passed": true, "largest": 0.005405, "rms": 0.002387, "gated_steps": 0, "gated_differ": 0, "from_rule": [0.005376, 0.002519], "cold_us": 54.3, "warm_us": 35.71, "cold_min_us": 52.74, "warm_min_us": 35.1, "samples": 24}
{"event": "attend", "rows": 2, "requests": 1, "tokens": 2, "geometry": [16, 16, 4], "passed": true, "largest": 0.005405, "rms": 0.002387, "gated_steps": 0, "gated_differ": 0, "from_rule": [0.005376, 0.002519], "cold_us": 51.66, "warm_us": 31.54, "cold_min_us": 48.96, "warm_min_us": 30.4, "samples": 24}
{"event": "attend", "rows": 2, "requests": 1, "tokens": 2, "geometry": [16, 16, 8], "passed": true, "largest": 0.005405, "rms": 0.002387, "gated_steps": 0, "gated_differ": 0, "from_rule": [0.005376, 0.002519], "cold_us": 52.66, "warm_us": 31.58, "cold_min_us": 51.01, "warm_min_us": 30.43, "samples": 24}
{"event": "attend", "rows": 2, "requests": 1, "tokens": 2, "geometry": [16, 64, 1], "passed": true, "largest": 0.005405, "rms": 0.002518, "gated_steps": 0, "gated_differ": 0, "from_rule": [0.0, 0.0], "cold_us": 72.67, "warm_us": 33.46, "cold_min_us": 70.82, "warm_min_us": 31.52, "samples": 24}
{"event": "attend", "rows": 2, "requests": 1, "tokens": 2, "geometry": [16, 64, 2], "passed": true, "largest": 0.005405, "rms": 0.002518, "gated_steps": 0, "gated_differ": 0, "from_rule": [0.0, 0.0], "cold_us": 59.41, "warm_us": 25.57, "cold_min_us": 57.54, "warm_min_us": 25.41, "samples": 24}
{"event": "attend", "rows": 2, "requests": 1, "tokens": 2, "geometry": [16, 64, 4], "passed": true, "largest": 0.005405, "rms": 0.002518, "gated_steps": 0, "gated_differ": 0, "from_rule": [0.0, 0.0], "cold_us": 56.96, "warm_us": 23.55, "cold_min_us": 55.2, "warm_min_us": 23.26, "samples": 24}
{"event": "attend", "rows": 2, "requests": 1, "tokens": 2, "geometry": [16, 64, 8], "passed": true, "largest": 0.005405, "rms": 0.002518, "gated_steps": 0, "gated_differ": 0, "from_rule": [0.0, 0.0], "cold_us": 58.29, "warm_us": 25.54, "cold_min_us": 56.29, "warm_min_us": 24.86, "samples": 24}
{"event": "attend", "rows": 2, "requests": 1, "tokens": 2, "geometry": [32, 1, 1], "passed": true, "largest": 0.002703, "rms": 0.002529, "gated_steps": 0, "gated_differ": 0, "from_rule": [0.005376, 0.002953], "cold_us": 229.1, "warm_us": 201.07, "cold_min_us": 227.52, "warm_min_us": 199.58, "samples": 24}
{"event": "attend", "rows": 2, "requests": 1, "tokens": 2, "geometry": [32, 1, 2], "passed": true, "largest": 0.002703, "rms": 0.002529, "gated_steps": 0, "gated_differ": 0, "from_rule": [0.005376, 0.002953], "cold_us": 309.92, "warm_us": 281.25, "cold_min_us": 308.1, "warm_min_us": 279.55, "samples": 24}
{"event": "attend", "rows": 2, "requests": 1, "tokens": 2, "geometry": [32, 1, 4], "passed": true, "largest": 0.002703, "rms": 0.002529, "gated_steps": 0, "gated_differ": 0, "from_rule": [0.005376, 0.002953], "cold_us": 211.6, "warm_us": 189.14, "cold_min_us": 209.82, "warm_min_us": 187.42, "samples": 24}
{"event": "attend", "rows": 2, "requests": 1, "tokens": 2, "geometry": [32, 1, 8], "passed": true, "largest": 0.002703, "rms": 0.002529, "gated_steps": 0, "gated_differ": 0, "from_rule": [0.005376, 0.002953], "cold_us": 194.3, "warm_us": 172.78, "cold_min_us": 192.93, "warm_min_us": 172.0, "samples": 24}
{"event": "attend", "rows": 2, "requests": 1, "tokens": 2, "geometry": [32, 4, 1], "passed": true, "largest": 0.005405, "rms": 0.002543, "gated_steps": 0, "gated_differ": 0, "from_rule": [0.005376, 0.002861], "cold_us": 86.53, "warm_us": 59.34, "cold_min_us": 76.64, "warm_min_us": 58.21, "samples": 24}
{"event": "attend", "rows": 2, "requests": 1, "tokens": 2, "geometry": [32, 4, 2], "passed": true, "largest": 0.005405, "rms": 0.002543, "gated_steps": 0, "gated_differ": 0, "from_rule": [0.005376, 0.002861], "cold_us": 108.66, "warm_us": 86.78, "cold_min_us": 106.75, "warm_min_us": 85.92, "samples": 24}
{"event": "attend", "rows": 2, "requests": 1, "tokens": 2, "geometry": [32, 4, 4], "passed": true, "largest": 0.005405, "rms": 0.002543, "gated_steps": 0, "gated_differ": 0, "from_rule": [0.005376, 0.002861], "cold_us": 72.08, "warm_us": 58.14, "cold_min_us": 67.87, "warm_min_us": 56.16, "samples": 24}
{"event": "attend", "rows": 2, "requests": 1, "tokens": 2, "geometry": [32, 4, 8], "passed": true, "largest": 0.005405, "rms": 0.002543, "gated_steps": 0, "gated_differ": 0, "from_rule": [0.005376, 0.002861], "cold_us": 74.93, "warm_us": 54.05, "cold_min_us": 69.98, "warm_min_us": 52.48, "samples": 24}
{"event": "attend", "rows": 2, "requests": 1, "tokens": 2, "geometry": [32, 16, 1], "passed": true, "largest": 0.005405, "rms": 0.002476, "gated_steps": 0, "gated_differ": 0, "from_rule": [0.005376, 0.00259], "cold_us": 59.84, "warm_us": 28.48, "cold_min_us": 57.47, "warm_min_us": 26.75, "samples": 24}
{"event": "attend", "rows": 2, "requests": 1, "tokens": 2, "geometry": [32, 16, 2], "passed": true, "largest": 0.005405, "rms": 0.002476, "gated_steps": 0, "gated_differ": 0, "from_rule": [0.005376, 0.00259], "cold_us": 70.7, "warm_us": 37.66, "cold_min_us": 69.54, "warm_min_us": 36.77, "samples": 24}
{"event": "attend", "rows": 2, "requests": 1, "tokens": 2, "geometry": [32, 16, 4], "passed": true, "largest": 0.005405, "rms": 0.002476, "gated_steps": 0, "gated_differ": 0, "from_rule": [0.005376, 0.00259], "cold_us": 54.3, "warm_us": 26.86, "cold_min_us": 52.96, "warm_min_us": 26.18, "samples": 24}
{"event": "attend", "rows": 2, "requests": 1, "tokens": 2, "geometry": [32, 16, 8], "passed": true, "largest": 0.005405, "rms": 0.002476, "gated_steps": 0, "gated_differ": 0, "from_rule": [0.005376, 0.00259], "cold_us": 55.1, "warm_us": 26.51, "cold_min_us": 52.86, "warm_min_us": 24.58, "samples": 24}
{"event": "attend", "rows": 2, "requests": 1, "tokens": 2, "geometry": [32, 64, 1], "passed": true, "largest": 0.005405, "rms": 0.00258, "gated_steps": 0, "gated_differ": 0, "from_rule": [0.005376, 0.001956], "cold_us": 69.79, "warm_us": 31.34, "cold_min_us": 66.24, "warm_min_us": 29.89, "samples": 24}
{"event": "attend", "rows": 2, "requests": 1, "tokens": 2, "geometry": [32, 64, 2], "passed": true, "largest": 0.005405, "rms": 0.00258, "gated_steps": 0, "gated_differ": 0, "from_rule": [0.005376, 0.001956], "cold_us": 79.81, "warm_us": 38.0, "cold_min_us": 76.16, "warm_min_us": 36.93, "samples": 24}
{"event": "attend", "rows": 2, "requests": 1, "tokens": 2, "geometry": [32, 64, 4], "passed": true, "largest": 0.005405, "rms": 0.002578, "gated_steps": 0, "gated_differ": 0, "from_rule": [0.005376, 0.001954], "cold_us": 60.03, "warm_us": 30.99, "cold_min_us": 58.43, "warm_min_us": 29.12, "samples": 24}
{"event": "attend", "rows": 2, "requests": 1, "tokens": 2, "geometry": [32, 64, 8], "passed": true, "largest": 0.005405, "rms": 0.002578, "gated_steps": 0, "gated_differ": 0, "from_rule": [0.005376, 0.001954], "cold_us": 59.28, "warm_us": 28.59, "cold_min_us": 56.45, "warm_min_us": 27.23, "samples": 24}
{"event": "attend", "rows": 2, "requests": 1, "tokens": 2, "geometry": [64, 1, 1], "passed": true, "largest": 0.002703, "rms": 0.002491, "gated_steps": 0, "gated_differ": 0, "from_rule": [0.005376, 0.002947], "cold_us": 218.08, "warm_us": 189.18, "cold_min_us": 217.22, "warm_min_us": 188.45, "samples": 24}
{"event": "attend", "rows": 2, "requests": 1, "tokens": 2, "geometry": [64, 1, 2], "passed": true, "largest": 0.002703, "rms": 0.002491, "gated_steps": 0, "gated_differ": 0, "from_rule": [0.005376, 0.002947], "cold_us": 130.19, "warm_us": 117.57, "cold_min_us": 129.38, "warm_min_us": 115.9, "samples": 24}
{"event": "attend", "rows": 2, "requests": 1, "tokens": 2, "geometry": [64, 1, 4], "passed": true, "largest": 0.002703, "rms": 0.002491, "gated_steps": 0, "gated_differ": 0, "from_rule": [0.005376, 0.002947], "cold_us": 174.08, "warm_us": 155.26, "cold_min_us": 172.22, "warm_min_us": 154.24, "samples": 24}
{"event": "attend", "rows": 2, "requests": 1, "tokens": 2, "geometry": [64, 1, 8], "passed": true, "largest": 0.002703, "rms": 0.002491, "gated_steps": 0, "gated_differ": 0, "from_rule": [0.005376, 0.002947], "cold_us": 148.11, "warm_us": 135.92, "cold_min_us": 147.39, "warm_min_us": 133.98, "samples": 24}
{"event": "attend", "rows": 2, "requests": 1, "tokens": 2, "geometry": [64, 4, 1], "passed": true, "largest": 0.005405, "rms": 0.002398, "gated_steps": 0, "gated_differ": 0, "from_rule": [0.005376, 0.002949], "cold_us": 97.14, "warm_us": 60.22, "cold_min_us": 94.75, "warm_min_us": 59.68, "samples": 24}
{"event": "attend", "rows": 2, "requests": 1, "tokens": 2, "geometry": [64, 4, 2], "passed": true, "largest": 0.005405, "rms": 0.002398, "gated_steps": 0, "gated_differ": 0, "from_rule": [0.005376, 0.002949], "cold_us": 68.66, "warm_us": 40.7, "cold_min_us": 66.34, "warm_min_us": 39.94, "samples": 24}
{"event": "attend", "rows": 2, "requests": 1, "tokens": 2, "geometry": [64, 4, 4], "passed": true, "largest": 0.005405, "rms": 0.002398, "gated_steps": 0, "gated_differ": 0, "from_rule": [0.005376, 0.002949], "cold_us": 80.54, "warm_us": 51.87, "cold_min_us": 76.74, "warm_min_us": 51.1, "samples": 24}
{"event": "attend", "rows": 2, "requests": 1, "tokens": 2, "geometry": [64, 4, 8], "passed": true, "largest": 0.005405, "rms": 0.002398, "gated_steps": 0, "gated_differ": 0, "from_rule": [0.005376, 0.002949], "cold_us": 70.32, "warm_us": 45.89, "cold_min_us": 61.98, "warm_min_us": 45.12, "samples": 24}
{"event": "attend", "rows": 2, "requests": 1, "tokens": 2, "geometry": [64, 16, 1], "passed": true, "largest": 0.005405, "rms": 0.002365, "gated_steps": 0, "gated_differ": 0, "from_rule": [0.005376, 0.002741], "cold_us": 72.43, "warm_us": 33.3, "cold_min_us": 70.85, "warm_min_us": 32.54, "samples": 24}
{"event": "attend", "rows": 2, "requests": 1, "tokens": 2, "geometry": [64, 16, 2], "passed": true, "largest": 0.005405, "rms": 0.002365, "gated_steps": 0, "gated_differ": 0, "from_rule": [0.005376, 0.002741], "cold_us": 57.42, "warm_us": 25.46, "cold_min_us": 55.87, "warm_min_us": 23.94, "samples": 24}
{"event": "attend", "rows": 2, "requests": 1, "tokens": 2, "geometry": [64, 16, 4], "passed": true, "largest": 0.005405, "rms": 0.002365, "gated_steps": 0, "gated_differ": 0, "from_rule": [0.005376, 0.002741], "cold_us": 60.86, "warm_us": 29.7, "cold_min_us": 59.68, "warm_min_us": 28.7, "samples": 24}
{"event": "attend", "rows": 2, "requests": 1, "tokens": 2, "geometry": [64, 16, 8], "passed": true, "largest": 0.005405, "rms": 0.002365, "gated_steps": 0, "gated_differ": 0, "from_rule": [0.005376, 0.002741], "cold_us": 59.31, "warm_us": 26.78, "cold_min_us": 58.14, "warm_min_us": 26.3, "samples": 24}
{"event": "attend", "rows": 2, "requests": 1, "tokens": 2, "geometry": [64, 32, 1], "passed": true, "largest": 0.005405, "rms": 0.002494, "gated_steps": 0, "gated_differ": 0, "from_rule": [0.005376, 0.002608], "cold_us": 88.14, "warm_us": 41.46, "cold_min_us": 85.12, "warm_min_us": 39.74, "samples": 24}
{"event": "attend", "rows": 2, "requests": 1, "tokens": 2, "geometry": [64, 32, 2], "passed": true, "largest": 0.005405, "rms": 0.002494, "gated_steps": 0, "gated_differ": 0, "from_rule": [0.005376, 0.002608], "cold_us": 62.32, "warm_us": 30.66, "cold_min_us": 60.93, "warm_min_us": 30.14, "samples": 24}
{"event": "attend", "rows": 2, "requests": 1, "tokens": 2, "geometry": [64, 32, 4], "passed": true, "largest": 0.005405, "rms": 0.002494, "gated_steps": 0, "gated_differ": 0, "from_rule": [0.005376, 0.002608], "cold_us": 71.31, "warm_us": 35.89, "cold_min_us": 70.21, "warm_min_us": 35.49, "samples": 24}
{"event": "attend", "rows": 2, "requests": 1, "tokens": 2, "geometry": [64, 32, 8], "passed": true, "largest": 0.005405, "rms": 0.002494, "gated_steps": 0, "gated_differ": 0, "from_rule": [0.005376, 0.002608], "cold_us": 64.86, "warm_us": 32.94, "cold_min_us": 63.07, "warm_min_us": 32.26, "samples": 24}
{"event": "attend", "rows": 2, "requests": 1, "tokens": 2, "geometry": [128, 1, 4], "passed": false, "refused": "OutOfResources: out of resource: shared memory, Required: 137216, Hardware limit: 101376. Reducing block sizes or `num_stages` may help."}
{"event": "attend_verdict", "rows": 2, "cold": {"rule": [16, 64, 4], "passing": 48, "failing": [[128, 1, 4]], "fastest": [16, 16, 4], "fastest_us": 51.66, "rule_us": 56.96, "fastest_over_rule": 0.907}, "warm": {"rule": [16, 64, 4], "passing": 48, "failing": [[128, 1, 4]], "fastest": [16, 64, 4], "fastest_us": 23.55, "rule_us": 23.55, "fastest_over_rule": 1.0}}
{"event": "attend", "rows": 4, "requests": 2, "tokens": 2, "geometry": [16, 1, 1], "passed": true, "largest": 0.005128, "rms": 0.002542, "gated_steps": 0, "gated_differ": 0, "from_rule": [0.005128, 0.00295], "cold_us": 638.02, "warm_us": 590.43, "cold_min_us": 626.98, "warm_min_us": 586.75, "samples": 24}
{"event": "attend", "rows": 4, "requests": 2, "tokens": 2, "geometry": [16, 1, 2], "passed": true, "largest": 0.005128, "rms": 0.002542, "gated_steps": 0, "gated_differ": 0, "from_rule": [0.005128, 0.00295], "cold_us": 380.24, "warm_us": 340.94, "cold_min_us": 377.76, "warm_min_us": 338.21, "samples": 24}
{"event": "attend", "rows": 4, "requests": 2, "tokens": 2, "geometry": [16, 1, 4], "passed": true, "largest": 0.005128, "rms": 0.002542, "gated_steps": 0, "gated_differ": 0, "from_rule": [0.005128, 0.00295], "cold_us": 301.46, "warm_us": 264.16, "cold_min_us": 299.81, "warm_min_us": 261.54, "samples": 24}
{"event": "attend", "rows": 4, "requests": 2, "tokens": 2, "geometry": [16, 1, 8], "passed": true, "largest": 0.005128, "rms": 0.002542, "gated_steps": 0, "gated_differ": 0, "from_rule": [0.005128, 0.00295], "cold_us": 317.46, "warm_us": 280.06, "cold_min_us": 315.36, "warm_min_us": 278.34, "samples": 24}
{"event": "attend", "rows": 4, "requests": 2, "tokens": 2, "geometry": [16, 4, 1], "passed": true, "largest": 0.005128, "rms": 0.002439, "gated_steps": 0, "gated_differ": 0, "from_rule": [0.005128, 0.002715], "cold_us": 196.22, "warm_us": 163.49, "cold_min_us": 194.34, "warm_min_us": 161.92, "samples": 24}
{"event": "attend", "rows": 4, "requests": 2, "tokens": 2, "geometry": [16, 4, 2], "passed": true, "largest": 0.005128, "rms": 0.002439, "gated_steps": 0, "gated_differ": 0, "from_rule": [0.005128, 0.002715], "cold_us": 120.93, "warm_us": 98.94, "cold_min_us": 118.59, "warm_min_us": 97.06, "samples": 24}
{"event": "attend", "rows": 4, "requests": 2, "tokens": 2, "geometry": [16, 4, 4], "passed": true, "largest": 0.005128, "rms": 0.002439, "gated_steps": 0, "gated_differ": 0, "from_rule": [0.005128, 0.002715], "cold_us": 114.82, "warm_us": 87.15, "cold_min_us": 111.04, "warm_min_us": 84.48, "samples": 24}
{"event": "attend", "rows": 4, "requests": 2, "tokens": 2, "geometry": [16, 4, 8], "passed": true, "largest": 0.005128, "rms": 0.002439, "gated_steps": 0, "gated_differ": 0, "from_rule": [0.005128, 0.002715], "cold_us": 110.38, "warm_us": 82.96, "cold_min_us": 107.36, "warm_min_us": 80.38, "samples": 24}
{"event": "attend", "rows": 4, "requests": 2, "tokens": 2, "geometry": [16, 16, 1], "passed": true, "largest": 0.005128, "rms": 0.002318, "gated_steps": 0, "gated_differ": 0, "from_rule": [0.005128, 0.002353], "cold_us": 114.75, "warm_us": 61.55, "cold_min_us": 112.13, "warm_min_us": 59.87, "samples": 24}
{"event": "attend", "rows": 4, "requests": 2, "tokens": 2, "geometry": [16, 16, 2], "passed": true, "largest": 0.005128, "rms": 0.002318, "gated_steps": 0, "gated_differ": 0, "from_rule": [0.005128, 0.002353], "cold_us": 93.38, "warm_us": 42.9, "cold_min_us": 91.2, "warm_min_us": 40.99, "samples": 24}
{"event": "attend", "rows": 4, "requests": 2, "tokens": 2, "geometry": [16, 16, 4], "passed": true, "largest": 0.005128, "rms": 0.002318, "gated_steps": 0, "gated_differ": 0, "from_rule": [0.005128, 0.002353], "cold_us": 93.09, "warm_us": 41.7, "cold_min_us": 90.56, "warm_min_us": 39.65, "samples": 24}
{"event": "attend", "rows": 4, "requests": 2, "tokens": 2, "geometry": [16, 16, 8], "passed": true, "largest": 0.005128, "rms": 0.002318, "gated_steps": 0, "gated_differ": 0, "from_rule": [0.005128, 0.002353], "cold_us": 93.5, "warm_us": 41.7, "cold_min_us": 90.66, "warm_min_us": 40.1, "samples": 24}
{"event": "attend", "rows": 4, "requests": 2, "tokens": 2, "geometry": [16, 64, 1], "passed": true, "largest": 0.005128, "rms": 0.002286, "gated_steps": 0, "gated_differ": 0, "from_rule": [1e-05, 0.0], "cold_us": 124.67, "warm_us": 54.85, "cold_min_us": 121.7, "warm_min_us": 51.97, "samples": 24}
{"event": "attend", "rows": 4, "requests": 2, "tokens": 2, "geometry": [16, 64, 2], "passed": true, "largest": 0.005128, "rms": 0.002286, "gated_steps": 0, "gated_differ": 0, "from_rule": [0.0, 0.0], "cold_us": 104.69, "warm_us": 45.39, "cold_min_us": 100.9, "warm_min_us": 43.26, "samples": 24}
{"event": "attend", "rows": 4, "requests": 2, "tokens": 2, "geometry": [16, 64, 4], "passed": true, "largest": 0.005128, "rms": 0.002286, "gated_steps": 0, "gated_differ": 0, "from_rule": [0.0, 0.0], "cold_us": 101.81, "warm_us": 39.78, "cold_min_us": 99.39, "warm_min_us": 37.66, "samples": 24}
{"event": "attend", "rows": 4, "requests": 2, "tokens": 2, "geometry": [16, 64, 8], "passed": true, "largest": 0.005128, "rms": 0.002286, "gated_steps": 0, "gated_differ": 0, "from_rule": [0.0, 0.0], "cold_us": 102.91, "warm_us": 45.79, "cold_min_us": 99.87, "warm_min_us": 43.55, "samples": 24}
{"event": "attend", "rows": 4, "requests": 2, "tokens": 2, "geometry": [32, 1, 1], "passed": true, "largest": 0.005128, "rms": 0.002477, "gated_steps": 0, "gated_differ": 0, "from_rule": [0.005128, 0.002897], "cold_us": 241.97, "warm_us": 208.46, "cold_min_us": 237.47, "warm_min_us": 205.86, "samples": 24}
{"event": "attend", "rows": 4, "requests": 2, "tokens": 2, "geometry": [32, 1, 2], "passed": true, "largest": 0.005128, "rms": 0.002477, "gated_steps": 0, "gated_differ": 0, "from_rule": [0.005128, 0.002897], "cold_us": 316.27, "warm_us": 287.14, "cold_min_us": 314.27, "warm_min_us": 283.74, "samples": 24}
{"event": "attend", "rows": 4, "requests": 2, "tokens": 2, "geometry": [32, 1, 4], "passed": true, "largest": 0.005128, "rms": 0.002477, "gated_steps": 0, "gated_differ": 0, "from_rule": [0.005128, 0.002897], "cold_us": 232.38, "warm_us": 195.79, "cold_min_us": 221.63, "warm_min_us": 193.86, "samples": 24}
{"event": "attend", "rows": 4, "requests": 2, "tokens": 2, "geometry": [32, 1, 8], "passed": true, "largest": 0.005128, "rms": 0.002477, "gated_steps": 0, "gated_differ": 0, "from_rule": [0.005128, 0.002897], "cold_us": 207.12, "warm_us": 179.31, "cold_min_us": 201.57, "warm_min_us": 176.42, "samples": 24}
{"event": "attend", "rows": 4, "requests": 2, "tokens": 2, "geometry": [32, 4, 1], "passed": true, "largest": 0.005128, "rms": 0.002448, "gated_steps": 0, "gated_differ": 0, "from_rule": [0.005128, 0.002746], "cold_us": 105.79, "warm_us": 66.13, "cold_min_us": 100.99, "warm_min_us": 63.46, "samples": 24}
{"event": "attend", "rows": 4, "requests": 2, "tokens": 2, "geometry": [32, 4, 2], "passed": true, "largest": 0.005128, "rms": 0.002448, "gated_steps": 0, "gated_differ": 0, "from_rule": [0.005128, 0.002746], "cold_us": 141.57, "warm_us": 92.24, "cold_min_us": 138.75, "warm_min_us": 90.08, "samples": 24}
{"event": "attend", "rows": 4, "requests": 2, "tokens": 2, "geometry": [32, 4, 4], "passed": true, "largest": 0.005128, "rms": 0.002447, "gated_steps": 0, "gated_differ": 0, "from_rule": [0.005128, 0.002747], "cold_us": 101.3, "warm_us": 63.01, "cold_min_us": 97.47, "warm_min_us": 61.79, "samples": 24}
{"event": "attend", "rows": 4, "requests": 2, "tokens": 2, "geometry": [32, 4, 8], "passed": true, "largest": 0.005128, "rms": 0.002447, "gated_steps": 0, "gated_differ": 0, "from_rule": [0.005128, 0.002747], "cold_us": 93.26, "warm_us": 59.42, "cold_min_us": 90.37, "warm_min_us": 57.38, "samples": 24}
{"event": "attend", "rows": 4, "requests": 2, "tokens": 2, "geometry": [32, 16, 1], "passed": true, "largest": 0.005128, "rms": 0.002356, "gated_steps": 0, "gated_differ": 0, "from_rule": [0.005128, 0.00244], "cold_us": 98.8, "warm_us": 37.26, "cold_min_us": 96.26, "warm_min_us": 35.17, "samples": 24}
{"event": "attend", "rows": 4, "requests": 2, "tokens": 2, "geometry": [32, 16, 2], "passed": true, "largest": 0.005128, "rms": 0.002356, "gated_steps": 0, "gated_differ": 0, "from_rule": [0.005128, 0.00244], "cold_us": 108.14, "warm_us": 44.53, "cold_min_us": 105.44, "warm_min_us": 42.53, "samples": 24}
{"event": "attend", "rows": 4, "requests": 2, "tokens": 2, "geometry": [32, 16, 4], "passed": true, "largest": 0.005128, "rms": 0.002356, "gated_steps": 0, "gated_differ": 0, "from_rule": [0.005128, 0.00244], "cold_us": 96.59, "warm_us": 36.98, "cold_min_us": 93.38, "warm_min_us": 35.33, "samples": 24}
{"event": "attend", "rows": 4, "requests": 2, "tokens": 2, "geometry": [32, 16, 8], "passed": true, "largest": 0.005128, "rms": 0.002356, "gated_steps": 0, "gated_differ": 0, "from_rule": [0.005128, 0.00244], "cold_us": 95.95, "warm_us": 37.38, "cold_min_us": 93.73, "warm_min_us": 34.43, "samples": 24}
{"event": "attend", "rows": 4, "requests": 2, "tokens": 2, "geometry": [32, 64, 1], "passed": true, "largest": 0.005128, "rms": 0.002305, "gated_steps": 0, "gated_differ": 0, "from_rule": [0.005128, 0.001963], "cold_us": 114.13, "warm_us": 46.75, "cold_min_us": 110.37, "warm_min_us": 44.64, "samples": 24}
{"event": "attend", "rows": 4, "requests": 2, "tokens": 2, "geometry": [32, 64, 2], "passed": true, "largest": 0.005128, "rms": 0.002305, "gated_steps": 0, "gated_differ": 0, "from_rule": [0.005128, 0.001963], "cold_us": 128.94, "warm_us": 57.38, "cold_min_us": 125.76, "warm_min_us": 55.26, "samples": 24}
{"event": "attend", "rows": 4, "requests": 2, "tokens": 2, "geometry": [32, 64, 4], "passed": true, "largest": 0.005128, "rms": 0.002305, "gated_steps": 0, "gated_differ": 0, "from_rule": [0.005128, 0.001963], "cold_us": 104.75, "warm_us": 47.15, "cold_min_us": 102.34, "warm_min_us": 44.54, "samples": 24}
{"event": "attend", "rows": 4, "requests": 2, "tokens": 2, "geometry": [32, 64, 8], "passed": true, "largest": 0.005128, "rms": 0.002305, "gated_steps": 0, "gated_differ": 0, "from_rule": [0.005128, 0.001963], "cold_us": 103.55, "warm_us": 45.73, "cold_min_us": 100.99, "warm_min_us": 44.1, "samples": 24}
{"event": "attend", "rows": 4, "requests": 2, "tokens": 2, "geometry": [64, 1, 1], "passed": true, "largest": 0.005128, "rms": 0.002468, "gated_steps": 0, "gated_differ": 0, "from_rule": [0.005128, 0.002894], "cold_us": 248.4, "warm_us": 196.29, "cold_min_us": 233.73, "warm_min_us": 193.09, "samples": 24}
{"event": "attend", "rows": 4, "requests": 2, "tokens": 2, "geometry": [64, 1, 2], "passed": true, "largest": 0.005128, "rms": 0.002468, "gated_steps": 0, "gated_differ": 0, "from_rule": [0.005128, 0.002894], "cold_us": 154.83, "warm_us": 122.75, "cold_min_us": 147.55, "warm_min_us": 120.16, "samples": 24}
{"event": "attend", "rows": 4, "requests": 2, "tokens": 2, "geometry": [64, 1, 4], "passed": true, "largest": 0.005128, "rms": 0.002468, "gated_steps": 0, "gated_differ": 0, "from_rule": [0.005128, 0.002894], "cold_us": 202.7, "warm_us": 160.51, "cold_min_us": 201.09, "warm_min_us": 157.82, "samples": 24}
{"event": "attend", "rows": 4, "requests": 2, "tokens": 2, "geometry": [64, 1, 8], "passed": true, "largest": 0.005128, "rms": 0.002468, "gated_steps": 0, "gated_differ": 0, "from_rule": [0.005128, 0.002894], "cold_us": 179.55, "warm_us": 141.7, "cold_min_us": 165.15, "warm_min_us": 139.23, "samples": 24}
{"event": "attend", "rows": 4, "requests": 2, "tokens": 2, "geometry": [64, 4, 1], "passed": true, "largest": 0.005128, "rms": 0.002457, "gated_steps": 0, "gated_differ": 0, "from_rule": [0.005128, 0.002793], "cold_us": 122.02, "warm_us": 68.48, "cold_min_us": 115.2, "warm_min_us": 66.14, "samples": 24}
{"event": "attend", "rows": 4, "requests": 2, "tokens": 2, "geometry": [64, 4, 2], "passed": true, "largest": 0.005128, "rms": 0.002457, "gated_steps": 0, "gated_differ": 0, "from_rule": [0.005128, 0.002793], "cold_us": 94.94, "warm_us": 47.76, "cold_min_us": 90.56, "warm_min_us": 45.09, "samples": 24}
{"event": "attend", "rows": 4, "requests": 2, "tokens": 2, "geometry": [64, 4, 4], "passed": true, "largest": 0.005128, "rms": 0.002457, "gated_steps": 0, "gated_differ": 0, "from_rule": [0.005128, 0.002793], "cold_us": 110.59, "warm_us": 58.21, "cold_min_us": 105.31, "warm_min_us": 56.58, "samples": 24}
{"event": "attend", "rows": 4, "requests": 2, "tokens": 2, "geometry": [64, 4, 8], "passed": true, "largest": 0.005128, "rms": 0.002457, "gated_steps": 0, "gated_differ": 0, "from_rule": [0.005128, 0.002793], "cold_us": 95.22, "warm_us": 52.45, "cold_min_us": 92.74, "warm_min_us": 50.11, "samples": 24}
{"event": "attend", "rows": 4, "requests": 2, "tokens": 2, "geometry": [64, 16, 1], "passed": true, "largest": 0.005128, "rms": 0.002386, "gated_steps": 0, "gated_differ": 0, "from_rule": [0.005128, 0.002596], "cold_us": 127.78, "warm_us": 57.55, "cold_min_us": 125.15, "warm_min_us": 54.3, "samples": 24}
{"event": "attend", "rows": 4, "requests": 2, "tokens": 2, "geometry": [64, 16, 2], "passed": true, "largest": 0.005128, "rms": 0.002386, "gated_steps": 0, "gated_differ": 0, "from_rule": [0.005128, 0.002596], "cold_us": 97.01, "warm_us": 42.27, "cold_min_us": 94.46, "warm_min_us": 40.54, "samples": 24}
{"event": "attend", "rows": 4, "requests": 2, "tokens": 2, "geometry": [64, 16, 4], "passed": true, "largest": 0.005128, "rms": 0.002386, "gated_steps": 0, "gated_differ": 0, "from_rule": [0.005128, 0.002596], "cold_us": 111.92, "warm_us": 50.83, "cold_min_us": 109.63, "warm_min_us": 48.0, "samples": 24}
{"event": "attend", "rows": 4, "requests": 2, "tokens": 2, "geometry": [64, 16, 8], "passed": true, "largest": 0.005128, "rms": 0.002386, "gated_steps": 0, "gated_differ": 0, "from_rule": [0.005128, 0.002596], "cold_us": 100.53, "warm_us": 46.64, "cold_min_us": 98.69, "warm_min_us": 44.13, "samples": 24}
{"event": "attend", "rows": 4, "requests": 2, "tokens": 2, "geometry": [64, 32, 1], "passed": true, "largest": 0.005128, "rms": 0.002338, "gated_steps": 0, "gated_differ": 0, "from_rule": [0.005128, 0.002448], "cold_us": 138.35, "warm_us": 60.56, "cold_min_us": 135.71, "warm_min_us": 58.18, "samples": 24}
{"event": "attend", "rows": 4, "requests": 2, "tokens": 2, "geometry": [64, 32, 2], "passed": true, "largest": 0.005128, "rms": 0.002338, "gated_steps": 0, "gated_differ": 0, "from_rule": [0.005128, 0.002448], "cold_us": 103.06, "warm_us": 46.35, "cold_min_us": 99.71, "warm_min_us": 43.78, "samples": 24}
{"event": "attend", "rows": 4, "requests": 2, "tokens": 2, "geometry": [64, 32, 4], "passed": true, "largest": 0.005128, "rms": 0.002338, "gated_steps": 0, "gated_differ": 0, "from_rule": [0.005128, 0.002448], "cold_us": 119.09, "warm_us": 53.12, "cold_min_us": 115.78, "warm_min_us": 50.98, "samples": 24}
{"event": "attend", "rows": 4, "requests": 2, "tokens": 2, "geometry": [64, 32, 8], "passed": true, "largest": 0.005128, "rms": 0.002338, "gated_steps": 0, "gated_differ": 0, "from_rule": [0.005128, 0.002448], "cold_us": 103.92, "warm_us": 49.63, "cold_min_us": 101.73, "warm_min_us": 46.88, "samples": 24}
{"event": "attend", "rows": 4, "requests": 2, "tokens": 2, "geometry": [128, 1, 4], "passed": false, "refused": "OutOfResources: out of resource: shared memory, Required: 137216, Hardware limit: 101376. Reducing block sizes or `num_stages` may help."}
{"event": "attend_verdict", "rows": 4, "cold": {"rule": [16, 64, 4], "passing": 48, "failing": [[128, 1, 4]], "fastest": [16, 16, 4], "fastest_us": 93.09, "rule_us": 101.81, "fastest_over_rule": 0.9144}, "warm": {"rule": [16, 64, 4], "passing": 48, "failing": [[128, 1, 4]], "fastest": [32, 16, 4], "fastest_us": 36.98, "rule_us": 39.78, "fastest_over_rule": 0.9296}}
{"event": "attend", "rows": 8, "requests": 4, "tokens": 2, "geometry": [16, 1, 1], "passed": true, "largest": 0.004902, "rms": 0.002488, "gated_steps": 0, "gated_differ": 0, "from_rule": [0.004902, 0.002905], "cold_us": 639.73, "warm_us": 607.36, "cold_min_us": 627.52, "warm_min_us": 604.16, "samples": 24}
{"event": "attend", "rows": 8, "requests": 4, "tokens": 2, "geometry": [16, 1, 2], "passed": true, "largest": 0.004902, "rms": 0.002488, "gated_steps": 0, "gated_differ": 0, "from_rule": [0.004902, 0.002905], "cold_us": 383.65, "warm_us": 357.82, "cold_min_us": 381.95, "warm_min_us": 354.37, "samples": 24}
{"event": "attend", "rows": 8, "requests": 4, "tokens": 2, "geometry": [16, 1, 4], "passed": true, "largest": 0.004902, "rms": 0.002488, "gated_steps": 0, "gated_differ": 0, "from_rule": [0.004902, 0.002905], "cold_us": 306.5, "warm_us": 280.83, "cold_min_us": 304.93, "warm_min_us": 277.89, "samples": 24}
{"event": "attend", "rows": 8, "requests": 4, "tokens": 2, "geometry": [16, 1, 8], "passed": true, "largest": 0.004902, "rms": 0.002488, "gated_steps": 0, "gated_differ": 0, "from_rule": [0.004902, 0.002905], "cold_us": 320.78, "warm_us": 294.94, "cold_min_us": 317.73, "warm_min_us": 291.46, "samples": 24}
{"event": "attend", "rows": 8, "requests": 4, "tokens": 2, "geometry": [16, 4, 1], "passed": true, "largest": 0.004902, "rms": 0.002464, "gated_steps": 0, "gated_differ": 0, "from_rule": [0.004902, 0.002791], "cold_us": 243.38, "warm_us": 169.76, "cold_min_us": 240.54, "warm_min_us": 167.3, "samples": 24}
{"event": "attend", "rows": 8, "requests": 4, "tokens": 2, "geometry": [16, 4, 2], "passed": true, "largest": 0.004902, "rms": 0.002464, "gated_steps": 0, "gated_differ": 0, "from_rule": [0.004902, 0.002791], "cold_us": 152.85, "warm_us": 105.44, "cold_min_us": 150.5, "warm_min_us": 103.36, "samples": 24}
{"event": "attend", "rows": 8, "requests": 4, "tokens": 2, "geometry": [16, 4, 4], "passed": true, "largest": 0.004902, "rms": 0.002464, "gated_steps": 0, "gated_differ": 0, "from_rule": [0.004902, 0.002791], "cold_us": 148.14, "warm_us": 93.57, "cold_min_us": 144.64, "warm_min_us": 91.04, "samples": 24}
{"event": "attend", "rows": 8, "requests": 4, "tokens": 2, "geometry": [16, 4, 8], "passed": true, "largest": 0.004902, "rms": 0.002464, "gated_steps": 0, "gated_differ": 0, "from_rule": [0.004902, 0.002791], "cold_us": 146.86, "warm_us": 89.14, "cold_min_us": 143.81, "warm_min_us": 87.17, "samples": 24}
{"event": "attend", "rows": 8, "requests": 4, "tokens": 2, "geometry": [16, 16, 1], "passed": true, "largest": 0.004902, "rms": 0.002453, "gated_steps": 0, "gated_differ": 0, "from_rule": [0.004902, 0.002468], "cold_us": 173.2, "warm_us": 76.34, "cold_min_us": 168.74, "warm_min_us": 73.57, "samples": 24}
{"event": "attend", "rows": 8, "requests": 4, "tokens": 2, "geometry": [16, 16, 2], "passed": true, "largest": 0.004902, "rms": 0.002453, "gated_steps": 0, "gated_differ": 0, "from_rule": [0.004902, 0.002468], "cold_us": 151.6, "warm_us": 53.23, "cold_min_us": 148.06, "warm_min_us": 49.86, "samples": 24}
{"event": "attend", "rows": 8, "requests": 4, "tokens": 2, "geometry": [16, 16, 4], "passed": true, "largest": 0.004902, "rms": 0.002453, "gated_steps": 0, "gated_differ": 0, "from_rule": [0.004902, 0.002468], "cold_us": 151.2, "warm_us": 50.29, "cold_min_us": 148.86, "warm_min_us": 47.3, "samples": 24}
{"event": "attend", "rows": 8, "requests": 4, "tokens": 2, "geometry": [16, 16, 8], "passed": true, "largest": 0.004902, "rms": 0.002453, "gated_steps": 0, "gated_differ": 0, "from_rule": [0.004902, 0.002468], "cold_us": 151.82, "warm_us": 52.26, "cold_min_us": 147.46, "warm_min_us": 50.72, "samples": 24}
{"event": "attend", "rows": 8, "requests": 4, "tokens": 2, "geometry": [16, 64, 1], "passed": true, "largest": 0.004902, "rms": 0.002353, "gated_steps": 0, "gated_differ": 0, "from_rule": [0.0, 0.0], "cold_us": 179.58, "warm_us": 91.89, "cold_min_us": 175.9, "warm_min_us": 89.92, "samples": 24}
{"event": "attend", "rows": 8, "requests": 4, "tokens": 2, "geometry": [16, 64, 2], "passed": true, "largest": 0.004902, "rms": 0.002353, "gated_steps": 0, "gated_differ": 0, "from_rule": [0.0, 0.0], "cold_us": 159.58, "warm_us": 72.45, "cold_min_us": 157.28, "warm_min_us": 69.82, "samples": 24}
{"event": "attend", "rows": 8, "requests": 4, "tokens": 2, "geometry": [16, 64, 4], "passed": true, "largest": 0.004902, "rms": 0.002353, "gated_steps": 0, "gated_differ": 0, "from_rule": [0.0, 0.0], "cold_us": 155.39, "warm_us": 64.85, "cold_min_us": 153.28, "warm_min_us": 62.91, "samples": 24}
{"event": "attend", "rows": 8, "requests": 4, "tokens": 2, "geometry": [16, 64, 8], "passed": true, "largest": 0.004902, "rms": 0.002353, "gated_steps": 0, "gated_differ": 0, "from_rule": [0.0, 0.0], "cold_us": 156.19, "warm_us": 76.74, "cold_min_us": 152.96, "warm_min_us": 73.92, "samples": 24}
{"event": "attend", "rows": 8, "requests": 4, "tokens": 2, "geometry": [32, 1, 1], "passed": true, "largest": 0.004902, "rms": 0.002488, "gated_steps": 0, "gated_differ": 0, "from_rule": [0.004902, 0.002895], "cold_us": 273.7, "warm_us": 215.98, "cold_min_us": 255.68, "warm_min_us": 213.34, "samples": 24}
{"event": "attend", "rows": 8, "requests": 4, "tokens": 2, "geometry": [32, 1, 2], "passed": true, "largest": 0.004902, "rms": 0.002488, "gated_steps": 0, "gated_differ": 0, "from_rule": [0.004902, 0.002895], "cold_us": 330.14, "warm_us": 294.69, "cold_min_us": 323.68, "warm_min_us": 290.98, "samples": 24}
{"event": "attend", "rows": 8, "requests": 4, "tokens": 2, "geometry": [32, 1, 4], "passed": true, "largest": 0.004902, "rms": 0.002488, "gated_steps": 0, "gated_differ": 0, "from_rule": [0.004902, 0.002895], "cold_us": 282.37, "warm_us": 205.58, "cold_min_us": 276.86, "warm_min_us": 203.2, "samples": 24}
{"event": "attend", "rows": 8, "requests": 4, "tokens": 2, "geometry": [32, 1, 8], "passed": true, "largest": 0.004902, "rms": 0.002488, "gated_steps": 0, "gated_differ": 0, "from_rule": [0.004902, 0.002895], "cold_us": 233.6, "warm_us": 184.93, "cold_min_us": 211.58, "warm_min_us": 182.56, "samples": 24}
{"event": "attend", "rows": 8, "requests": 4, "tokens": 2, "geometry": [32, 4, 1], "passed": true, "largest": 0.004902, "rms": 0.002476, "gated_steps": 0, "gated_differ": 0, "from_rule": [0.004902, 0.00281], "cold_us": 150.0, "warm_us": 73.36, "cold_min_us": 147.1, "warm_min_us": 71.04, "samples": 24}
{"event": "attend", "rows": 8, "requests": 4, "tokens": 2, "geometry": [32, 4, 2], "passed": true, "largest": 0.004902, "rms": 0.002476, "gated_steps": 0, "gated_differ": 0, "from_rule": [0.004902, 0.00281], "cold_us": 166.37, "warm_us": 98.1, "cold_min_us": 163.9, "warm_min_us": 95.58, "samples": 24}
{"event": "attend", "rows": 8, "requests": 4, "tokens": 2, "geometry": [32, 4, 4], "passed": true, "largest": 0.004902, "rms": 0.002476, "gated_steps": 0, "gated_differ": 0, "from_rule": [0.004902, 0.00281], "cold_us": 147.31, "warm_us": 70.05, "cold_min_us": 144.32, "warm_min_us": 67.71, "samples": 24}
{"event": "attend", "rows": 8, "requests": 4, "tokens": 2, "geometry": [32, 4, 8], "passed": true, "largest": 0.004902, "rms": 0.002476, "gated_steps": 0, "gated_differ": 0, "from_rule": [0.004902, 0.00281], "cold_us": 145.28, "warm_us": 66.06, "cold_min_us": 142.24, "warm_min_us": 64.06, "samples": 24}
{"event": "attend", "rows": 8, "requests": 4, "tokens": 2, "geometry": [32, 16, 1], "passed": true, "largest": 0.004902, "rms": 0.002423, "gated_steps": 0, "gated_differ": 0, "from_rule": [0.004902, 0.002534], "cold_us": 155.98, "warm_us": 61.38, "cold_min_us": 151.71, "warm_min_us": 58.94, "samples": 24}
{"event": "attend", "rows": 8, "requests": 4, "tokens": 2, "geometry": [32, 16, 2], "passed": true, "largest": 0.004902, "rms": 0.002423, "gated_steps": 0, "gated_differ": 0, "from_rule": [0.004902, 0.002534], "cold_us": 167.1, "warm_us": 78.42, "cold_min_us": 163.33, "warm_min_us": 76.48, "samples": 24}
{"event": "attend", "rows": 8, "requests": 4, "tokens": 2, "geometry": [32, 16, 4], "passed": true, "largest": 0.004902, "rms": 0.002423, "gated_steps": 0, "gated_differ": 0, "from_rule": [0.004902, 0.002534], "cold_us": 151.12, "warm_us": 61.47, "cold_min_us": 149.54, "warm_min_us": 58.43, "samples": 24}
{"event": "attend", "rows": 8, "requests": 4, "tokens": 2, "geometry": [32, 16, 8], "passed": true, "largest": 0.004902, "rms": 0.002423, "gated_steps": 0, "gated_differ": 0, "from_rule": [0.004902, 0.002534], "cold_us": 150.86, "warm_us": 57.5, "cold_min_us": 148.19, "warm_min_us": 54.78, "samples": 24}
{"event": "attend", "rows": 8, "requests": 4, "tokens": 2, "geometry": [32, 64, 1], "passed": true, "largest": 0.004902, "rms": 0.002378, "gated_steps": 0, "gated_differ": 0, "from_rule": [0.004902, 0.001915], "cold_us": 165.6, "warm_us": 78.24, "cold_min_us": 161.86, "warm_min_us": 75.3, "samples": 24}
{"event": "attend", "rows": 8, "requests": 4, "tokens": 2, "geometry": [32, 64, 2], "passed": true, "largest": 0.004902, "rms": 0.002377, "gated_steps": 0, "gated_differ": 0, "from_rule": [0.004902, 0.001915], "cold_us": 181.9, "warm_us": 101.98, "cold_min_us": 176.83, "warm_min_us": 99.74, "samples": 24}
{"event": "attend", "rows": 8, "requests": 4, "tokens": 2, "geometry": [32, 64, 4], "passed": true, "largest": 0.004902, "rms": 0.002377, "gated_steps": 0, "gated_differ": 0, "from_rule": [0.004902, 0.001915], "cold_us": 159.22, "warm_us": 79.76, "cold_min_us": 157.63, "warm_min_us": 77.31, "samples": 24}
{"event": "attend", "rows": 8, "requests": 4, "tokens": 2, "geometry": [32, 64, 8], "passed": true, "largest": 0.004902, "rms": 0.002377, "gated_steps": 0, "gated_differ": 0, "from_rule": [0.004902, 0.001915], "cold_us": 156.26, "warm_us": 75.79, "cold_min_us": 154.08, "warm_min_us": 73.82, "samples": 24}
{"event": "attend", "rows": 8, "requests": 4, "tokens": 2, "geometry": [64, 1, 1], "passed": true, "largest": 0.004902, "rms": 0.002514, "gated_steps": 0, "gated_differ": 0, "from_rule": [0.004902, 0.002942], "cold_us": 285.28, "warm_us": 200.26, "cold_min_us": 263.78, "warm_min_us": 197.95, "samples": 24}
{"event": "attend", "rows": 8, "requests": 4, "tokens": 2, "geometry": [64, 1, 2], "passed": true, "largest": 0.004902, "rms": 0.002514, "gated_steps": 0, "gated_differ": 0, "from_rule": [0.004902, 0.002942], "cold_us": 174.0, "warm_us": 126.91, "cold_min_us": 167.42, "warm_min_us": 124.86, "samples": 24}
{"event": "attend", "rows": 8, "requests": 4, "tokens": 2, "geometry": [64, 1, 4], "passed": true, "largest": 0.004902, "rms": 0.002514, "gated_steps": 0, "gated_differ": 0, "from_rule": [0.004902, 0.002942], "cold_us": 239.39, "warm_us": 164.82, "cold_min_us": 223.46, "warm_min_us": 163.07, "samples": 24}
{"event": "attend", "rows": 8, "requests": 4, "tokens": 2, "geometry": [64, 1, 8], "passed": true, "largest": 0.004902, "rms": 0.002514, "gated_steps": 0, "gated_differ": 0, "from_rule": [0.004902, 0.002942], "cold_us": 195.89, "warm_us": 145.87, "cold_min_us": 182.43, "warm_min_us": 142.98, "samples": 24}
{"event": "attend", "rows": 8, "requests": 4, "tokens": 2, "geometry": [64, 4, 1], "passed": true, "largest": 0.004902, "rms": 0.002485, "gated_steps": 0, "gated_differ": 0, "from_rule": [0.004902, 0.002832], "cold_us": 168.27, "warm_us": 78.59, "cold_min_us": 165.18, "warm_min_us": 75.39, "samples": 24}
{"event": "attend", "rows": 8, "requests": 4, "tokens": 2, "geometry": [64, 4, 2], "passed": true, "largest": 0.004902, "rms": 0.002485, "gated_steps": 0, "gated_differ": 0, "from_rule": [0.004902, 0.002832], "cold_us": 149.47, "warm_us": 54.48, "cold_min_us": 147.2, "warm_min_us": 52.42, "samples": 24}
{"event": "attend", "rows": 8, "requests": 4, "tokens": 2, "geometry": [64, 4, 4], "passed": true, "largest": 0.004902, "rms": 0.002485, "gated_steps": 0, "gated_differ": 0, "from_rule": [0.004902, 0.002832], "cold_us": 160.72, "warm_us": 65.9, "cold_min_us": 158.34, "warm_min_us": 64.38, "samples": 24}
{"event": "attend", "rows": 8, "requests": 4, "tokens": 2, "geometry": [64, 4, 8], "passed": true, "largest": 0.004902, "rms": 0.002485, "gated_steps": 0, "gated_differ": 0, "from_rule": [0.004902, 0.002832], "cold_us": 150.3, "warm_us": 61.58, "cold_min_us": 148.64, "warm_min_us": 59.14, "samples": 24}
{"event": "attend", "rows": 8, "requests": 4, "tokens": 2, "geometry": [64, 16, 1], "passed": true, "largest": 0.004902, "rms": 0.002465, "gated_steps": 0, "gated_differ": 0, "from_rule": [0.004902, 0.00265], "cold_us": 179.42, "warm_us": 90.1, "cold_min_us": 176.83, "warm_min_us": 86.91, "samples": 24}
{"event": "attend", "rows": 8, "requests": 4, "tokens": 2, "geometry": [64, 16, 2], "passed": true, "largest": 0.004902, "rms": 0.002465, "gated_steps": 0, "gated_differ": 0, "from_rule": [0.004902, 0.00265], "cold_us": 152.06, "warm_us": 63.49, "cold_min_us": 149.89, "warm_min_us": 60.77, "samples": 24}
{"event": "attend", "rows": 8, "requests": 4, "tokens": 2, "geometry": [64, 16, 4], "passed": true, "largest": 0.004902, "rms": 0.002465, "gated_steps": 0, "gated_differ": 0, "from_rule": [0.004902, 0.00265], "cold_us": 166.67, "warm_us": 73.1, "cold_min_us": 163.62, "warm_min_us": 71.39, "samples": 24}
{"event": "attend", "rows": 8, "requests": 4, "tokens": 2, "geometry": [64, 16, 8], "passed": true, "largest": 0.004902, "rms": 0.002465, "gated_steps": 0, "gated_differ": 0, "from_rule": [0.004902, 0.00265], "cold_us": 155.89, "warm_us": 68.74, "cold_min_us": 152.8, "warm_min_us": 66.4, "samples": 24}
{"event": "attend", "rows": 8, "requests": 4, "tokens": 2, "geometry": [64, 32, 1], "passed": true, "largest": 0.004902, "rms": 0.002454, "gated_steps": 0, "gated_differ": 0, "from_rule": [0.004902, 0.002547], "cold_us": 194.83, "warm_us": 112.27, "cold_min_us": 191.26, "warm_min_us": 109.47, "samples": 24}
{"event": "attend", "rows": 8, "requests": 4, "tokens": 2, "geometry": [64, 32, 2], "passed": true, "largest": 0.004902, "rms": 0.002455, "gated_steps": 0, "gated_differ": 0, "from_rule": [0.004902, 0.002548], "cold_us": 157.41, "warm_us": 75.55, "cold_min_us": 154.94, "warm_min_us": 73.54, "samples": 24}
{"event": "attend", "rows": 8, "requests": 4, "tokens": 2, "geometry": [64, 32, 4], "passed": true, "largest": 0.004902, "rms": 0.002454, "gated_steps": 0, "gated_differ": 0, "from_rule": [0.004902, 0.002547], "cold_us": 175.44, "warm_us": 92.64, "cold_min_us": 171.84, "warm_min_us": 89.76, "samples": 24}
{"event": "attend", "rows": 8, "requests": 4, "tokens": 2, "geometry": [64, 32, 8], "passed": true, "largest": 0.004902, "rms": 0.002454, "gated_steps": 0, "gated_differ": 0, "from_rule": [0.004902, 0.002547], "cold_us": 159.66, "warm_us": 83.49, "cold_min_us": 156.77, "warm_min_us": 80.38, "samples": 24}
{"event": "attend", "rows": 8, "requests": 4, "tokens": 2, "geometry": [128, 1, 4], "passed": false, "refused": "OutOfResources: out of resource: shared memory, Required: 137216, Hardware limit: 101376. Reducing block sizes or `num_stages` may help."}
{"event": "attend_verdict", "rows": 8, "cold": {"rule": [16, 64, 4], "passing": 48, "failing": [[128, 1, 4]], "fastest": [32, 4, 8], "fastest_us": 145.28, "rule_us": 155.39, "fastest_over_rule": 0.9349}, "warm": {"rule": [16, 64, 4], "passing": 48, "failing": [[128, 1, 4]], "fastest": [16, 16, 4], "fastest_us": 50.29, "rule_us": 64.85, "fastest_over_rule": 0.7755}}
{"event": "attend", "rows": 16, "requests": 8, "tokens": 2, "geometry": [16, 1, 1], "passed": true, "largest": 0.004739, "rms": 0.002518, "gated_steps": 0, "gated_differ": 0, "from_rule": [0.004717, 0.002954], "cold_us": 645.01, "warm_us": 626.78, "cold_min_us": 636.16, "warm_min_us": 624.58, "samples": 24}
{"event": "attend", "rows": 16, "requests": 8, "tokens": 2, "geometry": [16, 1, 2], "passed": true, "largest": 0.004739, "rms": 0.002518, "gated_steps": 0, "gated_differ": 0, "from_rule": [0.004717, 0.002954], "cold_us": 393.25, "warm_us": 385.84, "cold_min_us": 388.35, "warm_min_us": 380.32, "samples": 24}
{"event": "attend", "rows": 16, "requests": 8, "tokens": 2, "geometry": [16, 1, 4], "passed": true, "largest": 0.004739, "rms": 0.002518, "gated_steps": 0, "gated_differ": 0, "from_rule": [0.004717, 0.002954], "cold_us": 336.98, "warm_us": 313.04, "cold_min_us": 330.34, "warm_min_us": 308.42, "samples": 24}
{"event": "attend", "rows": 16, "requests": 8, "tokens": 2, "geometry": [16, 1, 8], "passed": true, "largest": 0.004739, "rms": 0.002518, "gated_steps": 0, "gated_differ": 0, "from_rule": [0.004717, 0.002954], "cold_us": 344.19, "warm_us": 327.18, "cold_min_us": 336.42, "warm_min_us": 322.18, "samples": 24}
{"event": "attend", "rows": 16, "requests": 8, "tokens": 2, "geometry": [16, 4, 1], "passed": true, "largest": 0.004739, "rms": 0.002507, "gated_steps": 0, "gated_differ": 0, "from_rule": [0.004717, 0.002772], "cold_us": 252.61, "warm_us": 215.66, "cold_min_us": 247.97, "warm_min_us": 210.46, "samples": 24}
{"event": "attend", "rows": 16, "requests": 8, "tokens": 2, "geometry": [16, 4, 2], "passed": true, "largest": 0.004739, "rms": 0.002507, "gated_steps": 0, "gated_differ": 0, "from_rule": [0.004717, 0.002772], "cold_us": 222.66, "warm_us": 144.13, "cold_min_us": 217.73, "warm_min_us": 142.02, "samples": 24}
{"event": "attend", "rows": 16, "requests": 8, "tokens": 2, "geometry": [16, 4, 4], "passed": true, "largest": 0.004739, "rms": 0.002507, "gated_steps": 0, "gated_differ": 0, "from_rule": [0.004717, 0.002772], "cold_us": 220.99, "warm_us": 143.41, "cold_min_us": 219.1, "warm_min_us": 139.97, "samples": 24}
{"event": "attend", "rows": 16, "requests": 8, "tokens": 2, "geometry": [16, 4, 8], "passed": true, "largest": 0.004739, "rms": 0.002507, "gated_steps": 0, "gated_differ": 0, "from_rule": [0.004717, 0.002772], "cold_us": 221.97, "warm_us": 144.02, "cold_min_us": 219.07, "warm_min_us": 139.9, "samples": 24}
{"event": "attend", "rows": 16, "requests": 8, "tokens": 2, "geometry": [16, 16, 1], "passed": true, "largest": 0.004739, "rms": 0.002463, "gated_steps": 0, "gated_differ": 0, "from_rule": [0.004717, 0.002178], "cold_us": 254.32, "warm_us": 181.94, "cold_min_us": 248.96, "warm_min_us": 173.76, "samples": 24}
{"event": "attend", "rows": 16, "requests": 8, "tokens": 2, "geometry": [16, 16, 2], "passed": true, "largest": 0.004739, "rms": 0.002463, "gated_steps": 0, "gated_differ": 0, "from_rule": [0.004717, 0.002178], "cold_us": 231.58, "warm_us": 155.34, "cold_min_us": 229.5, "warm_min_us": 151.2, "samples": 24}
{"event": "attend", "rows": 16, "requests": 8, "tokens": 2, "geometry": [16, 16, 4], "passed": true, "largest": 0.004739, "rms": 0.002463, "gated_steps": 0, "gated_differ": 0, "from_rule": [0.004717, 0.002178], "cold_us": 227.6, "warm_us": 150.26, "cold_min_us": 223.42, "warm_min_us": 147.81, "samples": 24}
{"event": "attend", "rows": 16, "requests": 8, "tokens": 2, "geometry": [16, 16, 8], "passed": true, "largest": 0.004739, "rms": 0.002463, "gated_steps": 0, "gated_differ": 0, "from_rule": [0.004717, 0.002178], "cold_us": 226.72, "warm_us": 151.04, "cold_min_us": 225.41, "warm_min_us": 146.72, "samples": 24}
{"event": "attend", "rows": 16, "requests": 8, "tokens": 2, "geometry": [16, 64, 1], "passed": true, "largest": 0.004739, "rms": 0.002335, "gated_steps": 0, "gated_differ": 0, "from_rule": [0.004717, 0.002087], "cold_us": 274.29, "warm_us": 219.25, "cold_min_us": 270.46, "warm_min_us": 213.92, "samples": 24}
{"event": "attend", "rows": 16, "requests": 8, "tokens": 2, "geometry": [16, 64, 2], "passed": true, "largest": 0.004739, "rms": 0.002335, "gated_steps": 0, "gated_differ": 0, "from_rule": [0.004717, 0.002087], "cold_us": 242.85, "warm_us": 189.92, "cold_min_us": 239.78, "warm_min_us": 186.37, "samples": 24}
{"event": "attend", "rows": 16, "requests": 8, "tokens": 2, "geometry": [16, 64, 4], "passed": true, "largest": 0.004739, "rms": 0.002335, "gated_steps": 0, "gated_differ": 0, "from_rule": [0.004717, 0.002087], "cold_us": 238.75, "warm_us": 184.22, "cold_min_us": 234.85, "warm_min_us": 181.25, "samples": 24}
{"event": "attend", "rows": 16, "requests": 8, "tokens": 2, "geometry": [16, 64, 8], "passed": true, "largest": 0.004739, "rms": 0.002335, "gated_steps": 0, "gated_differ": 0, "from_rule": [0.004717, 0.002087], "cold_us": 240.35, "warm_us": 188.42, "cold_min_us": 237.06, "warm_min_us": 184.83, "samples": 24}
{"event": "attend", "rows": 16, "requests": 8, "tokens": 2, "geometry": [32, 1, 1], "passed": true, "largest": 0.004739, "rms": 0.002522, "gated_steps": 0, "gated_differ": 0, "from_rule": [0.004717, 0.002972], "cold_us": 286.82, "warm_us": 256.4, "cold_min_us": 279.68, "warm_min_us": 251.71, "samples": 24}
{"event": "attend", "rows": 16, "requests": 8, "tokens": 2, "geometry": [32, 1, 2], "passed": true, "largest": 0.004739, "rms": 0.002522, "gated_steps": 0, "gated_differ": 0, "from_rule": [0.004717, 0.002972], "cold_us": 378.53, "warm_us": 322.61, "cold_min_us": 372.8, "warm_min_us": 319.84, "samples": 24}
{"event": "attend", "rows": 16, "requests": 8, "tokens": 2, "geometry": [32, 1, 4], "passed": true, "largest": 0.004739, "rms": 0.002522, "gated_steps": 0, "gated_differ": 0, "from_rule": [0.004717, 0.002972], "cold_us": 290.34, "warm_us": 259.47, "cold_min_us": 278.94, "warm_min_us": 251.87, "samples": 24}
{"event": "attend", "rows": 16, "requests": 8, "tokens": 2, "geometry": [32, 1, 8], "passed": true, "largest": 0.004739, "rms": 0.002522, "gated_steps": 0, "gated_differ": 0, "from_rule": [0.004717, 0.002972], "cold_us": 255.86, "warm_us": 221.62, "cold_min_us": 249.89, "warm_min_us": 218.62, "samples": 24}
{"event": "attend", "rows": 16, "requests": 8, "tokens": 2, "geometry": [32, 4, 1], "passed": true, "largest": 0.004739, "rms": 0.002537, "gated_steps": 0, "gated_differ": 0, "from_rule": [0.004717, 0.002809], "cold_us": 223.36, "warm_us": 145.02, "cold_min_us": 221.31, "warm_min_us": 142.08, "samples": 24}
{"event": "attend", "rows": 16, "requests": 8, "tokens": 2, "geometry": [32, 4, 2], "passed": true, "largest": 0.004739, "rms": 0.002537, "gated_steps": 0, "gated_differ": 0, "from_rule": [0.004717, 0.002809], "cold_us": 231.95, "warm_us": 149.46, "cold_min_us": 228.29, "warm_min_us": 147.14, "samples": 24}
{"event": "attend", "rows": 16, "requests": 8, "tokens": 2, "geometry": [32, 4, 4], "passed": true, "largest": 0.004739, "rms": 0.002537, "gated_steps": 0, "gated_differ": 0, "from_rule": [0.004717, 0.002809], "cold_us": 222.11, "warm_us": 142.42, "cold_min_us": 218.11, "warm_min_us": 139.52, "samples": 24}
{"event": "attend", "rows": 16, "requests": 8, "tokens": 2, "geometry": [32, 4, 8], "passed": true, "largest": 0.004739, "rms": 0.002537, "gated_steps": 0, "gated_differ": 0, "from_rule": [0.004717, 0.002809], "cold_us": 222.94, "warm_us": 140.75, "cold_min_us": 219.46, "warm_min_us": 138.21, "samples": 24}
{"event": "attend", "rows": 16, "requests": 8, "tokens": 2, "geometry": [32, 16, 1], "passed": true, "largest": 0.004739, "rms": 0.002511, "gated_steps": 0, "gated_differ": 0, "from_rule": [0.004717, 0.002375], "cold_us": 228.99, "warm_us": 155.15, "cold_min_us": 225.76, "warm_min_us": 151.26, "samples": 24}
{"event": "attend", "rows": 16, "requests": 8, "tokens": 2, "geometry": [32, 16, 2], "passed": true, "largest": 0.004739, "rms": 0.002511, "gated_steps": 0, "gated_differ": 0, "from_rule": [0.004717, 0.002375], "cold_us": 239.82, "warm_us": 163.18, "cold_min_us": 237.09, "warm_min_us": 160.42, "samples": 24}
{"event": "attend", "rows": 16, "requests": 8, "tokens": 2, "geometry": [32, 16, 4], "passed": true, "largest": 0.004739, "rms": 0.002511, "gated_steps": 0, "gated_differ": 0, "from_rule": [0.004717, 0.002375], "cold_us": 225.76, "warm_us": 150.24, "cold_min_us": 222.78, "warm_min_us": 147.55, "samples": 24}
{"event": "attend", "rows": 16, "requests": 8, "tokens": 2, "geometry": [32, 16, 8], "passed": true, "largest": 0.004739, "rms": 0.002511, "gated_steps": 0, "gated_differ": 0, "from_rule": [0.004717, 0.002375], "cold_us": 226.58, "warm_us": 151.15, "cold_min_us": 222.05, "warm_min_us": 147.68, "samples": 24}
{"event": "attend", "rows": 16, "requests": 8, "tokens": 2, "geometry": [32, 64, 1], "passed": true, "largest": 0.004739, "rms": 0.002408, "gated_steps": 0, "gated_differ": 0, "from_rule": [0.004717, 0.002361], "cold_us": 245.47, "warm_us": 189.38, "cold_min_us": 242.78, "warm_min_us": 186.98, "samples": 24}
{"event": "attend", "rows": 16, "requests": 8, "tokens": 2, "geometry": [32, 64, 2], "passed": true, "largest": 0.004739, "rms": 0.002408, "gated_steps": 0, "gated_differ": 0, "from_rule": [0.004717, 0.002361], "cold_us": 261.1, "warm_us": 206.59, "cold_min_us": 258.11, "warm_min_us": 203.2, "samples": 24}
{"event": "attend", "rows": 16, "requests": 8, "tokens": 2, "geometry": [32, 64, 4], "passed": true, "largest": 0.004739, "rms": 0.002409, "gated_steps": 0, "gated_differ": 0, "from_rule": [0.004717, 0.002362], "cold_us": 238.18, "warm_us": 187.66, "cold_min_us": 234.72, "warm_min_us": 184.64, "samples": 24}
{"event": "attend", "rows": 16, "requests": 8, "tokens": 2, "geometry": [32, 64, 8], "passed": true, "largest": 0.004739, "rms": 0.002409, "gated_steps": 0, "gated_differ": 0, "from_rule": [0.004717, 0.002362], "cold_us": 237.17, "warm_us": 184.58, "cold_min_us": 234.88, "warm_min_us": 180.99, "samples": 24}
{"event": "attend", "rows": 16, "requests": 8, "tokens": 2, "geometry": [64, 1, 1], "passed": true, "largest": 0.004739, "rms": 0.002526, "gated_steps": 0, "gated_differ": 0, "from_rule": [0.004717, 0.002982], "cold_us": 279.12, "warm_us": 230.03, "cold_min_us": 271.23, "warm_min_us": 224.32, "samples": 24}
{"event": "attend", "rows": 16, "requests": 8, "tokens": 2, "geometry": [64, 1, 2], "passed": true, "largest": 0.004739, "rms": 0.002526, "gated_steps": 0, "gated_differ": 0, "from_rule": [0.004717, 0.002982], "cold_us": 218.74, "warm_us": 153.47, "cold_min_us": 216.35, "warm_min_us": 149.92, "samples": 24}
{"event": "attend", "rows": 16, "requests": 8, "tokens": 2, "geometry": [64, 1, 4], "passed": true, "largest": 0.004739, "rms": 0.002526, "gated_steps": 0, "gated_differ": 0, "from_rule": [0.004717, 0.002982], "cold_us": 246.03, "warm_us": 190.62, "cold_min_us": 241.09, "warm_min_us": 186.14, "samples": 24}
{"event": "attend", "rows": 16, "requests": 8, "tokens": 2, "geometry": [64, 1, 8], "passed": true, "largest": 0.004739, "rms": 0.002526, "gated_steps": 0, "gated_differ": 0, "from_rule": [0.004717, 0.002982], "cold_us": 223.92, "warm_us": 168.96, "cold_min_us": 221.34, "warm_min_us": 162.24, "samples": 24}
{"event": "attend", "rows": 16, "requests": 8, "tokens": 2, "geometry": [64, 4, 1], "passed": true, "largest": 0.004739, "rms": 0.002565, "gated_steps": 0, "gated_differ": 0, "from_rule": [0.004717, 0.002855], "cold_us": 259.55, "warm_us": 185.47, "cold_min_us": 254.69, "warm_min_us": 178.34, "samples": 24}
{"event": "attend", "rows": 16, "requests": 8, "tokens": 2, "geometry": [64, 4, 2], "passed": true, "largest": 0.004739, "rms": 0.002565, "gated_steps": 0, "gated_differ": 0, "from_rule": [0.004717, 0.002855], "cold_us": 225.15, "warm_us": 147.25, "cold_min_us": 222.18, "warm_min_us": 142.53, "samples": 24}
{"event": "attend", "rows": 16, "requests": 8, "tokens": 2, "geometry": [64, 4, 4], "passed": true, "largest": 0.004739, "rms": 0.002565, "gated_steps": 0, "gated_differ": 0, "from_rule": [0.004717, 0.002855], "cold_us": 241.36, "warm_us": 160.74, "cold_min_us": 236.45, "warm_min_us": 156.83, "samples": 24}
{"event": "attend", "rows": 16, "requests": 8, "tokens": 2, "geometry": [64, 4, 8], "passed": true, "largest": 0.004739, "rms": 0.002565, "gated_steps": 0, "gated_differ": 0, "from_rule": [0.004717, 0.002855], "cold_us": 229.15, "warm_us": 151.87, "cold_min_us": 225.38, "warm_min_us": 148.42, "samples": 24}
{"event": "attend", "rows": 16, "requests": 8, "tokens": 2, "geometry": [64, 16, 1], "passed": true, "largest": 0.004739, "rms": 0.002525, "gated_steps": 0, "gated_differ": 0, "from_rule": [0.004717, 0.002491], "cold_us": 255.97, "warm_us": 188.67, "cold_min_us": 253.79, "warm_min_us": 181.86, "samples": 24}
{"event": "attend", "rows": 16, "requests": 8, "tokens": 2, "geometry": [64, 16, 2], "passed": true, "largest": 0.004739, "rms": 0.002525, "gated_steps": 0, "gated_differ": 0, "from_rule": [0.004717, 0.002491], "cold_us": 223.23, "warm_us": 148.14, "cold_min_us": 220.26, "warm_min_us": 144.58, "samples": 24}
{"event": "attend", "rows": 16, "requests": 8, "tokens": 2, "geometry": [64, 16, 4], "passed": true, "largest": 0.004739, "rms": 0.002525, "gated_steps": 0, "gated_differ": 0, "from_rule": [0.004717, 0.002491], "cold_us": 237.33, "warm_us": 157.26, "cold_min_us": 234.21, "warm_min_us": 153.54, "samples": 24}
{"event": "attend", "rows": 16, "requests": 8, "tokens": 2, "geometry": [64, 16, 8], "passed": true, "largest": 0.004739, "rms": 0.002525, "gated_steps": 0, "gated_differ": 0, "from_rule": [0.004717, 0.002491], "cold_us": 226.75, "warm_us": 151.63, "cold_min_us": 223.46, "warm_min_us": 148.1, "samples": 24}
{"event": "attend", "rows": 16, "requests": 8, "tokens": 2, "geometry": [64, 32, 1], "passed": true, "largest": 0.004739, "rms": 0.002512, "gated_steps": 0, "gated_differ": 0, "from_rule": [0.004717, 0.002237], "cold_us": 270.24, "warm_us": 209.57, "cold_min_us": 266.21, "warm_min_us": 194.4, "samples": 24}
{"event": "attend", "rows": 16, "requests": 8, "tokens": 2, "geometry": [64, 32, 2], "passed": true, "largest": 0.004739, "rms": 0.002512, "gated_steps": 0, "gated_differ": 0, "from_rule": [0.004717, 0.002237], "cold_us": 228.56, "warm_us": 160.88, "cold_min_us": 223.97, "warm_min_us": 157.09, "samples": 24}
{"event": "attend", "rows": 16, "requests": 8, "tokens": 2, "geometry": [64, 32, 4], "passed": true, "largest": 0.004739, "rms": 0.002513, "gated_steps": 0, "gated_differ": 0, "from_rule": [0.004717, 0.002237], "cold_us": 245.25, "warm_us": 176.14, "cold_min_us": 242.59, "warm_min_us": 173.28, "samples": 24}
{"event": "attend", "rows": 16, "requests": 8, "tokens": 2, "geometry": [64, 32, 8], "passed": true, "largest": 0.004739, "rms": 0.002513, "gated_steps": 0, "gated_differ": 0, "from_rule": [0.004717, 0.002237], "cold_us": 230.96, "warm_us": 166.13, "cold_min_us": 225.54, "warm_min_us": 162.82, "samples": 24}
{"event": "attend", "rows": 16, "requests": 8, "tokens": 2, "geometry": [16, 32, 4], "passed": true, "largest": 0.004739, "rms": 0.002413, "gated_steps": 0, "gated_differ": 0, "from_rule": [0.0, 0.0], "cold_us": 228.75, "warm_us": 160.38, "cold_min_us": 225.76, "warm_min_us": 155.55, "samples": 24}
{"event": "attend", "rows": 16, "requests": 8, "tokens": 2, "geometry": [128, 1, 4], "passed": false, "refused": "OutOfResources: out of resource: shared memory, Required: 137216, Hardware limit: 101376. Reducing block sizes or `num_stages` may help."}
{"event": "attend_verdict", "rows": 16, "cold": {"rule": [16, 32, 4], "passing": 49, "failing": [[128, 1, 4]], "fastest": [64, 1, 2], "fastest_us": 218.74, "rule_us": 228.75, "fastest_over_rule": 0.9562}, "warm": {"rule": [16, 32, 4], "passing": 49, "failing": [[128, 1, 4]], "fastest": [32, 4, 8], "fastest_us": 140.75, "rule_us": 160.38, "fastest_over_rule": 0.8776}}
{"event": "attend", "rows": 32, "requests": 8, "tokens": 4, "geometry": [16, 1, 1], "passed": true, "largest": 0.004367, "rms": 0.00253, "gated_steps": 0, "gated_differ": 0, "from_rule": [0.004367, 0.002846], "cold_us": 675.79, "warm_us": 631.86, "cold_min_us": 660.74, "warm_min_us": 628.13, "samples": 24}
{"event": "attend", "rows": 32, "requests": 8, "tokens": 4, "geometry": [16, 1, 2], "passed": true, "largest": 0.004367, "rms": 0.00253, "gated_steps": 0, "gated_differ": 0, "from_rule": [0.004367, 0.002846], "cold_us": 428.02, "warm_us": 398.13, "cold_min_us": 422.85, "warm_min_us": 392.22, "samples": 24}
{"event": "attend", "rows": 32, "requests": 8, "tokens": 4, "geometry": [16, 1, 4], "passed": true, "largest": 0.004367, "rms": 0.00253, "gated_steps": 0, "gated_differ": 0, "from_rule": [0.004367, 0.002846], "cold_us": 373.89, "warm_us": 339.63, "cold_min_us": 367.68, "warm_min_us": 334.37, "samples": 24}
{"event": "attend", "rows": 32, "requests": 8, "tokens": 4, "geometry": [16, 1, 8], "passed": true, "largest": 0.004367, "rms": 0.00253, "gated_steps": 0, "gated_differ": 0, "from_rule": [0.004367, 0.002846], "cold_us": 382.9, "warm_us": 352.78, "cold_min_us": 377.98, "warm_min_us": 347.84, "samples": 24}
{"event": "attend", "rows": 32, "requests": 8, "tokens": 4, "geometry": [16, 4, 1], "passed": true, "largest": 0.004367, "rms": 0.002472, "gated_steps": 0, "gated_differ": 0, "from_rule": [0.004367, 0.002412], "cold_us": 354.59, "warm_us": 287.81, "cold_min_us": 349.63, "warm_min_us": 280.1, "samples": 24}
{"event": "attend", "rows": 32, "requests": 8, "tokens": 4, "geometry": [16, 4, 2], "passed": true, "largest": 0.004367, "rms": 0.002472, "gated_steps": 0, "gated_differ": 0, "from_rule": [0.004367, 0.002412], "cold_us": 319.39, "warm_us": 255.39, "cold_min_us": 316.13, "warm_min_us": 249.6, "samples": 24}
{"event": "attend", "rows": 32, "requests": 8, "tokens": 4, "geometry": [16, 4, 4], "passed": true, "largest": 0.004367, "rms": 0.002472, "gated_steps": 0, "gated_differ": 0, "from_rule": [0.004367, 0.002412], "cold_us": 317.79, "warm_us": 252.24, "cold_min_us": 315.07, "warm_min_us": 244.13, "samples": 24}
{"event": "attend", "rows": 32, "requests": 8, "tokens": 4, "geometry": [16, 4, 8], "passed": true, "largest": 0.004367, "rms": 0.002472, "gated_steps": 0, "gated_differ": 0, "from_rule": [0.004367, 0.002412], "cold_us": 320.16, "warm_us": 254.5, "cold_min_us": 315.46, "warm_min_us": 248.13, "samples": 24}
{"event": "attend", "rows": 32, "requests": 8, "tokens": 4, "geometry": [16, 16, 1], "passed": true, "largest": 0.004367, "rms": 0.002429, "gated_steps": 0, "gated_differ": 0, "from_rule": [0.004367, 0.002428], "cold_us": 356.11, "warm_us": 297.44, "cold_min_us": 349.86, "warm_min_us": 290.69, "samples": 24}
{"event": "attend", "rows": 32, "requests": 8, "tokens": 4, "geometry": [16, 16, 2], "passed": true, "largest": 0.004367, "rms": 0.002429, "gated_steps": 0, "gated_differ": 0, "from_rule": [0.004367, 0.002428], "cold_us": 331.5, "warm_us": 274.66, "cold_min_us": 328.38, "warm_min_us": 270.66, "samples": 24}
{"event": "attend", "rows": 32, "requests": 8, "tokens": 4, "geometry": [16, 16, 4], "passed": true, "largest": 0.004367, "rms": 0.002429, "gated_steps": 0, "gated_differ": 0, "from_rule": [0.004367, 0.002428], "cold_us": 326.48, "warm_us": 267.22, "cold_min_us": 323.97, "warm_min_us": 262.94, "samples": 24}
{"event": "attend", "rows": 32, "requests": 8, "tokens": 4, "geometry": [16, 16, 8], "passed": true, "largest": 0.004367, "rms": 0.002429, "gated_steps": 0, "gated_differ": 0, "from_rule": [0.004367, 0.002428], "cold_us": 327.15, "warm_us": 266.4, "cold_min_us": 324.48, "warm_min_us": 261.6, "samples": 24}
{"event": "attend", "rows": 32, "requests": 8, "tokens": 4, "geometry": [16, 64, 1], "passed": true, "largest": 0.004367, "rms": 0.002321, "gated_steps": 0, "gated_differ": 0, "from_rule": [0.004367, 0.002752], "cold_us": 435.06, "warm_us": 388.82, "cold_min_us": 431.14, "warm_min_us": 384.38, "samples": 24}
{"event": "attend", "rows": 32, "requests": 8, "tokens": 4, "geometry": [16, 64, 2], "passed": true, "largest": 0.004367, "rms": 0.002321, "gated_steps": 0, "gated_differ": 0, "from_rule": [0.004367, 0.002752], "cold_us": 374.82, "warm_us": 339.78, "cold_min_us": 371.74, "warm_min_us": 334.88, "samples": 24}
{"event": "attend", "rows": 32, "requests": 8, "tokens": 4, "geometry": [16, 64, 4], "passed": true, "largest": 0.004367, "rms": 0.002321, "gated_steps": 0, "gated_differ": 0, "from_rule": [0.004367, 0.002752], "cold_us": 371.06, "warm_us": 334.54, "cold_min_us": 368.03, "warm_min_us": 328.45, "samples": 24}
{"event": "attend", "rows": 32, "requests": 8, "tokens": 4, "geometry": [16, 64, 8], "passed": true, "largest": 0.004367, "rms": 0.002321, "gated_steps": 0, "gated_differ": 0, "from_rule": [0.004367, 0.002752], "cold_us": 371.82, "warm_us": 334.77, "cold_min_us": 367.3, "warm_min_us": 329.38, "samples": 24}
{"event": "attend", "rows": 32, "requests": 8, "tokens": 4, "geometry": [32, 1, 1], "passed": true, "largest": 0.004367, "rms": 0.002534, "gated_steps": 0, "gated_differ": 0, "from_rule": [0.004367, 0.002828], "cold_us": 328.0, "warm_us": 274.29, "cold_min_us": 322.46, "warm_min_us": 267.74, "samples": 24}
{"event": "attend", "rows": 32, "requests": 8, "tokens": 4, "geometry": [32, 1, 2], "passed": true, "largest": 0.004367, "rms": 0.002534, "gated_steps": 0, "gated_differ": 0, "from_rule": [0.004367, 0.002828], "cold_us": 385.46, "warm_us": 349.39, "cold_min_us": 381.89, "warm_min_us": 342.94, "samples": 24}
{"event": "attend", "rows": 32, "requests": 8, "tokens": 4, "geometry": [32, 1, 4], "passed": true, "largest": 0.004367, "rms": 0.002534, "gated_steps": 0, "gated_differ": 0, "from_rule": [0.004367, 0.002828], "cold_us": 318.93, "warm_us": 264.18, "cold_min_us": 313.82, "warm_min_us": 257.98, "samples": 24}
{"event": "attend", "rows": 32, "requests": 8, "tokens": 4, "geometry": [32, 1, 8], "passed": true, "largest": 0.004367, "rms": 0.002534, "gated_steps": 0, "gated_differ": 0, "from_rule": [0.004367, 0.002828], "cold_us": 311.1, "warm_us": 251.25, "cold_min_us": 306.21, "warm_min_us": 245.76, "samples": 24}
{"event": "attend", "rows": 32, "requests": 8, "tokens": 4, "geometry": [32, 4, 1], "passed": true, "largest": 0.004367, "rms": 0.002488, "gated_steps": 0, "gated_differ": 0, "from_rule": [0.004367, 0.002317], "cold_us": 328.21, "warm_us": 262.8, "cold_min_us": 322.56, "warm_min_us": 255.33, "samples": 24}
{"event": "attend", "rows": 32, "requests": 8, "tokens": 4, "geometry": [32, 4, 2], "passed": true, "largest": 0.004367, "rms": 0.002488, "gated_steps": 0, "gated_differ": 0, "from_rule": [0.004367, 0.002318], "cold_us": 362.0, "warm_us": 294.0, "cold_min_us": 354.62, "warm_min_us": 284.42, "samples": 24}
{"event": "attend", "rows": 32, "requests": 8, "tokens": 4, "geometry": [32, 4, 4], "passed": true, "largest": 0.004367, "rms": 0.002488, "gated_steps": 0, "gated_differ": 0, "from_rule": [0.004367, 0.002318], "cold_us": 324.16, "warm_us": 260.0, "cold_min_us": 319.84, "warm_min_us": 256.45, "samples": 24}
{"event": "attend", "rows": 32, "requests": 8, "tokens": 4, "geometry": [32, 4, 8], "passed": true, "largest": 0.004367, "rms": 0.002488, "gated_steps": 0, "gated_differ": 0, "from_rule": [0.004367, 0.002318], "cold_us": 324.88, "warm_us": 259.1, "cold_min_us": 322.3, "warm_min_us": 254.98, "samples": 24}
{"event": "attend", "rows": 32, "requests": 8, "tokens": 4, "geometry": [32, 16, 1], "passed": true, "largest": 0.004367, "rms": 0.002437, "gated_steps": 0, "gated_differ": 0, "from_rule": [0.004367, 0.002342], "cold_us": 334.59, "warm_us": 275.1, "cold_min_us": 329.79, "warm_min_us": 268.74, "samples": 24}
{"event": "attend", "rows": 32, "requests": 8, "tokens": 4, "geometry": [32, 16, 2], "passed": true, "largest": 0.004367, "rms": 0.002437, "gated_steps": 0, "gated_differ": 0, "from_rule": [0.004367, 0.002342], "cold_us": 341.76, "warm_us": 282.67, "cold_min_us": 336.67, "warm_min_us": 275.26, "samples": 24}
{"event": "attend", "rows": 32, "requests": 8, "tokens": 4, "geometry": [32, 16, 4], "passed": true, "largest": 0.004367, "rms": 0.002437, "gated_steps": 0, "gated_differ": 0, "from_rule": [0.004367, 0.002342], "cold_us": 326.37, "warm_us": 267.98, "cold_min_us": 322.88, "warm_min_us": 261.82, "samples": 24}
{"event": "attend", "rows": 32, "requests": 8, "tokens": 4, "geometry": [32, 16, 8], "passed": true, "largest": 0.004367, "rms": 0.002437, "gated_steps": 0, "gated_differ": 0, "from_rule": [0.004367, 0.002342], "cold_us": 324.98, "warm_us": 266.62, "cold_min_us": 319.01, "warm_min_us": 259.74, "samples": 24}
{"event": "attend", "rows": 32, "requests": 8, "tokens": 4, "geometry": [32, 64, 1], "passed": true, "largest": 0.004367, "rms": 0.002389, "gated_steps": 0, "gated_differ": 0, "from_rule": [0.004367, 0.002719], "cold_us": 381.89, "warm_us": 336.35, "cold_min_us": 376.99, "warm_min_us": 331.9, "samples": 24}
{"event": "attend", "rows": 32, "requests": 8, "tokens": 4, "geometry": [32, 64, 2], "passed": true, "largest": 0.004367, "rms": 0.002389, "gated_steps": 0, "gated_differ": 0, "from_rule": [0.004367, 0.002719], "cold_us": 399.73, "warm_us": 357.14, "cold_min_us": 395.97, "warm_min_us": 351.9, "samples": 24}
{"event": "attend", "rows": 32, "requests": 8, "tokens": 4, "geometry": [32, 64, 4], "passed": true, "largest": 0.004367, "rms": 0.002389, "gated_steps": 0, "gated_differ": 0, "from_rule": [0.004367, 0.002719], "cold_us": 370.42, "warm_us": 337.65, "cold_min_us": 366.62, "warm_min_us": 331.55, "samples": 24}
{"event": "attend", "rows": 32, "requests": 8, "tokens": 4, "geometry": [32, 64, 8], "passed": true, "largest": 0.004367, "rms": 0.002389, "gated_steps": 0, "gated_differ": 0, "from_rule": [0.004367, 0.002719], "cold_us": 373.39, "warm_us": 334.19, "cold_min_us": 369.7, "warm_min_us": 330.37, "samples": 24}
{"event": "attend", "rows": 32, "requests": 8, "tokens": 4, "geometry": [64, 1, 1], "passed": true, "largest": 0.004367, "rms": 0.002543, "gated_steps": 0, "gated_differ": 0, "from_rule": [0.004367, 0.002787], "cold_us": 326.88, "warm_us": 258.45, "cold_min_us": 322.21, "warm_min_us": 253.63, "samples": 24}
{"event": "attend", "rows": 32, "requests": 8, "tokens": 4, "geometry": [64, 1, 2], "passed": true, "largest": 0.004367, "rms": 0.002543, "gated_steps": 0, "gated_differ": 0, "from_rule": [0.004367, 0.002787], "cold_us": 307.65, "warm_us": 242.05, "cold_min_us": 302.37, "warm_min_us": 236.7, "samples": 24}
{"event": "attend", "rows": 32, "requests": 8, "tokens": 4, "geometry": [64, 1, 4], "passed": true, "largest": 0.004367, "rms": 0.002543, "gated_steps": 0, "gated_differ": 0, "from_rule": [0.004367, 0.002787], "cold_us": 320.18, "warm_us": 248.69, "cold_min_us": 311.94, "warm_min_us": 243.01, "samples": 24}
{"event": "attend", "rows": 32, "requests": 8, "tokens": 4, "geometry": [64, 1, 8], "passed": true, "largest": 0.004367, "rms": 0.002543, "gated_steps": 0, "gated_differ": 0, "from_rule": [0.004367, 0.002787], "cold_us": 309.98, "warm_us": 245.92, "cold_min_us": 304.38, "warm_min_us": 241.5, "samples": 24}
{"event": "attend", "rows": 32, "requests": 8, "tokens": 4, "geometry": [64, 4, 1], "passed": true, "largest": 0.004367, "rms": 0.002489, "gated_steps": 0, "gated_differ": 0, "from_rule": [0.004367, 0.002174], "cold_us": 345.06, "warm_us": 276.45, "cold_min_us": 338.88, "warm_min_us": 271.07, "samples": 24}
{"event": "attend", "rows": 32, "requests": 8, "tokens": 4, "geometry": [64, 4, 2], "passed": true, "largest": 0.004367, "rms": 0.002489, "gated_steps": 0, "gated_differ": 0, "from_rule": [0.004367, 0.002174], "cold_us": 317.34, "warm_us": 251.33, "cold_min_us": 313.92, "warm_min_us": 243.65, "samples": 24}
{"event": "attend", "rows": 32, "requests": 8, "tokens": 4, "geometry": [64, 4, 4], "passed": true, "largest": 0.004367, "rms": 0.002489, "gated_steps": 0, "gated_differ": 0, "from_rule": [0.004367, 0.002174], "cold_us": 327.41, "warm_us": 258.93, "cold_min_us": 322.94, "warm_min_us": 254.4, "samples": 24}
{"event": "attend", "rows": 32, "requests": 8, "tokens": 4, "geometry": [64, 4, 8], "passed": true, "largest": 0.004367, "rms": 0.002489, "gated_steps": 0, "gated_differ": 0, "from_rule": [0.004367, 0.002174], "cold_us": 318.35, "warm_us": 253.9, "cold_min_us": 315.94, "warm_min_us": 247.2, "samples": 24}
{"event": "attend", "rows": 32, "requests": 8, "tokens": 4, "geometry": [64, 16, 1], "passed": true, "largest": 0.004367, "rms": 0.002479, "gated_steps": 0, "gated_differ": 0, "from_rule": [0.004367, 0.002122], "cold_us": 362.64, "warm_us": 307.3, "cold_min_us": 358.59, "warm_min_us": 301.22, "samples": 24}
{"event": "attend", "rows": 32, "requests": 8, "tokens": 4, "geometry": [64, 16, 2], "passed": true, "largest": 0.004367, "rms": 0.002479, "gated_steps": 0, "gated_differ": 0, "from_rule": [0.004367, 0.002122], "cold_us": 322.64, "warm_us": 264.75, "cold_min_us": 318.59, "warm_min_us": 258.62, "samples": 24}
{"event": "attend", "rows": 32, "requests": 8, "tokens": 4, "geometry": [64, 16, 4], "passed": true, "largest": 0.004367, "rms": 0.002479, "gated_steps": 0, "gated_differ": 0, "from_rule": [0.004367, 0.002122], "cold_us": 335.6, "warm_us": 272.54, "cold_min_us": 332.64, "warm_min_us": 266.46, "samples": 24}
{"event": "attend", "rows": 32, "requests": 8, "tokens": 4, "geometry": [64, 16, 8], "passed": true, "largest": 0.004367, "rms": 0.002479, "gated_steps": 0, "gated_differ": 0, "from_rule": [0.004367, 0.002122], "cold_us": 324.42, "warm_us": 269.98, "cold_min_us": 321.79, "warm_min_us": 264.93, "samples": 24}
{"event": "attend", "rows": 32, "requests": 8, "tokens": 4, "geometry": [64, 32, 1], "passed": true, "largest": 0.004367, "rms": 0.00246, "gated_steps": 0, "gated_differ": 0, "from_rule": [0.004367, 0.002422], "cold_us": 401.34, "warm_us": 353.39, "cold_min_us": 396.13, "warm_min_us": 341.09, "samples": 24}
{"event": "attend", "rows": 32, "requests": 8, "tokens": 4, "geometry": [64, 32, 2], "passed": true, "largest": 0.004367, "rms": 0.00246, "gated_steps": 0, "gated_differ": 0, "from_rule": [0.004367, 0.002422], "cold_us": 333.12, "warm_us": 287.1, "cold_min_us": 330.46, "warm_min_us": 281.89, "samples": 24}
{"event": "attend", "rows": 32, "requests": 8, "tokens": 4, "geometry": [64, 32, 4], "passed": true, "largest": 0.004367, "rms": 0.00246, "gated_steps": 0, "gated_differ": 0, "from_rule": [0.004367, 0.002422], "cold_us": 358.7, "warm_us": 307.47, "cold_min_us": 353.31, "warm_min_us": 302.21, "samples": 24}
{"event": "attend", "rows": 32, "requests": 8, "tokens": 4, "geometry": [64, 32, 8], "passed": true, "largest": 0.004367, "rms": 0.00246, "gated_steps": 0, "gated_differ": 0, "from_rule": [0.004367, 0.002422], "cold_us": 331.6, "warm_us": 292.05, "cold_min_us": 328.16, "warm_min_us": 283.49, "samples": 24}
{"event": "attend", "rows": 32, "requests": 8, "tokens": 4, "geometry": [64, 8, 2], "passed": true, "largest": 0.004367, "rms": 0.002492, "gated_steps": 0, "gated_differ": 0, "from_rule": [0.0, 0.0], "cold_us": 317.2, "warm_us": 255.84, "cold_min_us": 314.85, "warm_min_us": 250.98, "samples": 24}
{"event": "attend", "rows": 32, "requests": 8, "tokens": 4, "geometry": [128, 1, 4], "passed": false, "refused": "OutOfResources: out of resource: shared memory, Required: 137216, Hardware limit: 101376. Reducing block sizes or `num_stages` may help."}
{"event": "attend_verdict", "rows": 32, "cold": {"rule": [64, 8, 2], "passing": 49, "failing": [[128, 1, 4]], "fastest": [64, 1, 2], "fastest_us": 307.65, "rule_us": 317.2, "fastest_over_rule": 0.9699}, "warm": {"rule": [64, 8, 2], "passing": 49, "failing": [[128, 1, 4]], "fastest": [64, 1, 2], "fastest_us": 242.05, "rule_us": 255.84, "fastest_over_rule": 0.9461}}
{"event": "attend_prefill", "rows": 4096, "context": 28000, "geometry": [16, 1, 1], "passed": true, "largest": 0.004525, "rms": 0.00254, "gated_steps": 1, "gated_differ": 4, "from_rule": [0.003333, 0.001291], "median_us": 17483.1, "min_us": 17070.0, "samples": 7}
{"event": "attend_prefill", "rows": 4096, "context": 28000, "geometry": [16, 1, 2], "passed": true, "largest": 0.004525, "rms": 0.00254, "gated_steps": 1, "gated_differ": 4, "from_rule": [0.003333, 0.001291], "median_us": 8966.9, "min_us": 8939.4, "samples": 7}
{"event": "attend_prefill", "rows": 4096, "context": 28000, "geometry": [16, 1, 4], "passed": true, "largest": 0.004525, "rms": 0.00254, "gated_steps": 1, "gated_differ": 4, "from_rule": [0.003333, 0.001291], "median_us": 8859.9, "min_us": 8848.0, "samples": 7}
{"event": "attend_prefill", "rows": 4096, "context": 28000, "geometry": [16, 1, 8], "passed": true, "largest": 0.004525, "rms": 0.00254, "gated_steps": 1, "gated_differ": 4, "from_rule": [0.003333, 0.001291], "median_us": 11789.7, "min_us": 11767.8, "samples": 7}
{"event": "attend_prefill", "rows": 4096, "context": 28000, "geometry": [16, 4, 1], "passed": true, "largest": 0.004525, "rms": 0.00251, "gated_steps": 1, "gated_differ": 2, "from_rule": [0.003333, 0.002661], "median_us": 16462.7, "min_us": 16305.6, "samples": 7}
{"event": "attend_prefill", "rows": 4096, "context": 28000, "geometry": [16, 4, 2], "passed": true, "largest": 0.004525, "rms": 0.00251, "gated_steps": 1, "gated_differ": 2, "from_rule": [0.003333, 0.002661], "median_us": 9753.1, "min_us": 9715.7, "samples": 7}
{"event": "attend_prefill", "rows": 4096, "context": 28000, "geometry": [16, 4, 4], "passed": true, "largest": 0.004525, "rms": 0.00251, "gated_steps": 1, "gated_differ": 2, "from_rule": [0.003333, 0.002661], "median_us": 9756.6, "min_us": 9738.4, "samples": 7}
{"event": "attend_prefill", "rows": 4096, "context": 28000, "geometry": [16, 4, 8], "passed": true, "largest": 0.004525, "rms": 0.00251, "gated_steps": 1, "gated_differ": 2, "from_rule": [0.003333, 0.002661], "median_us": 12488.9, "min_us": 12457.6, "samples": 7}
{"event": "attend_prefill", "rows": 4096, "context": 28000, "geometry": [32, 1, 1], "passed": true, "largest": 0.004525, "rms": 0.002554, "gated_steps": 1, "gated_differ": 5, "from_rule": [0.003333, 0.001143], "median_us": 11464.4, "min_us": 11439.1, "samples": 7}
{"event": "attend_prefill", "rows": 4096, "context": 28000, "geometry": [32, 1, 2], "passed": true, "largest": 0.004525, "rms": 0.002554, "gated_steps": 1, "gated_differ": 5, "from_rule": [0.003333, 0.001143], "median_us": 12893.5, "min_us": 12525.8, "samples": 7}
{"event": "attend_prefill", "rows": 4096, "context": 28000, "geometry": [32, 1, 4], "passed": true, "largest": 0.004525, "rms": 0.002554, "gated_steps": 1, "gated_differ": 5, "from_rule": [0.003333, 0.001143], "median_us": 10594.6, "min_us": 10495.4, "samples": 7}
{"event": "attend_prefill", "rows": 4096, "context": 28000, "geometry": [32, 1, 8], "passed": true, "largest": 0.004525, "rms": 0.002554, "gated_steps": 1, "gated_differ": 5, "from_rule": [0.003333, 0.001143], "median_us": 9911.7, "min_us": 9890.5, "samples": 7}
{"event": "attend_prefill", "rows": 4096, "context": 28000, "geometry": [32, 4, 1], "passed": true, "largest": 0.004525, "rms": 0.002524, "gated_steps": 1, "gated_differ": 3, "from_rule": [0.003333, 0.002645], "median_us": 12504.9, "min_us": 12482.2, "samples": 7}
{"event": "attend_prefill", "rows": 4096, "context": 28000, "geometry": [32, 4, 2], "passed": true, "largest": 0.004525, "rms": 0.002524, "gated_steps": 1, "gated_differ": 3, "from_rule": [0.003333, 0.002645], "median_us": 14623.7, "min_us": 14587.4, "samples": 7}
{"event": "attend_prefill", "rows": 4096, "context": 28000, "geometry": [32, 4, 4], "passed": true, "largest": 0.004525, "rms": 0.002524, "gated_steps": 1, "gated_differ": 3, "from_rule": [0.003333, 0.002645], "median_us": 10862.9, "min_us": 10849.9, "samples": 7}
{"event": "attend_prefill", "rows": 4096, "context": 28000, "geometry": [32, 4, 8], "passed": true, "largest": 0.004525, "rms": 0.002524, "gated_steps": 1, "gated_differ": 3, "from_rule": [0.003333, 0.002645], "median_us": 11192.0, "min_us": 11183.6, "samples": 7}
{"event": "attend_prefill", "rows": 4096, "context": 28000, "geometry": [64, 1, 1], "passed": true, "largest": 0.004525, "rms": 0.002544, "gated_steps": 1, "gated_differ": 4, "from_rule": [0.001667, 1e-05], "median_us": 17707.0, "min_us": 17660.4, "samples": 7}
{"event": "attend_prefill", "rows": 4096, "context": 28000, "geometry": [64, 1, 2], "passed": true, "largest": 0.004525, "rms": 0.002544, "gated_steps": 1, "gated_differ": 4, "from_rule": [0.0, 0.0], "median_us": 11877.2, "min_us": 11870.1, "samples": 7}
{"event": "attend_prefill", "rows": 4096, "context": 28000, "geometry": [64, 1, 4], "passed": true, "largest": 0.004525, "rms": 0.002544, "gated_steps": 1, "gated_differ": 4, "from_rule": [0.001667, 9e-06], "median_us": 14800.0, "min_us": 14767.1, "samples": 7}
{"event": "attend_prefill", "rows": 4096, "context": 28000, "geometry": [64, 1, 8], "passed": true, "largest": 0.004525, "rms": 0.002544, "gated_steps": 1, "gated_differ": 4, "from_rule": [0.001667, 8e-06], "median_us": 13288.4, "min_us": 13261.8, "samples": 7}
{"event": "attend_prefill", "rows": 4096, "context": 28000, "geometry": [64, 4, 1], "passed": true, "largest": 0.004525, "rms": 0.002505, "gated_steps": 1, "gated_differ": 3, "from_rule": [0.003333, 0.002606], "median_us": 19308.4, "min_us": 19301.8, "samples": 7}
{"event": "attend_prefill", "rows": 4096, "context": 28000, "geometry": [64, 4, 2], "passed": true, "largest": 0.004525, "rms": 0.002505, "gated_steps": 1, "gated_differ": 3, "from_rule": [0.003333, 0.002606], "median_us": 13075.2, "min_us": 13056.7, "samples": 7}
{"event": "attend_prefill", "rows": 4096, "context": 28000, "geometry": [64, 4, 4], "passed": true, "largest": 0.004525, "rms": 0.002505, "gated_steps": 1, "gated_differ": 3, "from_rule": [0.003333, 0.002606], "median_us": 16373.5, "min_us": 16348.2, "samples": 7}
{"event": "attend_prefill", "rows": 4096, "context": 28000, "geometry": [64, 4, 8], "passed": true, "largest": 0.004525, "rms": 0.002505, "gated_steps": 1, "gated_differ": 3, "from_rule": [0.003333, 0.002606], "median_us": 15021.5, "min_us": 15001.8, "samples": 7}
{"event": "attend_prefill_verdict", "rows": 4096, "rule": [64, 1, 2], "passing": 24, "failing": [], "fastest": [16, 1, 4], "fastest_us": 8859.9, "rule_us": 11877.2, "fastest_over_rule": 0.746}
{"event": "covered", "rows": 2048, "context": 0, "geometry": [16, 1, 1], "passed": true, "largest": 0.00071, "rms": 0.000848, "gated_steps": 0, "gated_differ": 0, "from_rule": [0.00142, 0.001339], "alike": true, "median_us": 9871.2, "min_us": 9720.2, "samples": 7}
{"event": "covered", "rows": 2048, "context": 0, "geometry": [16, 1, 2], "passed": true, "largest": 0.00071, "rms": 0.000848, "gated_steps": 0, "gated_differ": 0, "from_rule": [0.00142, 0.001339], "alike": true, "median_us": 3772.1, "min_us": 3731.0, "samples": 7}
{"event": "covered", "rows": 2048, "context": 0, "geometry": [16, 1, 4], "passed": true, "largest": 0.00071, "rms": 0.000848, "gated_steps": 0, "gated_differ": 0, "from_rule": [0.00142, 0.001339], "alike": true, "median_us": 1712.3, "min_us": 1694.7, "samples": 7}
{"event": "covered", "rows": 2048, "context": 0, "geometry": [16, 1, 8], "passed": true, "largest": 0.00071, "rms": 0.000848, "gated_steps": 0, "gated_differ": 0, "from_rule": [0.00142, 0.001339], "alike": true, "median_us": 2940.9, "min_us": 2928.5, "samples": 7}
{"event": "covered", "rows": 2048, "context": 0, "geometry": [16, 4, 1], "passed": true, "largest": 0.00071, "rms": 0.000845, "gated_steps": 0, "gated_differ": 0, "from_rule": [0.00142, 0.001559], "alike": true, "median_us": 11098.0, "min_us": 11066.0, "samples": 7}
{"event": "covered", "rows": 2048, "context": 0, "geometry": [16, 4, 2], "passed": true, "largest": 0.00071, "rms": 0.000845, "gated_steps": 0, "gated_differ": 0, "from_rule": [0.00142, 0.001559], "alike": true, "median_us": 3929.5, "min_us": 3926.1, "samples": 7}
{"event": "covered", "rows": 2048, "context": 0, "geometry": [16, 4, 4], "passed": true, "largest": 0.00071, "rms": 0.000845, "gated_steps": 0, "gated_differ": 0, "from_rule": [0.00142, 0.001559], "alike": true, "median_us": 2002.4, "min_us": 1994.9, "samples": 7}
{"event": "covered", "rows": 2048, "context": 0, "geometry": [16, 4, 8], "passed": true, "largest": 0.00071, "rms": 0.000845, "gated_steps": 0, "gated_differ": 0, "from_rule": [0.00142, 0.001559], "alike": true, "median_us": 3201.5, "min_us": 3186.8, "samples": 7}
{"event": "covered", "rows": 2048, "context": 0, "geometry": [32, 1, 1], "passed": true, "largest": 0.00071, "rms": 0.000861, "gated_steps": 0, "gated_differ": 0, "from_rule": [0.00071, 0.001064], "alike": true, "median_us": 8345.5, "min_us": 8247.4, "samples": 7}
{"event": "covered", "rows": 2048, "context": 0, "geometry": [32, 1, 2], "passed": true, "largest": 0.00071, "rms": 0.000861, "gated_steps": 0, "gated_differ": 0, "from_rule": [0.00071, 0.001064], "alike": true, "median_us": 2783.8, "min_us": 2771.4, "samples": 7}
{"event": "covered", "rows": 2048, "context": 0, "geometry": [32, 1, 4], "passed": true, "largest": 0.00071, "rms": 0.000861, "gated_steps": 0, "gated_differ": 0, "from_rule": [0.00071, 0.001064], "alike": true, "median_us": 1334.9, "min_us": 1313.9, "samples": 7}
{"event": "covered", "rows": 2048, "context": 0, "geometry": [32, 1, 8], "passed": true, "largest": 0.00071, "rms": 0.000861, "gated_steps": 0, "gated_differ": 0, "from_rule": [0.00071, 0.001064], "alike": true, "median_us": 1886.1, "min_us": 1874.8, "samples": 7}
{"event": "covered", "rows": 2048, "context": 0, "geometry": [32, 4, 1], "passed": true, "largest": 0.00071, "rms": 0.000857, "gated_steps": 0, "gated_differ": 0, "from_rule": [0.00071, 0.001349], "alike": true, "median_us": 9240.8, "min_us": 9114.0, "samples": 7}
{"event": "covered", "rows": 2048, "context": 0, "geometry": [32, 4, 2], "passed": true, "largest": 0.00071, "rms": 0.000857, "gated_steps": 0, "gated_differ": 0, "from_rule": [0.00071, 0.001349], "alike": true, "median_us": 3094.0, "min_us": 3083.3, "samples": 7}
{"event": "covered", "rows": 2048, "context": 0, "geometry": [32, 4, 4], "passed": true, "largest": 0.00071, "rms": 0.000857, "gated_steps": 0, "gated_differ": 0, "from_rule": [0.00071, 0.001349], "alike": true, "median_us": 1647.9, "min_us": 1635.9, "samples": 7}
{"event": "covered", "rows": 2048, "context": 0, "geometry": [32, 4, 8], "passed": true, "largest": 0.00071, "rms": 0.000857, "gated_steps": 0, "gated_differ": 0, "from_rule": [0.00071, 0.001349], "alike": true, "median_us": 2227.7, "min_us": 2210.7, "samples": 7}
{"event": "covered", "rows": 2048, "context": 0, "geometry": [64, 1, 1], "passed": true, "largest": 0.00071, "rms": 0.000867, "gated_steps": 1, "gated_differ": 1, "from_rule": [0.000178, 5e-06], "alike": true, "median_us": 11103.3, "min_us": 11044.9, "samples": 7}
{"event": "covered", "rows": 2048, "context": 0, "geometry": [64, 1, 2], "passed": true, "largest": 0.00071, "rms": 0.000867, "gated_steps": 1, "gated_differ": 1, "from_rule": [0.0, 0.0], "alike": true, "median_us": 3518.2, "min_us": 3499.7, "samples": 7}
{"event": "covered", "rows": 2048, "context": 0, "geometry": [64, 1, 4], "passed": true, "largest": 0.00071, "rms": 0.000867, "gated_steps": 1, "gated_differ": 1, "from_rule": [0.000178, 5e-06], "alike": true, "median_us": 2013.7, "min_us": 1996.4, "samples": 7}
{"event": "covered", "rows": 2048, "context": 0, "geometry": [64, 1, 8], "passed": true, "largest": 0.00071, "rms": 0.000867, "gated_steps": 1, "gated_differ": 1, "from_rule": [0.000178, 7e-06], "alike": true, "median_us": 1441.7, "min_us": 1406.7, "samples": 7}
{"event": "covered", "rows": 2048, "context": 0, "geometry": [64, 4, 1], "passed": true, "largest": 0.00071, "rms": 0.000863, "gated_steps": 1, "gated_differ": 2, "from_rule": [0.000355, 0.000948], "alike": true, "median_us": 11867.8, "min_us": 11851.8, "samples": 7}
{"event": "covered", "rows": 2048, "context": 0, "geometry": [64, 4, 2], "passed": true, "largest": 0.00071, "rms": 0.000863, "gated_steps": 1, "gated_differ": 2, "from_rule": [0.000355, 0.000948], "alike": true, "median_us": 4386.2, "min_us": 4365.5, "samples": 7}
{"event": "covered", "rows": 2048, "context": 0, "geometry": [64, 4, 4], "passed": true, "largest": 0.00071, "rms": 0.000863, "gated_steps": 1, "gated_differ": 2, "from_rule": [0.000355, 0.000948], "alike": true, "median_us": 2415.6, "min_us": 2407.9, "samples": 7}
{"event": "covered", "rows": 2048, "context": 0, "geometry": [64, 4, 8], "passed": true, "largest": 0.00071, "rms": 0.000863, "gated_steps": 1, "gated_differ": 2, "from_rule": [0.000355, 0.000948], "alike": true, "median_us": 1771.3, "min_us": 1762.1, "samples": 7}
{"event": "covered_verdict", "rows": 2048, "rule": [64, 1, 2], "passing": 24, "failing": [], "fastest": [32, 1, 4], "fastest_us": 1334.9, "rule_us": 3518.2, "fastest_over_rule": 0.3794}
{"event": "attend_mid", "rows": 64, "context": 12000, "geometry": [16, 1, 1], "passed": true, "largest": 0.004545, "rms": 0.002545, "gated_steps": 0, "gated_differ": 0, "from_rule": [0.004545, 0.002861], "median_us": 650.0, "min_us": 642.7, "samples": 7}
{"event": "attend_mid", "rows": 64, "context": 12000, "geometry": [16, 1, 2], "passed": true, "largest": 0.004545, "rms": 0.002545, "gated_steps": 0, "gated_differ": 0, "from_rule": [0.004545, 0.002861], "median_us": 376.4, "min_us": 374.1, "samples": 7}
{"event": "attend_mid", "rows": 64, "context": 12000, "geometry": [16, 1, 4], "passed": true, "largest": 0.004545, "rms": 0.002545, "gated_steps": 0, "gated_differ": 0, "from_rule": [0.004545, 0.002861], "median_us": 338.3, "min_us": 336.3, "samples": 7}
{"event": "attend_mid", "rows": 64, "context": 12000, "geometry": [16, 1, 8], "passed": true, "largest": 0.004545, "rms": 0.002545, "gated_steps": 0, "gated_differ": 0, "from_rule": [0.004545, 0.002861], "median_us": 353.5, "min_us": 351.0, "samples": 7}
{"event": "attend_mid", "rows": 64, "context": 12000, "geometry": [16, 4, 1], "passed": true, "largest": 0.004545, "rms": 0.002508, "gated_steps": 0, "gated_differ": 0, "from_rule": [0.004545, 0.002417], "median_us": 391.0, "min_us": 379.8, "samples": 7}
{"event": "attend_mid", "rows": 64, "context": 12000, "geometry": [16, 4, 2], "passed": true, "largest": 0.004545, "rms": 0.002508, "gated_steps": 0, "gated_differ": 0, "from_rule": [0.004545, 0.002417], "median_us": 250.4, "min_us": 247.4, "samples": 7}
{"event": "attend_mid", "rows": 64, "context": 12000, "geometry": [16, 4, 4], "passed": true, "largest": 0.004545, "rms": 0.002508, "gated_steps": 0, "gated_differ": 0, "from_rule": [0.004545, 0.002417], "median_us": 225.8, "min_us": 223.7, "samples": 7}
{"event": "attend_mid", "rows": 64, "context": 12000, "geometry": [16, 4, 8], "passed": true, "largest": 0.004545, "rms": 0.002508, "gated_steps": 0, "gated_differ": 0, "from_rule": [0.004545, 0.002417], "median_us": 258.8, "min_us": 255.7, "samples": 7}
{"event": "attend_mid", "rows": 64, "context": 12000, "geometry": [16, 16, 1], "passed": true, "largest": 0.004545, "rms": 0.002465, "gated_steps": 0, "gated_differ": 0, "from_rule": [0.004545, 0.002439], "median_us": 365.6, "min_us": 362.8, "samples": 7}
{"event": "attend_mid", "rows": 64, "context": 12000, "geometry": [16, 16, 2], "passed": true, "largest": 0.004545, "rms": 0.002465, "gated_steps": 0, "gated_differ": 0, "from_rule": [0.004545, 0.002439], "median_us": 240.3, "min_us": 238.3, "samples": 7}
{"event": "attend_mid", "rows": 64, "context": 12000, "geometry": [16, 16, 4], "passed": true, "largest": 0.004545, "rms": 0.002465, "gated_steps": 0, "gated_differ": 0, "from_rule": [0.004545, 0.002439], "median_us": 228.1, "min_us": 226.1, "samples": 7}
{"event": "attend_mid", "rows": 64, "context": 12000, "geometry": [16, 16, 8], "passed": true, "largest": 0.004545, "rms": 0.002465, "gated_steps": 0, "gated_differ": 0, "from_rule": [0.004545, 0.002439], "median_us": 279.3, "min_us": 278.9, "samples": 7}
{"event": "attend_mid", "rows": 64, "context": 12000, "geometry": [16, 64, 1], "passed": true, "largest": 0.004545, "rms": 0.002369, "gated_steps": 0, "gated_differ": 0, "from_rule": [0.004545, 0.002776], "median_us": 541.4, "min_us": 540.4, "samples": 7}
{"event": "attend_mid", "rows": 64, "context": 12000, "geometry": [16, 64, 2], "passed": true, "largest": 0.004545, "rms": 0.002369, "gated_steps": 0, "gated_differ": 0, "from_rule": [0.004545, 0.002776], "median_us": 422.6, "min_us": 420.7, "samples": 7}
{"event": "attend_mid", "rows": 64, "context": 12000, "geometry": [16, 64, 4], "passed": true, "largest": 0.004545, "rms": 0.002369, "gated_steps": 0, "gated_differ": 0, "from_rule": [0.004545, 0.002776], "median_us": 398.0, "min_us": 395.0, "samples": 7}
{"event": "attend_mid", "rows": 64, "context": 12000, "geometry": [16, 64, 8], "passed": true, "largest": 0.004545, "rms": 0.002369, "gated_steps": 0, "gated_differ": 0, "from_rule": [0.004545, 0.002776], "median_us": 484.1, "min_us": 481.0, "samples": 7}
{"event": "attend_mid", "rows": 64, "context": 12000, "geometry": [32, 1, 1], "passed": true, "largest": 0.004545, "rms": 0.002555, "gated_steps": 0, "gated_differ": 0, "from_rule": [0.004545, 0.002845], "median_us": 282.2, "min_us": 280.3, "samples": 7}
{"event": "attend_mid", "rows": 64, "context": 12000, "geometry": [32, 1, 2], "passed": true, "largest": 0.004545, "rms": 0.002555, "gated_steps": 0, "gated_differ": 0, "from_rule": [0.004545, 0.002845], "median_us": 318.2, "min_us": 317.0, "samples": 7}
{"event": "attend_mid", "rows": 64, "context": 12000, "geometry": [32, 1, 4], "passed": true, "largest": 0.004545, "rms": 0.002555, "gated_steps": 0, "gated_differ": 0, "from_rule": [0.004545, 0.002845], "median_us": 282.4, "min_us": 280.2, "samples": 7}
{"event": "attend_mid", "rows": 64, "context": 12000, "geometry": [32, 1, 8], "passed": true, "largest": 0.004545, "rms": 0.002555, "gated_steps": 0, "gated_differ": 0, "from_rule": [0.004545, 0.002845], "median_us": 257.8, "min_us": 254.7, "samples": 7}
{"event": "attend_mid", "rows": 64, "context": 12000, "geometry": [32, 4, 1], "passed": true, "largest": 0.004545, "rms": 0.002515, "gated_steps": 0, "gated_differ": 0, "from_rule": [0.004545, 0.002343], "median_us": 246.6, "min_us": 245.3, "samples": 7}
{"event": "attend_mid", "rows": 64, "context": 12000, "geometry": [32, 4, 2], "passed": true, "largest": 0.004545, "rms": 0.002515, "gated_steps": 0, "gated_differ": 0, "from_rule": [0.004545, 0.002343], "median_us": 310.0, "min_us": 303.7, "samples": 7}
{"event": "attend_mid", "rows": 64, "context": 12000, "geometry": [32, 4, 4], "passed": true, "largest": 0.004545, "rms": 0.002515, "gated_steps": 0, "gated_differ": 0, "from_rule": [0.004545, 0.002343], "median_us": 218.8, "min_us": 217.7, "samples": 7}
{"event": "attend_mid", "rows": 64, "context": 12000, "geometry": [32, 4, 8], "passed": true, "largest": 0.004545, "rms": 0.002515, "gated_steps": 0, "gated_differ": 0, "from_rule": [0.004545, 0.002343], "median_us": 225.9, "min_us": 224.0, "samples": 7}
{"event": "attend_mid", "rows": 64, "context": 12000, "geometry": [32, 16, 1], "passed": true, "largest": 0.004545, "rms": 0.002493, "gated_steps": 0, "gated_differ": 0, "from_rule": [0.004545, 0.002344], "median_us": 283.2, "min_us": 279.0, "samples": 7}
{"event": "attend_mid", "rows": 64, "context": 12000, "geometry": [32, 16, 2], "passed": true, "largest": 0.004545, "rms": 0.002493, "gated_steps": 0, "gated_differ": 0, "from_rule": [0.004545, 0.002344], "median_us": 348.9, "min_us": 345.7, "samples": 7}
{"event": "attend_mid", "rows": 64, "context": 12000, "geometry": [32, 16, 4], "passed": true, "largest": 0.004545, "rms": 0.002493, "gated_steps": 0, "gated_differ": 0, "from_rule": [0.004545, 0.002344], "median_us": 256.7, "min_us": 254.8, "samples": 7}
{"event": "attend_mid", "rows": 64, "context": 12000, "geometry": [32, 16, 8], "passed": true, "largest": 0.004545, "rms": 0.002493, "gated_steps": 0, "gated_differ": 0, "from_rule": [0.004545, 0.002344], "median_us": 262.8, "min_us": 262.0, "samples": 7}
{"event": "attend_mid", "rows": 64, "context": 12000, "geometry": [32, 64, 1], "passed": true, "largest": 0.004545, "rms": 0.002398, "gated_steps": 0, "gated_differ": 0, "from_rule": [0.004545, 0.002719], "median_us": 538.9, "min_us": 532.2, "samples": 7}
{"event": "attend_mid", "rows": 64, "context": 12000, "geometry": [32, 64, 2], "passed": true, "largest": 0.004545, "rms": 0.002397, "gated_steps": 0, "gated_differ": 0, "from_rule": [0.004545, 0.002718], "median_us": 650.0, "min_us": 644.9, "samples": 7}
{"event": "attend_mid", "rows": 64, "context": 12000, "geometry": [32, 64, 4], "passed": true, "largest": 0.004545, "rms": 0.002398, "gated_steps": 0, "gated_differ": 0, "from_rule": [0.004545, 0.002719], "median_us": 483.9, "min_us": 481.9, "samples": 7}
{"event": "attend_mid", "rows": 64, "context": 12000, "geometry": [32, 64, 8], "passed": true, "largest": 0.004545, "rms": 0.002398, "gated_steps": 0, "gated_differ": 0, "from_rule": [0.004545, 0.002719], "median_us": 503.4, "min_us": 500.4, "samples": 7}
{"event": "attend_mid", "rows": 64, "context": 12000, "geometry": [64, 1, 1], "passed": true, "largest": 0.004545, "rms": 0.002557, "gated_steps": 0, "gated_differ": 0, "from_rule": [0.004545, 0.002809], "median_us": 433.8, "min_us": 421.3, "samples": 7}
{"event": "attend_mid", "rows": 64, "context": 12000, "geometry": [64, 1, 2], "passed": true, "largest": 0.004545, "rms": 0.002557, "gated_steps": 0, "gated_differ": 0, "from_rule": [0.004545, 0.002809], "median_us": 288.5, "min_us": 285.4, "samples": 7}
{"event": "attend_mid", "rows": 64, "context": 12000, "geometry": [64, 1, 4], "passed": true, "largest": 0.004545, "rms": 0.002557, "gated_steps": 0, "gated_differ": 0, "from_rule": [0.004545, 0.002809], "median_us": 358.2, "min_us": 355.9, "samples": 7}
{"event": "attend_mid", "rows": 64, "context": 12000, "geometry": [64, 1, 8], "passed": true, "largest": 0.004545, "rms": 0.002557, "gated_steps": 0, "gated_differ": 0, "from_rule": [0.004545, 0.002809], "median_us": 317.8, "min_us": 314.8, "samples": 7}
{"event": "attend_mid", "rows": 64, "context": 12000, "geometry": [64, 4, 1], "passed": true, "largest": 0.004545, "rms": 0.002501, "gated_steps": 0, "gated_differ": 0, "from_rule": [0.004545, 0.002175], "median_us": 371.2, "min_us": 369.2, "samples": 7}
{"event": "attend_mid", "rows": 64, "context": 12000, "geometry": [64, 4, 2], "passed": true, "largest": 0.004545, "rms": 0.002501, "gated_steps": 0, "gated_differ": 0, "from_rule": [0.004545, 0.002175], "median_us": 259.7, "min_us": 255.6, "samples": 7}
{"event": "attend_mid", "rows": 64, "context": 12000, "geometry": [64, 4, 4], "passed": true, "largest": 0.004545, "rms": 0.002501, "gated_steps": 0, "gated_differ": 0, "from_rule": [0.004545, 0.002175], "median_us": 322.2, "min_us": 320.2, "samples": 7}
{"event": "attend_mid", "rows": 64, "context": 12000, "geometry": [64, 4, 8], "passed": true, "largest": 0.004545, "rms": 0.002501, "gated_steps": 0, "gated_differ": 0, "from_rule": [0.004545, 0.002175], "median_us": 285.4, "min_us": 283.2, "samples": 7}
{"event": "attend_mid", "rows": 64, "context": 12000, "geometry": [64, 16, 1], "passed": true, "largest": 0.004545, "rms": 0.002484, "gated_steps": 0, "gated_differ": 0, "from_rule": [0.004545, 0.002128], "median_us": 476.4, "min_us": 475.8, "samples": 7}
{"event": "attend_mid", "rows": 64, "context": 12000, "geometry": [64, 16, 2], "passed": true, "largest": 0.004545, "rms": 0.002484, "gated_steps": 0, "gated_differ": 0, "from_rule": [0.004545, 0.002128], "median_us": 329.3, "min_us": 328.3, "samples": 7}
{"event": "attend_mid", "rows": 64, "context": 12000, "geometry": [64, 16, 4], "passed": true, "largest": 0.004545, "rms": 0.002484, "gated_steps": 0, "gated_differ": 0, "from_rule": [0.004545, 0.002128], "median_us": 391.9, "min_us": 389.6, "samples": 7}
{"event": "attend_mid", "rows": 64, "context": 12000, "geometry": [64, 16, 8], "passed": true, "largest": 0.004545, "rms": 0.002484, "gated_steps": 0, "gated_differ": 0, "from_rule": [0.004545, 0.002128], "median_us": 359.7, "min_us": 358.8, "samples": 7}
{"event": "attend_mid", "rows": 64, "context": 12000, "geometry": [64, 32, 1], "passed": true, "largest": 0.004545, "rms": 0.002464, "gated_steps": 0, "gated_differ": 0, "from_rule": [0.004545, 0.002421], "median_us": 619.2, "min_us": 613.0, "samples": 7}
{"event": "attend_mid", "rows": 64, "context": 12000, "geometry": [64, 32, 2], "passed": true, "largest": 0.004545, "rms": 0.002463, "gated_steps": 0, "gated_differ": 0, "from_rule": [0.004545, 0.002421], "median_us": 449.1, "min_us": 446.5, "samples": 7}
{"event": "attend_mid", "rows": 64, "context": 12000, "geometry": [64, 32, 4], "passed": true, "largest": 0.004545, "rms": 0.002464, "gated_steps": 0, "gated_differ": 0, "from_rule": [0.004545, 0.002421], "median_us": 522.9, "min_us": 518.6, "samples": 7}
{"event": "attend_mid", "rows": 64, "context": 12000, "geometry": [64, 32, 8], "passed": true, "largest": 0.004545, "rms": 0.002464, "gated_steps": 0, "gated_differ": 0, "from_rule": [0.004545, 0.002421], "median_us": 463.5, "min_us": 460.4, "samples": 7}
{"event": "attend_mid", "rows": 64, "context": 12000, "geometry": [64, 8, 2], "passed": true, "largest": 0.004545, "rms": 0.00249, "gated_steps": 0, "gated_differ": 0, "from_rule": [0.0, 0.0], "median_us": 275.4, "min_us": 272.8, "samples": 7}
{"event": "attend_mid_verdict", "rows": 64, "rule": [64, 8, 2], "passing": 49, "failing": [], "fastest": [32, 4, 4], "fastest_us": 218.8, "rule_us": 275.4, "fastest_over_rule": 0.7945}
{"event": "covered_mid", "rows": 64, "context": 0, "geometry": [16, 1, 1], "passed": true, "largest": 0.002857, "rms": 0.001949, "gated_steps": 0, "gated_differ": 0, "from_rule": [0.001429, 0.000972], "alike": true, "median_us": 184.4, "min_us": 181.1, "samples": 7}
{"event": "covered_mid", "rows": 64, "context": 0, "geometry": [16, 1, 2], "passed": true, "largest": 0.002857, "rms": 0.001949, "gated_steps": 0, "gated_differ": 0, "from_rule": [0.001429, 0.000972], "alike": true, "median_us": 134.0, "min_us": 124.7, "samples": 7}
{"event": "covered_mid", "rows": 64, "context": 0, "geometry": [16, 1, 4], "passed": true, "largest": 0.002857, "rms": 0.001949, "gated_steps": 0, "gated_differ": 0, "from_rule": [0.001429, 0.000972], "alike": true, "median_us": 112.4, "min_us": 109.4, "samples": 7}
{"event": "covered_mid", "rows": 64, "context": 0, "geometry": [16, 1, 8], "passed": true, "largest": 0.002857, "rms": 0.001949, "gated_steps": 0, "gated_differ": 0, "from_rule": [0.001429, 0.000972], "alike": true, "median_us": 121.9, "min_us": 110.7, "samples": 7}
{"event": "covered_mid", "rows": 64, "context": 0, "geometry": [16, 4, 1], "passed": true, "largest": 0.002857, "rms": 0.001949, "gated_steps": 0, "gated_differ": 0, "from_rule": [0.001429, 0.000972], "alike": true, "median_us": 214.5, "min_us": 210.6, "samples": 7}
{"event": "covered_mid", "rows": 64, "context": 0, "geometry": [16, 4, 2], "passed": true, "largest": 0.002857, "rms": 0.001949, "gated_steps": 0, "gated_differ": 0, "from_rule": [0.001429, 0.000972], "alike": true, "median_us": 184.9, "min_us": 175.3, "samples": 7}
{"event": "covered_mid", "rows": 64, "context": 0, "geometry": [16, 4, 4], "passed": true, "largest": 0.002857, "rms": 0.001949, "gated_steps": 0, "gated_differ": 0, "from_rule": [0.001429, 0.000972], "alike": true, "median_us": 183.1, "min_us": 177.4, "samples": 7}
{"event": "covered_mid", "rows": 64, "context": 0, "geometry": [16, 4, 8], "passed": true, "largest": 0.002857, "rms": 0.001949, "gated_steps": 0, "gated_differ": 0, "from_rule": [0.001429, 0.000972], "alike": true, "median_us": 189.7, "min_us": 175.6, "samples": 7}
{"event": "covered_mid", "rows": 64, "context": 0, "geometry": [16, 16, 1], "passed": true, "largest": 0.002857, "rms": 0.001949, "gated_steps": 0, "gated_differ": 0, "from_rule": [0.001429, 0.000972], "alike": true, "median_us": 275.4, "min_us": 267.2, "samples": 7}
{"event": "covered_mid", "rows": 64, "context": 0, "geometry": [16, 16, 2], "passed": true, "largest": 0.002857, "rms": 0.001949, "gated_steps": 0, "gated_differ": 0, "from_rule": [0.001429, 0.000972], "alike": true, "median_us": 187.8, "min_us": 183.2, "samples": 7}
{"event": "covered_mid", "rows": 64, "context": 0, "geometry": [16, 16, 4], "passed": true, "largest": 0.002857, "rms": 0.001949, "gated_steps": 0, "gated_differ": 0, "from_rule": [0.001429, 0.000972], "alike": true, "median_us": 187.4, "min_us": 173.9, "samples": 7}
{"event": "covered_mid", "rows": 64, "context": 0, "geometry": [16, 16, 8], "passed": true, "largest": 0.002857, "rms": 0.001949, "gated_steps": 0, "gated_differ": 0, "from_rule": [0.001429, 0.000972], "alike": true, "median_us": 188.5, "min_us": 181.6, "samples": 7}
{"event": "covered_mid", "rows": 64, "context": 0, "geometry": [16, 64, 1], "passed": true, "largest": 0.002857, "rms": 0.001941, "gated_steps": 0, "gated_differ": 0, "from_rule": [0.001429, 0.001111], "alike": true, "median_us": 577.3, "min_us": 571.1, "samples": 7}
{"event": "covered_mid", "rows": 64, "context": 0, "geometry": [16, 64, 2], "passed": true, "largest": 0.002857, "rms": 0.001941, "gated_steps": 0, "gated_differ": 0, "from_rule": [0.001429, 0.001111], "alike": true, "median_us": 344.6, "min_us": 338.0, "samples": 7}
{"event": "covered_mid", "rows": 64, "context": 0, "geometry": [16, 64, 4], "passed": true, "largest": 0.002857, "rms": 0.001941, "gated_steps": 0, "gated_differ": 0, "from_rule": [0.001429, 0.001111], "alike": true, "median_us": 300.4, "min_us": 292.8, "samples": 7}
{"event": "covered_mid", "rows": 64, "context": 0, "geometry": [16, 64, 8], "passed": true, "largest": 0.002857, "rms": 0.001941, "gated_steps": 0, "gated_differ": 0, "from_rule": [0.001429, 0.001111], "alike": true, "median_us": 304.8, "min_us": 298.8, "samples": 7}
{"event": "covered_mid", "rows": 64, "context": 0, "geometry": [32, 1, 1], "passed": true, "largest": 0.002857, "rms": 0.001965, "gated_steps": 0, "gated_differ": 0, "from_rule": [0.000714, 0.000562], "alike": true, "median_us": 168.4, "min_us": 154.4, "samples": 7}
{"event": "covered_mid", "rows": 64, "context": 0, "geometry": [32, 1, 2], "passed": true, "largest": 0.002857, "rms": 0.001965, "gated_steps": 0, "gated_differ": 0, "from_rule": [0.000714, 0.000562], "alike": true, "median_us": 134.9, "min_us": 128.2, "samples": 7}
{"event": "covered_mid", "rows": 64, "context": 0, "geometry": [32, 1, 4], "passed": true, "largest": 0.002857, "rms": 0.001965, "gated_steps": 0, "gated_differ": 0, "from_rule": [0.000714, 0.000562], "alike": true, "median_us": 116.9, "min_us": 110.6, "samples": 7}
{"event": "covered_mid", "rows": 64, "context": 0, "geometry": [32, 1, 8], "passed": true, "largest": 0.002857, "rms": 0.001965, "gated_steps": 0, "gated_differ": 0, "from_rule": [0.000714, 0.000562], "alike": true, "median_us": 122.0, "min_us": 112.5, "samples": 7}
{"event": "covered_mid", "rows": 64, "context": 0, "geometry": [32, 4, 1], "passed": true, "largest": 0.002857, "rms": 0.001965, "gated_steps": 0, "gated_differ": 0, "from_rule": [0.000714, 0.000562], "alike": true, "median_us": 203.3, "min_us": 202.0, "samples": 7}
{"event": "covered_mid", "rows": 64, "context": 0, "geometry": [32, 4, 2], "passed": true, "largest": 0.002857, "rms": 0.001965, "gated_steps": 0, "gated_differ": 0, "from_rule": [0.000714, 0.000562], "alike": true, "median_us": 191.3, "min_us": 179.5, "samples": 7}
{"event": "covered_mid", "rows": 64, "context": 0, "geometry": [32, 4, 4], "passed": true, "largest": 0.002857, "rms": 0.001965, "gated_steps": 0, "gated_differ": 0, "from_rule": [0.000714, 0.000562], "alike": true, "median_us": 184.7, "min_us": 178.6, "samples": 7}
{"event": "covered_mid", "rows": 64, "context": 0, "geometry": [32, 4, 8], "passed": true, "largest": 0.002857, "rms": 0.001965, "gated_steps": 0, "gated_differ": 0, "from_rule": [0.000714, 0.000562], "alike": true, "median_us": 189.7, "min_us": 181.2, "samples": 7}
{"event": "covered_mid", "rows": 64, "context": 0, "geometry": [32, 16, 1], "passed": true, "largest": 0.002857, "rms": 0.001965, "gated_steps": 0, "gated_differ": 0, "from_rule": [0.000714, 0.000562], "alike": true, "median_us": 269.0, "min_us": 251.5, "samples": 7}
{"event": "covered_mid", "rows": 64, "context": 0, "geometry": [32, 16, 2], "passed": true, "largest": 0.002857, "rms": 0.001965, "gated_steps": 0, "gated_differ": 0, "from_rule": [0.000714, 0.000562], "alike": true, "median_us": 212.6, "min_us": 210.7, "samples": 7}
{"event": "covered_mid", "rows": 64, "context": 0, "geometry": [32, 16, 4], "passed": true, "largest": 0.002857, "rms": 0.001965, "gated_steps": 0, "gated_differ": 0, "from_rule": [0.000714, 0.000562], "alike": true, "median_us": 182.5, "min_us": 179.6, "samples": 7}
{"event": "covered_mid", "rows": 64, "context": 0, "geometry": [32, 16, 8], "passed": true, "largest": 0.002857, "rms": 0.001965, "gated_steps": 0, "gated_differ": 0, "from_rule": [0.000714, 0.000562], "alike": true, "median_us": 191.7, "min_us": 180.8, "samples": 7}
{"event": "covered_mid", "rows": 64, "context": 0, "geometry": [32, 64, 1], "passed": true, "largest": 0.002857, "rms": 0.001957, "gated_steps": 0, "gated_differ": 0, "from_rule": [0.001429, 0.000846], "alike": true, "median_us": 595.2, "min_us": 581.4, "samples": 7}
{"event": "covered_mid", "rows": 64, "context": 0, "geometry": [32, 64, 2], "passed": true, "largest": 0.002857, "rms": 0.001957, "gated_steps": 0, "gated_differ": 0, "from_rule": [0.001429, 0.000846], "alike": true, "median_us": 457.8, "min_us": 449.7, "samples": 7}
{"event": "covered_mid", "rows": 64, "context": 0, "geometry": [32, 64, 4], "passed": true, "largest": 0.002857, "rms": 0.001957, "gated_steps": 0, "gated_differ": 0, "from_rule": [0.001429, 0.000846], "alike": true, "median_us": 297.6, "min_us": 293.3, "samples": 7}
{"event": "covered_mid", "rows": 64, "context": 0, "geometry": [32, 64, 8], "passed": true, "largest": 0.002857, "rms": 0.001957, "gated_steps": 0, "gated_differ": 0, "from_rule": [0.001429, 0.000846], "alike": true, "median_us": 306.5, "min_us": 298.1, "samples": 7}
{"event": "covered_mid", "rows": 64, "context": 0, "geometry": [64, 1, 1], "passed": true, "largest": 0.002857, "rms": 0.001969, "gated_steps": 0, "gated_differ": 0, "from_rule": [0.0, 0.0], "alike": true, "median_us": 191.5, "min_us": 186.2, "samples": 7}
{"event": "covered_mid", "rows": 64, "context": 0, "geometry": [64, 1, 2], "passed": true, "largest": 0.002857, "rms": 0.001969, "gated_steps": 0, "gated_differ": 0, "from_rule": [0.0, 0.0], "alike": true, "median_us": 132.0, "min_us": 120.0, "samples": 7}
{"event": "covered_mid", "rows": 64, "context": 0, "geometry": [64, 1, 4], "passed": true, "largest": 0.002857, "rms": 0.001969, "gated_steps": 0, "gated_differ": 0, "from_rule": [0.0, 0.0], "alike": true, "median_us": 112.0, "min_us": 109.0, "samples": 7}
{"event": "covered_mid", "rows": 64, "context": 0, "geometry": [64, 1, 8], "passed": true, "largest": 0.002857, "rms": 0.001969, "gated_steps": 0, "gated_differ": 0, "from_rule": [0.0, 0.0], "alike": true, "median_us": 110.3, "min_us": 106.6, "samples": 7}
{"event": "covered_mid", "rows": 64, "context": 0, "geometry": [64, 4, 1], "passed": true, "largest": 0.002857, "rms": 0.001969, "gated_steps": 0, "gated_differ": 0, "from_rule": [0.0, 0.0], "alike": true, "median_us": 211.6, "min_us": 206.3, "samples": 7}
{"event": "covered_mid", "rows": 64, "context": 0, "geometry": [64, 4, 2], "passed": true, "largest": 0.002857, "rms": 0.001969, "gated_steps": 0, "gated_differ": 0, "from_rule": [0.0, 0.0], "alike": true, "median_us": 187.7, "min_us": 175.7, "samples": 7}
{"event": "covered_mid", "rows": 64, "context": 0, "geometry": [64, 4, 4], "passed": true, "largest": 0.002857, "rms": 0.001969, "gated_steps": 0, "gated_differ": 0, "from_rule": [0.0, 0.0], "alike": true, "median_us": 187.8, "min_us": 180.3, "samples": 7}
{"event": "covered_mid", "rows": 64, "context": 0, "geometry": [64, 4, 8], "passed": true, "largest": 0.002857, "rms": 0.001969, "gated_steps": 0, "gated_differ": 0, "from_rule": [0.0, 0.0], "alike": true, "median_us": 191.4, "min_us": 179.0, "samples": 7}
{"event": "covered_mid", "rows": 64, "context": 0, "geometry": [64, 16, 1], "passed": true, "largest": 0.002857, "rms": 0.001969, "gated_steps": 0, "gated_differ": 0, "from_rule": [0.0, 0.0], "alike": true, "median_us": 260.9, "min_us": 256.7, "samples": 7}
{"event": "covered_mid", "rows": 64, "context": 0, "geometry": [64, 16, 2], "passed": true, "largest": 0.002857, "rms": 0.001969, "gated_steps": 0, "gated_differ": 0, "from_rule": [0.0, 0.0], "alike": true, "median_us": 205.4, "min_us": 197.1, "samples": 7}
{"event": "covered_mid", "rows": 64, "context": 0, "geometry": [64, 16, 4], "passed": true, "largest": 0.002857, "rms": 0.001969, "gated_steps": 0, "gated_differ": 0, "from_rule": [0.0, 0.0], "alike": true, "median_us": 188.8, "min_us": 180.4, "samples": 7}
{"event": "covered_mid", "rows": 64, "context": 0, "geometry": [64, 16, 8], "passed": true, "largest": 0.002857, "rms": 0.001969, "gated_steps": 0, "gated_differ": 0, "from_rule": [0.0, 0.0], "alike": true, "median_us": 203.9, "min_us": 183.3, "samples": 7}
{"event": "covered_mid", "rows": 64, "context": 0, "geometry": [64, 32, 1], "passed": true, "largest": 0.002857, "rms": 0.001969, "gated_steps": 0, "gated_differ": 0, "from_rule": [0.0, 0.0], "alike": true, "median_us": 363.7, "min_us": 358.6, "samples": 7}
{"event": "covered_mid", "rows": 64, "context": 0, "geometry": [64, 32, 2], "passed": true, "largest": 0.002857, "rms": 0.001969, "gated_steps": 0, "gated_differ": 0, "from_rule": [0.0, 0.0], "alike": true, "median_us": 282.7, "min_us": 279.2, "samples": 7}
{"event": "covered_mid", "rows": 64, "context": 0, "geometry": [64, 32, 4], "passed": true, "largest": 0.002857, "rms": 0.001969, "gated_steps": 0, "gated_differ": 0, "from_rule": [0.0, 0.0], "alike": true, "median_us": 221.1, "min_us": 210.9, "samples": 7}
{"event": "covered_mid", "rows": 64, "context": 0, "geometry": [64, 32, 8], "passed": true, "largest": 0.002857, "rms": 0.001969, "gated_steps": 0, "gated_differ": 0, "from_rule": [0.0, 0.0], "alike": true, "median_us": 198.5, "min_us": 191.9, "samples": 7}
{"event": "covered_mid", "rows": 64, "context": 0, "geometry": [64, 8, 2], "passed": true, "largest": 0.002857, "rms": 0.001969, "gated_steps": 0, "gated_differ": 0, "from_rule": [0.0, 0.0], "alike": true, "median_us": 184.5, "min_us": 179.4, "samples": 7}
{"event": "covered_mid_verdict", "rows": 64, "rule": [64, 8, 2], "passing": 49, "failing": [], "fastest": [64, 1, 8], "fastest_us": 110.3, "rule_us": 184.5, "fastest_over_rule": 0.5978}
{"event": "attend_mid", "rows": 256, "context": 12000, "geometry": [16, 1, 1], "passed": true, "largest": 0.004219, "rms": 0.002541, "gated_steps": 1, "gated_differ": 1, "from_rule": [0.004202, 0.002848], "median_us": 1569.2, "min_us": 1544.2, "samples": 7}
{"event": "attend_mid", "rows": 256, "context": 12000, "geometry": [16, 1, 2], "passed": true, "largest": 0.004219, "rms": 0.002541, "gated_steps": 1, "gated_differ": 1, "from_rule": [0.004202, 0.002848], "median_us": 894.1, "min_us": 889.4, "samples": 7}
{"event": "attend_mid", "rows": 256, "context": 12000, "geometry": [16, 1, 4], "passed": true, "largest": 0.004219, "rms": 0.002541, "gated_steps": 1, "gated_differ": 1, "from_rule": [0.004202, 0.002848], "median_us": 796.3, "min_us": 791.5, "samples": 7}
{"event": "attend_mid", "rows": 256, "context": 12000, "geometry": [16, 1, 8], "passed": true, "largest": 0.004219, "rms": 0.002541, "gated_steps": 1, "gated_differ": 1, "from_rule": [0.004202, 0.002848], "median_us": 934.3, "min_us": 930.6, "samples": 7}
{"event": "attend_mid", "rows": 256, "context": 12000, "geometry": [16, 4, 1], "passed": true, "largest": 0.004219, "rms": 0.002519, "gated_steps": 1, "gated_differ": 1, "from_rule": [0.004202, 0.002388], "median_us": 1213.6, "min_us": 1206.2, "samples": 7}
{"event": "attend_mid", "rows": 256, "context": 12000, "geometry": [16, 4, 2], "passed": true, "largest": 0.004219, "rms": 0.002519, "gated_steps": 1, "gated_differ": 1, "from_rule": [0.004202, 0.002388], "median_us": 767.6, "min_us": 761.2, "samples": 7}
{"event": "attend_mid", "rows": 256, "context": 12000, "geometry": [16, 4, 4], "passed": true, "largest": 0.004219, "rms": 0.002519, "gated_steps": 1, "gated_differ": 1, "from_rule": [0.004202, 0.002388], "median_us": 750.2, "min_us": 737.5, "samples": 7}
{"event": "attend_mid", "rows": 256, "context": 12000, "geometry": [16, 4, 8], "passed": true, "largest": 0.004219, "rms": 0.002519, "gated_steps": 1, "gated_differ": 1, "from_rule": [0.004202, 0.002388], "median_us": 915.6, "min_us": 906.8, "samples": 7}
{"event": "attend_mid", "rows": 256, "context": 12000, "geometry": [16, 16, 1], "passed": true, "largest": 0.004219, "rms": 0.00244, "gated_steps": 1, "gated_differ": 1, "from_rule": [0.004202, 0.002406], "median_us": 1389.6, "min_us": 1379.6, "samples": 7}
{"event": "attend_mid", "rows": 256, "context": 12000, "geometry": [16, 16, 2], "passed": true, "largest": 0.004219, "rms": 0.00244, "gated_steps": 1, "gated_differ": 1, "from_rule": [0.004202, 0.002406], "median_us": 934.9, "min_us": 921.0, "samples": 7}
{"event": "attend_mid", "rows": 256, "context": 12000, "geometry": [16, 16, 4], "passed": true, "largest": 0.004219, "rms": 0.00244, "gated_steps": 1, "gated_differ": 1, "from_rule": [0.004202, 0.002406], "median_us": 915.1, "min_us": 899.1, "samples": 7}
{"event": "attend_mid", "rows": 256, "context": 12000, "geometry": [16, 16, 8], "passed": true, "largest": 0.004219, "rms": 0.00244, "gated_steps": 1, "gated_differ": 1, "from_rule": [0.004202, 0.002406], "median_us": 1125.9, "min_us": 1112.1, "samples": 7}
{"event": "attend_mid", "rows": 256, "context": 12000, "geometry": [16, 64, 1], "passed": true, "largest": 0.004219, "rms": 0.002352, "gated_steps": 1, "gated_differ": 1, "from_rule": [0.004202, 0.002757], "median_us": 2199.8, "min_us": 2193.5, "samples": 7}
{"event": "attend_mid", "rows": 256, "context": 12000, "geometry": [16, 64, 2], "passed": true, "largest": 0.004219, "rms": 0.002352, "gated_steps": 1, "gated_differ": 1, "from_rule": [0.004202, 0.002757], "median_us": 1795.0, "min_us": 1792.0, "samples": 7}
{"event": "attend_mid", "rows": 256, "context": 12000, "geometry": [16, 64, 4], "passed": true, "largest": 0.004219, "rms": 0.002352, "gated_steps": 1, "gated_differ": 1, "from_rule": [0.004202, 0.002757], "median_us": 1724.9, "min_us": 1714.6, "samples": 7}
{"event": "attend_mid", "rows": 256, "context": 12000, "geometry": [16, 64, 8], "passed": true, "largest": 0.004219, "rms": 0.002352, "gated_steps": 1, "gated_differ": 1, "from_rule": [0.004202, 0.002757], "median_us": 2066.6, "min_us": 2053.5, "samples": 7}
{"event": "attend_mid", "rows": 256, "context": 12000, "geometry": [32, 1, 1], "passed": true, "largest": 0.004219, "rms": 0.002551, "gated_steps": 1, "gated_differ": 1, "from_rule": [0.004202, 0.002836], "median_us": 895.4, "min_us": 876.2, "samples": 7}
{"event": "attend_mid", "rows": 256, "context": 12000, "geometry": [32, 1, 2], "passed": true, "largest": 0.004219, "rms": 0.002551, "gated_steps": 1, "gated_differ": 1, "from_rule": [0.004202, 0.002836], "median_us": 1014.9, "min_us": 1004.1, "samples": 7}
{"event": "attend_mid", "rows": 256, "context": 12000, "geometry": [32, 1, 4], "passed": true, "largest": 0.004219, "rms": 0.002551, "gated_steps": 1, "gated_differ": 1, "from_rule": [0.004202, 0.002836], "median_us": 824.9, "min_us": 814.5, "samples": 7}
{"event": "attend_mid", "rows": 256, "context": 12000, "geometry": [32, 1, 8], "passed": true, "largest": 0.004219, "rms": 0.002551, "gated_steps": 1, "gated_differ": 1, "from_rule": [0.004202, 0.002836], "median_us": 789.3, "min_us": 782.7, "samples": 7}
{"event": "attend_mid", "rows": 256, "context": 12000, "geometry": [32, 4, 1], "passed": true, "largest": 0.004219, "rms": 0.00252, "gated_steps": 1, "gated_differ": 1, "from_rule": [0.004202, 0.002325], "median_us": 889.5, "min_us": 887.3, "samples": 7}
{"event": "attend_mid", "rows": 256, "context": 12000, "geometry": [32, 4, 2], "passed": true, "largest": 0.004219, "rms": 0.00252, "gated_steps": 1, "gated_differ": 1, "from_rule": [0.004202, 0.002325], "median_us": 1094.1, "min_us": 1090.3, "samples": 7}
{"event": "attend_mid", "rows": 256, "context": 12000, "geometry": [32, 4, 4], "passed": true, "largest": 0.004219, "rms": 0.00252, "gated_steps": 1, "gated_differ": 1, "from_rule": [0.004202, 0.002325], "median_us": 792.6, "min_us": 790.9, "samples": 7}
{"event": "attend_mid", "rows": 256, "context": 12000, "geometry": [32, 4, 8], "passed": true, "largest": 0.004219, "rms": 0.00252, "gated_steps": 1, "gated_differ": 1, "from_rule": [0.004202, 0.002325], "median_us": 819.1, "min_us": 811.6, "samples": 7}
{"event": "attend_mid", "rows": 256, "context": 12000, "geometry": [32, 16, 1], "passed": true, "largest": 0.004219, "rms": 0.002444, "gated_steps": 1, "gated_differ": 1, "from_rule": [0.004202, 0.002325], "median_us": 1147.2, "min_us": 1141.8, "samples": 7}
{"event": "attend_mid", "rows": 256, "context": 12000, "geometry": [32, 16, 2], "passed": true, "largest": 0.004219, "rms": 0.002445, "gated_steps": 1, "gated_differ": 1, "from_rule": [0.004202, 0.002325], "median_us": 1340.9, "min_us": 1334.6, "samples": 7}
{"event": "attend_mid", "rows": 256, "context": 12000, "geometry": [32, 16, 4], "passed": true, "largest": 0.004219, "rms": 0.002445, "gated_steps": 1, "gated_differ": 1, "from_rule": [0.004202, 0.002325], "median_us": 1035.8, "min_us": 1031.2, "samples": 7}
{"event": "attend_mid", "rows": 256, "context": 12000, "geometry": [32, 16, 8], "passed": true, "largest": 0.004219, "rms": 0.002445, "gated_steps": 1, "gated_differ": 1, "from_rule": [0.004202, 0.002325], "median_us": 1060.6, "min_us": 1052.8, "samples": 7}
{"event": "attend_mid", "rows": 256, "context": 12000, "geometry": [32, 64, 1], "passed": true, "largest": 0.004219, "rms": 0.002388, "gated_steps": 1, "gated_differ": 1, "from_rule": [0.004202, 0.002718], "median_us": 2284.9, "min_us": 2276.4, "samples": 7}
{"event": "attend_mid", "rows": 256, "context": 12000, "geometry": [32, 64, 2], "passed": true, "largest": 0.004219, "rms": 0.002388, "gated_steps": 1, "gated_differ": 1, "from_rule": [0.004202, 0.002718], "median_us": 2649.4, "min_us": 2643.8, "samples": 7}
{"event": "attend_mid", "rows": 256, "context": 12000, "geometry": [32, 64, 4], "passed": true, "largest": 0.004219, "rms": 0.002388, "gated_steps": 1, "gated_differ": 1, "from_rule": [0.004202, 0.002718], "median_us": 2074.6, "min_us": 2063.2, "samples": 7}
{"event": "attend_mid", "rows": 256, "context": 12000, "geometry": [32, 64, 8], "passed": true, "largest": 0.004219, "rms": 0.002388, "gated_steps": 1, "gated_differ": 1, "from_rule": [0.004202, 0.002718], "median_us": 2153.5, "min_us": 2139.4, "samples": 7}
{"event": "attend_mid", "rows": 256, "context": 12000, "geometry": [64, 1, 1], "passed": true, "largest": 0.004219, "rms": 0.002549, "gated_steps": 1, "gated_differ": 1, "from_rule": [0.004202, 0.0028], "median_us": 1282.8, "min_us": 1256.8, "samples": 7}
{"event": "attend_mid", "rows": 256, "context": 12000, "geometry": [64, 1, 2], "passed": true, "largest": 0.004219, "rms": 0.002549, "gated_steps": 1, "gated_differ": 1, "from_rule": [0.004202, 0.0028], "median_us": 892.7, "min_us": 880.6, "samples": 7}
{"event": "attend_mid", "rows": 256, "context": 12000, "geometry": [64, 1, 4], "passed": true, "largest": 0.004219, "rms": 0.002549, "gated_steps": 1, "gated_differ": 1, "from_rule": [0.004202, 0.0028], "median_us": 1041.8, "min_us": 1038.5, "samples": 7}
{"event": "attend_mid", "rows": 256, "context": 12000, "geometry": [64, 1, 8], "passed": true, "largest": 0.004219, "rms": 0.002549, "gated_steps": 1, "gated_differ": 1, "from_rule": [0.004202, 0.0028], "median_us": 975.9, "min_us": 973.4, "samples": 7}
{"event": "attend_mid", "rows": 256, "context": 12000, "geometry": [64, 4, 1], "passed": true, "largest": 0.004219, "rms": 0.00254, "gated_steps": 1, "gated_differ": 1, "from_rule": [0.004202, 0.002175], "median_us": 1318.4, "min_us": 1314.1, "samples": 7}
{"event": "attend_mid", "rows": 256, "context": 12000, "geometry": [64, 4, 2], "passed": true, "largest": 0.004219, "rms": 0.00254, "gated_steps": 1, "gated_differ": 1, "from_rule": [0.004202, 0.002174], "median_us": 927.7, "min_us": 920.7, "samples": 7}
{"event": "attend_mid", "rows": 256, "context": 12000, "geometry": [64, 4, 4], "passed": true, "largest": 0.004219, "rms": 0.00254, "gated_steps": 1, "gated_differ": 1, "from_rule": [0.004202, 0.002174], "median_us": 1142.3, "min_us": 1134.1, "samples": 7}
{"event": "attend_mid", "rows": 256, "context": 12000, "geometry": [64, 4, 8], "passed": true, "largest": 0.004219, "rms": 0.00254, "gated_steps": 1, "gated_differ": 1, "from_rule": [0.004202, 0.002174], "median_us": 1045.1, "min_us": 1040.1, "samples": 7}
{"event": "attend_mid", "rows": 256, "context": 12000, "geometry": [64, 16, 1], "passed": true, "largest": 0.004219, "rms": 0.002467, "gated_steps": 1, "gated_differ": 1, "from_rule": [0.004202, 0.002109], "median_us": 1886.9, "min_us": 1882.8, "samples": 7}
{"event": "attend_mid", "rows": 256, "context": 12000, "geometry": [64, 16, 2], "passed": true, "largest": 0.004219, "rms": 0.002467, "gated_steps": 1, "gated_differ": 1, "from_rule": [0.004202, 0.002109], "median_us": 1340.6, "min_us": 1326.8, "samples": 7}
{"event": "attend_mid", "rows": 256, "context": 12000, "geometry": [64, 16, 4], "passed": true, "largest": 0.004219, "rms": 0.002467, "gated_steps": 1, "gated_differ": 1, "from_rule": [0.004202, 0.002109], "median_us": 1575.8, "min_us": 1567.8, "samples": 7}
{"event": "attend_mid", "rows": 256, "context": 12000, "geometry": [64, 16, 8], "passed": true, "largest": 0.004219, "rms": 0.002467, "gated_steps": 1, "gated_differ": 1, "from_rule": [0.004202, 0.002109], "median_us": 1459.0, "min_us": 1443.0, "samples": 7}
{"event": "attend_mid", "rows": 256, "context": 12000, "geometry": [64, 32, 1], "passed": true, "largest": 0.004219, "rms": 0.002437, "gated_steps": 1, "gated_differ": 1, "from_rule": [0.004202, 0.002418], "median_us": 2592.7, "min_us": 2579.4, "samples": 7}
{"event": "attend_mid", "rows": 256, "context": 12000, "geometry": [64, 32, 2], "passed": true, "largest": 0.004219, "rms": 0.002438, "gated_steps": 1, "gated_differ": 1, "from_rule": [0.004202, 0.002418], "median_us": 1979.1, "min_us": 1975.5, "samples": 7}
{"event": "attend_mid", "rows": 256, "context": 12000, "geometry": [64, 32, 4], "passed": true, "largest": 0.004219, "rms": 0.002437, "gated_steps": 1, "gated_differ": 1, "from_rule": [0.004202, 0.002418], "median_us": 2222.3, "min_us": 2217.2, "samples": 7}
{"event": "attend_mid", "rows": 256, "context": 12000, "geometry": [64, 32, 8], "passed": true, "largest": 0.004219, "rms": 0.002438, "gated_steps": 1, "gated_differ": 1, "from_rule": [0.004202, 0.002418], "median_us": 2015.4, "min_us": 1992.8, "samples": 7}
{"event": "attend_mid", "rows": 256, "context": 12000, "geometry": [64, 8, 2], "passed": true, "largest": 0.004219, "rms": 0.0025, "gated_steps": 1, "gated_differ": 2, "from_rule": [0.0, 0.0], "median_us": 1053.6, "min_us": 1044.7, "samples": 7}
{"event": "attend_mid_verdict", "rows": 256, "rule": [64, 8, 2], "passing": 49, "failing": [], "fastest": [16, 4, 4], "fastest_us": 750.2, "rule_us": 1053.6, "fastest_over_rule": 0.712}
{"event": "covered_mid", "rows": 256, "context": 0, "geometry": [16, 1, 1], "passed": true, "largest": 0.002703, "rms": 0.001758, "gated_steps": 0, "gated_differ": 0, "from_rule": [0.001351, 0.001256], "alike": true, "median_us": 402.2, "min_us": 393.1, "samples": 7}
{"event": "covered_mid", "rows": 256, "context": 0, "geometry": [16, 1, 2], "passed": true, "largest": 0.002703, "rms": 0.001758, "gated_steps": 0, "gated_differ": 0, "from_rule": [0.001351, 0.001256], "alike": true, "median_us": 250.8, "min_us": 244.3, "samples": 7}
{"event": "covered_mid", "rows": 256, "context": 0, "geometry": [16, 1, 4], "passed": true, "largest": 0.002703, "rms": 0.001758, "gated_steps": 0, "gated_differ": 0, "from_rule": [0.001351, 0.001256], "alike": true, "median_us": 157.7, "min_us": 155.6, "samples": 7}
{"event": "covered_mid", "rows": 256, "context": 0, "geometry": [16, 1, 8], "passed": true, "largest": 0.002703, "rms": 0.001758, "gated_steps": 0, "gated_differ": 0, "from_rule": [0.001351, 0.001256], "alike": true, "median_us": 180.2, "min_us": 166.6, "samples": 7}
{"event": "covered_mid", "rows": 256, "context": 0, "geometry": [16, 4, 1], "passed": true, "largest": 0.002703, "rms": 0.001758, "gated_steps": 0, "gated_differ": 0, "from_rule": [0.001351, 0.001256], "alike": true, "median_us": 498.4, "min_us": 485.2, "samples": 7}
{"event": "covered_mid", "rows": 256, "context": 0, "geometry": [16, 4, 2], "passed": true, "largest": 0.002703, "rms": 0.001758, "gated_steps": 0, "gated_differ": 0, "from_rule": [0.001351, 0.001256], "alike": true, "median_us": 304.0, "min_us": 300.0, "samples": 7}
{"event": "covered_mid", "rows": 256, "context": 0, "geometry": [16, 4, 4], "passed": true, "largest": 0.002703, "rms": 0.001758, "gated_steps": 0, "gated_differ": 0, "from_rule": [0.001351, 0.001256], "alike": true, "median_us": 200.6, "min_us": 193.2, "samples": 7}
{"event": "covered_mid", "rows": 256, "context": 0, "geometry": [16, 4, 8], "passed": true, "largest": 0.002703, "rms": 0.001758, "gated_steps": 0, "gated_differ": 0, "from_rule": [0.001351, 0.001256], "alike": true, "median_us": 221.1, "min_us": 210.5, "samples": 7}
{"event": "covered_mid", "rows": 256, "context": 0, "geometry": [16, 16, 1], "passed": true, "largest": 0.002703, "rms": 0.001753, "gated_steps": 0, "gated_differ": 0, "from_rule": [0.001351, 0.001331], "alike": true, "median_us": 763.7, "min_us": 756.7, "samples": 7}
{"event": "covered_mid", "rows": 256, "context": 0, "geometry": [16, 16, 2], "passed": true, "largest": 0.002703, "rms": 0.001753, "gated_steps": 0, "gated_differ": 0, "from_rule": [0.001351, 0.001331], "alike": true, "median_us": 407.2, "min_us": 400.8, "samples": 7}
{"event": "covered_mid", "rows": 256, "context": 0, "geometry": [16, 16, 4], "passed": true, "largest": 0.002703, "rms": 0.001753, "gated_steps": 0, "gated_differ": 0, "from_rule": [0.001351, 0.001331], "alike": true, "median_us": 327.9, "min_us": 309.4, "samples": 7}
{"event": "covered_mid", "rows": 256, "context": 0, "geometry": [16, 16, 8], "passed": true, "largest": 0.002703, "rms": 0.001753, "gated_steps": 0, "gated_differ": 0, "from_rule": [0.001351, 0.001331], "alike": true, "median_us": 340.0, "min_us": 333.5, "samples": 7}
{"event": "covered_mid", "rows": 256, "context": 0, "geometry": [16, 64, 1], "passed": true, "largest": 0.002703, "rms": 0.001731, "gated_steps": 1, "gated_differ": 1, "from_rule": [0.001351, 0.001632], "alike": true, "median_us": 2221.7, "min_us": 2214.4, "samples": 7}
{"event": "covered_mid", "rows": 256, "context": 0, "geometry": [16, 64, 2], "passed": true, "largest": 0.002703, "rms": 0.001731, "gated_steps": 1, "gated_differ": 1, "from_rule": [0.001351, 0.001632], "alike": true, "median_us": 1294.8, "min_us": 1287.8, "samples": 7}
{"event": "covered_mid", "rows": 256, "context": 0, "geometry": [16, 64, 4], "passed": true, "largest": 0.002703, "rms": 0.001731, "gated_steps": 1, "gated_differ": 1, "from_rule": [0.001351, 0.001632], "alike": true, "median_us": 1149.5, "min_us": 1142.2, "samples": 7}
{"event": "covered_mid", "rows": 256, "context": 0, "geometry": [16, 64, 8], "passed": true, "largest": 0.002703, "rms": 0.001731, "gated_steps": 1, "gated_differ": 1, "from_rule": [0.001351, 0.001632], "alike": true, "median_us": 1162.4, "min_us": 1156.5, "samples": 7}
{"event": "covered_mid", "rows": 256, "context": 0, "geometry": [32, 1, 1], "passed": true, "largest": 0.002703, "rms": 0.001766, "gated_steps": 0, "gated_differ": 0, "from_rule": [0.001351, 0.000913], "alike": true, "median_us": 374.9, "min_us": 373.5, "samples": 7}
{"event": "covered_mid", "rows": 256, "context": 0, "geometry": [32, 1, 2], "passed": true, "largest": 0.002703, "rms": 0.001766, "gated_steps": 0, "gated_differ": 0, "from_rule": [0.001351, 0.000913], "alike": true, "median_us": 247.1, "min_us": 241.4, "samples": 7}
{"event": "covered_mid", "rows": 256, "context": 0, "geometry": [32, 1, 4], "passed": true, "largest": 0.002703, "rms": 0.001766, "gated_steps": 0, "gated_differ": 0, "from_rule": [0.001351, 0.000913], "alike": true, "median_us": 146.3, "min_us": 141.4, "samples": 7}
{"event": "covered_mid", "rows": 256, "context": 0, "geometry": [32, 1, 8], "passed": true, "largest": 0.002703, "rms": 0.001766, "gated_steps": 0, "gated_differ": 0, "from_rule": [0.001351, 0.000913], "alike": true, "median_us": 148.6, "min_us": 139.5, "samples": 7}
{"event": "covered_mid", "rows": 256, "context": 0, "geometry": [32, 4, 1], "passed": true, "largest": 0.002703, "rms": 0.001766, "gated_steps": 0, "gated_differ": 0, "from_rule": [0.001351, 0.000913], "alike": true, "median_us": 459.7, "min_us": 454.8, "samples": 7}
{"event": "covered_mid", "rows": 256, "context": 0, "geometry": [32, 4, 2], "passed": true, "largest": 0.002703, "rms": 0.001766, "gated_steps": 0, "gated_differ": 0, "from_rule": [0.001351, 0.000913], "alike": true, "median_us": 335.6, "min_us": 321.5, "samples": 7}
{"event": "covered_mid", "rows": 256, "context": 0, "geometry": [32, 4, 4], "passed": true, "largest": 0.002703, "rms": 0.001766, "gated_steps": 0, "gated_differ": 0, "from_rule": [0.001351, 0.000913], "alike": true, "median_us": 192.9, "min_us": 183.8, "samples": 7}
{"event": "covered_mid", "rows": 256, "context": 0, "geometry": [32, 4, 8], "passed": true, "largest": 0.002703, "rms": 0.001766, "gated_steps": 0, "gated_differ": 0, "from_rule": [0.001351, 0.000913], "alike": true, "median_us": 195.3, "min_us": 183.2, "samples": 7}
{"event": "covered_mid", "rows": 256, "context": 0, "geometry": [32, 16, 1], "passed": true, "largest": 0.002703, "rms": 0.001765, "gated_steps": 0, "gated_differ": 0, "from_rule": [0.001351, 0.001034], "alike": true, "median_us": 747.5, "min_us": 732.5, "samples": 7}
{"event": "covered_mid", "rows": 256, "context": 0, "geometry": [32, 16, 2], "passed": true, "largest": 0.002703, "rms": 0.001765, "gated_steps": 0, "gated_differ": 0, "from_rule": [0.001351, 0.001034], "alike": true, "median_us": 554.8, "min_us": 549.5, "samples": 7}
{"event": "covered_mid", "rows": 256, "context": 0, "geometry": [32, 16, 4], "passed": true, "largest": 0.002703, "rms": 0.001765, "gated_steps": 0, "gated_differ": 0, "from_rule": [0.001351, 0.001034], "alike": true, "median_us": 321.3, "min_us": 315.0, "samples": 7}
{"event": "covered_mid", "rows": 256, "context": 0, "geometry": [32, 16, 8], "passed": true, "largest": 0.002703, "rms": 0.001765, "gated_steps": 0, "gated_differ": 0, "from_rule": [0.001351, 0.001034], "alike": true, "median_us": 328.6, "min_us": 317.1, "samples": 7}
{"event": "covered_mid", "rows": 256, "context": 0, "geometry": [32, 64, 1], "passed": true, "largest": 0.002703, "rms": 0.001745, "gated_steps": 1, "gated_differ": 1, "from_rule": [0.001351, 0.00146], "alike": true, "median_us": 2283.2, "min_us": 2256.1, "samples": 7}
{"event": "covered_mid", "rows": 256, "context": 0, "geometry": [32, 64, 2], "passed": true, "largest": 0.002703, "rms": 0.001745, "gated_steps": 1, "gated_differ": 1, "from_rule": [0.001351, 0.00146], "alike": true, "median_us": 1740.4, "min_us": 1734.2, "samples": 7}
{"event": "covered_mid", "rows": 256, "context": 0, "geometry": [32, 64, 4], "passed": true, "largest": 0.002703, "rms": 0.001745, "gated_steps": 1, "gated_differ": 1, "from_rule": [0.001351, 0.00146], "alike": true, "median_us": 1152.9, "min_us": 1148.0, "samples": 7}
{"event": "covered_mid", "rows": 256, "context": 0, "geometry": [32, 64, 8], "passed": true, "largest": 0.002703, "rms": 0.001745, "gated_steps": 1, "gated_differ": 1, "from_rule": [0.001351, 0.00146], "alike": true, "median_us": 1162.3, "min_us": 1146.3, "samples": 7}
{"event": "covered_mid", "rows": 256, "context": 0, "geometry": [64, 1, 1], "passed": true, "largest": 0.002703, "rms": 0.00178, "gated_steps": 0, "gated_differ": 0, "from_rule": [0.000169, 8e-06], "alike": true, "median_us": 470.3, "min_us": 465.7, "samples": 7}
{"event": "covered_mid", "rows": 256, "context": 0, "geometry": [64, 1, 2], "passed": true, "largest": 0.002703, "rms": 0.00178, "gated_steps": 0, "gated_differ": 0, "from_rule": [0.0, 0.0], "alike": true, "median_us": 231.1, "min_us": 221.1, "samples": 7}
{"event": "covered_mid", "rows": 256, "context": 0, "geometry": [64, 1, 4], "passed": true, "largest": 0.002703, "rms": 0.00178, "gated_steps": 0, "gated_differ": 0, "from_rule": [0.000169, 8e-06], "alike": true, "median_us": 182.7, "min_us": 168.7, "samples": 7}
{"event": "covered_mid", "rows": 256, "context": 0, "geometry": [64, 1, 8], "passed": true, "largest": 0.002703, "rms": 0.00178, "gated_steps": 0, "gated_differ": 0, "from_rule": [0.000169, 6e-06], "alike": true, "median_us": 143.4, "min_us": 132.8, "samples": 7}
{"event": "covered_mid", "rows": 256, "context": 0, "geometry": [64, 4, 1], "passed": true, "largest": 0.002703, "rms": 0.00178, "gated_steps": 0, "gated_differ": 0, "from_rule": [0.000169, 8e-06], "alike": true, "median_us": 535.9, "min_us": 520.7, "samples": 7}
{"event": "covered_mid", "rows": 256, "context": 0, "geometry": [64, 4, 2], "passed": true, "largest": 0.002703, "rms": 0.00178, "gated_steps": 0, "gated_differ": 0, "from_rule": [0.0, 0.0], "alike": true, "median_us": 282.3, "min_us": 276.1, "samples": 7}
{"event": "covered_mid", "rows": 256, "context": 0, "geometry": [64, 4, 4], "passed": true, "largest": 0.002703, "rms": 0.00178, "gated_steps": 0, "gated_differ": 0, "from_rule": [0.000169, 8e-06], "alike": true, "median_us": 219.9, "min_us": 201.7, "samples": 7}
{"event": "covered_mid", "rows": 256, "context": 0, "geometry": [64, 4, 8], "passed": true, "largest": 0.002703, "rms": 0.00178, "gated_steps": 0, "gated_differ": 0, "from_rule": [0.000169, 6e-06], "alike": true, "median_us": 206.1, "min_us": 183.6, "samples": 7}
{"event": "covered_mid", "rows": 256, "context": 0, "geometry": [64, 16, 1], "passed": true, "largest": 0.002703, "rms": 0.001779, "gated_steps": 0, "gated_differ": 0, "from_rule": [0.000676, 0.000585], "alike": true, "median_us": 855.6, "min_us": 849.8, "samples": 7}
{"event": "covered_mid", "rows": 256, "context": 0, "geometry": [64, 16, 2], "passed": true, "largest": 0.002703, "rms": 0.001779, "gated_steps": 0, "gated_differ": 0, "from_rule": [0.000676, 0.000585], "alike": true, "median_us": 548.2, "min_us": 529.2, "samples": 7}
{"event": "covered_mid", "rows": 256, "context": 0, "geometry": [64, 16, 4], "passed": true, "largest": 0.002703, "rms": 0.001779, "gated_steps": 0, "gated_differ": 0, "from_rule": [0.000676, 0.000585], "alike": true, "median_us": 390.6, "min_us": 372.9, "samples": 7}
{"event": "covered_mid", "rows": 256, "context": 0, "geometry": [64, 16, 8], "passed": true, "largest": 0.002703, "rms": 0.001779, "gated_steps": 0, "gated_differ": 0, "from_rule": [0.000676, 0.000585], "alike": true, "median_us": 329.3, "min_us": 327.3, "samples": 7}
{"event": "covered_mid", "rows": 256, "context": 0, "geometry": [64, 32, 1], "passed": true, "largest": 0.002703, "rms": 0.001773, "gated_steps": 1, "gated_differ": 1, "from_rule": [0.000676, 0.000959], "alike": true, "median_us": 1419.8, "min_us": 1407.6, "samples": 7}
{"event": "covered_mid", "rows": 256, "context": 0, "geometry": [64, 32, 2], "passed": true, "largest": 0.002703, "rms": 0.001773, "gated_steps": 1, "gated_differ": 1, "from_rule": [0.000676, 0.000959], "alike": true, "median_us": 1005.9, "min_us": 996.5, "samples": 7}
{"event": "covered_mid", "rows": 256, "context": 0, "geometry": [64, 32, 4], "passed": true, "largest": 0.002703, "rms": 0.001773, "gated_steps": 1, "gated_differ": 1, "from_rule": [0.000676, 0.000959], "alike": true, "median_us": 722.7, "min_us": 702.2, "samples": 7}
{"event": "covered_mid", "rows": 256, "context": 0, "geometry": [64, 32, 8], "passed": true, "largest": 0.002703, "rms": 0.001773, "gated_steps": 1, "gated_differ": 1, "from_rule": [0.000676, 0.000959], "alike": true, "median_us": 654.3, "min_us": 648.5, "samples": 7}
{"event": "covered_mid", "rows": 256, "context": 0, "geometry": [64, 8, 2], "passed": true, "largest": 0.002703, "rms": 0.00178, "gated_steps": 0, "gated_differ": 0, "from_rule": [0.0, 0.0], "alike": true, "median_us": 337.3, "min_us": 332.1, "samples": 7}
{"event": "covered_mid_verdict", "rows": 256, "rule": [64, 8, 2], "passing": 49, "failing": [], "fastest": [64, 1, 8], "fastest_us": 143.4, "rule_us": 337.3, "fastest_over_rule": 0.4251}
{"event": "attend_mid", "rows": 512, "context": 12000, "geometry": [16, 1, 1], "passed": true, "largest": 0.004525, "rms": 0.00253, "gated_steps": 0, "gated_differ": 0, "from_rule": [0.003876, 0.002676], "median_us": 2394.2, "min_us": 2382.0, "samples": 7}
{"event": "attend_mid", "rows": 512, "context": 12000, "geometry": [16, 1, 2], "passed": true, "largest": 0.004525, "rms": 0.00253, "gated_steps": 0, "gated_differ": 0, "from_rule": [0.003876, 0.002676], "median_us": 1305.5, "min_us": 1302.2, "samples": 7}
{"event": "attend_mid", "rows": 512, "context": 12000, "geometry": [16, 1, 4], "passed": true, "largest": 0.004525, "rms": 0.00253, "gated_steps": 0, "gated_differ": 0, "from_rule": [0.003876, 0.002676], "median_us": 1259.0, "min_us": 1252.0, "samples": 7}
{"event": "attend_mid", "rows": 512, "context": 12000, "geometry": [16, 1, 8], "passed": true, "largest": 0.004525, "rms": 0.00253, "gated_steps": 0, "gated_differ": 0, "from_rule": [0.003876, 0.002676], "median_us": 1618.9, "min_us": 1606.1, "samples": 7}
{"event": "attend_mid", "rows": 512, "context": 12000, "geometry": [16, 4, 1], "passed": true, "largest": 0.004525, "rms": 0.002513, "gated_steps": 0, "gated_differ": 0, "from_rule": [0.003876, 0.001685], "median_us": 2174.6, "min_us": 2168.9, "samples": 7}
{"event": "attend_mid", "rows": 512, "context": 12000, "geometry": [16, 4, 2], "passed": true, "largest": 0.004525, "rms": 0.002513, "gated_steps": 0, "gated_differ": 0, "from_rule": [0.003876, 0.001685], "median_us": 1318.0, "min_us": 1308.0, "samples": 7}
{"event": "attend_mid", "rows": 512, "context": 12000, "geometry": [16, 4, 4], "passed": true, "largest": 0.004525, "rms": 0.002513, "gated_steps": 0, "gated_differ": 0, "from_rule": [0.003876, 0.001685], "median_us": 1320.5, "min_us": 1305.1, "samples": 7}
{"event": "attend_mid", "rows": 512, "context": 12000, "geometry": [16, 4, 8], "passed": true, "largest": 0.004525, "rms": 0.002513, "gated_steps": 0, "gated_differ": 0, "from_rule": [0.003876, 0.001685], "median_us": 1660.1, "min_us": 1646.4, "samples": 7}
{"event": "attend_mid", "rows": 512, "context": 12000, "geometry": [16, 16, 1], "passed": true, "largest": 0.004525, "rms": 0.002439, "gated_steps": 0, "gated_differ": 0, "from_rule": [0.003876, 0.002668], "median_us": 2654.6, "min_us": 2643.8, "samples": 7}
{"event": "attend_mid", "rows": 512, "context": 12000, "geometry": [16, 16, 2], "passed": true, "largest": 0.004525, "rms": 0.002439, "gated_steps": 0, "gated_differ": 0, "from_rule": [0.003876, 0.002668], "median_us": 1777.4, "min_us": 1773.4, "samples": 7}
{"event": "attend_mid", "rows": 512, "context": 12000, "geometry": [16, 16, 4], "passed": true, "largest": 0.004525, "rms": 0.002439, "gated_steps": 0, "gated_differ": 0, "from_rule": [0.003876, 0.002668], "median_us": 1753.8, "min_us": 1744.0, "samples": 7}
{"event": "attend_mid", "rows": 512, "context": 12000, "geometry": [16, 16, 8], "passed": true, "largest": 0.004525, "rms": 0.002439, "gated_steps": 0, "gated_differ": 0, "from_rule": [0.003876, 0.002668], "median_us": 2165.5, "min_us": 2159.2, "samples": 7}
{"event": "attend_mid", "rows": 512, "context": 12000, "geometry": [16, 64, 1], "passed": true, "largest": 0.004525, "rms": 0.002339, "gated_steps": 0, "gated_differ": 0, "from_rule": [0.003876, 0.002864], "median_us": 4216.3, "min_us": 4203.6, "samples": 7}
{"event": "attend_mid", "rows": 512, "context": 12000, "geometry": [16, 64, 2], "passed": true, "largest": 0.004525, "rms": 0.002339, "gated_steps": 0, "gated_differ": 0, "from_rule": [0.003876, 0.002864], "median_us": 3428.0, "min_us": 3406.4, "samples": 7}
{"event": "attend_mid", "rows": 512, "context": 12000, "geometry": [16, 64, 4], "passed": true, "largest": 0.004525, "rms": 0.002339, "gated_steps": 0, "gated_differ": 0, "from_rule": [0.003876, 0.002864], "median_us": 3289.2, "min_us": 3281.2, "samples": 7}
{"event": "attend_mid", "rows": 512, "context": 12000, "geometry": [16, 64, 8], "passed": true, "largest": 0.004525, "rms": 0.002339, "gated_steps": 0, "gated_differ": 0, "from_rule": [0.003876, 0.002864], "median_us": 3974.6, "min_us": 3967.1, "samples": 7}
{"event": "attend_mid", "rows": 512, "context": 12000, "geometry": [32, 1, 1], "passed": true, "largest": 0.004525, "rms": 0.002532, "gated_steps": 0, "gated_differ": 0, "from_rule": [0.003876, 0.00266], "median_us": 1662.2, "min_us": 1634.7, "samples": 7}
{"event": "attend_mid", "rows": 512, "context": 12000, "geometry": [32, 1, 2], "passed": true, "largest": 0.004525, "rms": 0.002532, "gated_steps": 0, "gated_differ": 0, "from_rule": [0.003876, 0.00266], "median_us": 1892.2, "min_us": 1878.7, "samples": 7}
{"event": "attend_mid", "rows": 512, "context": 12000, "geometry": [32, 1, 4], "passed": true, "largest": 0.004525, "rms": 0.002532, "gated_steps": 0, "gated_differ": 0, "from_rule": [0.003876, 0.00266], "median_us": 1515.3, "min_us": 1507.7, "samples": 7}
{"event": "attend_mid", "rows": 512, "context": 12000, "geometry": [32, 1, 8], "passed": true, "largest": 0.004525, "rms": 0.002532, "gated_steps": 0, "gated_differ": 0, "from_rule": [0.003876, 0.00266], "median_us": 1402.4, "min_us": 1387.7, "samples": 7}
{"event": "attend_mid", "rows": 512, "context": 12000, "geometry": [32, 4, 1], "passed": true, "largest": 0.004525, "rms": 0.002506, "gated_steps": 0, "gated_differ": 0, "from_rule": [0.003876, 0.001514], "median_us": 1647.0, "min_us": 1636.2, "samples": 7}
{"event": "attend_mid", "rows": 512, "context": 12000, "geometry": [32, 4, 2], "passed": true, "largest": 0.004525, "rms": 0.002506, "gated_steps": 0, "gated_differ": 0, "from_rule": [0.003876, 0.001514], "median_us": 2014.5, "min_us": 2006.2, "samples": 7}
{"event": "attend_mid", "rows": 512, "context": 12000, "geometry": [32, 4, 4], "passed": true, "largest": 0.004525, "rms": 0.002506, "gated_steps": 0, "gated_differ": 0, "from_rule": [0.003876, 0.001514], "median_us": 1455.1, "min_us": 1445.2, "samples": 7}
{"event": "attend_mid", "rows": 512, "context": 12000, "geometry": [32, 4, 8], "passed": true, "largest": 0.004525, "rms": 0.002506, "gated_steps": 0, "gated_differ": 0, "from_rule": [0.003876, 0.001514], "median_us": 1487.7, "min_us": 1479.8, "samples": 7}
{"event": "attend_mid", "rows": 512, "context": 12000, "geometry": [32, 16, 1], "passed": true, "largest": 0.004525, "rms": 0.002452, "gated_steps": 0, "gated_differ": 0, "from_rule": [0.003876, 0.002623], "median_us": 2215.2, "min_us": 2199.7, "samples": 7}
{"event": "attend_mid", "rows": 512, "context": 12000, "geometry": [32, 16, 2], "passed": true, "largest": 0.004525, "rms": 0.002452, "gated_steps": 0, "gated_differ": 0, "from_rule": [0.003876, 0.002623], "median_us": 2588.0, "min_us": 2571.4, "samples": 7}
{"event": "attend_mid", "rows": 512, "context": 12000, "geometry": [32, 16, 4], "passed": true, "largest": 0.004525, "rms": 0.002452, "gated_steps": 0, "gated_differ": 0, "from_rule": [0.003876, 0.002623], "median_us": 1994.6, "min_us": 1984.9, "samples": 7}
{"event": "attend_mid", "rows": 512, "context": 12000, "geometry": [32, 16, 8], "passed": true, "largest": 0.004525, "rms": 0.002452, "gated_steps": 0, "gated_differ": 0, "from_rule": [0.003876, 0.002623], "median_us": 2036.8, "min_us": 2027.8, "samples": 7}
{"event": "attend_mid", "rows": 512, "context": 12000, "geometry": [32, 64, 1], "passed": true, "largest": 0.004525, "rms": 0.002387, "gated_steps": 0, "gated_differ": 0, "from_rule": [0.003876, 0.002846], "median_us": 4435.7, "min_us": 4401.9, "samples": 7}
{"event": "attend_mid", "rows": 512, "context": 12000, "geometry": [32, 64, 2], "passed": true, "largest": 0.004525, "rms": 0.002387, "gated_steps": 0, "gated_differ": 0, "from_rule": [0.003876, 0.002846], "median_us": 5122.0, "min_us": 5102.7, "samples": 7}
{"event": "attend_mid", "rows": 512, "context": 12000, "geometry": [32, 64, 4], "passed": true, "largest": 0.004525, "rms": 0.002387, "gated_steps": 0, "gated_differ": 0, "from_rule": [0.003876, 0.002846], "median_us": 3981.5, "min_us": 3973.4, "samples": 7}
{"event": "attend_mid", "rows": 512, "context": 12000, "geometry": [32, 64, 8], "passed": true, "largest": 0.004525, "rms": 0.002387, "gated_steps": 0, "gated_differ": 0, "from_rule": [0.003876, 0.002846], "median_us": 4139.1, "min_us": 4134.1, "samples": 7}
{"event": "attend_mid", "rows": 512, "context": 12000, "geometry": [64, 1, 1], "passed": true, "largest": 0.004525, "rms": 0.002535, "gated_steps": 0, "gated_differ": 0, "from_rule": [0.003876, 0.002619], "median_us": 2249.2, "min_us": 2226.0, "samples": 7}
{"event": "attend_mid", "rows": 512, "context": 12000, "geometry": [64, 1, 2], "passed": true, "largest": 0.004525, "rms": 0.002534, "gated_steps": 0, "gated_differ": 0, "from_rule": [0.003876, 0.002619], "median_us": 1567.9, "min_us": 1555.6, "samples": 7}
{"event": "attend_mid", "rows": 512, "context": 12000, "geometry": [64, 1, 4], "passed": true, "largest": 0.004525, "rms": 0.002534, "gated_steps": 0, "gated_differ": 0, "from_rule": [0.003876, 0.002619], "median_us": 1837.9, "min_us": 1824.5, "samples": 7}
{"event": "attend_mid", "rows": 512, "context": 12000, "geometry": [64, 1, 8], "passed": true, "largest": 0.004525, "rms": 0.002534, "gated_steps": 0, "gated_differ": 0, "from_rule": [0.003876, 0.002619], "median_us": 1751.2, "min_us": 1733.6, "samples": 7}
{"event": "attend_mid", "rows": 512, "context": 12000, "geometry": [64, 4, 1], "passed": true, "largest": 0.004525, "rms": 0.00251, "gated_steps": 0, "gated_differ": 0, "from_rule": [0.000969, 9e-06], "median_us": 2488.9, "min_us": 2482.4, "samples": 7}
{"event": "attend_mid", "rows": 512, "context": 12000, "geometry": [64, 4, 2], "passed": true, "largest": 0.004525, "rms": 0.00251, "gated_steps": 0, "gated_differ": 0, "from_rule": [0.0, 0.0], "median_us": 1718.5, "min_us": 1692.6, "samples": 7}
{"event": "attend_mid", "rows": 512, "context": 12000, "geometry": [64, 4, 4], "passed": true, "largest": 0.004525, "rms": 0.00251, "gated_steps": 0, "gated_differ": 0, "from_rule": [0.000969, 9e-06], "median_us": 2129.4, "min_us": 2108.6, "samples": 7}
{"event": "attend_mid", "rows": 512, "context": 12000, "geometry": [64, 4, 8], "passed": true, "largest": 0.004525, "rms": 0.00251, "gated_steps": 0, "gated_differ": 0, "from_rule": [0.000969, 1e-05], "median_us": 1947.3, "min_us": 1937.9, "samples": 7}
{"event": "attend_mid", "rows": 512, "context": 12000, "geometry": [64, 16, 1], "passed": true, "largest": 0.004525, "rms": 0.002475, "gated_steps": 0, "gated_differ": 0, "from_rule": [0.003876, 0.002525], "median_us": 3659.0, "min_us": 3647.9, "samples": 7}
{"event": "attend_mid", "rows": 512, "context": 12000, "geometry": [64, 16, 2], "passed": true, "largest": 0.004525, "rms": 0.002475, "gated_steps": 0, "gated_differ": 0, "from_rule": [0.003876, 0.002525], "median_us": 2595.8, "min_us": 2587.7, "samples": 7}
{"event": "attend_mid", "rows": 512, "context": 12000, "geometry": [64, 16, 4], "passed": true, "largest": 0.004525, "rms": 0.002475, "gated_steps": 0, "gated_differ": 0, "from_rule": [0.003876, 0.002525], "median_us": 3085.1, "min_us": 3077.8, "samples": 7}
{"event": "attend_mid", "rows": 512, "context": 12000, "geometry": [64, 16, 8], "passed": true, "largest": 0.004525, "rms": 0.002475, "gated_steps": 0, "gated_differ": 0, "from_rule": [0.003876, 0.002525], "median_us": 2827.7, "min_us": 2818.4, "samples": 7}
{"event": "attend_mid", "rows": 512, "context": 12000, "geometry": [64, 32, 1], "passed": true, "largest": 0.004525, "rms": 0.00245, "gated_steps": 0, "gated_differ": 0, "from_rule": [0.003876, 0.002689], "median_us": 5016.5, "min_us": 5001.6, "samples": 7}
{"event": "attend_mid", "rows": 512, "context": 12000, "geometry": [64, 32, 2], "passed": true, "largest": 0.004525, "rms": 0.00245, "gated_steps": 0, "gated_differ": 0, "from_rule": [0.003876, 0.002689], "median_us": 3779.9, "min_us": 3762.3, "samples": 7}
{"event": "attend_mid", "rows": 512, "context": 12000, "geometry": [64, 32, 4], "passed": true, "largest": 0.004525, "rms": 0.00245, "gated_steps": 0, "gated_differ": 0, "from_rule": [0.003876, 0.002689], "median_us": 4272.4, "min_us": 4260.7, "samples": 7}
{"event": "attend_mid", "rows": 512, "context": 12000, "geometry": [64, 32, 8], "passed": true, "largest": 0.004525, "rms": 0.00245, "gated_steps": 0, "gated_differ": 0, "from_rule": [0.003876, 0.002689], "median_us": 3858.7, "min_us": 3849.6, "samples": 7}
{"event": "attend_mid_verdict", "rows": 512, "rule": [64, 4, 2], "passing": 48, "failing": [], "fastest": [16, 1, 4], "fastest_us": 1259.0, "rule_us": 1718.5, "fastest_over_rule": 0.7326}
{"event": "covered_mid", "rows": 512, "context": 0, "geometry": [16, 1, 1], "passed": true, "largest": 0.001276, "rms": 0.001436, "gated_steps": 1, "gated_differ": 1, "from_rule": [0.001276, 0.001292], "alike": true, "median_us": 798.0, "min_us": 791.0, "samples": 7}
{"event": "covered_mid", "rows": 512, "context": 0, "geometry": [16, 1, 2], "passed": true, "largest": 0.001276, "rms": 0.001436, "gated_steps": 1, "gated_differ": 1, "from_rule": [0.001276, 0.001292], "alike": true, "median_us": 482.2, "min_us": 476.1, "samples": 7}
{"event": "covered_mid", "rows": 512, "context": 0, "geometry": [16, 1, 4], "passed": true, "largest": 0.001276, "rms": 0.001436, "gated_steps": 1, "gated_differ": 1, "from_rule": [0.001276, 0.001292], "alike": true, "median_us": 257.6, "min_us": 241.8, "samples": 7}
{"event": "covered_mid", "rows": 512, "context": 0, "geometry": [16, 1, 8], "passed": true, "largest": 0.001276, "rms": 0.001436, "gated_steps": 1, "gated_differ": 1, "from_rule": [0.001276, 0.001292], "alike": true, "median_us": 334.2, "min_us": 316.3, "samples": 7}
{"event": "covered_mid", "rows": 512, "context": 0, "geometry": [16, 4, 1], "passed": true, "largest": 0.001276, "rms": 0.001436, "gated_steps": 1, "gated_differ": 1, "from_rule": [0.001276, 0.001292], "alike": true, "median_us": 1071.4, "min_us": 1063.1, "samples": 7}
{"event": "covered_mid", "rows": 512, "context": 0, "geometry": [16, 4, 2], "passed": true, "largest": 0.001276, "rms": 0.001436, "gated_steps": 1, "gated_differ": 1, "from_rule": [0.001276, 0.001292], "alike": true, "median_us": 561.5, "min_us": 549.9, "samples": 7}
{"event": "covered_mid", "rows": 512, "context": 0, "geometry": [16, 4, 4], "passed": true, "largest": 0.001276, "rms": 0.001436, "gated_steps": 1, "gated_differ": 1, "from_rule": [0.001276, 0.001292], "alike": true, "median_us": 316.4, "min_us": 312.2, "samples": 7}
{"event": "covered_mid", "rows": 512, "context": 0, "geometry": [16, 4, 8], "passed": true, "largest": 0.001276, "rms": 0.001436, "gated_steps": 1, "gated_differ": 1, "from_rule": [0.001276, 0.001292], "alike": true, "median_us": 377.1, "min_us": 368.6, "samples": 7}
{"event": "covered_mid", "rows": 512, "context": 0, "geometry": [16, 16, 1], "passed": true, "largest": 0.001276, "rms": 0.001432, "gated_steps": 1, "gated_differ": 1, "from_rule": [0.001276, 0.001491], "alike": true, "median_us": 1770.2, "min_us": 1740.9, "samples": 7}
{"event": "covered_mid", "rows": 512, "context": 0, "geometry": [16, 16, 2], "passed": true, "largest": 0.001276, "rms": 0.001432, "gated_steps": 1, "gated_differ": 1, "from_rule": [0.001276, 0.001491], "alike": true, "median_us": 890.2, "min_us": 883.9, "samples": 7}
{"event": "covered_mid", "rows": 512, "context": 0, "geometry": [16, 16, 4], "passed": true, "largest": 0.001276, "rms": 0.001432, "gated_steps": 1, "gated_differ": 1, "from_rule": [0.001276, 0.001491], "alike": true, "median_us": 695.9, "min_us": 687.6, "samples": 7}
{"event": "covered_mid", "rows": 512, "context": 0, "geometry": [16, 16, 8], "passed": true, "largest": 0.001276, "rms": 0.001432, "gated_steps": 1, "gated_differ": 1, "from_rule": [0.001276, 0.001491], "alike": true, "median_us": 775.2, "min_us": 759.5, "samples": 7}
{"event": "covered_mid", "rows": 512, "context": 0, "geometry": [16, 64, 1], "passed": true, "largest": 0.001276, "rms": 0.00141, "gated_steps": 0, "gated_differ": 0, "from_rule": [0.001276, 0.00178], "alike": true, "median_us": 4709.6, "min_us": 4699.1, "samples": 7}
{"event": "covered_mid", "rows": 512, "context": 0, "geometry": [16, 64, 2], "passed": true, "largest": 0.001276, "rms": 0.001411, "gated_steps": 0, "gated_differ": 0, "from_rule": [0.001276, 0.00178], "alike": true, "median_us": 2558.2, "min_us": 2536.8, "samples": 7}
{"event": "covered_mid", "rows": 512, "context": 0, "geometry": [16, 64, 4], "passed": true, "largest": 0.001276, "rms": 0.001411, "gated_steps": 0, "gated_differ": 0, "from_rule": [0.001276, 0.00178], "alike": true, "median_us": 2184.0, "min_us": 2178.4, "samples": 7}
{"event": "covered_mid", "rows": 512, "context": 0, "geometry": [16, 64, 8], "passed": true, "largest": 0.001276, "rms": 0.001411, "gated_steps": 0, "gated_differ": 0, "from_rule": [0.001276, 0.00178], "alike": true, "median_us": 2254.9, "min_us": 2250.8, "samples": 7}
{"event": "covered_mid", "rows": 512, "context": 0, "geometry": [32, 1, 1], "passed": true, "largest": 0.001276, "rms": 0.001447, "gated_steps": 0, "gated_differ": 0, "from_rule": [0.001276, 0.000996], "alike": true, "median_us": 813.8, "min_us": 795.6, "samples": 7}
{"event": "covered_mid", "rows": 512, "context": 0, "geometry": [32, 1, 2], "passed": true, "largest": 0.001276, "rms": 0.001447, "gated_steps": 0, "gated_differ": 0, "from_rule": [0.001276, 0.000996], "alike": true, "median_us": 473.9, "min_us": 466.4, "samples": 7}
{"event": "covered_mid", "rows": 512, "context": 0, "geometry": [32, 1, 4], "passed": true, "largest": 0.001276, "rms": 0.001447, "gated_steps": 0, "gated_differ": 0, "from_rule": [0.001276, 0.000996], "alike": true, "median_us": 220.4, "min_us": 216.1, "samples": 7}
{"event": "covered_mid", "rows": 512, "context": 0, "geometry": [32, 1, 8], "passed": true, "largest": 0.001276, "rms": 0.001447, "gated_steps": 0, "gated_differ": 0, "from_rule": [0.001276, 0.000996], "alike": true, "median_us": 242.5, "min_us": 230.0, "samples": 7}
{"event": "covered_mid", "rows": 512, "context": 0, "geometry": [32, 4, 1], "passed": true, "largest": 0.001276, "rms": 0.001447, "gated_steps": 0, "gated_differ": 0, "from_rule": [0.001276, 0.000996], "alike": true, "median_us": 1046.9, "min_us": 1034.5, "samples": 7}
{"event": "covered_mid", "rows": 512, "context": 0, "geometry": [32, 4, 2], "passed": true, "largest": 0.001276, "rms": 0.001447, "gated_steps": 0, "gated_differ": 0, "from_rule": [0.001276, 0.000996], "alike": true, "median_us": 638.1, "min_us": 620.2, "samples": 7}
{"event": "covered_mid", "rows": 512, "context": 0, "geometry": [32, 4, 4], "passed": true, "largest": 0.001276, "rms": 0.001447, "gated_steps": 0, "gated_differ": 0, "from_rule": [0.001276, 0.000996], "alike": true, "median_us": 286.4, "min_us": 279.8, "samples": 7}
{"event": "covered_mid", "rows": 512, "context": 0, "geometry": [32, 4, 8], "passed": true, "largest": 0.001276, "rms": 0.001447, "gated_steps": 0, "gated_differ": 0, "from_rule": [0.001276, 0.000996], "alike": true, "median_us": 290.3, "min_us": 280.8, "samples": 7}
{"event": "covered_mid", "rows": 512, "context": 0, "geometry": [32, 16, 1], "passed": true, "largest": 0.001276, "rms": 0.001441, "gated_steps": 0, "gated_differ": 0, "from_rule": [0.001276, 0.001273], "alike": true, "median_us": 1702.6, "min_us": 1688.7, "samples": 7}
{"event": "covered_mid", "rows": 512, "context": 0, "geometry": [32, 16, 2], "passed": true, "largest": 0.001276, "rms": 0.001441, "gated_steps": 0, "gated_differ": 0, "from_rule": [0.001276, 0.001273], "alike": true, "median_us": 1193.0, "min_us": 1177.4, "samples": 7}
{"event": "covered_mid", "rows": 512, "context": 0, "geometry": [32, 16, 4], "passed": true, "largest": 0.001276, "rms": 0.001441, "gated_steps": 0, "gated_differ": 0, "from_rule": [0.001276, 0.001273], "alike": true, "median_us": 690.5, "min_us": 678.8, "samples": 7}
{"event": "covered_mid", "rows": 512, "context": 0, "geometry": [32, 16, 8], "passed": true, "largest": 0.001276, "rms": 0.001441, "gated_steps": 0, "gated_differ": 0, "from_rule": [0.001276, 0.001273], "alike": true, "median_us": 722.3, "min_us": 711.5, "samples": 7}
{"event": "covered_mid", "rows": 512, "context": 0, "geometry": [32, 64, 1], "passed": true, "largest": 0.001276, "rms": 0.00142, "gated_steps": 0, "gated_differ": 0, "from_rule": [0.001276, 0.001659], "alike": true, "median_us": 4789.8, "min_us": 4779.4, "samples": 7}
{"event": "covered_mid", "rows": 512, "context": 0, "geometry": [32, 64, 2], "passed": true, "largest": 0.001276, "rms": 0.00142, "gated_steps": 0, "gated_differ": 0, "from_rule": [0.001276, 0.001659], "alike": true, "median_us": 3577.2, "min_us": 3554.6, "samples": 7}
{"event": "covered_mid", "rows": 512, "context": 0, "geometry": [32, 64, 4], "passed": true, "largest": 0.001276, "rms": 0.00142, "gated_steps": 0, "gated_differ": 0, "from_rule": [0.001276, 0.001659], "alike": true, "median_us": 2198.2, "min_us": 2185.2, "samples": 7}
{"event": "covered_mid", "rows": 512, "context": 0, "geometry": [32, 64, 8], "passed": true, "largest": 0.001276, "rms": 0.00142, "gated_steps": 0, "gated_differ": 0, "from_rule": [0.001276, 0.001659], "alike": true, "median_us": 2229.0, "min_us": 2218.6, "samples": 7}
{"event": "covered_mid", "rows": 512, "context": 0, "geometry": [64, 1, 1], "passed": true, "largest": 0.001276, "rms": 0.001463, "gated_steps": 0, "gated_differ": 0, "from_rule": [0.000159, 6e-06], "alike": true, "median_us": 1041.5, "min_us": 1038.3, "samples": 7}
{"event": "covered_mid", "rows": 512, "context": 0, "geometry": [64, 1, 2], "passed": true, "largest": 0.001276, "rms": 0.001463, "gated_steps": 0, "gated_differ": 0, "from_rule": [0.0, 0.0], "alike": true, "median_us": 396.3, "min_us": 388.6, "samples": 7}
{"event": "covered_mid", "rows": 512, "context": 0, "geometry": [64, 1, 4], "passed": true, "largest": 0.001276, "rms": 0.001463, "gated_steps": 0, "gated_differ": 0, "from_rule": [0.000159, 6e-06], "alike": true, "median_us": 287.4, "min_us": 272.7, "samples": 7}
{"event": "covered_mid", "rows": 512, "context": 0, "geometry": [64, 1, 8], "passed": true, "largest": 0.001276, "rms": 0.001463, "gated_steps": 0, "gated_differ": 0, "from_rule": [0.000159, 4e-06], "alike": true, "median_us": 206.5, "min_us": 201.0, "samples": 7}
{"event": "covered_mid", "rows": 512, "context": 0, "geometry": [64, 4, 1], "passed": true, "largest": 0.001276, "rms": 0.001463, "gated_steps": 0, "gated_differ": 0, "from_rule": [0.000159, 6e-06], "alike": true, "median_us": 1157.9, "min_us": 1142.0, "samples": 7}
{"event": "covered_mid", "rows": 512, "context": 0, "geometry": [64, 4, 2], "passed": true, "largest": 0.001276, "rms": 0.001463, "gated_steps": 0, "gated_differ": 0, "from_rule": [0.0, 0.0], "alike": true, "median_us": 486.5, "min_us": 484.5, "samples": 7}
{"event": "covered_mid", "rows": 512, "context": 0, "geometry": [64, 4, 4], "passed": true, "largest": 0.001276, "rms": 0.001463, "gated_steps": 0, "gated_differ": 0, "from_rule": [0.000159, 6e-06], "alike": true, "median_us": 341.4, "min_us": 338.6, "samples": 7}
{"event": "covered_mid", "rows": 512, "context": 0, "geometry": [64, 4, 8], "passed": true, "largest": 0.001276, "rms": 0.001463, "gated_steps": 0, "gated_differ": 0, "from_rule": [0.000159, 4e-06], "alike": true, "median_us": 264.0, "min_us": 259.0, "samples": 7}
{"event": "covered_mid", "rows": 512, "context": 0, "geometry": [64, 16, 1], "passed": true, "largest": 0.001276, "rms": 0.001455, "gated_steps": 0, "gated_differ": 0, "from_rule": [0.000638, 0.000936], "alike": true, "median_us": 1968.6, "min_us": 1957.2, "samples": 7}
{"event": "covered_mid", "rows": 512, "context": 0, "geometry": [64, 16, 2], "passed": true, "largest": 0.001276, "rms": 0.001455, "gated_steps": 0, "gated_differ": 0, "from_rule": [0.000638, 0.000936], "alike": true, "median_us": 1156.9, "min_us": 1149.6, "samples": 7}
{"event": "covered_mid", "rows": 512, "context": 0, "geometry": [64, 16, 4], "passed": true, "largest": 0.001276, "rms": 0.001455, "gated_steps": 0, "gated_differ": 0, "from_rule": [0.000638, 0.000936], "alike": true, "median_us": 812.3, "min_us": 804.2, "samples": 7}
{"event": "covered_mid", "rows": 512, "context": 0, "geometry": [64, 16, 8], "passed": true, "largest": 0.001276, "rms": 0.001455, "gated_steps": 0, "gated_differ": 0, "from_rule": [0.000638, 0.000936], "alike": true, "median_us": 704.5, "min_us": 695.9, "samples": 7}
{"event": "covered_mid", "rows": 512, "context": 0, "geometry": [64, 32, 1], "passed": true, "largest": 0.001276, "rms": 0.001453, "gated_steps": 0, "gated_differ": 0, "from_rule": [0.000638, 0.001219], "alike": true, "median_us": 3119.8, "min_us": 3109.7, "samples": 7}
{"event": "covered_mid", "rows": 512, "context": 0, "geometry": [64, 32, 2], "passed": true, "largest": 0.001276, "rms": 0.001453, "gated_steps": 0, "gated_differ": 0, "from_rule": [0.000638, 0.001219], "alike": true, "median_us": 1994.2, "min_us": 1981.8, "samples": 7}
{"event": "covered_mid", "rows": 512, "context": 0, "geometry": [64, 32, 4], "passed": true, "largest": 0.001276, "rms": 0.001453, "gated_steps": 0, "gated_differ": 0, "from_rule": [0.000638, 0.001219], "alike": true, "median_us": 1352.1, "min_us": 1338.0, "samples": 7}
{"event": "covered_mid", "rows": 512, "context": 0, "geometry": [64, 32, 8], "passed": true, "largest": 0.001276, "rms": 0.001453, "gated_steps": 0, "gated_differ": 0, "from_rule": [0.000638, 0.001219], "alike": true, "median_us": 1211.7, "min_us": 1204.0, "samples": 7}
{"event": "covered_mid_verdict", "rows": 512, "rule": [64, 4, 2], "passing": 48, "failing": [], "fastest": [64, 1, 8], "fastest_us": 206.5, "rule_us": 486.5, "fastest_over_rule": 0.4245}
{"event": "attend_mid", "rows": 1024, "context": 12000, "geometry": [16, 1, 1], "passed": true, "largest": 0.004545, "rms": 0.002534, "gated_steps": 1, "gated_differ": 2, "from_rule": [0.003759, 0.001299], "median_us": 4588.9, "min_us": 4575.2, "samples": 7}
{"event": "attend_mid", "rows": 1024, "context": 12000, "geometry": [16, 1, 2], "passed": true, "largest": 0.004545, "rms": 0.002534, "gated_steps": 1, "gated_differ": 2, "from_rule": [0.003759, 0.001299], "median_us": 2492.0, "min_us": 2481.3, "samples": 7}
{"event": "attend_mid", "rows": 1024, "context": 12000, "geometry": [16, 1, 4], "passed": true, "largest": 0.004545, "rms": 0.002534, "gated_steps": 1, "gated_differ": 2, "from_rule": [0.003759, 0.001299], "median_us": 2374.6, "min_us": 2371.2, "samples": 7}
{"event": "attend_mid", "rows": 1024, "context": 12000, "geometry": [16, 1, 8], "passed": true, "largest": 0.004545, "rms": 0.002534, "gated_steps": 1, "gated_differ": 2, "from_rule": [0.003759, 0.001299], "median_us": 3078.9, "min_us": 3065.9, "samples": 7}
{"event": "attend_mid", "rows": 1024, "context": 12000, "geometry": [16, 4, 1], "passed": true, "largest": 0.004545, "rms": 0.002499, "gated_steps": 0, "gated_differ": 0, "from_rule": [0.003759, 0.002675], "median_us": 4210.2, "min_us": 4197.3, "samples": 7}
{"event": "attend_mid", "rows": 1024, "context": 12000, "geometry": [16, 4, 2], "passed": true, "largest": 0.004545, "rms": 0.002499, "gated_steps": 0, "gated_differ": 0, "from_rule": [0.003759, 0.002675], "median_us": 2553.7, "min_us": 2542.5, "samples": 7}
{"event": "attend_mid", "rows": 1024, "context": 12000, "geometry": [16, 4, 4], "passed": true, "largest": 0.004545, "rms": 0.002499, "gated_steps": 0, "gated_differ": 0, "from_rule": [0.003759, 0.002675], "median_us": 2545.1, "min_us": 2531.9, "samples": 7}
{"event": "attend_mid", "rows": 1024, "context": 12000, "geometry": [16, 4, 8], "passed": true, "largest": 0.004545, "rms": 0.002499, "gated_steps": 0, "gated_differ": 0, "from_rule": [0.003759, 0.002675], "median_us": 3226.4, "min_us": 3212.3, "samples": 7}
{"event": "attend_mid", "rows": 1024, "context": 12000, "geometry": [16, 16, 1], "passed": true, "largest": 0.004545, "rms": 0.002435, "gated_steps": 0, "gated_differ": 0, "from_rule": [0.003759, 0.002937], "median_us": 5143.5, "min_us": 5127.8, "samples": 7}
{"event": "attend_mid", "rows": 1024, "context": 12000, "geometry": [16, 16, 2], "passed": true, "largest": 0.004545, "rms": 0.002435, "gated_steps": 0, "gated_differ": 0, "from_rule": [0.003759, 0.002938], "median_us": 3390.4, "min_us": 3368.2, "samples": 7}
{"event": "attend_mid", "rows": 1024, "context": 12000, "geometry": [16, 16, 4], "passed": true, "largest": 0.004545, "rms": 0.002435, "gated_steps": 0, "gated_differ": 0, "from_rule": [0.003759, 0.002938], "median_us": 3346.8, "min_us": 3331.3, "samples": 7}
{"event": "attend_mid", "rows": 1024, "context": 12000, "geometry": [16, 16, 8], "passed": true, "largest": 0.004545, "rms": 0.002435, "gated_steps": 0, "gated_differ": 0, "from_rule": [0.003759, 0.002938], "median_us": 4171.7, "min_us": 4162.9, "samples": 7}
{"event": "attend_mid", "rows": 1024, "context": 12000, "geometry": [16, 64, 1], "passed": true, "largest": 0.004545, "rms": 0.002347, "gated_steps": 0, "gated_differ": 0, "from_rule": [0.003759, 0.002975], "median_us": 8376.3, "min_us": 8316.0, "samples": 7}
{"event": "attend_mid", "rows": 1024, "context": 12000, "geometry": [16, 64, 2], "passed": true, "largest": 0.004545, "rms": 0.002347, "gated_steps": 0, "gated_differ": 0, "from_rule": [0.003759, 0.002975], "median_us": 6653.3, "min_us": 6631.6, "samples": 7}
{"event": "attend_mid", "rows": 1024, "context": 12000, "geometry": [16, 64, 4], "passed": true, "largest": 0.004545, "rms": 0.002347, "gated_steps": 0, "gated_differ": 0, "from_rule": [0.003759, 0.002975], "median_us": 6412.7, "min_us": 6402.6, "samples": 7}
{"event": "attend_mid", "rows": 1024, "context": 12000, "geometry": [16, 64, 8], "passed": true, "largest": 0.004545, "rms": 0.002347, "gated_steps": 0, "gated_differ": 0, "from_rule": [0.003759, 0.002975], "median_us": 7803.8, "min_us": 7791.0, "samples": 7}
{"event": "attend_mid", "rows": 1024, "context": 12000, "geometry": [32, 1, 1], "passed": true, "largest": 0.004545, "rms": 0.002531, "gated_steps": 1, "gated_differ": 2, "from_rule": [0.003759, 0.001153], "median_us": 2975.1, "min_us": 2965.2, "samples": 7}
{"event": "attend_mid", "rows": 1024, "context": 12000, "geometry": [32, 1, 2], "passed": true, "largest": 0.004545, "rms": 0.002531, "gated_steps": 1, "gated_differ": 2, "from_rule": [0.003759, 0.001153], "median_us": 3396.4, "min_us": 3390.9, "samples": 7}
{"event": "attend_mid", "rows": 1024, "context": 12000, "geometry": [32, 1, 4], "passed": true, "largest": 0.004545, "rms": 0.002531, "gated_steps": 1, "gated_differ": 2, "from_rule": [0.003759, 0.001153], "median_us": 2726.0, "min_us": 2714.8, "samples": 7}
{"event": "attend_mid", "rows": 1024, "context": 12000, "geometry": [32, 1, 8], "passed": true, "largest": 0.004545, "rms": 0.002531, "gated_steps": 1, "gated_differ": 2, "from_rule": [0.003759, 0.001153], "median_us": 2620.6, "min_us": 2607.6, "samples": 7}
{"event": "attend_mid", "rows": 1024, "context": 12000, "geometry": [32, 4, 1], "passed": true, "largest": 0.004545, "rms": 0.00252, "gated_steps": 0, "gated_differ": 0, "from_rule": [0.003759, 0.002658], "median_us": 3216.2, "min_us": 3184.4, "samples": 7}
{"event": "attend_mid", "rows": 1024, "context": 12000, "geometry": [32, 4, 2], "passed": true, "largest": 0.004545, "rms": 0.00252, "gated_steps": 0, "gated_differ": 0, "from_rule": [0.003759, 0.002658], "median_us": 3850.4, "min_us": 3814.5, "samples": 7}
{"event": "attend_mid", "rows": 1024, "context": 12000, "geometry": [32, 4, 4], "passed": true, "largest": 0.004545, "rms": 0.00252, "gated_steps": 0, "gated_differ": 0, "from_rule": [0.003759, 0.002658], "median_us": 2799.9, "min_us": 2788.8, "samples": 7}
{"event": "attend_mid", "rows": 1024, "context": 12000, "geometry": [32, 4, 8], "passed": true, "largest": 0.004545, "rms": 0.00252, "gated_steps": 0, "gated_differ": 0, "from_rule": [0.003759, 0.002658], "median_us": 2876.1, "min_us": 2863.8, "samples": 7}
{"event": "attend_mid", "rows": 1024, "context": 12000, "geometry": [32, 16, 1], "passed": true, "largest": 0.004545, "rms": 0.002434, "gated_steps": 0, "gated_differ": 0, "from_rule": [0.003759, 0.002932], "median_us": 4290.6, "min_us": 4271.9, "samples": 7}
{"event": "attend_mid", "rows": 1024, "context": 12000, "geometry": [32, 16, 2], "passed": true, "largest": 0.004545, "rms": 0.002434, "gated_steps": 0, "gated_differ": 0, "from_rule": [0.003759, 0.002932], "median_us": 5011.4, "min_us": 5000.7, "samples": 7}
{"event": "attend_mid", "rows": 1024, "context": 12000, "geometry": [32, 16, 4], "passed": true, "largest": 0.004545, "rms": 0.002434, "gated_steps": 0, "gated_differ": 0, "from_rule": [0.003759, 0.002932], "median_us": 3841.1, "min_us": 3830.5, "samples": 7}
{"event": "attend_mid", "rows": 1024, "context": 12000, "geometry": [32, 16, 8], "passed": true, "largest": 0.004545, "rms": 0.002434, "gated_steps": 0, "gated_differ": 0, "from_rule": [0.003759, 0.002932], "median_us": 3940.3, "min_us": 3925.7, "samples": 7}
{"event": "attend_mid", "rows": 1024, "context": 12000, "geometry": [32, 64, 1], "passed": true, "largest": 0.004545, "rms": 0.002392, "gated_steps": 0, "gated_differ": 0, "from_rule": [0.003759, 0.002983], "median_us": 8691.6, "min_us": 8658.3, "samples": 7}
{"event": "attend_mid", "rows": 1024, "context": 12000, "geometry": [32, 64, 2], "passed": true, "largest": 0.004545, "rms": 0.002392, "gated_steps": 0, "gated_differ": 0, "from_rule": [0.003759, 0.002983], "median_us": 10108.8, "min_us": 10075.9, "samples": 7}
{"event": "attend_mid", "rows": 1024, "context": 12000, "geometry": [32, 64, 4], "passed": true, "largest": 0.004545, "rms": 0.002391, "gated_steps": 0, "gated_differ": 0, "from_rule": [0.003759, 0.002983], "median_us": 7882.1, "min_us": 7870.9, "samples": 7}
{"event": "attend_mid", "rows": 1024, "context": 12000, "geometry": [32, 64, 8], "passed": true, "largest": 0.004545, "rms": 0.002391, "gated_steps": 0, "gated_differ": 0, "from_rule": [0.003759, 0.002983], "median_us": 8144.4, "min_us": 8127.6, "samples": 7}
{"event": "attend_mid", "rows": 1024, "context": 12000, "geometry": [64, 1, 1], "passed": true, "largest": 0.004545, "rms": 0.002528, "gated_steps": 1, "gated_differ": 1, "from_rule": [0.003759, 1.6e-05], "median_us": 4352.1, "min_us": 4333.4, "samples": 7}
{"event": "attend_mid", "rows": 1024, "context": 12000, "geometry": [64, 1, 2], "passed": true, "largest": 0.004545, "rms": 0.002528, "gated_steps": 1, "gated_differ": 1, "from_rule": [0.0, 0.0], "median_us": 3010.4, "min_us": 3006.0, "samples": 7}
{"event": "attend_mid", "rows": 1024, "context": 12000, "geometry": [64, 1, 4], "passed": true, "largest": 0.004545, "rms": 0.002528, "gated_steps": 1, "gated_differ": 1, "from_rule": [0.003759, 1.8e-05], "median_us": 3540.4, "min_us": 3534.2, "samples": 7}
{"event": "attend_mid", "rows": 1024, "context": 12000, "geometry": [64, 1, 8], "passed": true, "largest": 0.004545, "rms": 0.002528, "gated_steps": 1, "gated_differ": 1, "from_rule": [0.003759, 1.8e-05], "median_us": 3371.3, "min_us": 3350.8, "samples": 7}
{"event": "attend_mid", "rows": 1024, "context": 12000, "geometry": [64, 4, 1], "passed": true, "largest": 0.004545, "rms": 0.002525, "gated_steps": 0, "gated_differ": 0, "from_rule": [0.003759, 0.002622], "median_us": 4907.2, "min_us": 4892.1, "samples": 7}
{"event": "attend_mid", "rows": 1024, "context": 12000, "geometry": [64, 4, 2], "passed": true, "largest": 0.004545, "rms": 0.002525, "gated_steps": 0, "gated_differ": 0, "from_rule": [0.003759, 0.002622], "median_us": 3338.9, "min_us": 3320.9, "samples": 7}
{"event": "attend_mid", "rows": 1024, "context": 12000, "geometry": [64, 4, 4], "passed": true, "largest": 0.004545, "rms": 0.002525, "gated_steps": 0, "gated_differ": 0, "from_rule": [0.003759, 0.002622], "median_us": 4163.4, "min_us": 4157.7, "samples": 7}
{"event": "attend_mid", "rows": 1024, "context": 12000, "geometry": [64, 4, 8], "passed": true, "largest": 0.004545, "rms": 0.002525, "gated_steps": 0, "gated_differ": 0, "from_rule": [0.003759, 0.002622], "median_us": 3830.9, "min_us": 3818.4, "samples": 7}
{"event": "attend_mid", "rows": 1024, "context": 12000, "geometry": [64, 16, 1], "passed": true, "largest": 0.004545, "rms": 0.002483, "gated_steps": 0, "gated_differ": 0, "from_rule": [0.003759, 0.002909], "median_us": 7229.7, "min_us": 7226.8, "samples": 7}
{"event": "attend_mid", "rows": 1024, "context": 12000, "geometry": [64, 16, 2], "passed": true, "largest": 0.004545, "rms": 0.002484, "gated_steps": 0, "gated_differ": 0, "from_rule": [0.003759, 0.002909], "median_us": 5058.5, "min_us": 5048.7, "samples": 7}
{"event": "attend_mid", "rows": 1024, "context": 12000, "geometry": [64, 16, 4], "passed": true, "largest": 0.004545, "rms": 0.002484, "gated_steps": 0, "gated_differ": 0, "from_rule": [0.003759, 0.002909], "median_us": 6034.0, "min_us": 6009.8, "samples": 7}
{"event": "attend_mid", "rows": 1024, "context": 12000, "geometry": [64, 16, 8], "passed": true, "largest": 0.004545, "rms": 0.002483, "gated_steps": 0, "gated_differ": 0, "from_rule": [0.003759, 0.002909], "median_us": 5539.8, "min_us": 5527.0, "samples": 7}
{"event": "attend_mid", "rows": 1024, "context": 12000, "geometry": [64, 32, 1], "passed": true, "largest": 0.004545, "rms": 0.002445, "gated_steps": 0, "gated_differ": 0, "from_rule": [0.003759, 0.002954], "median_us": 9993.0, "min_us": 9982.7, "samples": 7}
{"event": "attend_mid", "rows": 1024, "context": 12000, "geometry": [64, 32, 2], "passed": true, "largest": 0.004545, "rms": 0.002445, "gated_steps": 0, "gated_differ": 0, "from_rule": [0.003759, 0.002954], "median_us": 7473.7, "min_us": 7466.8, "samples": 7}
{"event": "attend_mid", "rows": 1024, "context": 12000, "geometry": [64, 32, 4], "passed": true, "largest": 0.004545, "rms": 0.002445, "gated_steps": 0, "gated_differ": 0, "from_rule": [0.003759, 0.002954], "median_us": 8448.2, "min_us": 8427.6, "samples": 7}
{"event": "attend_mid", "rows": 1024, "context": 12000, "geometry": [64, 32, 8], "passed": true, "largest": 0.004545, "rms": 0.002445, "gated_steps": 0, "gated_differ": 0, "from_rule": [0.003759, 0.002954], "median_us": 7647.8, "min_us": 7633.6, "samples": 7}
{"event": "attend_mid_verdict", "rows": 1024, "rule": [64, 1, 2], "passing": 48, "failing": [], "fastest": [16, 1, 4], "fastest_us": 2374.6, "rule_us": 3010.4, "fastest_over_rule": 0.7888}
{"event": "covered_mid", "rows": 1024, "context": 0, "geometry": [16, 1, 1], "passed": true, "largest": 0.001316, "rms": 0.001028, "gated_steps": 0, "gated_differ": 0, "from_rule": [0.001316, 0.001309], "alike": true, "median_us": 2599.6, "min_us": 2558.5, "samples": 7}
{"event": "covered_mid", "rows": 1024, "context": 0, "geometry": [16, 1, 2], "passed": true, "largest": 0.001316, "rms": 0.001028, "gated_steps": 0, "gated_differ": 0, "from_rule": [0.001316, 0.001309], "alike": true, "median_us": 1161.0, "min_us": 1151.3, "samples": 7}
{"event": "covered_mid", "rows": 1024, "context": 0, "geometry": [16, 1, 4], "passed": true, "largest": 0.001316, "rms": 0.001028, "gated_steps": 0, "gated_differ": 0, "from_rule": [0.001316, 0.001309], "alike": true, "median_us": 568.6, "min_us": 558.1, "samples": 7}
{"event": "covered_mid", "rows": 1024, "context": 0, "geometry": [16, 1, 8], "passed": true, "largest": 0.001316, "rms": 0.001028, "gated_steps": 0, "gated_differ": 0, "from_rule": [0.001316, 0.001309], "alike": true, "median_us": 880.5, "min_us": 870.0, "samples": 7}
{"event": "covered_mid", "rows": 1024, "context": 0, "geometry": [16, 4, 1], "passed": true, "largest": 0.001316, "rms": 0.001025, "gated_steps": 0, "gated_differ": 0, "from_rule": [0.001316, 0.001387], "alike": true, "median_us": 3335.9, "min_us": 3308.0, "samples": 7}
{"event": "covered_mid", "rows": 1024, "context": 0, "geometry": [16, 4, 2], "passed": true, "largest": 0.001316, "rms": 0.001025, "gated_steps": 0, "gated_differ": 0, "from_rule": [0.001316, 0.001387], "alike": true, "median_us": 1341.6, "min_us": 1318.8, "samples": 7}
{"event": "covered_mid", "rows": 1024, "context": 0, "geometry": [16, 4, 4], "passed": true, "largest": 0.001316, "rms": 0.001025, "gated_steps": 0, "gated_differ": 0, "from_rule": [0.001316, 0.001387], "alike": true, "median_us": 704.5, "min_us": 693.7, "samples": 7}
{"event": "covered_mid", "rows": 1024, "context": 0, "geometry": [16, 4, 8], "passed": true, "largest": 0.001316, "rms": 0.001025, "gated_steps": 0, "gated_differ": 0, "from_rule": [0.001316, 0.001387], "alike": true, "median_us": 986.3, "min_us": 972.6, "samples": 7}
{"event": "covered_mid", "rows": 1024, "context": 0, "geometry": [16, 16, 1], "passed": true, "largest": 0.001316, "rms": 0.001019, "gated_steps": 1, "gated_differ": 1, "from_rule": [0.001316, 0.001657], "alike": true, "median_us": 4701.4, "min_us": 4661.4, "samples": 7}
{"event": "covered_mid", "rows": 1024, "context": 0, "geometry": [16, 16, 2], "passed": true, "largest": 0.001316, "rms": 0.001019, "gated_steps": 1, "gated_differ": 1, "from_rule": [0.001316, 0.001657], "alike": true, "median_us": 1984.4, "min_us": 1974.3, "samples": 7}
{"event": "covered_mid", "rows": 1024, "context": 0, "geometry": [16, 16, 4], "passed": true, "largest": 0.001316, "rms": 0.001019, "gated_steps": 1, "gated_differ": 1, "from_rule": [0.001316, 0.001657], "alike": true, "median_us": 1391.1, "min_us": 1374.9, "samples": 7}
{"event": "covered_mid", "rows": 1024, "context": 0, "geometry": [16, 16, 8], "passed": true, "largest": 0.001316, "rms": 0.001019, "gated_steps": 1, "gated_differ": 1, "from_rule": [0.001316, 0.001657], "alike": true, "median_us": 1694.0, "min_us": 1684.9, "samples": 7}
{"event": "covered_mid", "rows": 1024, "context": 0, "geometry": [16, 64, 1], "passed": true, "largest": 0.001316, "rms": 0.000991, "gated_steps": 0, "gated_differ": 0, "from_rule": [0.001316, 0.001903], "alike": true, "median_us": 10837.1, "min_us": 10818.0, "samples": 7}
{"event": "covered_mid", "rows": 1024, "context": 0, "geometry": [16, 64, 2], "passed": true, "largest": 0.001316, "rms": 0.000991, "gated_steps": 0, "gated_differ": 0, "from_rule": [0.001316, 0.001903], "alike": true, "median_us": 5308.5, "min_us": 5275.2, "samples": 7}
{"event": "covered_mid", "rows": 1024, "context": 0, "geometry": [16, 64, 4], "passed": true, "largest": 0.001316, "rms": 0.000991, "gated_steps": 0, "gated_differ": 0, "from_rule": [0.001316, 0.001903], "alike": true, "median_us": 4350.6, "min_us": 4333.3, "samples": 7}
{"event": "covered_mid", "rows": 1024, "context": 0, "geometry": [16, 64, 8], "passed": true, "largest": 0.001316, "rms": 0.000991, "gated_steps": 0, "gated_differ": 0, "from_rule": [0.001316, 0.001903], "alike": true, "median_us": 4643.4, "min_us": 4608.7, "samples": 7}
{"event": "covered_mid", "rows": 1024, "context": 0, "geometry": [32, 1, 1], "passed": true, "largest": 0.001316, "rms": 0.001016, "gated_steps": 0, "gated_differ": 0, "from_rule": [0.000658, 0.001035], "alike": true, "median_us": 2421.1, "min_us": 2397.7, "samples": 7}
{"event": "covered_mid", "rows": 1024, "context": 0, "geometry": [32, 1, 2], "passed": true, "largest": 0.001316, "rms": 0.001016, "gated_steps": 0, "gated_differ": 0, "from_rule": [0.000658, 0.001036], "alike": true, "median_us": 921.5, "min_us": 913.8, "samples": 7}
{"event": "covered_mid", "rows": 1024, "context": 0, "geometry": [32, 1, 4], "passed": true, "largest": 0.001316, "rms": 0.001016, "gated_steps": 0, "gated_differ": 0, "from_rule": [0.000658, 0.001036], "alike": true, "median_us": 456.4, "min_us": 449.8, "samples": 7}
{"event": "covered_mid", "rows": 1024, "context": 0, "geometry": [32, 1, 8], "passed": true, "largest": 0.001316, "rms": 0.001016, "gated_steps": 0, "gated_differ": 0, "from_rule": [0.000658, 0.001036], "alike": true, "median_us": 592.3, "min_us": 580.7, "samples": 7}
{"event": "covered_mid", "rows": 1024, "context": 0, "geometry": [32, 4, 1], "passed": true, "largest": 0.001316, "rms": 0.001015, "gated_steps": 0, "gated_differ": 0, "from_rule": [0.000658, 0.001143], "alike": true, "median_us": 2853.0, "min_us": 2822.6, "samples": 7}
{"event": "covered_mid", "rows": 1024, "context": 0, "geometry": [32, 4, 2], "passed": true, "largest": 0.001316, "rms": 0.001015, "gated_steps": 0, "gated_differ": 0, "from_rule": [0.000658, 0.001144], "alike": true, "median_us": 1481.7, "min_us": 1476.9, "samples": 7}
{"event": "covered_mid", "rows": 1024, "context": 0, "geometry": [32, 4, 4], "passed": true, "largest": 0.001316, "rms": 0.001015, "gated_steps": 0, "gated_differ": 0, "from_rule": [0.000658, 0.001144], "alike": true, "median_us": 590.8, "min_us": 583.6, "samples": 7}
{"event": "covered_mid", "rows": 1024, "context": 0, "geometry": [32, 4, 8], "passed": true, "largest": 0.001316, "rms": 0.001015, "gated_steps": 0, "gated_differ": 0, "from_rule": [0.000658, 0.001144], "alike": true, "median_us": 716.1, "min_us": 711.1, "samples": 7}
{"event": "covered_mid", "rows": 1024, "context": 0, "geometry": [32, 16, 1], "passed": true, "largest": 0.001316, "rms": 0.001007, "gated_steps": 0, "gated_differ": 0, "from_rule": [0.000658, 0.00149], "alike": true, "median_us": 4354.1, "min_us": 4344.4, "samples": 7}
{"event": "covered_mid", "rows": 1024, "context": 0, "geometry": [32, 16, 2], "passed": true, "largest": 0.001316, "rms": 0.001007, "gated_steps": 0, "gated_differ": 0, "from_rule": [0.000658, 0.00149], "alike": true, "median_us": 2692.3, "min_us": 2676.4, "samples": 7}
{"event": "covered_mid", "rows": 1024, "context": 0, "geometry": [32, 16, 4], "passed": true, "largest": 0.001316, "rms": 0.001007, "gated_steps": 0, "gated_differ": 0, "from_rule": [0.000658, 0.00149], "alike": true, "median_us": 1324.3, "min_us": 1315.2, "samples": 7}
{"event": "covered_mid", "rows": 1024, "context": 0, "geometry": [32, 16, 8], "passed": true, "largest": 0.001316, "rms": 0.001007, "gated_steps": 0, "gated_differ": 0, "from_rule": [0.000658, 0.00149], "alike": true, "median_us": 1491.7, "min_us": 1481.5, "samples": 7}
{"event": "covered_mid", "rows": 1024, "context": 0, "geometry": [32, 64, 1], "passed": true, "largest": 0.001316, "rms": 0.000994, "gated_steps": 0, "gated_differ": 0, "from_rule": [0.001316, 0.001813], "alike": true, "median_us": 10933.3, "min_us": 10919.3, "samples": 7}
{"event": "covered_mid", "rows": 1024, "context": 0, "geometry": [32, 64, 2], "passed": true, "largest": 0.001316, "rms": 0.000994, "gated_steps": 0, "gated_differ": 0, "from_rule": [0.001316, 0.001813], "alike": true, "median_us": 7806.3, "min_us": 7769.3, "samples": 7}
{"event": "covered_mid", "rows": 1024, "context": 0, "geometry": [32, 64, 4], "passed": true, "largest": 0.001316, "rms": 0.000994, "gated_steps": 0, "gated_differ": 0, "from_rule": [0.001316, 0.001813], "alike": true, "median_us": 4305.8, "min_us": 4291.0, "samples": 7}
{"event": "covered_mid", "rows": 1024, "context": 0, "geometry": [32, 64, 8], "passed": true, "largest": 0.001316, "rms": 0.000994, "gated_steps": 0, "gated_differ": 0, "from_rule": [0.001316, 0.001813], "alike": true, "median_us": 4470.8, "min_us": 4445.5, "samples": 7}
{"event": "covered_mid", "rows": 1024, "context": 0, "geometry": [64, 1, 1], "passed": true, "largest": 0.001316, "rms": 0.001028, "gated_steps": 0, "gated_differ": 0, "from_rule": [8.2e-05, 4e-06], "alike": true, "median_us": 3310.5, "min_us": 3292.4, "samples": 7}
{"event": "covered_mid", "rows": 1024, "context": 0, "geometry": [64, 1, 2], "passed": true, "largest": 0.001316, "rms": 0.001028, "gated_steps": 0, "gated_differ": 0, "from_rule": [0.0, 0.0], "alike": true, "median_us": 1069.0, "min_us": 1041.9, "samples": 7}
{"event": "covered_mid", "rows": 1024, "context": 0, "geometry": [64, 1, 4], "passed": true, "largest": 0.001316, "rms": 0.001028, "gated_steps": 0, "gated_differ": 0, "from_rule": [8.2e-05, 4e-06], "alike": true, "median_us": 657.1, "min_us": 651.6, "samples": 7}
{"event": "covered_mid", "rows": 1024, "context": 0, "geometry": [64, 1, 8], "passed": true, "largest": 0.001316, "rms": 0.001028, "gated_steps": 0, "gated_differ": 0, "from_rule": [8.2e-05, 2e-06], "alike": true, "median_us": 457.2, "min_us": 447.6, "samples": 7}
{"event": "covered_mid", "rows": 1024, "context": 0, "geometry": [64, 4, 1], "passed": true, "largest": 0.001316, "rms": 0.001029, "gated_steps": 0, "gated_differ": 0, "from_rule": [0.000329, 0.000583], "alike": true, "median_us": 3420.6, "min_us": 3400.3, "samples": 7}
{"event": "covered_mid", "rows": 1024, "context": 0, "geometry": [64, 4, 2], "passed": true, "largest": 0.001316, "rms": 0.001029, "gated_steps": 0, "gated_differ": 0, "from_rule": [0.000329, 0.000583], "alike": true, "median_us": 1284.6, "min_us": 1272.3, "samples": 7}
{"event": "covered_mid", "rows": 1024, "context": 0, "geometry": [64, 4, 4], "passed": true, "largest": 0.001316, "rms": 0.001029, "gated_steps": 0, "gated_differ": 0, "from_rule": [0.000329, 0.000583], "alike": true, "median_us": 823.6, "min_us": 820.4, "samples": 7}
{"event": "covered_mid", "rows": 1024, "context": 0, "geometry": [64, 4, 8], "passed": true, "largest": 0.001316, "rms": 0.001029, "gated_steps": 0, "gated_differ": 0, "from_rule": [0.000329, 0.000583], "alike": true, "median_us": 623.9, "min_us": 614.7, "samples": 7}
{"event": "covered_mid", "rows": 1024, "context": 0, "geometry": [64, 16, 1], "passed": true, "largest": 0.001316, "rms": 0.001026, "gated_steps": 0, "gated_differ": 0, "from_rule": [0.000658, 0.001227], "alike": true, "median_us": 5185.3, "min_us": 5143.8, "samples": 7}
{"event": "covered_mid", "rows": 1024, "context": 0, "geometry": [64, 16, 2], "passed": true, "largest": 0.001316, "rms": 0.001026, "gated_steps": 0, "gated_differ": 0, "from_rule": [0.000658, 0.001227], "alike": true, "median_us": 2544.3, "min_us": 2536.8, "samples": 7}
{"event": "covered_mid", "rows": 1024, "context": 0, "geometry": [64, 16, 4], "passed": true, "largest": 0.001316, "rms": 0.001026, "gated_steps": 0, "gated_differ": 0, "from_rule": [0.000658, 0.001227], "alike": true, "median_us": 1684.5, "min_us": 1669.5, "samples": 7}
{"event": "covered_mid", "rows": 1024, "context": 0, "geometry": [64, 16, 8], "passed": true, "largest": 0.001316, "rms": 0.001026, "gated_steps": 0, "gated_differ": 0, "from_rule": [0.000658, 0.001227], "alike": true, "median_us": 1398.9, "min_us": 1393.2, "samples": 7}
{"event": "covered_mid", "rows": 1024, "context": 0, "geometry": [64, 32, 1], "passed": true, "largest": 0.001316, "rms": 0.001014, "gated_steps": 0, "gated_differ": 0, "from_rule": [0.000658, 0.001457], "alike": true, "median_us": 7933.2, "min_us": 7905.9, "samples": 7}
{"event": "covered_mid", "rows": 1024, "context": 0, "geometry": [64, 32, 2], "passed": true, "largest": 0.001316, "rms": 0.001014, "gated_steps": 0, "gated_differ": 0, "from_rule": [0.000658, 0.001457], "alike": true, "median_us": 4334.6, "min_us": 4327.4, "samples": 7}
{"event": "covered_mid", "rows": 1024, "context": 0, "geometry": [64, 32, 4], "passed": true, "largest": 0.001316, "rms": 0.001014, "gated_steps": 0, "gated_differ": 0, "from_rule": [0.000658, 0.001457], "alike": true, "median_us": 2744.6, "min_us": 2729.7, "samples": 7}
{"event": "covered_mid", "rows": 1024, "context": 0, "geometry": [64, 32, 8], "passed": true, "largest": 0.001316, "rms": 0.001014, "gated_steps": 0, "gated_differ": 0, "from_rule": [0.000658, 0.001457], "alike": true, "median_us": 2388.5, "min_us": 2374.2, "samples": 7}
{"event": "covered_mid_verdict", "rows": 1024, "rule": [64, 1, 2], "passing": 48, "failing": [], "fastest": [32, 1, 4], "fastest_us": 456.4, "rule_us": 1069.0, "fastest_over_rule": 0.4269}
{"event": "score", "bucket": 4096, "rows": 2, "columns": 1152, "group": 2, "geometry": [64, 1, 1], "passed": true, "launched": true, "largest_difference": 0.0, "cold_us": 22.32, "warm_us": 14.03, "cold_min_us": 18.94, "warm_min_us": 12.7, "samples": 24}
{"event": "score", "bucket": 4096, "rows": 2, "columns": 1152, "group": 2, "geometry": [64, 1, 2], "passed": true, "launched": true, "largest_difference": 0.0, "cold_us": 21.58, "warm_us": 14.0, "cold_min_us": 19.94, "warm_min_us": 12.54, "samples": 24}
{"event": "score", "bucket": 4096, "rows": 2, "columns": 1152, "group": 2, "geometry": [64, 1, 4], "passed": true, "launched": true, "largest_difference": 0.0, "cold_us": 22.37, "warm_us": 13.95, "cold_min_us": 19.01, "warm_min_us": 12.86, "samples": 24}
{"event": "score", "bucket": 4096, "rows": 2, "columns": 1152, "group": 2, "geometry": [64, 4, 1], "passed": true, "launched": true, "largest_difference": 0.0, "cold_us": 26.03, "warm_us": 18.62, "cold_min_us": 24.96, "warm_min_us": 17.02, "samples": 24}
{"event": "score", "bucket": 4096, "rows": 2, "columns": 1152, "group": 2, "geometry": [64, 4, 2], "passed": true, "launched": true, "largest_difference": 0.0, "cold_us": 23.06, "warm_us": 14.77, "cold_min_us": 20.38, "warm_min_us": 12.93, "samples": 24}
{"event": "score", "bucket": 4096, "rows": 2, "columns": 1152, "group": 2, "geometry": [64, 4, 4], "passed": true, "launched": true, "largest_difference": 0.0, "cold_us": 22.14, "warm_us": 14.72, "cold_min_us": 20.83, "warm_min_us": 13.57, "samples": 24}
{"event": "score", "bucket": 4096, "rows": 2, "columns": 1152, "group": 2, "geometry": [128, 1, 1], "passed": true, "launched": true, "largest_difference": 0.0, "cold_us": 23.7, "warm_us": 16.38, "cold_min_us": 21.66, "warm_min_us": 14.82, "samples": 24}
{"event": "score", "bucket": 4096, "rows": 2, "columns": 1152, "group": 2, "geometry": [128, 1, 2], "passed": true, "launched": true, "largest_difference": 0.0, "cold_us": 22.02, "warm_us": 15.23, "cold_min_us": 18.88, "warm_min_us": 12.9, "samples": 24}
{"event": "score", "bucket": 4096, "rows": 2, "columns": 1152, "group": 2, "geometry": [128, 1, 4], "passed": true, "launched": true, "largest_difference": 0.0, "cold_us": 21.57, "warm_us": 14.37, "cold_min_us": 18.72, "warm_min_us": 12.58, "samples": 24}
{"event": "score", "bucket": 4096, "rows": 2, "columns": 1152, "group": 2, "geometry": [128, 4, 1], "passed": true, "launched": true, "largest_difference": 0.0, "cold_us": 38.53, "warm_us": 32.56, "cold_min_us": 37.09, "warm_min_us": 31.07, "samples": 24}
{"event": "score", "bucket": 4096, "rows": 2, "columns": 1152, "group": 2, "geometry": [128, 4, 2], "passed": true, "launched": true, "largest_difference": 0.0, "cold_us": 27.44, "warm_us": 20.82, "cold_min_us": 25.95, "warm_min_us": 18.78, "samples": 24}
{"event": "score", "bucket": 4096, "rows": 2, "columns": 1152, "group": 2, "geometry": [128, 4, 4], "passed": true, "launched": true, "largest_difference": 0.0, "cold_us": 22.46, "warm_us": 17.04, "cold_min_us": 21.41, "warm_min_us": 14.91, "samples": 24}
{"event": "score", "bucket": 4096, "rows": 2, "columns": 1152, "group": 2, "geometry": [256, 1, 1], "passed": true, "launched": true, "largest_difference": 0.0, "cold_us": 63.17, "warm_us": 46.45, "cold_min_us": 61.66, "warm_min_us": 44.32, "samples": 24}
{"event": "score", "bucket": 4096, "rows": 2, "columns": 1152, "group": 2, "geometry": [256, 1, 2], "passed": true, "launched": true, "largest_difference": 0.0, "cold_us": 25.54, "warm_us": 18.69, "cold_min_us": 24.03, "warm_min_us": 16.96, "samples": 24}
{"event": "score", "bucket": 4096, "rows": 2, "columns": 1152, "group": 2, "geometry": [256, 1, 4], "passed": true, "launched": true, "largest_difference": 0.0, "cold_us": 21.55, "warm_us": 15.09, "cold_min_us": 19.04, "warm_min_us": 12.64, "samples": 24}
{"event": "score", "bucket": 4096, "rows": 2, "columns": 1152, "group": 2, "geometry": [256, 4, 1], "passed": true, "launched": true, "largest_difference": 0.0, "cold_us": 158.02, "warm_us": 129.68, "cold_min_us": 153.92, "warm_min_us": 125.89, "samples": 24}
{"event": "score", "bucket": 4096, "rows": 2, "columns": 1152, "group": 2, "geometry": [256, 4, 2], "passed": true, "launched": true, "largest_difference": 0.0, "cold_us": 46.86, "warm_us": 38.67, "cold_min_us": 44.7, "warm_min_us": 34.56, "samples": 24}
{"event": "score", "bucket": 4096, "rows": 2, "columns": 1152, "group": 2, "geometry": [256, 4, 4], "passed": true, "launched": true, "largest_difference": 0.0, "cold_us": 30.1, "warm_us": 23.55, "cold_min_us": 28.74, "warm_min_us": 22.4, "samples": 24}
{"event": "score_verdict", "bucket": 4096, "rows": 2, "cold": {"rule": [64, 1, 2], "passing": 18, "failing": [], "fastest": [256, 1, 4], "fastest_us": 21.55, "rule_us": 21.58, "fastest_over_rule": 0.9986}, "warm": {"rule": [64, 1, 2], "passing": 18, "failing": [], "fastest": [64, 1, 4], "fastest_us": 13.95, "rule_us": 14.0, "fastest_over_rule": 0.9964}}
{"event": "score", "bucket": 4096, "rows": 8, "columns": 1152, "group": 2, "geometry": [64, 1, 1], "passed": true, "launched": true, "largest_difference": 0.0, "cold_us": 27.71, "warm_us": 14.05, "cold_min_us": 26.05, "warm_min_us": 12.8, "samples": 24}
{"event": "score", "bucket": 4096, "rows": 8, "columns": 1152, "group": 2, "geometry": [64, 1, 2], "passed": true, "launched": true, "largest_difference": 0.0, "cold_us": 26.93, "warm_us": 14.16, "cold_min_us": 25.76, "warm_min_us": 13.09, "samples": 24}
{"event": "score", "bucket": 4096, "rows": 8, "columns": 1152, "group": 2, "geometry": [64, 1, 4], "passed": true, "launched": true, "largest_difference": 0.0, "cold_us": 26.93, "warm_us": 15.17, "cold_min_us": 25.28, "warm_min_us": 13.06, "samples": 24}
{"event": "score", "bucket": 4096, "rows": 8, "columns": 1152, "group": 2, "geometry": [64, 4, 1], "passed": true, "launched": true, "largest_difference": 0.0, "cold_us": 31.71, "warm_us": 18.98, "cold_min_us": 28.99, "warm_min_us": 17.09, "samples": 24}
{"event": "score", "bucket": 4096, "rows": 8, "columns": 1152, "group": 2, "geometry": [64, 4, 2], "passed": true, "launched": true, "largest_difference": 0.0, "cold_us": 27.26, "warm_us": 16.35, "cold_min_us": 25.7, "warm_min_us": 13.25, "samples": 24}
{"event": "score", "bucket": 4096, "rows": 8, "columns": 1152, "group": 2, "geometry": [64, 4, 4], "passed": true, "launched": true, "largest_difference": 0.0, "cold_us": 28.02, "warm_us": 15.82, "cold_min_us": 26.53, "warm_min_us": 13.31, "samples": 24}
{"event": "score", "bucket": 4096, "rows": 8, "columns": 1152, "group": 2, "geometry": [128, 1, 1], "passed": true, "launched": true, "largest_difference": 0.0, "cold_us": 32.77, "warm_us": 18.8, "cold_min_us": 30.91, "warm_min_us": 17.12, "samples": 24}
{"event": "score", "bucket": 4096, "rows": 8, "columns": 1152, "group": 2, "geometry": [128, 1, 2], "passed": true, "launched": true, "largest_difference": 0.0, "cold_us": 27.66, "warm_us": 14.69, "cold_min_us": 26.53, "warm_min_us": 12.35, "samples": 24}
{"event": "score", "bucket": 4096, "rows": 8, "columns": 1152, "group": 2, "geometry": [128, 1, 4], "passed": true, "launched": true, "largest_difference": 0.0, "cold_us": 27.36, "warm_us": 14.42, "cold_min_us": 25.86, "warm_min_us": 12.9, "samples": 24}
{"event": "score", "bucket": 4096, "rows": 8, "columns": 1152, "group": 2, "geometry": [128, 4, 1], "passed": true, "launched": true, "largest_difference": 0.0, "cold_us": 43.78, "warm_us": 32.34, "cold_min_us": 41.89, "warm_min_us": 30.34, "samples": 24}
{"event": "score", "bucket": 4096, "rows": 8, "columns": 1152, "group": 2, "geometry": [128, 4, 2], "passed": true, "launched": true, "largest_difference": 0.0, "cold_us": 32.58, "warm_us": 21.23, "cold_min_us": 30.75, "warm_min_us": 19.46, "samples": 24}
{"event": "score", "bucket": 4096, "rows": 8, "columns": 1152, "group": 2, "geometry": [128, 4, 4], "passed": true, "launched": true, "largest_difference": 0.0, "cold_us": 28.4, "warm_us": 17.65, "cold_min_us": 27.01, "warm_min_us": 15.33, "samples": 24}
{"event": "score", "bucket": 4096, "rows": 8, "columns": 1152, "group": 2, "geometry": [256, 1, 1], "passed": true, "launched": true, "largest_difference": 0.0, "cold_us": 72.54, "warm_us": 46.64, "cold_min_us": 71.1, "warm_min_us": 44.7, "samples": 24}
{"event": "score", "bucket": 4096, "rows": 8, "columns": 1152, "group": 2, "geometry": [256, 1, 2], "passed": true, "launched": true, "largest_difference": 0.0, "cold_us": 34.38, "warm_us": 20.59, "cold_min_us": 33.09, "warm_min_us": 18.02, "samples": 24}
{"event": "score", "bucket": 4096, "rows": 8, "columns": 1152, "group": 2, "geometry": [256, 1, 4], "passed": true, "launched": true, "largest_difference": 0.0, "cold_us": 28.86, "warm_us": 14.82, "cold_min_us": 26.62, "warm_min_us": 12.61, "samples": 24}
{"event": "score", "bucket": 4096, "rows": 8, "columns": 1152, "group": 2, "geometry": [256, 4, 1], "passed": true, "launched": true, "largest_difference": 0.0, "cold_us": 158.43, "warm_us": 131.22, "cold_min_us": 156.77, "warm_min_us": 127.52, "samples": 24}
{"event": "score", "bucket": 4096, "rows": 8, "columns": 1152, "group": 2, "geometry": [256, 4, 2], "passed": true, "launched": true, "largest_difference": 0.0, "cold_us": 51.36, "warm_us": 39.41, "cold_min_us": 49.28, "warm_min_us": 37.7, "samples": 24}
{"event": "score", "bucket": 4096, "rows": 8, "columns": 1152, "group": 2, "geometry": [256, 4, 4], "passed": true, "launched": true, "largest_difference": 0.0, "cold_us": 34.43, "warm_us": 25.06, "cold_min_us": 31.97, "warm_min_us": 22.82, "samples": 24}
{"event": "score_verdict", "bucket": 4096, "rows": 8, "cold": {"rule": [64, 1, 2], "passing": 18, "failing": [], "fastest": [64, 1, 2], "fastest_us": 26.93, "rule_us": 26.93, "fastest_over_rule": 1.0}, "warm": {"rule": [64, 1, 2], "passing": 18, "failing": [], "fastest": [64, 1, 1], "fastest_us": 14.05, "rule_us": 14.16, "fastest_over_rule": 0.9922}}
{"event": "score", "bucket": 32768, "rows": 2, "columns": 8256, "group": 2, "geometry": [64, 1, 1], "passed": true, "launched": true, "largest_difference": 0.0, "cold_us": 35.44, "warm_us": 15.87, "cold_min_us": 34.27, "warm_min_us": 13.18, "samples": 24}
{"event": "score", "bucket": 32768, "rows": 2, "columns": 8256, "group": 2, "geometry": [64, 1, 2], "passed": true, "launched": true, "largest_difference": 0.0, "cold_us": 35.01, "warm_us": 15.34, "cold_min_us": 34.05, "warm_min_us": 12.9, "samples": 24}
{"event": "score", "bucket": 32768, "rows": 2, "columns": 8256, "group": 2, "geometry": [64, 1, 4], "passed": true, "launched": true, "largest_difference": 0.0, "cold_us": 35.09, "warm_us": 16.34, "cold_min_us": 33.95, "warm_min_us": 12.99, "samples": 24}
{"event": "score", "bucket": 32768, "rows": 2, "columns": 8256, "group": 2, "geometry": [64, 4, 1], "passed": true, "launched": true, "largest_difference": 0.0, "cold_us": 35.42, "warm_us": 19.73, "cold_min_us": 33.95, "warm_min_us": 17.86, "samples": 24}
{"event": "score", "bucket": 32768, "rows": 2, "columns": 8256, "group": 2, "geometry": [64, 4, 2], "passed": true, "launched": true, "largest_difference": 0.0, "cold_us": 33.15, "warm_us": 14.99, "cold_min_us": 31.58, "warm_min_us": 13.76, "samples": 24}
{"event": "score", "bucket": 32768, "rows": 2, "columns": 8256, "group": 2, "geometry": [64, 4, 4], "passed": true, "launched": true, "largest_difference": 0.0, "cold_us": 33.78, "warm_us": 16.18, "cold_min_us": 31.84, "warm_min_us": 14.08, "samples": 24}
{"event": "score", "bucket": 32768, "rows": 2, "columns": 8256, "group": 2, "geometry": [128, 1, 1], "passed": true, "launched": true, "largest_difference": 0.0, "cold_us": 43.26, "warm_us": 20.96, "cold_min_us": 41.63, "warm_min_us": 19.01, "samples": 24}
{"event": "score", "bucket": 32768, "rows": 2, "columns": 8256, "group": 2, "geometry": [128, 1, 2], "passed": true, "launched": true, "largest_difference": 0.0, "cold_us": 36.66, "warm_us": 15.94, "cold_min_us": 34.75, "warm_min_us": 13.6, "samples": 24}
{"event": "score", "bucket": 32768, "rows": 2, "columns": 8256, "group": 2, "geometry": [128, 1, 4], "passed": true, "launched": true, "largest_difference": 0.0, "cold_us": 34.74, "warm_us": 14.7, "cold_min_us": 33.89, "warm_min_us": 12.58, "samples": 24}
{"event": "score", "bucket": 32768, "rows": 2, "columns": 8256, "group": 2, "geometry": [128, 4, 1], "passed": true, "launched": true, "largest_difference": 0.0, "cold_us": 51.63, "warm_us": 32.3, "cold_min_us": 49.15, "warm_min_us": 30.62, "samples": 24}
{"event": "score", "bucket": 32768, "rows": 2, "columns": 8256, "group": 2, "geometry": [128, 4, 2], "passed": true, "launched": true, "largest_difference": 0.0, "cold_us": 36.93, "warm_us": 21.55, "cold_min_us": 35.26, "warm_min_us": 19.94, "samples": 24}
{"event": "score", "bucket": 32768, "rows": 2, "columns": 8256, "group": 2, "geometry": [128, 4, 4], "passed": true, "launched": true, "largest_difference": 0.0, "cold_us": 33.17, "warm_us": 17.62, "cold_min_us": 31.74, "warm_min_us": 15.49, "samples": 24}
{"event": "score", "bucket": 32768, "rows": 2, "columns": 8256, "group": 2, "geometry": [256, 1, 1], "passed": true, "launched": true, "largest_difference": 0.0, "cold_us": 84.7, "warm_us": 48.9, "cold_min_us": 83.01, "warm_min_us": 47.81, "samples": 24}
{"event": "score", "bucket": 32768, "rows": 2, "columns": 8256, "group": 2, "geometry": [256, 1, 2], "passed": true, "launched": true, "largest_difference": 0.0, "cold_us": 44.48, "warm_us": 22.14, "cold_min_us": 37.92, "warm_min_us": 19.9, "samples": 24}
{"event": "score", "bucket": 32768, "rows": 2, "columns": 8256, "group": 2, "geometry": [256, 1, 4], "passed": true, "launched": true, "largest_difference": 0.0, "cold_us": 36.32, "warm_us": 15.52, "cold_min_us": 35.14, "warm_min_us": 13.41, "samples": 24}
{"event": "score", "bucket": 32768, "rows": 2, "columns": 8256, "group": 2, "geometry": [256, 4, 1], "passed": true, "launched": true, "largest_difference": 0.0, "cold_us": 161.2, "warm_us": 130.18, "cold_min_us": 158.11, "warm_min_us": 127.84, "samples": 24}
{"event": "score", "bucket": 32768, "rows": 2, "columns": 8256, "group": 2, "geometry": [256, 4, 2], "passed": true, "launched": true, "largest_difference": 0.0, "cold_us": 56.85, "warm_us": 39.57, "cold_min_us": 54.59, "warm_min_us": 37.82, "samples": 24}
{"event": "score", "bucket": 32768, "rows": 2, "columns": 8256, "group": 2, "geometry": [256, 4, 4], "passed": true, "launched": true, "largest_difference": 0.0, "cold_us": 40.88, "warm_us": 25.66, "cold_min_us": 39.01, "warm_min_us": 23.71, "samples": 24}
{"event": "score_verdict", "bucket": 32768, "rows": 2, "cold": {"rule": [64, 1, 2], "passing": 18, "failing": [], "fastest": [64, 4, 2], "fastest_us": 33.15, "rule_us": 35.01, "fastest_over_rule": 0.9469}, "warm": {"rule": [64, 1, 2], "passing": 18, "failing": [], "fastest": [128, 1, 4], "fastest_us": 14.7, "rule_us": 15.34, "fastest_over_rule": 0.9583}}
{"event": "score", "bucket": 32768, "rows": 8, "columns": 8256, "group": 2, "geometry": [64, 1, 1], "passed": true, "launched": true, "largest_difference": 0.0, "cold_us": 82.51, "warm_us": 27.1, "cold_min_us": 79.78, "warm_min_us": 25.57, "samples": 24}
{"event": "score", "bucket": 32768, "rows": 8, "columns": 8256, "group": 2, "geometry": [64, 1, 2], "passed": true, "launched": true, "largest_difference": 0.0, "cold_us": 81.63, "warm_us": 23.41, "cold_min_us": 80.35, "warm_min_us": 21.15, "samples": 24}
{"event": "score", "bucket": 32768, "rows": 8, "columns": 8256, "group": 2, "geometry": [64, 1, 4], "passed": true, "launched": true, "largest_difference": 0.0, "cold_us": 81.15, "warm_us": 24.3, "cold_min_us": 79.33, "warm_min_us": 22.69, "samples": 24}
{"event": "score", "bucket": 32768, "rows": 8, "columns": 8256, "group": 2, "geometry": [64, 4, 1], "passed": true, "launched": true, "largest_difference": 0.0, "cold_us": 84.21, "warm_us": 26.66, "cold_min_us": 80.1, "warm_min_us": 24.35, "samples": 24}
{"event": "score", "bucket": 32768, "rows": 8, "columns": 8256, "group": 2, "geometry": [64, 4, 2], "passed": true, "launched": true, "largest_difference": 0.0, "cold_us": 82.24, "warm_us": 22.46, "cold_min_us": 80.48, "warm_min_us": 20.74, "samples": 24}
{"event": "score", "bucket": 32768, "rows": 8, "columns": 8256, "group": 2, "geometry": [64, 4, 4], "passed": true, "launched": true, "largest_difference": 0.0, "cold_us": 82.05, "warm_us": 23.6, "cold_min_us": 81.09, "warm_min_us": 21.34, "samples": 24}
{"event": "score", "bucket": 32768, "rows": 8, "columns": 8256, "group": 2, "geometry": [128, 1, 1], "passed": true, "launched": true, "largest_difference": 0.0, "cold_us": 102.61, "warm_us": 38.9, "cold_min_us": 100.99, "warm_min_us": 36.29, "samples": 24}
{"event": "score", "bucket": 32768, "rows": 8, "columns": 8256, "group": 2, "geometry": [128, 1, 2], "passed": true, "launched": true, "largest_difference": 0.0, "cold_us": 83.14, "warm_us": 28.53, "cold_min_us": 82.08, "warm_min_us": 26.69, "samples": 24}
{"event": "score", "bucket": 32768, "rows": 8, "columns": 8256, "group": 2, "geometry": [128, 1, 4], "passed": true, "launched": true, "largest_difference": 0.0, "cold_us": 81.22, "warm_us": 24.21, "cold_min_us": 79.39, "warm_min_us": 22.88, "samples": 24}
{"event": "score", "bucket": 32768, "rows": 8, "columns": 8256, "group": 2, "geometry": [128, 4, 1], "passed": true, "launched": true, "largest_difference": 0.0, "cold_us": 94.42, "warm_us": 40.61, "cold_min_us": 92.54, "warm_min_us": 38.18, "samples": 24}
{"event": "score", "bucket": 32768, "rows": 8, "columns": 8256, "group": 2, "geometry": [128, 4, 2], "passed": true, "launched": true, "largest_difference": 0.0, "cold_us": 83.41, "warm_us": 28.86, "cold_min_us": 81.09, "warm_min_us": 25.76, "samples": 24}
{"event": "score", "bucket": 32768, "rows": 8, "columns": 8256, "group": 2, "geometry": [128, 4, 4], "passed": true, "launched": true, "largest_difference": 0.0, "cold_us": 81.87, "warm_us": 26.3, "cold_min_us": 79.33, "warm_min_us": 23.33, "samples": 24}
{"event": "score", "bucket": 32768, "rows": 8, "columns": 8256, "group": 2, "geometry": [256, 1, 1], "passed": true, "launched": true, "largest_difference": 0.0, "cold_us": 199.82, "warm_us": 140.18, "cold_min_us": 196.51, "warm_min_us": 134.56, "samples": 24}
{"event": "score", "bucket": 32768, "rows": 8, "columns": 8256, "group": 2, "geometry": [256, 1, 2], "passed": true, "launched": true, "largest_difference": 0.0, "cold_us": 103.68, "warm_us": 42.56, "cold_min_us": 101.63, "warm_min_us": 39.55, "samples": 24}
{"event": "score", "bucket": 32768, "rows": 8, "columns": 8256, "group": 2, "geometry": [256, 1, 4], "passed": true, "launched": true, "largest_difference": 0.0, "cold_us": 82.93, "warm_us": 30.42, "cold_min_us": 80.67, "warm_min_us": 28.1, "samples": 24}
{"event": "score", "bucket": 32768, "rows": 8, "columns": 8256, "group": 2, "geometry": [256, 4, 1], "passed": true, "launched": true, "largest_difference": 0.0, "cold_us": 192.16, "warm_us": 139.01, "cold_min_us": 190.5, "warm_min_us": 135.65, "samples": 24}
{"event": "score", "bucket": 32768, "rows": 8, "columns": 8256, "group": 2, "geometry": [256, 4, 2], "passed": true, "launched": true, "largest_difference": 0.0, "cold_us": 95.81, "warm_us": 44.46, "cold_min_us": 93.41, "warm_min_us": 43.04, "samples": 24}
{"event": "score", "bucket": 32768, "rows": 8, "columns": 8256, "group": 2, "geometry": [256, 4, 4], "passed": true, "launched": true, "largest_difference": 0.0, "cold_us": 82.85, "warm_us": 31.87, "cold_min_us": 80.83, "warm_min_us": 29.5, "samples": 24}
{"event": "score_verdict", "bucket": 32768, "rows": 8, "cold": {"rule": [64, 1, 2], "passing": 18, "failing": [], "fastest": [64, 1, 4], "fastest_us": 81.15, "rule_us": 81.63, "fastest_over_rule": 0.9941}, "warm": {"rule": [64, 1, 2], "passing": 18, "failing": [], "fastest": [64, 4, 2], "fastest_us": 22.46, "rule_us": 23.41, "fastest_over_rule": 0.9594}}
{"event": "score", "bucket": 262144, "rows": 2, "columns": 65664, "group": 2, "geometry": [64, 1, 1], "passed": true, "launched": true, "largest_difference": 0.0, "cold_us": 136.22, "warm_us": 43.97, "cold_min_us": 134.75, "warm_min_us": 41.73, "samples": 24}
{"event": "score", "bucket": 262144, "rows": 2, "columns": 65664, "group": 2, "geometry": [64, 1, 2], "passed": true, "launched": true, "largest_difference": 0.0, "cold_us": 134.4, "warm_us": 37.97, "cold_min_us": 132.99, "warm_min_us": 36.0, "samples": 24}
{"event": "score", "bucket": 262144, "rows": 2, "columns": 65664, "group": 2, "geometry": [64, 1, 4], "passed": true, "launched": true, "largest_difference": 0.0, "cold_us": 135.22, "warm_us": 40.48, "cold_min_us": 133.09, "warm_min_us": 38.21, "samples": 24}
{"event": "score", "bucket": 262144, "rows": 2, "columns": 65664, "group": 2, "geometry": [64, 4, 1], "passed": true, "launched": true, "largest_difference": 0.0, "cold_us": 136.98, "warm_us": 42.05, "cold_min_us": 134.98, "warm_min_us": 40.32, "samples": 24}
{"event": "score", "bucket": 262144, "rows": 2, "columns": 65664, "group": 2, "geometry": [64, 4, 2], "passed": true, "launched": true, "largest_difference": 0.0, "cold_us": 134.98, "warm_us": 37.6, "cold_min_us": 132.77, "warm_min_us": 35.2, "samples": 24}
{"event": "score", "bucket": 262144, "rows": 2, "columns": 65664, "group": 2, "geometry": [64, 4, 4], "passed": true, "launched": true, "largest_difference": 0.0, "cold_us": 134.27, "warm_us": 37.87, "cold_min_us": 132.32, "warm_min_us": 35.9, "samples": 24}
{"event": "score", "bucket": 262144, "rows": 2, "columns": 65664, "group": 2, "geometry": [128, 1, 1], "passed": true, "launched": true, "largest_difference": 0.0, "cold_us": 145.7, "warm_us": 64.59, "cold_min_us": 144.29, "warm_min_us": 59.62, "samples": 24}
{"event": "score", "bucket": 262144, "rows": 2, "columns": 65664, "group": 2, "geometry": [128, 1, 2], "passed": true, "launched": true, "largest_difference": 0.0, "cold_us": 136.61, "warm_us": 44.5, "cold_min_us": 135.17, "warm_min_us": 42.72, "samples": 24}
{"event": "score", "bucket": 262144, "rows": 2, "columns": 65664, "group": 2, "geometry": [128, 1, 4], "passed": true, "launched": true, "largest_difference": 0.0, "cold_us": 135.28, "warm_us": 38.66, "cold_min_us": 133.5, "warm_min_us": 37.12, "samples": 24}
{"event": "score", "bucket": 262144, "rows": 2, "columns": 65664, "group": 2, "geometry": [128, 4, 1], "passed": true, "launched": true, "largest_difference": 0.0, "cold_us": 152.69, "warm_us": 71.65, "cold_min_us": 150.02, "warm_min_us": 69.02, "samples": 24}
{"event": "score", "bucket": 262144, "rows": 2, "columns": 65664, "group": 2, "geometry": [128, 4, 2], "passed": true, "launched": true, "largest_difference": 0.0, "cold_us": 138.99, "warm_us": 47.15, "cold_min_us": 136.03, "warm_min_us": 44.86, "samples": 24}
{"event": "score", "bucket": 262144, "rows": 2, "columns": 65664, "group": 2, "geometry": [128, 4, 4], "passed": true, "launched": true, "largest_difference": 0.0, "cold_us": 135.5, "warm_us": 40.85, "cold_min_us": 133.57, "warm_min_us": 37.41, "samples": 24}
{"event": "score", "bucket": 262144, "rows": 2, "columns": 65664, "group": 2, "geometry": [256, 1, 1], "passed": true, "launched": true, "largest_difference": 0.0, "cold_us": 318.45, "warm_us": 248.88, "cold_min_us": 304.1, "warm_min_us": 239.68, "samples": 24}
{"event": "score", "bucket": 262144, "rows": 2, "columns": 65664, "group": 2, "geometry": [256, 1, 2], "passed": true, "launched": true, "largest_difference": 0.0, "cold_us": 149.46, "warm_us": 70.54, "cold_min_us": 146.24, "warm_min_us": 68.45, "samples": 24}
{"event": "score", "bucket": 262144, "rows": 2, "columns": 65664, "group": 2, "geometry": [256, 1, 4], "passed": true, "launched": true, "largest_difference": 0.0, "cold_us": 135.98, "warm_us": 47.63, "cold_min_us": 133.44, "warm_min_us": 44.83, "samples": 24}
{"event": "score", "bucket": 262144, "rows": 2, "columns": 65664, "group": 2, "geometry": [256, 4, 1], "passed": true, "launched": true, "largest_difference": 0.0, "cold_us": 348.19, "warm_us": 273.34, "cold_min_us": 342.75, "warm_min_us": 266.88, "samples": 24}
{"event": "score", "bucket": 262144, "rows": 2, "columns": 65664, "group": 2, "geometry": [256, 4, 2], "passed": true, "launched": true, "largest_difference": 0.0, "cold_us": 158.98, "warm_us": 79.23, "cold_min_us": 155.94, "warm_min_us": 76.32, "samples": 24}
{"event": "score", "bucket": 262144, "rows": 2, "columns": 65664, "group": 2, "geometry": [256, 4, 4], "passed": true, "launched": true, "largest_difference": 0.0, "cold_us": 139.39, "warm_us": 50.88, "cold_min_us": 136.13, "warm_min_us": 48.51, "samples": 24}
{"event": "score_verdict", "bucket": 262144, "rows": 2, "cold": {"rule": [64, 1, 2], "passing": 18, "failing": [], "fastest": [64, 4, 4], "fastest_us": 134.27, "rule_us": 134.4, "fastest_over_rule": 0.999}, "warm": {"rule": [64, 1, 2], "passing": 18, "failing": [], "fastest": [64, 4, 2], "fastest_us": 37.6, "rule_us": 37.97, "fastest_over_rule": 0.9903}}
{"event": "score", "bucket": 262144, "rows": 8, "columns": 65664, "group": 2, "geometry": [64, 1, 1], "passed": true, "launched": true, "largest_difference": 0.0, "cold_us": 339.68, "warm_us": 281.42, "cold_min_us": 335.58, "warm_min_us": 275.65, "samples": 24}
{"event": "score", "bucket": 262144, "rows": 8, "columns": 65664, "group": 2, "geometry": [64, 1, 2], "passed": true, "launched": true, "largest_difference": 0.0, "cold_us": 338.46, "warm_us": 276.64, "cold_min_us": 336.0, "warm_min_us": 273.89, "samples": 24}
{"event": "score", "bucket": 262144, "rows": 8, "columns": 65664, "group": 2, "geometry": [64, 1, 4], "passed": true, "launched": true, "largest_difference": 0.0, "cold_us": 339.9, "warm_us": 278.3, "cold_min_us": 336.0, "warm_min_us": 274.72, "samples": 24}
{"event": "score", "bucket": 262144, "rows": 8, "columns": 65664, "group": 2, "geometry": [64, 4, 1], "passed": true, "launched": true, "largest_difference": 0.0, "cold_us": 344.59, "warm_us": 283.92, "cold_min_us": 342.34, "warm_min_us": 280.99, "samples": 24}
{"event": "score", "bucket": 262144, "rows": 8, "columns": 65664, "group": 2, "geometry": [64, 4, 2], "passed": true, "launched": true, "largest_difference": 0.0, "cold_us": 341.55, "warm_us": 280.29, "cold_min_us": 338.46, "warm_min_us": 277.63, "samples": 24}
{"event": "score", "bucket": 262144, "rows": 8, "columns": 65664, "group": 2, "geometry": [64, 4, 4], "passed": true, "launched": true, "largest_difference": 0.0, "cold_us": 343.12, "warm_us": 281.76, "cold_min_us": 339.17, "warm_min_us": 275.71, "samples": 24}
{"event": "score", "bucket": 262144, "rows": 8, "columns": 65664, "group": 2, "geometry": [128, 1, 1], "passed": true, "launched": true, "largest_difference": 0.0, "cold_us": 349.22, "warm_us": 296.13, "cold_min_us": 343.68, "warm_min_us": 291.71, "samples": 24}
{"event": "score", "bucket": 262144, "rows": 8, "columns": 65664, "group": 2, "geometry": [128, 1, 2], "passed": true, "launched": true, "largest_difference": 0.0, "cold_us": 339.41, "warm_us": 278.64, "cold_min_us": 335.87, "warm_min_us": 275.49, "samples": 24}
{"event": "score", "bucket": 262144, "rows": 8, "columns": 65664, "group": 2, "geometry": [128, 1, 4], "passed": true, "launched": true, "largest_difference": 0.0, "cold_us": 341.01, "warm_us": 277.28, "cold_min_us": 337.09, "warm_min_us": 272.9, "samples": 24}
{"event": "score", "bucket": 262144, "rows": 8, "columns": 65664, "group": 2, "geometry": [128, 4, 1], "passed": true, "launched": true, "largest_difference": 0.0, "cold_us": 355.7, "warm_us": 299.5, "cold_min_us": 351.81, "warm_min_us": 295.14, "samples": 24}
{"event": "score", "bucket": 262144, "rows": 8, "columns": 65664, "group": 2, "geometry": [128, 4, 2], "passed": true, "launched": true, "largest_difference": 0.0, "cold_us": 343.04, "warm_us": 280.03, "cold_min_us": 339.52, "warm_min_us": 276.64, "samples": 24}
{"event": "score", "bucket": 262144, "rows": 8, "columns": 65664, "group": 2, "geometry": [128, 4, 4], "passed": true, "launched": true, "largest_difference": 0.0, "cold_us": 342.35, "warm_us": 280.24, "cold_min_us": 338.53, "warm_min_us": 276.67, "samples": 24}
{"event": "score", "bucket": 262144, "rows": 8, "columns": 65664, "group": 2, "geometry": [256, 1, 1], "passed": true, "launched": true, "largest_difference": 0.0, "cold_us": 939.46, "warm_us": 872.54, "cold_min_us": 929.25, "warm_min_us": 862.5, "samples": 24}
{"event": "score", "bucket": 262144, "rows": 8, "columns": 65664, "group": 2, "geometry": [256, 1, 2], "passed": true, "launched": true, "largest_difference": 0.0, "cold_us": 347.78, "warm_us": 292.8, "cold_min_us": 344.58, "warm_min_us": 289.82, "samples": 24}
{"event": "score", "bucket": 262144, "rows": 8, "columns": 65664, "group": 2, "geometry": [256, 1, 4], "passed": true, "launched": true, "largest_difference": 0.0, "cold_us": 340.66, "warm_us": 279.09, "cold_min_us": 336.74, "warm_min_us": 275.52, "samples": 24}
{"event": "score", "bucket": 262144, "rows": 8, "columns": 65664, "group": 2, "geometry": [256, 4, 1], "passed": true, "launched": true, "largest_difference": 0.0, "cold_us": 817.71, "warm_us": 749.06, "cold_min_us": 779.46, "warm_min_us": 732.26, "samples": 24}
{"event": "score", "bucket": 262144, "rows": 8, "columns": 65664, "group": 2, "geometry": [256, 4, 2], "passed": true, "launched": true, "largest_difference": 0.0, "cold_us": 353.54, "warm_us": 296.64, "cold_min_us": 349.38, "warm_min_us": 293.31, "samples": 24}
{"event": "score", "bucket": 262144, "rows": 8, "columns": 65664, "group": 2, "geometry": [256, 4, 4], "passed": true, "launched": true, "largest_difference": 0.0, "cold_us": 342.82, "warm_us": 278.72, "cold_min_us": 340.03, "warm_min_us": 276.58, "samples": 24}
{"event": "score_verdict", "bucket": 262144, "rows": 8, "cold": {"rule": [64, 1, 2], "passing": 18, "failing": [], "fastest": [64, 1, 2], "fastest_us": 338.46, "rule_us": 338.46, "fastest_over_rule": 1.0}, "warm": {"rule": [64, 1, 2], "passing": 18, "failing": [], "fastest": [64, 1, 2], "fastest_us": 276.64, "rule_us": 276.64, "fastest_over_rule": 1.0}}
{"event": "score_prefill", "rows": 2048, "bucket": 32768, "geometry": [64, 2, 1], "passed": true, "launched": true, "largest_difference": 0.0, "median_us": 1906.8, "min_us": 1895.4, "samples": 7}
{"event": "score_prefill", "rows": 2048, "bucket": 32768, "geometry": [64, 2, 2], "passed": true, "launched": true, "largest_difference": 0.0, "median_us": 1781.5, "min_us": 1775.6, "samples": 7}
{"event": "score_prefill", "rows": 2048, "bucket": 32768, "geometry": [64, 2, 4], "passed": true, "launched": true, "largest_difference": 0.0, "median_us": 2035.1, "min_us": 2032.4, "samples": 7}
{"event": "score_prefill", "rows": 2048, "bucket": 32768, "geometry": [64, 8, 1], "passed": true, "launched": true, "largest_difference": 0.0, "median_us": 1626.2, "min_us": 1620.7, "samples": 7}
{"event": "score_prefill", "rows": 2048, "bucket": 32768, "geometry": [64, 8, 2], "passed": true, "launched": true, "largest_difference": 0.0, "median_us": 1470.4, "min_us": 1464.8, "samples": 7}
{"event": "score_prefill", "rows": 2048, "bucket": 32768, "geometry": [64, 8, 4], "passed": true, "launched": true, "largest_difference": 0.0, "median_us": 1713.9, "min_us": 1704.9, "samples": 7}
{"event": "score_prefill", "rows": 2048, "bucket": 32768, "geometry": [64, 32, 1], "passed": true, "launched": true, "largest_difference": 0.0, "median_us": 1596.6, "min_us": 1579.0, "samples": 7}
{"event": "score_prefill", "rows": 2048, "bucket": 32768, "geometry": [64, 32, 2], "passed": true, "launched": true, "largest_difference": 0.0, "median_us": 1434.0, "min_us": 1421.3, "samples": 7}
{"event": "score_prefill", "rows": 2048, "bucket": 32768, "geometry": [64, 32, 4], "passed": true, "launched": true, "largest_difference": 0.0, "median_us": 1669.3, "min_us": 1649.0, "samples": 7}
{"event": "score_prefill", "rows": 2048, "bucket": 32768, "geometry": [128, 2, 1], "passed": true, "launched": true, "largest_difference": 0.0, "median_us": 3653.4, "min_us": 3641.9, "samples": 7}
{"event": "score_prefill", "rows": 2048, "bucket": 32768, "geometry": [128, 2, 2], "passed": true, "launched": true, "largest_difference": 0.0, "median_us": 1878.4, "min_us": 1865.7, "samples": 7}
{"event": "score_prefill", "rows": 2048, "bucket": 32768, "geometry": [128, 2, 4], "passed": true, "launched": true, "largest_difference": 0.0, "median_us": 1521.6, "min_us": 1515.2, "samples": 7}
{"event": "score_prefill", "rows": 2048, "bucket": 32768, "geometry": [128, 8, 1], "passed": true, "launched": true, "largest_difference": 0.0, "median_us": 3363.7, "min_us": 3336.5, "samples": 7}
{"event": "score_prefill", "rows": 2048, "bucket": 32768, "geometry": [128, 8, 2], "passed": true, "launched": true, "largest_difference": 0.0, "median_us": 1616.9, "min_us": 1607.3, "samples": 7}
{"event": "score_prefill", "rows": 2048, "bucket": 32768, "geometry": [128, 8, 4], "passed": true, "launched": true, "largest_difference": 0.0, "median_us": 1319.7, "min_us": 1309.6, "samples": 7}
{"event": "score_prefill", "rows": 2048, "bucket": 32768, "geometry": [128, 32, 1], "passed": true, "launched": true, "largest_difference": 0.0, "median_us": 3372.3, "min_us": 3358.0, "samples": 7}
{"event": "score_prefill", "rows": 2048, "bucket": 32768, "geometry": [128, 32, 2], "passed": true, "launched": true, "largest_difference": 0.0, "median_us": 1604.1, "min_us": 1595.0, "samples": 7}
{"event": "score_prefill", "rows": 2048, "bucket": 32768, "geometry": [128, 32, 4], "passed": true, "launched": true, "largest_difference": 0.0, "median_us": 1295.1, "min_us": 1287.1, "samples": 7}
{"event": "score_prefill", "rows": 2048, "bucket": 32768, "geometry": [256, 2, 1], "passed": true, "launched": true, "largest_difference": 0.0, "median_us": 19825.7, "min_us": 19765.5, "samples": 7}
{"event": "score_prefill", "rows": 2048, "bucket": 32768, "geometry": [256, 2, 2], "passed": true, "launched": true, "largest_difference": 0.0, "median_us": 4095.8, "min_us": 4075.7, "samples": 7}
{"event": "score_prefill", "rows": 2048, "bucket": 32768, "geometry": [256, 2, 4], "passed": true, "launched": true, "largest_difference": 0.0, "median_us": 2143.0, "min_us": 2133.3, "samples": 7}
{"event": "score_prefill", "rows": 2048, "bucket": 32768, "geometry": [256, 8, 1], "passed": true, "launched": true, "largest_difference": 0.0, "median_us": 19143.3, "min_us": 19136.9, "samples": 7}
{"event": "score_prefill", "rows": 2048, "bucket": 32768, "geometry": [256, 8, 2], "passed": true, "launched": true, "largest_difference": 0.0, "median_us": 3833.7, "min_us": 3820.5, "samples": 7}
{"event": "score_prefill", "rows": 2048, "bucket": 32768, "geometry": [256, 8, 4], "passed": true, "launched": true, "largest_difference": 0.0, "median_us": 1795.3, "min_us": 1782.5, "samples": 7}
{"event": "score_prefill", "rows": 2048, "bucket": 32768, "geometry": [256, 32, 1], "passed": true, "launched": true, "largest_difference": 0.0, "median_us": 19719.2, "min_us": 19500.1, "samples": 7}
{"event": "score_prefill", "rows": 2048, "bucket": 32768, "geometry": [256, 32, 2], "passed": true, "launched": true, "largest_difference": 0.0, "median_us": 3844.7, "min_us": 3828.9, "samples": 7}
{"event": "score_prefill", "rows": 2048, "bucket": 32768, "geometry": [256, 32, 4], "passed": true, "launched": true, "largest_difference": 0.0, "median_us": 1731.9, "min_us": 1724.3, "samples": 7}
{"event": "score_prefill_verdict", "rows": 2048, "bucket": 32768, "rule": [64, 8, 2], "passing": 27, "failing": [], "fastest": [128, 32, 4], "fastest_us": 1295.1, "rule_us": 1470.4, "fastest_over_rule": 0.8808}
{"event": "select", "bucket": 4096, "columns": 1152, "rows": 2, "form": "torch", "set_equal": true, "cold_us": 66.26, "warm_us": 57.89, "cold_min_us": 64.51, "warm_min_us": 55.65, "samples": 24}
{"event": "select", "bucket": 4096, "columns": 1152, "rows": 2, "form": "4", "set_equal": true, "cold_us": 25.46, "warm_us": 18.98, "cold_min_us": 20.58, "warm_min_us": 16.8, "samples": 24}
{"event": "select", "bucket": 4096, "columns": 1152, "rows": 2, "form": "8", "set_equal": true, "cold_us": 23.65, "warm_us": 18.77, "cold_min_us": 20.9, "warm_min_us": 17.18, "samples": 24}
{"event": "select", "bucket": 4096, "columns": 1152, "rows": 2, "form": "16", "set_equal": true, "cold_us": 24.86, "warm_us": 20.46, "cold_min_us": 23.14, "warm_min_us": 18.94, "samples": 24}
{"event": "select_verdict", "bucket": 4096, "columns": 1152, "torch_us": 57.89, "one_launch_us": 18.77, "warps": 8, "one_launch_wins": true, "admitted_today": true}
{"event": "select", "bucket": 8192, "columns": 2112, "rows": 2, "form": "torch", "set_equal": true, "cold_us": 73.04, "warm_us": 63.98, "cold_min_us": 70.72, "warm_min_us": 62.08, "samples": 24}
{"event": "select", "bucket": 8192, "columns": 2112, "rows": 2, "form": "4", "set_equal": true, "cold_us": 25.89, "warm_us": 21.38, "cold_min_us": 24.0, "warm_min_us": 19.58, "samples": 24}
{"event": "select", "bucket": 8192, "columns": 2112, "rows": 2, "form": "8", "set_equal": true, "cold_us": 25.3, "warm_us": 21.17, "cold_min_us": 24.13, "warm_min_us": 19.3, "samples": 24}
{"event": "select", "bucket": 8192, "columns": 2112, "rows": 2, "form": "16", "set_equal": true, "cold_us": 27.47, "warm_us": 23.5, "cold_min_us": 26.43, "warm_min_us": 20.03, "samples": 24}
{"event": "select_verdict", "bucket": 8192, "columns": 2112, "torch_us": 63.98, "one_launch_us": 21.17, "warps": 8, "one_launch_wins": true, "admitted_today": true}
{"event": "select", "bucket": 16384, "columns": 4224, "rows": 2, "form": "torch", "set_equal": true, "cold_us": 83.92, "warm_us": 75.42, "cold_min_us": 82.5, "warm_min_us": 72.96, "samples": 24}
{"event": "select", "bucket": 16384, "columns": 4224, "rows": 2, "form": "4", "set_equal": true, "cold_us": 36.62, "warm_us": 27.95, "cold_min_us": 35.81, "warm_min_us": 26.82, "samples": 24}
{"event": "select", "bucket": 16384, "columns": 4224, "rows": 2, "form": "8", "set_equal": true, "cold_us": 31.41, "warm_us": 27.62, "cold_min_us": 30.34, "warm_min_us": 25.66, "samples": 24}
{"event": "select", "bucket": 16384, "columns": 4224, "rows": 2, "form": "16", "set_equal": true, "cold_us": 33.94, "warm_us": 28.96, "cold_min_us": 31.94, "warm_min_us": 27.46, "samples": 24}
{"event": "select_verdict", "bucket": 16384, "columns": 4224, "torch_us": 75.42, "one_launch_us": 27.62, "warps": 8, "one_launch_wins": true, "admitted_today": true}
{"event": "select", "bucket": 32768, "columns": 8256, "rows": 2, "form": "torch", "set_equal": true, "cold_us": 97.3, "warm_us": 87.33, "cold_min_us": 95.23, "warm_min_us": 85.92, "samples": 24}
{"event": "select", "bucket": 32768, "columns": 8256, "rows": 2, "form": "4", "set_equal": true, "cold_us": 73.49, "warm_us": 58.91, "cold_min_us": 72.1, "warm_min_us": 57.34, "samples": 24}
{"event": "select", "bucket": 32768, "columns": 8256, "rows": 2, "form": "8", "set_equal": true, "cold_us": 51.49, "warm_us": 40.35, "cold_min_us": 49.38, "warm_min_us": 38.37, "samples": 24}
{"event": "select", "bucket": 32768, "columns": 8256, "rows": 2, "form": "16", "set_equal": true, "cold_us": 48.13, "warm_us": 43.95, "cold_min_us": 46.5, "warm_min_us": 41.28, "samples": 24}
{"event": "select_verdict", "bucket": 32768, "columns": 8256, "torch_us": 87.33, "one_launch_us": 40.35, "warps": 8, "one_launch_wins": true, "admitted_today": true}
{"event": "select", "bucket": 65536, "columns": 16512, "rows": 2, "form": "torch", "set_equal": true, "cold_us": 133.31, "warm_us": 122.3, "cold_min_us": 132.32, "warm_min_us": 120.93, "samples": 24}
{"event": "select", "bucket": 65536, "columns": 16512, "rows": 2, "form": "4", "set_equal": true, "cold_us": 540.21, "warm_us": 524.4, "cold_min_us": 537.63, "warm_min_us": 519.07, "samples": 24}
{"event": "select", "bucket": 65536, "columns": 16512, "rows": 2, "form": "8", "set_equal": true, "cold_us": 103.66, "warm_us": 90.34, "cold_min_us": 102.53, "warm_min_us": 88.38, "samples": 24}
{"event": "select", "bucket": 65536, "columns": 16512, "rows": 2, "form": "16", "set_equal": true, "cold_us": 102.22, "warm_us": 88.1, "cold_min_us": 101.12, "warm_min_us": 86.34, "samples": 24}
{"event": "select_verdict", "bucket": 65536, "columns": 16512, "torch_us": 122.3, "one_launch_us": 88.1, "warps": 16, "one_launch_wins": true, "admitted_today": true}
{"event": "select", "bucket": 131072, "columns": 32832, "rows": 2, "form": "torch", "set_equal": true, "cold_us": 121.25, "warm_us": 100.59, "cold_min_us": 118.75, "warm_min_us": 98.75, "samples": 24}
{"event": "select", "bucket": 131072, "columns": 32832, "rows": 2, "form": "4", "set_equal": true, "cold_us": 1620.62, "warm_us": 1580.38, "cold_min_us": 1616.19, "warm_min_us": 1573.6, "samples": 24}
{"event": "select", "bucket": 131072, "columns": 32832, "rows": 2, "form": "8", "set_equal": true, "cold_us": 851.01, "warm_us": 838.06, "cold_min_us": 847.81, "warm_min_us": 833.41, "samples": 24}
{"event": "select", "bucket": 131072, "columns": 32832, "rows": 2, "form": "16", "set_equal": true, "cold_us": 512.54, "warm_us": 501.34, "cold_min_us": 504.67, "warm_min_us": 495.46, "samples": 24}
{"event": "select_verdict", "bucket": 131072, "columns": 32832, "torch_us": 100.59, "one_launch_us": 501.34, "warps": 16, "one_launch_wins": false, "admitted_today": false}
{"event": "select", "bucket": 262144, "columns": 65664, "rows": 2, "form": "torch", "set_equal": true, "cold_us": 134.27, "warm_us": 107.54, "cold_min_us": 132.45, "warm_min_us": 105.7, "samples": 24}
{"event": "select", "bucket": 262144, "columns": 65664, "rows": 2, "form": "4", "set_equal": true, "cold_us": 2490.98, "warm_us": 2411.73, "cold_min_us": 2485.98, "warm_min_us": 2404.48, "samples": 24}
{"event": "select", "bucket": 262144, "columns": 65664, "rows": 2, "form": "8", "set_equal": true, "cold_us": 1741.38, "warm_us": 1724.35, "cold_min_us": 1737.57, "warm_min_us": 1713.92, "samples": 24}
{"event": "select", "bucket": 262144, "columns": 65664, "rows": 2, "form": "16", "set_equal": true, "cold_us": 969.38, "warm_us": 941.71, "cold_min_us": 963.46, "warm_min_us": 938.66, "samples": 24}
{"event": "select_verdict", "bucket": 262144, "columns": 65664, "torch_us": 107.54, "one_launch_us": 941.71, "warps": 16, "one_launch_wins": false, "admitted_today": false}
{"event": "inputs", "rows": 2, "warps": 1, "exact": true, "cold_us": 25.12, "warm_us": 16.53, "cold_min_us": 19.78, "warm_min_us": 13.25, "samples": 24}
{"event": "inputs", "rows": 2, "warps": 2, "exact": true, "cold_us": 23.23, "warm_us": 16.42, "cold_min_us": 21.25, "warm_min_us": 12.8, "samples": 24}
{"event": "inputs", "rows": 2, "warps": 4, "exact": true, "cold_us": 25.95, "warm_us": 16.14, "cold_min_us": 21.63, "warm_min_us": 12.86, "samples": 24}
{"event": "inputs", "rows": 2, "warps": 8, "exact": true, "cold_us": 23.81, "warm_us": 16.06, "cold_min_us": 21.12, "warm_min_us": 13.28, "samples": 24}
{"event": "inputs_verdict", "rows": 2, "rule": [4], "passing": 4, "failing": [], "fastest": [8], "fastest_us": 16.06, "rule_us": 16.14, "fastest_over_rule": 0.995}
{"event": "inputs", "rows": 8, "warps": 1, "exact": true, "cold_us": 21.76, "warm_us": 18.05, "cold_min_us": 20.26, "warm_min_us": 12.8, "samples": 24}
{"event": "inputs", "rows": 8, "warps": 2, "exact": false, "cold_us": 23.52, "warm_us": 15.49, "cold_min_us": 21.82, "warm_min_us": 13.28, "samples": 24}
{"event": "inputs", "rows": 8, "warps": 4, "exact": true, "cold_us": 26.16, "warm_us": 15.22, "cold_min_us": 21.34, "warm_min_us": 12.99, "samples": 24}
{"event": "inputs", "rows": 8, "warps": 8, "exact": true, "cold_us": 24.53, "warm_us": 16.61, "cold_min_us": 22.46, "warm_min_us": 14.59, "samples": 24}
{"event": "inputs_verdict", "rows": 8, "rule": [4], "passing": 3, "failing": [[2]], "fastest": [4], "fastest_us": 15.22, "rule_us": 15.22, "fastest_over_rule": 1.0}
{"event": "inputs", "rows": 32, "warps": 1, "exact": false, "cold_us": 22.24, "warm_us": 15.76, "cold_min_us": 20.32, "warm_min_us": 12.67, "samples": 24}
{"event": "inputs", "rows": 32, "warps": 2, "exact": false, "cold_us": 23.44, "warm_us": 15.7, "cold_min_us": 21.82, "warm_min_us": 13.38, "samples": 24}
{"event": "inputs", "rows": 32, "warps": 4, "exact": true, "cold_us": 23.06, "warm_us": 16.59, "cold_min_us": 21.89, "warm_min_us": 13.63, "samples": 24}
{"event": "inputs", "rows": 32, "warps": 8, "exact": true, "cold_us": 25.95, "warm_us": 17.3, "cold_min_us": 23.2, "warm_min_us": 15.14, "samples": 24}
{"event": "inputs_verdict", "rows": 32, "rule": [4], "passing": 2, "failing": [[1], [2]], "fastest": [4], "fastest_us": 16.59, "rule_us": 16.59, "fastest_over_rule": 1.0, "fastest_launched": [2], "fastest_launched_us": 15.7}
{"event": "records", "rows": 2, "layout": "block", "same_bytes": true, "cold_us": 65.6, "warm_us": 29.26, "cold_min_us": 63.46, "warm_min_us": 26.85, "samples": 24}
{"event": "records", "rows": 2, "layout": "records", "same_bytes": true, "cold_us": 66.16, "warm_us": 29.04, "cold_min_us": 62.85, "warm_min_us": 26.85, "samples": 24}
{"event": "records_verdict", "rows": 2, "cold_records_over_block": 1.0085, "warm_records_over_block": 0.9925}
{"event": "records", "rows": 8, "layout": "block", "same_bytes": true, "cold_us": 155.82, "warm_us": 66.53, "cold_min_us": 153.57, "warm_min_us": 63.97, "samples": 24}
{"event": "records", "rows": 8, "layout": "records", "same_bytes": true, "cold_us": 155.82, "warm_us": 66.08, "cold_min_us": 153.38, "warm_min_us": 62.82, "samples": 24}
{"event": "records_verdict", "rows": 8, "cold_records_over_block": 1.0, "warm_records_over_block": 0.9932}
{"event": "records", "rows": 32, "layout": "block", "same_bytes": true, "cold_us": 320.58, "warm_us": 258.45, "cold_min_us": 316.61, "warm_min_us": 254.11, "samples": 24}
{"event": "records", "rows": 32, "layout": "records", "same_bytes": true, "cold_us": 316.05, "warm_us": 255.12, "cold_min_us": 311.81, "warm_min_us": 251.26, "samples": 24}
{"event": "records_verdict", "rows": 32, "cold_records_over_block": 0.9859, "warm_records_over_block": 0.9871}
{"event": "records_prefill", "rows": 4096, "layout": "block", "same_bytes": true, "median_us": 12022.8, "min_us": 11877.0, "samples": 7}
{"event": "records_prefill", "rows": 4096, "layout": "records", "same_bytes": true, "median_us": 11772.1, "min_us": 11756.0, "samples": 7}
{"event": "records_prefill_verdict", "rows": 4096, "records_over_block": 0.9791}
{"event": "summary", "attend": {"2": {"cold": {"rule": [16, 64, 4], "passing": 48, "failing": [[128, 1, 4]], "fastest": [16, 16, 4], "fastest_us": 51.66, "rule_us": 56.96, "fastest_over_rule": 0.907}, "warm": {"rule": [16, 64, 4], "passing": 48, "failing": [[128, 1, 4]], "fastest": [16, 64, 4], "fastest_us": 23.55, "rule_us": 23.55, "fastest_over_rule": 1.0}}, "4": {"cold": {"rule": [16, 64, 4], "passing": 48, "failing": [[128, 1, 4]], "fastest": [16, 16, 4], "fastest_us": 93.09, "rule_us": 101.81, "fastest_over_rule": 0.9144}, "warm": {"rule": [16, 64, 4], "passing": 48, "failing": [[128, 1, 4]], "fastest": [32, 16, 4], "fastest_us": 36.98, "rule_us": 39.78, "fastest_over_rule": 0.9296}}, "8": {"cold": {"rule": [16, 64, 4], "passing": 48, "failing": [[128, 1, 4]], "fastest": [32, 4, 8], "fastest_us": 145.28, "rule_us": 155.39, "fastest_over_rule": 0.9349}, "warm": {"rule": [16, 64, 4], "passing": 48, "failing": [[128, 1, 4]], "fastest": [16, 16, 4], "fastest_us": 50.29, "rule_us": 64.85, "fastest_over_rule": 0.7755}}, "16": {"cold": {"rule": [16, 32, 4], "passing": 49, "failing": [[128, 1, 4]], "fastest": [64, 1, 2], "fastest_us": 218.74, "rule_us": 228.75, "fastest_over_rule": 0.9562}, "warm": {"rule": [16, 32, 4], "passing": 49, "failing": [[128, 1, 4]], "fastest": [32, 4, 8], "fastest_us": 140.75, "rule_us": 160.38, "fastest_over_rule": 0.8776}}, "32": {"cold": {"rule": [64, 8, 2], "passing": 49, "failing": [[128, 1, 4]], "fastest": [64, 1, 2], "fastest_us": 307.65, "rule_us": 317.2, "fastest_over_rule": 0.9699}, "warm": {"rule": [64, 8, 2], "passing": 49, "failing": [[128, 1, 4]], "fastest": [64, 1, 2], "fastest_us": 242.05, "rule_us": 255.84, "fastest_over_rule": 0.9461}}}, "attend_prefill": {"rule": [64, 1, 2], "passing": 24, "failing": [], "fastest": [16, 1, 4], "fastest_us": 8859.9, "rule_us": 11877.2, "fastest_over_rule": 0.746}, "covered": {"rule": [64, 1, 2], "passing": 24, "failing": [], "fastest": [32, 1, 4], "fastest_us": 1334.9, "rule_us": 3518.2, "fastest_over_rule": 0.3794}, "mid": {"64": {"sparse": {"rule": [64, 8, 2], "passing": 49, "failing": [], "fastest": [32, 4, 4], "fastest_us": 218.8, "rule_us": 275.4, "fastest_over_rule": 0.7945}, "covered": {"rule": [64, 8, 2], "passing": 49, "failing": [], "fastest": [64, 1, 8], "fastest_us": 110.3, "rule_us": 184.5, "fastest_over_rule": 0.5978}}, "256": {"sparse": {"rule": [64, 8, 2], "passing": 49, "failing": [], "fastest": [16, 4, 4], "fastest_us": 750.2, "rule_us": 1053.6, "fastest_over_rule": 0.712}, "covered": {"rule": [64, 8, 2], "passing": 49, "failing": [], "fastest": [64, 1, 8], "fastest_us": 143.4, "rule_us": 337.3, "fastest_over_rule": 0.4251}}, "512": {"sparse": {"rule": [64, 4, 2], "passing": 48, "failing": [], "fastest": [16, 1, 4], "fastest_us": 1259.0, "rule_us": 1718.5, "fastest_over_rule": 0.7326}, "covered": {"rule": [64, 4, 2], "passing": 48, "failing": [], "fastest": [64, 1, 8], "fastest_us": 206.5, "rule_us": 486.5, "fastest_over_rule": 0.4245}}, "1024": {"sparse": {"rule": [64, 1, 2], "passing": 48, "failing": [], "fastest": [16, 1, 4], "fastest_us": 2374.6, "rule_us": 3010.4, "fastest_over_rule": 0.7888}, "covered": {"rule": [64, 1, 2], "passing": 48, "failing": [], "fastest": [32, 1, 4], "fastest_us": 456.4, "rule_us": 1069.0, "fastest_over_rule": 0.4269}}}, "score": {"4096x2": {"cold": {"rule": [64, 1, 2], "passing": 18, "failing": [], "fastest": [256, 1, 4], "fastest_us": 21.55, "rule_us": 21.58, "fastest_over_rule": 0.9986}, "warm": {"rule": [64, 1, 2], "passing": 18, "failing": [], "fastest": [64, 1, 4], "fastest_us": 13.95, "rule_us": 14.0, "fastest_over_rule": 0.9964}}, "4096x8": {"cold": {"rule": [64, 1, 2], "passing": 18, "failing": [], "fastest": [64, 1, 2], "fastest_us": 26.93, "rule_us": 26.93, "fastest_over_rule": 1.0}, "warm": {"rule": [64, 1, 2], "passing": 18, "failing": [], "fastest": [64, 1, 1], "fastest_us": 14.05, "rule_us": 14.16, "fastest_over_rule": 0.9922}}, "32768x2": {"cold": {"rule": [64, 1, 2], "passing": 18, "failing": [], "fastest": [64, 4, 2], "fastest_us": 33.15, "rule_us": 35.01, "fastest_over_rule": 0.9469}, "warm": {"rule": [64, 1, 2], "passing": 18, "failing": [], "fastest": [128, 1, 4], "fastest_us": 14.7, "rule_us": 15.34, "fastest_over_rule": 0.9583}}, "32768x8": {"cold": {"rule": [64, 1, 2], "passing": 18, "failing": [], "fastest": [64, 1, 4], "fastest_us": 81.15, "rule_us": 81.63, "fastest_over_rule": 0.9941}, "warm": {"rule": [64, 1, 2], "passing": 18, "failing": [], "fastest": [64, 4, 2], "fastest_us": 22.46, "rule_us": 23.41, "fastest_over_rule": 0.9594}}, "262144x2": {"cold": {"rule": [64, 1, 2], "passing": 18, "failing": [], "fastest": [64, 4, 4], "fastest_us": 134.27, "rule_us": 134.4, "fastest_over_rule": 0.999}, "warm": {"rule": [64, 1, 2], "passing": 18, "failing": [], "fastest": [64, 4, 2], "fastest_us": 37.6, "rule_us": 37.97, "fastest_over_rule": 0.9903}}, "262144x8": {"cold": {"rule": [64, 1, 2], "passing": 18, "failing": [], "fastest": [64, 1, 2], "fastest_us": 338.46, "rule_us": 338.46, "fastest_over_rule": 1.0}, "warm": {"rule": [64, 1, 2], "passing": 18, "failing": [], "fastest": [64, 1, 2], "fastest_us": 276.64, "rule_us": 276.64, "fastest_over_rule": 1.0}}}, "score_prefill": {"rule": [64, 8, 2], "passing": 27, "failing": [], "fastest": [128, 32, 4], "fastest_us": 1295.1, "rule_us": 1470.4, "fastest_over_rule": 0.8808}, "select": {"4096": {"columns": 1152, "torch_us": 57.89, "one_launch_us": 18.77, "warps": 8, "one_launch_wins": true, "admitted_today": true}, "8192": {"columns": 2112, "torch_us": 63.98, "one_launch_us": 21.17, "warps": 8, "one_launch_wins": true, "admitted_today": true}, "16384": {"columns": 4224, "torch_us": 75.42, "one_launch_us": 27.62, "warps": 8, "one_launch_wins": true, "admitted_today": true}, "32768": {"columns": 8256, "torch_us": 87.33, "one_launch_us": 40.35, "warps": 8, "one_launch_wins": true, "admitted_today": true}, "65536": {"columns": 16512, "torch_us": 122.3, "one_launch_us": 88.1, "warps": 16, "one_launch_wins": true, "admitted_today": true}, "131072": {"columns": 32832, "torch_us": 100.59, "one_launch_us": 501.34, "warps": 16, "one_launch_wins": false, "admitted_today": false}, "262144": {"columns": 65664, "torch_us": 107.54, "one_launch_us": 941.71, "warps": 16, "one_launch_wins": false, "admitted_today": false}}, "inputs": {"2": {"rule": [4], "passing": 4, "failing": [], "fastest": [8], "fastest_us": 16.06, "rule_us": 16.14, "fastest_over_rule": 0.995}, "8": {"rule": [4], "passing": 3, "failing": [[2]], "fastest": [4], "fastest_us": 15.22, "rule_us": 15.22, "fastest_over_rule": 1.0}, "32": {"rule": [4], "passing": 2, "failing": [[1], [2]], "fastest": [4], "fastest_us": 16.59, "rule_us": 16.59, "fastest_over_rule": 1.0, "fastest_launched": [2], "fastest_launched_us": 15.7}}, "records": {"2": {"cold_records_over_block": 1.0085, "warm_records_over_block": 0.9925}, "8": {"cold_records_over_block": 1.0, "warm_records_over_block": 0.9932}, "32": {"cold_records_over_block": 0.9859, "warm_records_over_block": 0.9871}, "prefill": {"records_over_block": 0.9791}}}
