budget: 8 GiB beside production (the probe's own; ST_PROBE_GIB overrides)
needs one GPU, not four: single-GPU lane (GB10 on srv4 beside production); say --fleet to take the four Sparks instead
preflight qwen38-qsa-geometry-0919d [single]:
{"budget_gib": 8, "entry": "probes/run_engine_probe.sh", "gpus": 1, "kind": "single", "policy": "onepass-only"}
  SYNC /home/choiceoh/glm53-logs/fleet.sh <- repo (was stale)
  -> PASS
wait work: step_sim 재검증(최근 onepass 기록 3개, CPU) → /home/choiceoh/glm53-logs/wait-sim/wait-qwen38-qsa-geometry-0919d-20260919-101624.txt
waiting: pos 2/2, held by qwen38-qsa-geometry-0919c [single] (pid 1326122@srv2, since 09:59, est 50m, Qwen3.8 QSA launch geometry on a GB10, third run (carry Q9/Q13): the whole grid at N=16/32, eager steps of 64-1,024 rows), srv4: a probe is already running there (st-probe-srv2-1328580) 2026-09-19_10:16:25
waiting: pos 2/2, held by qwen38-qsa-geometry-0919c [single] (pid 1326122@srv2, since 09:59, est 50m, Qwen3.8 QSA launch geometry on a GB10, third run (carry Q9/Q13): the whole grid at N=16/32, eager steps of 64-1,024 rows) 2026-09-19_10:16:51
waiting: pos 1/1, held by q38draft-0919a [single] (pid 1382966@srv2, since 10:16, est 15m, qwen38 decode step census on main 9cbea029 (after #1207 #1217): draft graph composition) 2026-09-19_10:16:52
waiting: pos 1/1, held by q38draft-0919a [single] (pid 1382966@srv2, since 10:16, est 15m, qwen38 decode step census on main 9cbea029 (after #1207 #1217): draft graph composition), srv4: a probe is already running there (st-probe-srv2-1403992) 2026-09-19_10:17:13
waiting: pos 1/1, srv4: a probe is already running there (st-probe-srv2-1403992) 2026-09-19_10:18:44
wait work: 끝났다 — 4줄 → /home/choiceoh/glm53-logs/wait-sim/wait-qwen38-qsa-geometry-0919d-20260919-101624.txt
GO qwen38-qsa-geometry-0919d 2026-09-19_10:18:58
  single GPU: probes/engine_kernel_check.py on srv4 (tree ~/st-probe-tree, image st-engine:glm53, budget 8 GiB beside production, no fleet lease)
{"event": "device", "name": "NVIDIA GB10", "torch": "2.13.0+cu132", "cuda": "13.2", "triton": "3.7.1", "memory_cap_gib": 6}
{"event": "cell", "heads": 6, "kv_heads": 1, "head_dim": 256, "idx_heads": 4, "idx_dim": 128, "ratio": 4, "budget": 2048, "block": 768, "width": 2051, "widest": 32768, "rule": {"1": [16, 64, 4], "2": [16, 64, 4], "4": [16, 64, 4], "8": [16, 64, 4], "16": [16, 32, 4], "32": [64, 8, 2]}}
{"event": "attend", "rows": 1, "requests": 1, "tokens": 1, "geometry": [16, 1, 2], "passed": true, "largest": 0.002793, "rms": 0.002539, "gated_steps": 0, "gated_differ": 0, "from_rule": [0.002793, 0.002832], "cold_us": 380.9, "warm_us": 332.24, "cold_min_us": 377.22, "warm_min_us": 329.31, "samples": 24}
{"event": "attend", "rows": 1, "requests": 1, "tokens": 1, "geometry": [16, 1, 4], "passed": true, "largest": 0.002793, "rms": 0.002539, "gated_steps": 0, "gated_differ": 0, "from_rule": [0.002793, 0.002832], "cold_us": 330.05, "warm_us": 282.72, "cold_min_us": 328.38, "warm_min_us": 280.9, "samples": 24}
{"event": "attend", "rows": 1, "requests": 1, "tokens": 1, "geometry": [16, 1, 8], "passed": true, "largest": 0.002793, "rms": 0.002539, "gated_steps": 0, "gated_differ": 0, "from_rule": [0.002793, 0.002832], "cold_us": 315.94, "warm_us": 270.99, "cold_min_us": 314.21, "warm_min_us": 268.45, "samples": 24}
{"event": "attend", "rows": 1, "requests": 1, "tokens": 1, "geometry": [16, 2, 2], "passed": true, "largest": 0.005587, "rms": 0.002627, "gated_steps": 0, "gated_differ": 0, "from_rule": [0.005587, 0.002936], "cold_us": 202.26, "warm_us": 174.03, "cold_min_us": 200.45, "warm_min_us": 172.61, "samples": 24}
{"event": "attend", "rows": 1, "requests": 1, "tokens": 1, "geometry": [16, 2, 4], "passed": true, "largest": 0.005587, "rms": 0.002627, "gated_steps": 0, "gated_differ": 0, "from_rule": [0.005587, 0.002936], "cold_us": 178.46, "warm_us": 151.62, "cold_min_us": 176.77, "warm_min_us": 148.77, "samples": 24}
{"event": "attend", "rows": 1, "requests": 1, "tokens": 1, "geometry": [16, 2, 8], "passed": true, "largest": 0.005587, "rms": 0.002627, "gated_steps": 0, "gated_differ": 0, "from_rule": [0.005587, 0.002936], "cold_us": 170.16, "warm_us": 142.67, "cold_min_us": 168.48, "warm_min_us": 140.54, "samples": 24}
{"event": "attend", "rows": 1, "requests": 1, "tokens": 1, "geometry": [16, 4, 2], "passed": true, "largest": 0.005587, "rms": 0.002547, "gated_steps": 0, "gated_differ": 0, "from_rule": [0.005587, 0.002843], "cold_us": 113.15, "warm_us": 94.4, "cold_min_us": 111.2, "warm_min_us": 93.12, "samples": 24}
{"event": "attend", "rows": 1, "requests": 1, "tokens": 1, "geometry": [16, 4, 4], "passed": true, "largest": 0.005587, "rms": 0.002547, "gated_steps": 0, "gated_differ": 0, "from_rule": [0.005587, 0.002843], "cold_us": 100.4, "warm_us": 82.43, "cold_min_us": 98.72, "warm_min_us": 80.96, "samples": 24}
{"event": "attend", "rows": 1, "requests": 1, "tokens": 1, "geometry": [16, 4, 8], "passed": true, "largest": 0.005587, "rms": 0.002547, "gated_steps": 0, "gated_differ": 0, "from_rule": [0.005587, 0.002843], "cold_us": 95.92, "warm_us": 78.66, "cold_min_us": 94.02, "warm_min_us": 77.06, "samples": 24}
{"event": "attend", "rows": 1, "requests": 1, "tokens": 1, "geometry": [16, 8, 2], "passed": true, "largest": 0.005587, "rms": 0.002416, "gated_steps": 0, "gated_differ": 0, "from_rule": [0.005587, 0.002728], "cold_us": 70.5, "warm_us": 56.75, "cold_min_us": 68.67, "warm_min_us": 55.68, "samples": 24}
{"event": "attend", "rows": 1, "requests": 1, "tokens": 1, "geometry": [16, 8, 4], "passed": true, "largest": 0.005587, "rms": 0.002416, "gated_steps": 0, "gated_differ": 0, "from_rule": [0.005587, 0.002728], "cold_us": 63.04, "warm_us": 49.63, "cold_min_us": 60.51, "warm_min_us": 47.9, "samples": 24}
{"event": "attend", "rows": 1, "requests": 1, "tokens": 1, "geometry": [16, 8, 8], "passed": true, "largest": 0.005587, "rms": 0.002416, "gated_steps": 0, "gated_differ": 0, "from_rule": [0.005587, 0.002728], "cold_us": 62.8, "warm_us": 47.84, "cold_min_us": 60.83, "warm_min_us": 45.73, "samples": 24}
{"event": "attend", "rows": 1, "requests": 1, "tokens": 1, "geometry": [16, 16, 2], "passed": true, "largest": 0.002793, "rms": 0.002462, "gated_steps": 0, "gated_differ": 0, "from_rule": [0.002793, 0.002409], "cold_us": 53.76, "warm_us": 37.46, "cold_min_us": 51.2, "warm_min_us": 35.87, "samples": 24}
{"event": "attend", "rows": 1, "requests": 1, "tokens": 1, "geometry": [16, 16, 4], "passed": true, "largest": 0.002793, "rms": 0.002462, "gated_steps": 0, "gated_differ": 0, "from_rule": [0.002793, 0.002409], "cold_us": 50.0, "warm_us": 33.12, "cold_min_us": 48.19, "warm_min_us": 31.39, "samples": 24}
{"event": "attend", "rows": 1, "requests": 1, "tokens": 1, "geometry": [16, 16, 8], "passed": true, "largest": 0.002793, "rms": 0.002462, "gated_steps": 0, "gated_differ": 0, "from_rule": [0.002793, 0.002409], "cold_us": 49.81, "warm_us": 32.24, "cold_min_us": 47.58, "warm_min_us": 30.98, "samples": 24}
{"event": "attend", "rows": 1, "requests": 1, "tokens": 1, "geometry": [16, 32, 2], "passed": true, "largest": 0.002793, "rms": 0.002519, "gated_steps": 0, "gated_differ": 0, "from_rule": [0.002793, 0.002149], "cold_us": 46.93, "warm_us": 28.29, "cold_min_us": 44.16, "warm_min_us": 26.78, "samples": 24}
{"event": "attend", "rows": 1, "requests": 1, "tokens": 1, "geometry": [16, 32, 4], "passed": true, "largest": 0.002793, "rms": 0.002519, "gated_steps": 0, "gated_differ": 0, "from_rule": [0.002793, 0.002149], "cold_us": 44.64, "warm_us": 25.76, "cold_min_us": 42.14, "warm_min_us": 24.0, "samples": 24}
{"event": "attend", "rows": 1, "requests": 1, "tokens": 1, "geometry": [16, 32, 8], "passed": true, "largest": 0.002793, "rms": 0.002519, "gated_steps": 0, "gated_differ": 0, "from_rule": [0.002793, 0.002149], "cold_us": 45.46, "warm_us": 25.33, "cold_min_us": 42.91, "warm_min_us": 23.9, "samples": 24}
{"event": "attend", "rows": 1, "requests": 1, "tokens": 1, "geometry": [16, 64, 2], "passed": true, "largest": 0.002793, "rms": 0.002355, "gated_steps": 0, "gated_differ": 0, "from_rule": [0.0, 0.0], "cold_us": 48.72, "warm_us": 26.3, "cold_min_us": 45.25, "warm_min_us": 24.03, "samples": 24}
{"event": "attend", "rows": 1, "requests": 1, "tokens": 1, "geometry": [16, 64, 4], "passed": true, "largest": 0.002793, "rms": 0.002355, "gated_steps": 0, "gated_differ": 0, "from_rule": [0.0, 0.0], "cold_us": 47.04, "warm_us": 24.48, "cold_min_us": 45.28, "warm_min_us": 23.07, "samples": 24}
{"event": "attend", "rows": 1, "requests": 1, "tokens": 1, "geometry": [16, 64, 8], "passed": true, "largest": 0.002793, "rms": 0.002355, "gated_steps": 0, "gated_differ": 0, "from_rule": [0.0, 0.0], "cold_us": 47.92, "warm_us": 24.98, "cold_min_us": 45.25, "warm_min_us": 23.23, "samples": 24}
{"event": "attend", "rows": 1, "requests": 1, "tokens": 1, "geometry": [32, 1, 2], "passed": true, "largest": 0.002793, "rms": 0.002528, "gated_steps": 0, "gated_differ": 0, "from_rule": [0.002793, 0.002807], "cold_us": 319.1, "warm_us": 285.62, "cold_min_us": 317.76, "warm_min_us": 282.72, "samples": 24}
{"event": "attend", "rows": 1, "requests": 1, "tokens": 1, "geometry": [32, 1, 4], "passed": true, "largest": 0.002793, "rms": 0.002528, "gated_steps": 0, "gated_differ": 0, "from_rule": [0.002793, 0.002807], "cold_us": 219.25, "warm_us": 192.9, "cold_min_us": 216.93, "warm_min_us": 190.91, "samples": 24}
{"event": "attend", "rows": 1, "requests": 1, "tokens": 1, "geometry": [32, 1, 8], "passed": true, "largest": 0.002793, "rms": 0.002528, "gated_steps": 0, "gated_differ": 0, "from_rule": [0.002793, 0.002807], "cold_us": 202.83, "warm_us": 176.66, "cold_min_us": 200.96, "warm_min_us": 174.59, "samples": 24}
{"event": "attend", "rows": 1, "requests": 1, "tokens": 1, "geometry": [32, 2, 2], "passed": true, "largest": 0.002793, "rms": 0.002527, "gated_steps": 0, "gated_differ": 0, "from_rule": [0.002793, 0.002883], "cold_us": 183.18, "warm_us": 159.76, "cold_min_us": 181.66, "warm_min_us": 158.34, "samples": 24}
{"event": "attend", "rows": 1, "requests": 1, "tokens": 1, "geometry": [32, 2, 4], "passed": true, "largest": 0.002793, "rms": 0.002527, "gated_steps": 0, "gated_differ": 0, "from_rule": [0.002793, 0.002883], "cold_us": 121.87, "warm_us": 104.96, "cold_min_us": 119.81, "warm_min_us": 103.01, "samples": 24}
{"event": "attend", "rows": 1, "requests": 1, "tokens": 1, "geometry": [32, 2, 8], "passed": true, "largest": 0.002793, "rms": 0.002527, "gated_steps": 0, "gated_differ": 0, "from_rule": [0.002793, 0.002883], "cold_us": 113.68, "warm_us": 96.32, "cold_min_us": 111.81, "warm_min_us": 94.05, "samples": 24}
{"event": "attend", "rows": 1, "requests": 1, "tokens": 1, "geometry": [32, 4, 2], "passed": true, "largest": 0.002793, "rms": 0.002475, "gated_steps": 0, "gated_differ": 0, "from_rule": [0.002793, 0.002791], "cold_us": 108.18, "warm_us": 89.95, "cold_min_us": 106.75, "warm_min_us": 88.16, "samples": 24}
{"event": "attend", "rows": 1, "requests": 1, "tokens": 1, "geometry": [32, 4, 4], "passed": true, "largest": 0.002793, "rms": 0.002475, "gated_steps": 0, "gated_differ": 0, "from_rule": [0.002793, 0.002791], "cold_us": 73.62, "warm_us": 60.48, "cold_min_us": 71.58, "warm_min_us": 59.07, "samples": 24}
{"event": "attend", "rows": 1, "requests": 1, "tokens": 1, "geometry": [32, 4, 8], "passed": true, "largest": 0.002793, "rms": 0.002475, "gated_steps": 0, "gated_differ": 0, "from_rule": [0.002793, 0.002791], "cold_us": 73.25, "warm_us": 55.63, "cold_min_us": 69.12, "warm_min_us": 54.21, "samples": 24}
{"event": "attend", "rows": 1, "requests": 1, "tokens": 1, "geometry": [32, 8, 2], "passed": true, "largest": 0.005587, "rms": 0.002452, "gated_steps": 0, "gated_differ": 0, "from_rule": [0.005587, 0.002762], "cold_us": 77.09, "warm_us": 57.2, "cold_min_us": 75.71, "warm_min_us": 55.49, "samples": 24}
{"event": "attend", "rows": 1, "requests": 1, "tokens": 1, "geometry": [32, 8, 4], "passed": true, "largest": 0.005587, "rms": 0.002452, "gated_steps": 0, "gated_differ": 0, "from_rule": [0.005587, 0.002762], "cold_us": 54.51, "warm_us": 39.01, "cold_min_us": 48.29, "warm_min_us": 37.34, "samples": 24}
{"event": "attend", "rows": 1, "requests": 1, "tokens": 1, "geometry": [32, 8, 8], "passed": true, "largest": 0.005587, "rms": 0.002452, "gated_steps": 0, "gated_differ": 0, "from_rule": [0.005587, 0.002762], "cold_us": 55.5, "warm_us": 36.21, "cold_min_us": 51.94, "warm_min_us": 35.01, "samples": 24}
{"event": "attend", "rows": 1, "requests": 1, "tokens": 1, "geometry": [32, 16, 2], "passed": true, "largest": 0.002793, "rms": 0.002442, "gated_steps": 0, "gated_differ": 0, "from_rule": [0.002793, 0.002474], "cold_us": 63.09, "warm_us": 39.6, "cold_min_us": 61.66, "warm_min_us": 37.41, "samples": 24}
{"event": "attend", "rows": 1, "requests": 1, "tokens": 1, "geometry": [32, 16, 4], "passed": true, "largest": 0.002793, "rms": 0.002442, "gated_steps": 0, "gated_differ": 0, "from_rule": [0.002793, 0.002474], "cold_us": 47.38, "warm_us": 28.85, "cold_min_us": 43.62, "warm_min_us": 27.07, "samples": 24}
{"event": "attend", "rows": 1, "requests": 1, "tokens": 1, "geometry": [32, 16, 8], "passed": true, "largest": 0.002793, "rms": 0.002442, "gated_steps": 0, "gated_differ": 0, "from_rule": [0.002793, 0.002474], "cold_us": 46.82, "warm_us": 27.22, "cold_min_us": 43.62, "warm_min_us": 25.5, "samples": 24}
{"event": "attend", "rows": 1, "requests": 1, "tokens": 1, "geometry": [32, 32, 2], "passed": true, "largest": 0.005587, "rms": 0.002477, "gated_steps": 0, "gated_differ": 0, "from_rule": [0.005587, 0.002292], "cold_us": 57.87, "warm_us": 33.22, "cold_min_us": 56.45, "warm_min_us": 30.91, "samples": 24}
{"event": "attend", "rows": 1, "requests": 1, "tokens": 1, "geometry": [32, 32, 4], "passed": true, "largest": 0.005587, "rms": 0.002477, "gated_steps": 0, "gated_differ": 0, "from_rule": [0.005587, 0.002292], "cold_us": 46.77, "warm_us": 24.26, "cold_min_us": 45.38, "warm_min_us": 22.75, "samples": 24}
{"event": "attend", "rows": 1, "requests": 1, "tokens": 1, "geometry": [32, 32, 8], "passed": true, "largest": 0.005587, "rms": 0.002477, "gated_steps": 0, "gated_differ": 0, "from_rule": [0.005587, 0.002292], "cold_us": 47.1, "warm_us": 23.89, "cold_min_us": 45.5, "warm_min_us": 22.18, "samples": 24}
{"event": "attend", "rows": 1, "requests": 1, "tokens": 1, "geometry": [32, 64, 2], "passed": true, "largest": 0.002793, "rms": 0.00247, "gated_steps": 0, "gated_differ": 0, "from_rule": [0.002793, 0.001832], "cold_us": 59.55, "warm_us": 30.56, "cold_min_us": 57.6, "warm_min_us": 28.74, "samples": 24}
{"event": "attend", "rows": 1, "requests": 1, "tokens": 1, "geometry": [32, 64, 4], "passed": true, "largest": 0.002793, "rms": 0.00247, "gated_steps": 0, "gated_differ": 0, "from_rule": [0.002793, 0.001832], "cold_us": 48.64, "warm_us": 24.93, "cold_min_us": 46.56, "warm_min_us": 23.33, "samples": 24}
{"event": "attend", "rows": 1, "requests": 1, "tokens": 1, "geometry": [32, 64, 8], "passed": true, "largest": 0.002793, "rms": 0.00247, "gated_steps": 0, "gated_differ": 0, "from_rule": [0.002793, 0.001832], "cold_us": 49.14, "warm_us": 25.09, "cold_min_us": 47.62, "warm_min_us": 23.39, "samples": 24}
{"event": "attend", "rows": 1, "requests": 1, "tokens": 1, "geometry": [64, 1, 2], "passed": true, "largest": 0.002793, "rms": 0.002592, "gated_steps": 0, "gated_differ": 0, "from_rule": [0.002793, 0.002902], "cold_us": 140.08, "warm_us": 121.52, "cold_min_us": 137.22, "warm_min_us": 119.52, "samples": 24}
{"event": "attend", "rows": 1, "requests": 1, "tokens": 1, "geometry": [64, 1, 4], "passed": true, "largest": 0.002793, "rms": 0.002592, "gated_steps": 0, "gated_differ": 0, "from_rule": [0.002793, 0.002902], "cold_us": 181.71, "warm_us": 159.3, "cold_min_us": 179.49, "warm_min_us": 158.18, "samples": 24}
{"event": "attend", "rows": 1, "requests": 1, "tokens": 1, "geometry": [64, 1, 8], "passed": true, "largest": 0.002793, "rms": 0.002592, "gated_steps": 0, "gated_differ": 0, "from_rule": [0.002793, 0.002902], "cold_us": 157.52, "warm_us": 139.28, "cold_min_us": 154.53, "warm_min_us": 137.73, "samples": 24}
{"event": "attend", "rows": 1, "requests": 1, "tokens": 1, "geometry": [64, 2, 2], "passed": true, "largest": 0.002793, "rms": 0.002538, "gated_steps": 0, "gated_differ": 0, "from_rule": [0.002793, 0.002979], "cold_us": 83.54, "warm_us": 70.93, "cold_min_us": 82.08, "warm_min_us": 68.83, "samples": 24}
{"event": "attend", "rows": 1, "requests": 1, "tokens": 1, "geometry": [64, 2, 4], "passed": true, "largest": 0.002793, "rms": 0.002538, "gated_steps": 0, "gated_differ": 0, "from_rule": [0.002793, 0.002979], "cold_us": 107.44, "warm_us": 89.7, "cold_min_us": 105.41, "warm_min_us": 87.78, "samples": 24}
{"event": "attend", "rows": 1, "requests": 1, "tokens": 1, "geometry": [64, 2, 8], "passed": true, "largest": 0.002793, "rms": 0.002538, "gated_steps": 0, "gated_differ": 0, "from_rule": [0.002793, 0.002979], "cold_us": 92.69, "warm_us": 79.1, "cold_min_us": 89.92, "warm_min_us": 77.76, "samples": 24}
{"event": "attend", "rows": 1, "requests": 1, "tokens": 1, "geometry": [64, 4, 2], "passed": true, "largest": 0.002793, "rms": 0.00249, "gated_steps": 0, "gated_differ": 0, "from_rule": [0.002793, 0.002819], "cold_us": 62.0, "warm_us": 44.06, "cold_min_us": 60.29, "warm_min_us": 42.5, "samples": 24}
{"event": "attend", "rows": 1, "requests": 1, "tokens": 1, "geometry": [64, 4, 4], "passed": true, "largest": 0.002793, "rms": 0.00249, "gated_steps": 0, "gated_differ": 0, "from_rule": [0.002793, 0.002819], "cold_us": 75.17, "warm_us": 55.54, "cold_min_us": 73.86, "warm_min_us": 53.73, "samples": 24}
{"event": "attend", "rows": 1, "requests": 1, "tokens": 1, "geometry": [64, 4, 8], "passed": true, "largest": 0.002793, "rms": 0.00249, "gated_steps": 0, "gated_differ": 0, "from_rule": [0.002793, 0.002819], "cold_us": 66.37, "warm_us": 48.93, "cold_min_us": 64.67, "warm_min_us": 47.23, "samples": 24}
{"event": "attend", "rows": 1, "requests": 1, "tokens": 1, "geometry": [64, 8, 2], "passed": true, "largest": 0.002793, "rms": 0.002515, "gated_steps": 0, "gated_differ": 0, "from_rule": [0.002793, 0.002799], "cold_us": 52.56, "warm_us": 31.23, "cold_min_us": 49.98, "warm_min_us": 29.31, "samples": 24}
{"event": "attend", "rows": 1, "requests": 1, "tokens": 1, "geometry": [64, 8, 4], "passed": true, "largest": 0.002793, "rms": 0.002515, "gated_steps": 0, "gated_differ": 0, "from_rule": [0.002793, 0.002799], "cold_us": 60.99, "warm_us": 39.1, "cold_min_us": 59.42, "warm_min_us": 36.74, "samples": 24}
{"event": "attend", "rows": 1, "requests": 1, "tokens": 1, "geometry": [64, 8, 8], "passed": true, "largest": 0.002793, "rms": 0.002515, "gated_steps": 0, "gated_differ": 0, "from_rule": [0.002793, 0.002799], "cold_us": 54.86, "warm_us": 34.22, "cold_min_us": 51.68, "warm_min_us": 32.48, "samples": 24}
{"event": "attend", "rows": 1, "requests": 1, "tokens": 1, "geometry": [64, 16, 2], "passed": true, "largest": 0.002793, "rms": 0.002423, "gated_steps": 0, "gated_differ": 0, "from_rule": [0.002793, 0.00264], "cold_us": 48.67, "warm_us": 25.68, "cold_min_us": 45.6, "warm_min_us": 23.65, "samples": 24}
{"event": "attend", "rows": 1, "requests": 1, "tokens": 1, "geometry": [64, 16, 4], "passed": true, "largest": 0.002793, "rms": 0.002423, "gated_steps": 0, "gated_differ": 0, "from_rule": [0.002793, 0.00264], "cold_us": 52.51, "warm_us": 29.84, "cold_min_us": 51.2, "warm_min_us": 27.84, "samples": 24}
{"event": "attend", "rows": 1, "requests": 1, "tokens": 1, "geometry": [64, 16, 8], "passed": true, "largest": 0.002793, "rms": 0.002423, "gated_steps": 0, "gated_differ": 0, "from_rule": [0.002793, 0.00264], "cold_us": 50.42, "warm_us": 26.58, "cold_min_us": 46.82, "warm_min_us": 25.54, "samples": 24}
{"event": "attend", "rows": 1, "requests": 1, "tokens": 1, "geometry": [64, 32, 2], "passed": true, "largest": 0.005587, "rms": 0.002501, "gated_steps": 0, "gated_differ": 0, "from_rule": [0.005587, 0.002624], "cold_us": 47.79, "warm_us": 24.4, "cold_min_us": 46.18, "warm_min_us": 22.75, "samples": 24}
{"event": "attend", "rows": 1, "requests": 1, "tokens": 1, "geometry": [64, 32, 4], "passed": true, "largest": 0.005587, "rms": 0.002501, "gated_steps": 0, "gated_differ": 0, "from_rule": [0.005587, 0.002624], "cold_us": 52.03, "warm_us": 27.55, "cold_min_us": 49.73, "warm_min_us": 26.18, "samples": 24}
{"event": "attend", "rows": 1, "requests": 1, "tokens": 1, "geometry": [64, 32, 8], "passed": true, "largest": 0.005587, "rms": 0.002501, "gated_steps": 0, "gated_differ": 0, "from_rule": [0.005587, 0.002624], "cold_us": 48.93, "warm_us": 26.29, "cold_min_us": 47.36, "warm_min_us": 24.19, "samples": 24}
{"event": "attend", "rows": 1, "requests": 1, "tokens": 1, "geometry": [128, 1, 4], "passed": false, "refused": "OutOfResources: out of resource: shared memory, Required: 137216, Hardware limit: 101376. Reducing block sizes or `num_stages` may help."}
{"event": "attend_verdict", "rows": 1, "cold": {"rule": [16, 64, 4], "passing": 60, "failing": [[128, 1, 4]], "fastest": [16, 32, 4], "fastest_us": 44.64, "rule_us": 47.04, "fastest_over_rule": 0.949}, "warm": {"rule": [16, 64, 4], "passing": 60, "failing": [[128, 1, 4]], "fastest": [32, 32, 8], "fastest_us": 23.89, "rule_us": 24.48, "fastest_over_rule": 0.9759}}
{"event": "attend", "rows": 2, "requests": 1, "tokens": 2, "geometry": [16, 1, 2], "passed": true, "largest": 0.005263, "rms": 0.002589, "gated_steps": 0, "gated_differ": 0, "from_rule": [0.005263, 0.002955], "cold_us": 380.11, "warm_us": 334.98, "cold_min_us": 376.58, "warm_min_us": 331.33, "samples": 24}
{"event": "attend", "rows": 2, "requests": 1, "tokens": 2, "geometry": [16, 1, 4], "passed": true, "largest": 0.005263, "rms": 0.002589, "gated_steps": 0, "gated_differ": 0, "from_rule": [0.005263, 0.002955], "cold_us": 330.54, "warm_us": 284.08, "cold_min_us": 328.74, "warm_min_us": 281.89, "samples": 24}
{"event": "attend", "rows": 2, "requests": 1, "tokens": 2, "geometry": [16, 1, 8], "passed": true, "largest": 0.005263, "rms": 0.002589, "gated_steps": 0, "gated_differ": 0, "from_rule": [0.005263, 0.002955], "cold_us": 314.06, "warm_us": 272.86, "cold_min_us": 305.54, "warm_min_us": 270.91, "samples": 24}
{"event": "attend", "rows": 2, "requests": 1, "tokens": 2, "geometry": [16, 2, 2], "passed": true, "largest": 0.005263, "rms": 0.002606, "gated_steps": 0, "gated_differ": 0, "from_rule": [0.005263, 0.002893], "cold_us": 200.83, "warm_us": 174.66, "cold_min_us": 199.49, "warm_min_us": 172.03, "samples": 24}
{"event": "attend", "rows": 2, "requests": 1, "tokens": 2, "geometry": [16, 2, 4], "passed": true, "largest": 0.005263, "rms": 0.002606, "gated_steps": 0, "gated_differ": 0, "from_rule": [0.005263, 0.002893], "cold_us": 177.98, "warm_us": 150.42, "cold_min_us": 176.03, "warm_min_us": 148.48, "samples": 24}
{"event": "attend", "rows": 2, "requests": 1, "tokens": 2, "geometry": [16, 2, 8], "passed": true, "largest": 0.005263, "rms": 0.002606, "gated_steps": 0, "gated_differ": 0, "from_rule": [0.005263, 0.002893], "cold_us": 168.08, "warm_us": 142.75, "cold_min_us": 166.18, "warm_min_us": 141.02, "samples": 24}
{"event": "attend", "rows": 2, "requests": 1, "tokens": 2, "geometry": [16, 4, 2], "passed": true, "largest": 0.005263, "rms": 0.002526, "gated_steps": 0, "gated_differ": 0, "from_rule": [0.005263, 0.002812], "cold_us": 114.94, "warm_us": 97.18, "cold_min_us": 113.22, "warm_min_us": 94.56, "samples": 24}
{"event": "attend", "rows": 2, "requests": 1, "tokens": 2, "geometry": [16, 4, 4], "passed": true, "largest": 0.005263, "rms": 0.002526, "gated_steps": 0, "gated_differ": 0, "from_rule": [0.005263, 0.002812], "cold_us": 102.69, "warm_us": 83.94, "cold_min_us": 100.74, "warm_min_us": 82.11, "samples": 24}
{"event": "attend", "rows": 2, "requests": 1, "tokens": 2, "geometry": [16, 4, 8], "passed": true, "largest": 0.005263, "rms": 0.002526, "gated_steps": 0, "gated_differ": 0, "from_rule": [0.005263, 0.002812], "cold_us": 98.45, "warm_us": 80.34, "cold_min_us": 96.9, "warm_min_us": 78.02, "samples": 24}
{"event": "attend", "rows": 2, "requests": 1, "tokens": 2, "geometry": [16, 8, 2], "passed": true, "largest": 0.005263, "rms": 0.002531, "gated_steps": 0, "gated_differ": 0, "from_rule": [0.005263, 0.002645], "cold_us": 76.43, "warm_us": 57.44, "cold_min_us": 72.0, "warm_min_us": 54.72, "samples": 24}
{"event": "attend", "rows": 2, "requests": 1, "tokens": 2, "geometry": [16, 8, 4], "passed": true, "largest": 0.005263, "rms": 0.002531, "gated_steps": 0, "gated_differ": 0, "from_rule": [0.005263, 0.002645], "cold_us": 72.21, "warm_us": 49.28, "cold_min_us": 67.74, "warm_min_us": 47.42, "samples": 24}
{"event": "attend", "rows": 2, "requests": 1, "tokens": 2, "geometry": [16, 8, 8], "passed": true, "largest": 0.005263, "rms": 0.002531, "gated_steps": 0, "gated_differ": 0, "from_rule": [0.005263, 0.002645], "cold_us": 69.01, "warm_us": 48.38, "cold_min_us": 66.3, "warm_min_us": 46.27, "samples": 24}
{"event": "attend", "rows": 2, "requests": 1, "tokens": 2, "geometry": [16, 16, 2], "passed": true, "largest": 0.005263, "rms": 0.00249, "gated_steps": 0, "gated_differ": 0, "from_rule": [0.005263, 0.002398], "cold_us": 62.45, "warm_us": 39.81, "cold_min_us": 60.32, "warm_min_us": 37.73, "samples": 24}
{"event": "attend", "rows": 2, "requests": 1, "tokens": 2, "geometry": [16, 16, 4], "passed": true, "largest": 0.005263, "rms": 0.00249, "gated_steps": 0, "gated_differ": 0, "from_rule": [0.005263, 0.002398], "cold_us": 59.25, "warm_us": 34.8, "cold_min_us": 57.92, "warm_min_us": 33.7, "samples": 24}
{"event": "attend", "rows": 2, "requests": 1, "tokens": 2, "geometry": [16, 16, 8], "passed": true, "largest": 0.005263, "rms": 0.00249, "gated_steps": 0, "gated_differ": 0, "from_rule": [0.005263, 0.002398], "cold_us": 60.54, "warm_us": 34.99, "cold_min_us": 58.43, "warm_min_us": 33.12, "samples": 24}
{"event": "attend", "rows": 2, "requests": 1, "tokens": 2, "geometry": [16, 32, 2], "passed": true, "largest": 0.005263, "rms": 0.002437, "gated_steps": 0, "gated_differ": 0, "from_rule": [0.005263, 0.002], "cold_us": 63.47, "warm_us": 31.98, "cold_min_us": 60.7, "warm_min_us": 30.91, "samples": 24}
{"event": "attend", "rows": 2, "requests": 1, "tokens": 2, "geometry": [16, 32, 4], "passed": true, "largest": 0.005263, "rms": 0.002437, "gated_steps": 0, "gated_differ": 0, "from_rule": [0.005263, 0.002], "cold_us": 62.34, "warm_us": 31.15, "cold_min_us": 60.67, "warm_min_us": 29.28, "samples": 24}
{"event": "attend", "rows": 2, "requests": 1, "tokens": 2, "geometry": [16, 32, 8], "passed": true, "largest": 0.005263, "rms": 0.002437, "gated_steps": 0, "gated_differ": 0, "from_rule": [0.005263, 0.002], "cold_us": 63.2, "warm_us": 31.22, "cold_min_us": 60.7, "warm_min_us": 29.6, "samples": 24}
{"event": "attend", "rows": 2, "requests": 1, "tokens": 2, "geometry": [16, 64, 2], "passed": true, "largest": 0.005263, "rms": 0.002344, "gated_steps": 0, "gated_differ": 0, "from_rule": [0.0, 0.0], "cold_us": 66.22, "warm_us": 30.0, "cold_min_us": 64.45, "warm_min_us": 28.48, "samples": 24}
{"event": "attend", "rows": 2, "requests": 1, "tokens": 2, "geometry": [16, 64, 4], "passed": true, "largest": 0.005263, "rms": 0.002344, "gated_steps": 0, "gated_differ": 0, "from_rule": [0.0, 0.0], "cold_us": 66.86, "warm_us": 27.65, "cold_min_us": 64.13, "warm_min_us": 26.24, "samples": 24}
{"event": "attend", "rows": 2, "requests": 1, "tokens": 2, "geometry": [16, 64, 8], "passed": true, "largest": 0.005263, "rms": 0.002344, "gated_steps": 0, "gated_differ": 0, "from_rule": [0.0, 0.0], "cold_us": 67.14, "warm_us": 30.37, "cold_min_us": 65.66, "warm_min_us": 28.32, "samples": 24}
{"event": "attend", "rows": 2, "requests": 1, "tokens": 2, "geometry": [32, 1, 2], "passed": true, "largest": 0.005263, "rms": 0.00257, "gated_steps": 0, "gated_differ": 0, "from_rule": [0.005263, 0.002941], "cold_us": 318.0, "warm_us": 285.68, "cold_min_us": 316.06, "warm_min_us": 283.04, "samples": 24}
{"event": "attend", "rows": 2, "requests": 1, "tokens": 2, "geometry": [32, 1, 4], "passed": true, "largest": 0.005263, "rms": 0.00257, "gated_steps": 0, "gated_differ": 0, "from_rule": [0.005263, 0.002941], "cold_us": 220.75, "warm_us": 193.12, "cold_min_us": 218.59, "warm_min_us": 191.9, "samples": 24}
{"event": "attend", "rows": 2, "requests": 1, "tokens": 2, "geometry": [32, 1, 8], "passed": true, "largest": 0.005263, "rms": 0.00257, "gated_steps": 0, "gated_differ": 0, "from_rule": [0.005263, 0.002941], "cold_us": 201.12, "warm_us": 177.79, "cold_min_us": 199.46, "warm_min_us": 175.04, "samples": 24}
{"event": "attend", "rows": 2, "requests": 1, "tokens": 2, "geometry": [32, 2, 2], "passed": true, "largest": 0.005263, "rms": 0.002553, "gated_steps": 0, "gated_differ": 0, "from_rule": [0.005263, 0.002985], "cold_us": 182.66, "warm_us": 159.39, "cold_min_us": 181.06, "warm_min_us": 158.08, "samples": 24}
{"event": "attend", "rows": 2, "requests": 1, "tokens": 2, "geometry": [32, 2, 4], "passed": true, "largest": 0.005263, "rms": 0.002553, "gated_steps": 0, "gated_differ": 0, "from_rule": [0.005263, 0.002985], "cold_us": 122.08, "warm_us": 104.86, "cold_min_us": 120.32, "warm_min_us": 102.98, "samples": 24}
{"event": "attend", "rows": 2, "requests": 1, "tokens": 2, "geometry": [32, 2, 8], "passed": true, "largest": 0.005263, "rms": 0.002553, "gated_steps": 0, "gated_differ": 0, "from_rule": [0.005263, 0.002985], "cold_us": 117.41, "warm_us": 96.96, "cold_min_us": 113.54, "warm_min_us": 95.55, "samples": 24}
{"event": "attend", "rows": 2, "requests": 1, "tokens": 2, "geometry": [32, 4, 2], "passed": true, "largest": 0.005263, "rms": 0.002534, "gated_steps": 0, "gated_differ": 0, "from_rule": [0.005263, 0.002825], "cold_us": 116.62, "warm_us": 90.75, "cold_min_us": 114.37, "warm_min_us": 89.15, "samples": 24}
{"event": "attend", "rows": 2, "requests": 1, "tokens": 2, "geometry": [32, 4, 4], "passed": true, "largest": 0.005263, "rms": 0.002534, "gated_steps": 0, "gated_differ": 0, "from_rule": [0.005263, 0.002825], "cold_us": 80.11, "warm_us": 61.17, "cold_min_us": 76.61, "warm_min_us": 59.49, "samples": 24}
{"event": "attend", "rows": 2, "requests": 1, "tokens": 2, "geometry": [32, 4, 8], "passed": true, "largest": 0.005263, "rms": 0.002534, "gated_steps": 0, "gated_differ": 0, "from_rule": [0.005263, 0.002825], "cold_us": 82.21, "warm_us": 56.94, "cold_min_us": 76.38, "warm_min_us": 55.84, "samples": 24}
{"event": "attend", "rows": 2, "requests": 1, "tokens": 2, "geometry": [32, 8, 2], "passed": true, "largest": 0.005263, "rms": 0.002502, "gated_steps": 0, "gated_differ": 0, "from_rule": [0.005263, 0.002719], "cold_us": 89.36, "warm_us": 55.95, "cold_min_us": 87.23, "warm_min_us": 54.4, "samples": 24}
{"event": "attend", "rows": 2, "requests": 1, "tokens": 2, "geometry": [32, 8, 4], "passed": true, "largest": 0.005263, "rms": 0.002502, "gated_steps": 0, "gated_differ": 0, "from_rule": [0.005263, 0.002719], "cold_us": 65.22, "warm_us": 39.09, "cold_min_us": 62.11, "warm_min_us": 37.79, "samples": 24}
{"event": "attend", "rows": 2, "requests": 1, "tokens": 2, "geometry": [32, 8, 8], "passed": true, "largest": 0.005263, "rms": 0.002502, "gated_steps": 0, "gated_differ": 0, "from_rule": [0.005263, 0.002719], "cold_us": 61.34, "warm_us": 37.2, "cold_min_us": 59.23, "warm_min_us": 35.39, "samples": 24}
{"event": "attend", "rows": 2, "requests": 1, "tokens": 2, "geometry": [32, 16, 2], "passed": true, "largest": 0.005263, "rms": 0.002437, "gated_steps": 0, "gated_differ": 0, "from_rule": [0.005263, 0.002495], "cold_us": 78.78, "warm_us": 41.39, "cold_min_us": 76.61, "warm_min_us": 39.58, "samples": 24}
{"event": "attend", "rows": 2, "requests": 1, "tokens": 2, "geometry": [32, 16, 4], "passed": true, "largest": 0.005263, "rms": 0.002437, "gated_steps": 0, "gated_differ": 0, "from_rule": [0.005263, 0.002495], "cold_us": 62.29, "warm_us": 31.38, "cold_min_us": 59.62, "warm_min_us": 29.38, "samples": 24}
{"event": "attend", "rows": 2, "requests": 1, "tokens": 2, "geometry": [32, 16, 8], "passed": true, "largest": 0.005263, "rms": 0.002437, "gated_steps": 0, "gated_differ": 0, "from_rule": [0.005263, 0.002495], "cold_us": 62.45, "warm_us": 30.72, "cold_min_us": 60.0, "warm_min_us": 27.65, "samples": 24}
{"event": "attend", "rows": 2, "requests": 1, "tokens": 2, "geometry": [32, 32, 2], "passed": true, "largest": 0.005263, "rms": 0.002443, "gated_steps": 0, "gated_differ": 0, "from_rule": [0.005263, 0.002271], "cold_us": 74.86, "warm_us": 35.7, "cold_min_us": 73.57, "warm_min_us": 32.83, "samples": 24}
{"event": "attend", "rows": 2, "requests": 1, "tokens": 2, "geometry": [32, 32, 4], "passed": true, "largest": 0.005263, "rms": 0.002443, "gated_steps": 0, "gated_differ": 0, "from_rule": [0.005263, 0.002271], "cold_us": 66.22, "warm_us": 30.05, "cold_min_us": 64.22, "warm_min_us": 28.26, "samples": 24}
{"event": "attend", "rows": 2, "requests": 1, "tokens": 2, "geometry": [32, 32, 8], "passed": true, "largest": 0.005263, "rms": 0.002443, "gated_steps": 0, "gated_differ": 0, "from_rule": [0.005263, 0.002271], "cold_us": 64.66, "warm_us": 29.46, "cold_min_us": 63.07, "warm_min_us": 27.33, "samples": 24}
{"event": "attend", "rows": 2, "requests": 1, "tokens": 2, "geometry": [32, 64, 2], "passed": true, "largest": 0.005263, "rms": 0.002314, "gated_steps": 0, "gated_differ": 0, "from_rule": [0.005263, 0.001861], "cold_us": 88.03, "warm_us": 42.54, "cold_min_us": 83.81, "warm_min_us": 40.29, "samples": 24}
{"event": "attend", "rows": 2, "requests": 1, "tokens": 2, "geometry": [32, 64, 4], "passed": true, "largest": 0.005263, "rms": 0.002314, "gated_steps": 0, "gated_differ": 0, "from_rule": [0.005263, 0.001861], "cold_us": 69.38, "warm_us": 33.82, "cold_min_us": 67.17, "warm_min_us": 32.0, "samples": 24}
{"event": "attend", "rows": 2, "requests": 1, "tokens": 2, "geometry": [32, 64, 8], "passed": true, "largest": 0.005263, "rms": 0.002314, "gated_steps": 0, "gated_differ": 0, "from_rule": [0.005263, 0.001861], "cold_us": 66.99, "warm_us": 32.5, "cold_min_us": 63.71, "warm_min_us": 30.88, "samples": 24}
{"event": "attend", "rows": 2, "requests": 1, "tokens": 2, "geometry": [64, 1, 2], "passed": true, "largest": 0.005263, "rms": 0.00259, "gated_steps": 0, "gated_differ": 0, "from_rule": [0.005263, 0.002976], "cold_us": 138.83, "warm_us": 122.66, "cold_min_us": 136.99, "warm_min_us": 119.9, "samples": 24}
{"event": "attend", "rows": 2, "requests": 1, "tokens": 2, "geometry": [64, 1, 4], "passed": true, "largest": 0.005263, "rms": 0.00259, "gated_steps": 0, "gated_differ": 0, "from_rule": [0.005263, 0.002976], "cold_us": 183.2, "warm_us": 159.71, "cold_min_us": 181.38, "warm_min_us": 157.47, "samples": 24}
{"event": "attend", "rows": 2, "requests": 1, "tokens": 2, "geometry": [64, 1, 8], "passed": true, "largest": 0.005263, "rms": 0.00259, "gated_steps": 0, "gated_differ": 0, "from_rule": [0.005263, 0.002976], "cold_us": 157.57, "warm_us": 140.69, "cold_min_us": 154.72, "warm_min_us": 137.79, "samples": 24}
{"event": "attend", "rows": 2, "requests": 1, "tokens": 2, "geometry": [64, 2, 2], "passed": true, "largest": 0.005263, "rms": 0.002546, "gated_steps": 0, "gated_differ": 0, "from_rule": [0.005263, 0.002945], "cold_us": 95.58, "warm_us": 70.75, "cold_min_us": 93.86, "warm_min_us": 68.7, "samples": 24}
{"event": "attend", "rows": 2, "requests": 1, "tokens": 2, "geometry": [64, 2, 4], "passed": true, "largest": 0.005263, "rms": 0.002546, "gated_steps": 0, "gated_differ": 0, "from_rule": [0.005263, 0.002945], "cold_us": 118.0, "warm_us": 90.19, "cold_min_us": 116.42, "warm_min_us": 88.48, "samples": 24}
{"event": "attend", "rows": 2, "requests": 1, "tokens": 2, "geometry": [64, 2, 8], "passed": true, "largest": 0.005263, "rms": 0.002546, "gated_steps": 0, "gated_differ": 0, "from_rule": [0.005263, 0.002945], "cold_us": 104.37, "warm_us": 79.81, "cold_min_us": 102.88, "warm_min_us": 77.82, "samples": 24}
{"event": "attend", "rows": 2, "requests": 1, "tokens": 2, "geometry": [64, 4, 2], "passed": true, "largest": 0.005263, "rms": 0.002551, "gated_steps": 0, "gated_differ": 0, "from_rule": [0.005263, 0.002846], "cold_us": 76.43, "warm_us": 44.94, "cold_min_us": 73.66, "warm_min_us": 43.52, "samples": 24}
{"event": "attend", "rows": 2, "requests": 1, "tokens": 2, "geometry": [64, 4, 4], "passed": true, "largest": 0.005263, "rms": 0.002551, "gated_steps": 0, "gated_differ": 0, "from_rule": [0.005263, 0.002846], "cold_us": 88.69, "warm_us": 55.82, "cold_min_us": 86.59, "warm_min_us": 54.08, "samples": 24}
{"event": "attend", "rows": 2, "requests": 1, "tokens": 2, "geometry": [64, 4, 8], "passed": true, "largest": 0.005263, "rms": 0.002551, "gated_steps": 0, "gated_differ": 0, "from_rule": [0.005263, 0.002845], "cold_us": 77.28, "warm_us": 48.66, "cold_min_us": 71.74, "warm_min_us": 47.55, "samples": 24}
{"event": "attend", "rows": 2, "requests": 1, "tokens": 2, "geometry": [64, 8, 2], "passed": true, "largest": 0.005263, "rms": 0.002521, "gated_steps": 0, "gated_differ": 0, "from_rule": [0.005263, 0.002764], "cold_us": 64.34, "warm_us": 31.79, "cold_min_us": 60.9, "warm_min_us": 29.86, "samples": 24}
{"event": "attend", "rows": 2, "requests": 1, "tokens": 2, "geometry": [64, 8, 4], "passed": true, "largest": 0.005263, "rms": 0.002521, "gated_steps": 0, "gated_differ": 0, "from_rule": [0.005263, 0.002764], "cold_us": 76.94, "warm_us": 38.43, "cold_min_us": 74.69, "warm_min_us": 37.12, "samples": 24}
{"event": "attend", "rows": 2, "requests": 1, "tokens": 2, "geometry": [64, 8, 8], "passed": true, "largest": 0.005263, "rms": 0.002521, "gated_steps": 0, "gated_differ": 0, "from_rule": [0.005263, 0.002764], "cold_us": 65.79, "warm_us": 35.47, "cold_min_us": 62.4, "warm_min_us": 33.18, "samples": 24}
{"event": "attend", "rows": 2, "requests": 1, "tokens": 2, "geometry": [64, 16, 2], "passed": true, "largest": 0.005263, "rms": 0.002453, "gated_steps": 0, "gated_differ": 0, "from_rule": [0.005263, 0.002655], "cold_us": 65.41, "warm_us": 28.61, "cold_min_us": 62.08, "warm_min_us": 26.37, "samples": 24}
{"event": "attend", "rows": 2, "requests": 1, "tokens": 2, "geometry": [64, 16, 4], "passed": true, "largest": 0.005263, "rms": 0.002453, "gated_steps": 0, "gated_differ": 0, "from_rule": [0.005263, 0.002655], "cold_us": 68.74, "warm_us": 33.31, "cold_min_us": 67.1, "warm_min_us": 31.58, "samples": 24}
{"event": "attend", "rows": 2, "requests": 1, "tokens": 2, "geometry": [64, 16, 8], "passed": true, "largest": 0.005263, "rms": 0.002453, "gated_steps": 0, "gated_differ": 0, "from_rule": [0.005263, 0.002655], "cold_us": 67.04, "warm_us": 31.31, "cold_min_us": 64.35, "warm_min_us": 29.95, "samples": 24}
{"event": "attend", "rows": 2, "requests": 1, "tokens": 2, "geometry": [64, 32, 2], "passed": true, "largest": 0.005263, "rms": 0.002514, "gated_steps": 0, "gated_differ": 0, "from_rule": [0.005263, 0.002506], "cold_us": 71.02, "warm_us": 34.51, "cold_min_us": 68.96, "warm_min_us": 32.42, "samples": 24}
{"event": "attend", "rows": 2, "requests": 1, "tokens": 2, "geometry": [64, 32, 4], "passed": true, "largest": 0.005263, "rms": 0.002514, "gated_steps": 0, "gated_differ": 0, "from_rule": [0.005263, 0.002506], "cold_us": 79.1, "warm_us": 40.53, "cold_min_us": 77.38, "warm_min_us": 38.62, "samples": 24}
{"event": "attend", "rows": 2, "requests": 1, "tokens": 2, "geometry": [64, 32, 8], "passed": true, "largest": 0.005263, "rms": 0.002514, "gated_steps": 0, "gated_differ": 0, "from_rule": [0.005263, 0.002506], "cold_us": 73.63, "warm_us": 37.18, "cold_min_us": 71.23, "warm_min_us": 35.42, "samples": 24}
{"event": "attend", "rows": 2, "requests": 1, "tokens": 2, "geometry": [128, 1, 4], "passed": false, "refused": "OutOfResources: out of resource: shared memory, Required: 137216, Hardware limit: 101376. Reducing block sizes or `num_stages` may help."}
{"event": "attend_verdict", "rows": 2, "cold": {"rule": [16, 64, 4], "passing": 60, "failing": [[128, 1, 4]], "fastest": [16, 16, 4], "fastest_us": 59.25, "rule_us": 66.86, "fastest_over_rule": 0.8862}, "warm": {"rule": [16, 64, 4], "passing": 60, "failing": [[128, 1, 4]], "fastest": [16, 64, 4], "fastest_us": 27.65, "rule_us": 27.65, "fastest_over_rule": 1.0}}
{"event": "attend", "rows": 4, "requests": 2, "tokens": 2, "geometry": [16, 1, 2], "passed": true, "largest": 0.003817, "rms": 0.002464, "gated_steps": 0, "gated_differ": 0, "from_rule": [0.003817, 0.002924], "cold_us": 380.46, "warm_us": 343.22, "cold_min_us": 377.22, "warm_min_us": 339.65, "samples": 24}
{"event": "attend", "rows": 4, "requests": 2, "tokens": 2, "geometry": [16, 1, 4], "passed": true, "largest": 0.003817, "rms": 0.002464, "gated_steps": 0, "gated_differ": 0, "from_rule": [0.003817, 0.002924], "cold_us": 303.7, "warm_us": 263.76, "cold_min_us": 300.1, "warm_min_us": 260.45, "samples": 24}
{"event": "attend", "rows": 4, "requests": 2, "tokens": 2, "geometry": [16, 1, 8], "passed": true, "largest": 0.003817, "rms": 0.002464, "gated_steps": 0, "gated_differ": 0, "from_rule": [0.003817, 0.002924], "cold_us": 317.47, "warm_us": 280.77, "cold_min_us": 315.68, "warm_min_us": 277.57, "samples": 24}
{"event": "attend", "rows": 4, "requests": 2, "tokens": 2, "geometry": [16, 2, 2], "passed": true, "largest": 0.003817, "rms": 0.002503, "gated_steps": 0, "gated_differ": 0, "from_rule": [0.003817, 0.002881], "cold_us": 205.04, "warm_us": 179.86, "cold_min_us": 202.91, "warm_min_us": 177.06, "samples": 24}
{"event": "attend", "rows": 4, "requests": 2, "tokens": 2, "geometry": [16, 2, 4], "passed": true, "largest": 0.003817, "rms": 0.002503, "gated_steps": 0, "gated_differ": 0, "from_rule": [0.003817, 0.002881], "cold_us": 183.15, "warm_us": 156.77, "cold_min_us": 181.15, "warm_min_us": 154.4, "samples": 24}
{"event": "attend", "rows": 4, "requests": 2, "tokens": 2, "geometry": [16, 2, 8], "passed": true, "largest": 0.003817, "rms": 0.002503, "gated_steps": 0, "gated_differ": 0, "from_rule": [0.003817, 0.002881], "cold_us": 173.52, "warm_us": 148.27, "cold_min_us": 170.66, "warm_min_us": 146.02, "samples": 24}
{"event": "attend", "rows": 4, "requests": 2, "tokens": 2, "geometry": [16, 4, 2], "passed": true, "largest": 0.003817, "rms": 0.002463, "gated_steps": 0, "gated_differ": 0, "from_rule": [0.003817, 0.002787], "cold_us": 121.68, "warm_us": 99.14, "cold_min_us": 117.6, "warm_min_us": 97.09, "samples": 24}
{"event": "attend", "rows": 4, "requests": 2, "tokens": 2, "geometry": [16, 4, 4], "passed": true, "largest": 0.003817, "rms": 0.002463, "gated_steps": 0, "gated_differ": 0, "from_rule": [0.003817, 0.002787], "cold_us": 115.95, "warm_us": 87.87, "cold_min_us": 111.81, "warm_min_us": 85.86, "samples": 24}
{"event": "attend", "rows": 4, "requests": 2, "tokens": 2, "geometry": [16, 4, 8], "passed": true, "largest": 0.003817, "rms": 0.002463, "gated_steps": 0, "gated_differ": 0, "from_rule": [0.003817, 0.002787], "cold_us": 111.65, "warm_us": 83.12, "cold_min_us": 106.05, "warm_min_us": 81.02, "samples": 24}
{"event": "attend", "rows": 4, "requests": 2, "tokens": 2, "geometry": [16, 8, 2], "passed": true, "largest": 0.007634, "rms": 0.002535, "gated_steps": 0, "gated_differ": 0, "from_rule": [0.007634, 0.002721], "cold_us": 94.08, "warm_us": 58.86, "cold_min_us": 91.84, "warm_min_us": 57.73, "samples": 24}
{"event": "attend", "rows": 4, "requests": 2, "tokens": 2, "geometry": [16, 8, 4], "passed": true, "largest": 0.007634, "rms": 0.002535, "gated_steps": 0, "gated_differ": 0, "from_rule": [0.007634, 0.002721], "cold_us": 90.8, "warm_us": 52.4, "cold_min_us": 87.87, "warm_min_us": 50.62, "samples": 24}
{"event": "attend", "rows": 4, "requests": 2, "tokens": 2, "geometry": [16, 8, 8], "passed": true, "largest": 0.007634, "rms": 0.002535, "gated_steps": 0, "gated_differ": 0, "from_rule": [0.007634, 0.002721], "cold_us": 90.64, "warm_us": 51.68, "cold_min_us": 87.68, "warm_min_us": 49.7, "samples": 24}
{"event": "attend", "rows": 4, "requests": 2, "tokens": 2, "geometry": [16, 16, 2], "passed": true, "largest": 0.003817, "rms": 0.002443, "gated_steps": 0, "gated_differ": 0, "from_rule": [0.003817, 0.002454], "cold_us": 94.51, "warm_us": 43.36, "cold_min_us": 92.93, "warm_min_us": 41.44, "samples": 24}
{"event": "attend", "rows": 4, "requests": 2, "tokens": 2, "geometry": [16, 16, 4], "passed": true, "largest": 0.003817, "rms": 0.002443, "gated_steps": 0, "gated_differ": 0, "from_rule": [0.003817, 0.002454], "cold_us": 93.5, "warm_us": 41.25, "cold_min_us": 90.78, "warm_min_us": 39.39, "samples": 24}
{"event": "attend", "rows": 4, "requests": 2, "tokens": 2, "geometry": [16, 16, 8], "passed": true, "largest": 0.003817, "rms": 0.002443, "gated_steps": 0, "gated_differ": 0, "from_rule": [0.003817, 0.002454], "cold_us": 95.04, "warm_us": 42.37, "cold_min_us": 91.9, "warm_min_us": 39.84, "samples": 24}
{"event": "attend", "rows": 4, "requests": 2, "tokens": 2, "geometry": [16, 32, 2], "passed": true, "largest": 0.003817, "rms": 0.002413, "gated_steps": 0, "gated_differ": 0, "from_rule": [0.003817, 0.002064], "cold_us": 99.47, "warm_us": 37.63, "cold_min_us": 97.86, "warm_min_us": 36.03, "samples": 24}
{"event": "attend", "rows": 4, "requests": 2, "tokens": 2, "geometry": [16, 32, 4], "passed": true, "largest": 0.003817, "rms": 0.002413, "gated_steps": 0, "gated_differ": 0, "from_rule": [0.003817, 0.002064], "cold_us": 97.25, "warm_us": 35.46, "cold_min_us": 94.62, "warm_min_us": 33.34, "samples": 24}
{"event": "attend", "rows": 4, "requests": 2, "tokens": 2, "geometry": [16, 32, 8], "passed": true, "largest": 0.003817, "rms": 0.002413, "gated_steps": 0, "gated_differ": 0, "from_rule": [0.003817, 0.002064], "cold_us": 99.73, "warm_us": 37.5, "cold_min_us": 96.38, "warm_min_us": 36.06, "samples": 24}
{"event": "attend", "rows": 4, "requests": 2, "tokens": 2, "geometry": [16, 64, 2], "passed": true, "largest": 0.003817, "rms": 0.002392, "gated_steps": 0, "gated_differ": 0, "from_rule": [0.0, 0.0], "cold_us": 106.61, "warm_us": 45.76, "cold_min_us": 104.16, "warm_min_us": 42.88, "samples": 24}
{"event": "attend", "rows": 4, "requests": 2, "tokens": 2, "geometry": [16, 64, 4], "passed": true, "largest": 0.003817, "rms": 0.002392, "gated_steps": 0, "gated_differ": 0, "from_rule": [0.0, 0.0], "cold_us": 101.97, "warm_us": 39.95, "cold_min_us": 100.16, "warm_min_us": 37.82, "samples": 24}
{"event": "attend", "rows": 4, "requests": 2, "tokens": 2, "geometry": [16, 64, 8], "passed": true, "largest": 0.003817, "rms": 0.002392, "gated_steps": 0, "gated_differ": 0, "from_rule": [0.0, 0.0], "cold_us": 103.14, "warm_us": 46.19, "cold_min_us": 100.03, "warm_min_us": 44.13, "samples": 24}
{"event": "attend", "rows": 4, "requests": 2, "tokens": 2, "geometry": [32, 1, 2], "passed": true, "largest": 0.003817, "rms": 0.002476, "gated_steps": 0, "gated_differ": 0, "from_rule": [0.003817, 0.002939], "cold_us": 317.65, "warm_us": 287.52, "cold_min_us": 315.2, "warm_min_us": 285.02, "samples": 24}
{"event": "attend", "rows": 4, "requests": 2, "tokens": 2, "geometry": [32, 1, 4], "passed": true, "largest": 0.003817, "rms": 0.002476, "gated_steps": 0, "gated_differ": 0, "from_rule": [0.003817, 0.002939], "cold_us": 233.76, "warm_us": 196.5, "cold_min_us": 228.8, "warm_min_us": 193.95, "samples": 24}
{"event": "attend", "rows": 4, "requests": 2, "tokens": 2, "geometry": [32, 1, 8], "passed": true, "largest": 0.003817, "rms": 0.002476, "gated_steps": 0, "gated_differ": 0, "from_rule": [0.003817, 0.002939], "cold_us": 207.95, "warm_us": 179.38, "cold_min_us": 204.35, "warm_min_us": 177.57, "samples": 24}
{"event": "attend", "rows": 4, "requests": 2, "tokens": 2, "geometry": [32, 2, 2], "passed": true, "largest": 0.003817, "rms": 0.0025, "gated_steps": 0, "gated_differ": 0, "from_rule": [0.003817, 0.00291], "cold_us": 199.34, "warm_us": 163.12, "cold_min_us": 197.73, "warm_min_us": 160.51, "samples": 24}
{"event": "attend", "rows": 4, "requests": 2, "tokens": 2, "geometry": [32, 2, 4], "passed": true, "largest": 0.003817, "rms": 0.0025, "gated_steps": 0, "gated_differ": 0, "from_rule": [0.003817, 0.00291], "cold_us": 131.78, "warm_us": 107.79, "cold_min_us": 128.32, "warm_min_us": 106.21, "samples": 24}
{"event": "attend", "rows": 4, "requests": 2, "tokens": 2, "geometry": [32, 2, 8], "passed": true, "largest": 0.003817, "rms": 0.0025, "gated_steps": 0, "gated_differ": 0, "from_rule": [0.003817, 0.00291], "cold_us": 130.42, "warm_us": 99.25, "cold_min_us": 121.66, "warm_min_us": 97.44, "samples": 24}
{"event": "attend", "rows": 4, "requests": 2, "tokens": 2, "geometry": [32, 4, 2], "passed": true, "largest": 0.003817, "rms": 0.002456, "gated_steps": 0, "gated_differ": 0, "from_rule": [0.003817, 0.002796], "cold_us": 143.34, "warm_us": 93.12, "cold_min_us": 141.02, "warm_min_us": 90.56, "samples": 24}
{"event": "attend", "rows": 4, "requests": 2, "tokens": 2, "geometry": [32, 4, 4], "passed": true, "largest": 0.003817, "rms": 0.002456, "gated_steps": 0, "gated_differ": 0, "from_rule": [0.003817, 0.002796], "cold_us": 101.26, "warm_us": 63.79, "cold_min_us": 96.45, "warm_min_us": 62.05, "samples": 24}
{"event": "attend", "rows": 4, "requests": 2, "tokens": 2, "geometry": [32, 4, 8], "passed": true, "largest": 0.003817, "rms": 0.002456, "gated_steps": 0, "gated_differ": 0, "from_rule": [0.003817, 0.002796], "cold_us": 96.02, "warm_us": 59.82, "cold_min_us": 91.14, "warm_min_us": 57.73, "samples": 24}
{"event": "attend", "rows": 4, "requests": 2, "tokens": 2, "geometry": [32, 8, 2], "passed": true, "largest": 0.007634, "rms": 0.002509, "gated_steps": 0, "gated_differ": 0, "from_rule": [0.007634, 0.002739], "cold_us": 114.8, "warm_us": 58.4, "cold_min_us": 109.98, "warm_min_us": 56.38, "samples": 24}
{"event": "attend", "rows": 4, "requests": 2, "tokens": 2, "geometry": [32, 8, 4], "passed": true, "largest": 0.007634, "rms": 0.002509, "gated_steps": 0, "gated_differ": 0, "from_rule": [0.007634, 0.002739], "cold_us": 91.22, "warm_us": 42.22, "cold_min_us": 90.02, "warm_min_us": 40.64, "samples": 24}
{"event": "attend", "rows": 4, "requests": 2, "tokens": 2, "geometry": [32, 8, 8], "passed": true, "largest": 0.007634, "rms": 0.002509, "gated_steps": 0, "gated_differ": 0, "from_rule": [0.007634, 0.002739], "cold_us": 91.94, "warm_us": 40.86, "cold_min_us": 89.66, "warm_min_us": 38.3, "samples": 24}
{"event": "attend", "rows": 4, "requests": 2, "tokens": 2, "geometry": [32, 16, 2], "passed": true, "largest": 0.003817, "rms": 0.00244, "gated_steps": 0, "gated_differ": 0, "from_rule": [0.003817, 0.002508], "cold_us": 109.92, "warm_us": 44.69, "cold_min_us": 107.55, "warm_min_us": 42.27, "samples": 24}
{"event": "attend", "rows": 4, "requests": 2, "tokens": 2, "geometry": [32, 16, 4], "passed": true, "largest": 0.003817, "rms": 0.00244, "gated_steps": 0, "gated_differ": 0, "from_rule": [0.003817, 0.002508], "cold_us": 95.92, "warm_us": 37.79, "cold_min_us": 92.9, "warm_min_us": 35.01, "samples": 24}
{"event": "attend", "rows": 4, "requests": 2, "tokens": 2, "geometry": [32, 16, 8], "passed": true, "largest": 0.003817, "rms": 0.00244, "gated_steps": 0, "gated_differ": 0, "from_rule": [0.003817, 0.002508], "cold_us": 96.56, "warm_us": 37.62, "cold_min_us": 94.34, "warm_min_us": 35.87, "samples": 24}
{"event": "attend", "rows": 4, "requests": 2, "tokens": 2, "geometry": [32, 32, 2], "passed": true, "largest": 0.007634, "rms": 0.002522, "gated_steps": 0, "gated_differ": 0, "from_rule": [0.007634, 0.002314], "cold_us": 120.88, "warm_us": 52.38, "cold_min_us": 118.11, "warm_min_us": 49.66, "samples": 24}
{"event": "attend", "rows": 4, "requests": 2, "tokens": 2, "geometry": [32, 32, 4], "passed": true, "largest": 0.007634, "rms": 0.002522, "gated_steps": 0, "gated_differ": 0, "from_rule": [0.007634, 0.002314], "cold_us": 100.06, "warm_us": 43.68, "cold_min_us": 98.5, "warm_min_us": 40.42, "samples": 24}
{"event": "attend", "rows": 4, "requests": 2, "tokens": 2, "geometry": [32, 32, 8], "passed": true, "largest": 0.007634, "rms": 0.002522, "gated_steps": 0, "gated_differ": 0, "from_rule": [0.007634, 0.002314], "cold_us": 99.22, "warm_us": 40.38, "cold_min_us": 96.99, "warm_min_us": 38.91, "samples": 24}
{"event": "attend", "rows": 4, "requests": 2, "tokens": 2, "geometry": [32, 64, 2], "passed": true, "largest": 0.007634, "rms": 0.002481, "gated_steps": 0, "gated_differ": 0, "from_rule": [0.007634, 0.002003], "cold_us": 129.26, "warm_us": 58.02, "cold_min_us": 127.1, "warm_min_us": 55.9, "samples": 24}
{"event": "attend", "rows": 4, "requests": 2, "tokens": 2, "geometry": [32, 64, 4], "passed": true, "largest": 0.007634, "rms": 0.002481, "gated_steps": 0, "gated_differ": 0, "from_rule": [0.007634, 0.002003], "cold_us": 107.07, "warm_us": 47.22, "cold_min_us": 104.32, "warm_min_us": 45.15, "samples": 24}
{"event": "attend", "rows": 4, "requests": 2, "tokens": 2, "geometry": [32, 64, 8], "passed": true, "largest": 0.007634, "rms": 0.002481, "gated_steps": 0, "gated_differ": 0, "from_rule": [0.007634, 0.002003], "cold_us": 102.94, "warm_us": 46.54, "cold_min_us": 100.32, "warm_min_us": 44.51, "samples": 24}
{"event": "attend", "rows": 4, "requests": 2, "tokens": 2, "geometry": [64, 1, 2], "passed": true, "largest": 0.003817, "rms": 0.002479, "gated_steps": 0, "gated_differ": 0, "from_rule": [0.003817, 0.002915], "cold_us": 159.28, "warm_us": 122.5, "cold_min_us": 147.81, "warm_min_us": 120.26, "samples": 24}
{"event": "attend", "rows": 4, "requests": 2, "tokens": 2, "geometry": [64, 1, 4], "passed": true, "largest": 0.003817, "rms": 0.002479, "gated_steps": 0, "gated_differ": 0, "from_rule": [0.003817, 0.002915], "cold_us": 204.16, "warm_us": 160.42, "cold_min_us": 196.93, "warm_min_us": 158.34, "samples": 24}
{"event": "attend", "rows": 4, "requests": 2, "tokens": 2, "geometry": [64, 1, 8], "passed": true, "largest": 0.003817, "rms": 0.002479, "gated_steps": 0, "gated_differ": 0, "from_rule": [0.003817, 0.002915], "cold_us": 179.68, "warm_us": 140.9, "cold_min_us": 171.81, "warm_min_us": 138.56, "samples": 24}
{"event": "attend", "rows": 4, "requests": 2, "tokens": 2, "geometry": [64, 2, 2], "passed": true, "largest": 0.007634, "rms": 0.002562, "gated_steps": 0, "gated_differ": 0, "from_rule": [0.007634, 0.00296], "cold_us": 125.73, "warm_us": 72.7, "cold_min_us": 121.06, "warm_min_us": 70.88, "samples": 24}
{"event": "attend", "rows": 4, "requests": 2, "tokens": 2, "geometry": [64, 2, 4], "passed": true, "largest": 0.007634, "rms": 0.002562, "gated_steps": 0, "gated_differ": 0, "from_rule": [0.007634, 0.00296], "cold_us": 145.22, "warm_us": 91.97, "cold_min_us": 136.9, "warm_min_us": 89.79, "samples": 24}
{"event": "attend", "rows": 4, "requests": 2, "tokens": 2, "geometry": [64, 2, 8], "passed": true, "largest": 0.007634, "rms": 0.002562, "gated_steps": 0, "gated_differ": 0, "from_rule": [0.007634, 0.00296], "cold_us": 119.41, "warm_us": 82.32, "cold_min_us": 111.39, "warm_min_us": 80.1, "samples": 24}
{"event": "attend", "rows": 4, "requests": 2, "tokens": 2, "geometry": [64, 4, 2], "passed": true, "largest": 0.007634, "rms": 0.002547, "gated_steps": 0, "gated_differ": 0, "from_rule": [0.007634, 0.002881], "cold_us": 95.3, "warm_us": 47.98, "cold_min_us": 90.69, "warm_min_us": 45.66, "samples": 24}
{"event": "attend", "rows": 4, "requests": 2, "tokens": 2, "geometry": [64, 4, 4], "passed": true, "largest": 0.007634, "rms": 0.002547, "gated_steps": 0, "gated_differ": 0, "from_rule": [0.007634, 0.002881], "cold_us": 112.43, "warm_us": 57.87, "cold_min_us": 107.52, "warm_min_us": 56.13, "samples": 24}
{"event": "attend", "rows": 4, "requests": 2, "tokens": 2, "geometry": [64, 4, 8], "passed": true, "largest": 0.007634, "rms": 0.002547, "gated_steps": 0, "gated_differ": 0, "from_rule": [0.007634, 0.002881], "cold_us": 97.25, "warm_us": 52.27, "cold_min_us": 93.89, "warm_min_us": 51.17, "samples": 24}
{"event": "attend", "rows": 4, "requests": 2, "tokens": 2, "geometry": [64, 8, 2], "passed": true, "largest": 0.007634, "rms": 0.002538, "gated_steps": 0, "gated_differ": 0, "from_rule": [0.007634, 0.002789], "cold_us": 96.72, "warm_us": 34.82, "cold_min_us": 94.43, "warm_min_us": 33.31, "samples": 24}
{"event": "attend", "rows": 4, "requests": 2, "tokens": 2, "geometry": [64, 8, 4], "passed": true, "largest": 0.007634, "rms": 0.002538, "gated_steps": 0, "gated_differ": 0, "from_rule": [0.007634, 0.002789], "cold_us": 107.9, "warm_us": 43.04, "cold_min_us": 104.32, "warm_min_us": 40.83, "samples": 24}
{"event": "attend", "rows": 4, "requests": 2, "tokens": 2, "geometry": [64, 8, 8], "passed": true, "largest": 0.007634, "rms": 0.002538, "gated_steps": 0, "gated_differ": 0, "from_rule": [0.007634, 0.002789], "cold_us": 96.99, "warm_us": 39.46, "cold_min_us": 93.47, "warm_min_us": 37.98, "samples": 24}
{"event": "attend", "rows": 4, "requests": 2, "tokens": 2, "geometry": [64, 16, 2], "passed": true, "largest": 0.007634, "rms": 0.002501, "gated_steps": 0, "gated_differ": 0, "from_rule": [0.007634, 0.00264], "cold_us": 98.29, "warm_us": 42.3, "cold_min_us": 96.1, "warm_min_us": 40.38, "samples": 24}
{"event": "attend", "rows": 4, "requests": 2, "tokens": 2, "geometry": [64, 16, 4], "passed": true, "largest": 0.007634, "rms": 0.002501, "gated_steps": 0, "gated_differ": 0, "from_rule": [0.007634, 0.00264], "cold_us": 113.68, "warm_us": 49.58, "cold_min_us": 112.22, "warm_min_us": 48.03, "samples": 24}
{"event": "attend", "rows": 4, "requests": 2, "tokens": 2, "geometry": [64, 16, 8], "passed": true, "largest": 0.007634, "rms": 0.002501, "gated_steps": 0, "gated_differ": 0, "from_rule": [0.007634, 0.00264], "cold_us": 100.7, "warm_us": 47.01, "cold_min_us": 98.62, "warm_min_us": 44.8, "samples": 24}
{"event": "attend", "rows": 4, "requests": 2, "tokens": 2, "geometry": [64, 32, 2], "passed": true, "largest": 0.007634, "rms": 0.002544, "gated_steps": 0, "gated_differ": 0, "from_rule": [0.007634, 0.002545], "cold_us": 104.3, "warm_us": 46.59, "cold_min_us": 102.85, "warm_min_us": 44.58, "samples": 24}
{"event": "attend", "rows": 4, "requests": 2, "tokens": 2, "geometry": [64, 32, 4], "passed": true, "largest": 0.007634, "rms": 0.002544, "gated_steps": 0, "gated_differ": 0, "from_rule": [0.007634, 0.002545], "cold_us": 119.55, "warm_us": 53.31, "cold_min_us": 117.44, "warm_min_us": 51.46, "samples": 24}
{"event": "attend", "rows": 4, "requests": 2, "tokens": 2, "geometry": [64, 32, 8], "passed": true, "largest": 0.007634, "rms": 0.002544, "gated_steps": 0, "gated_differ": 0, "from_rule": [0.007634, 0.002545], "cold_us": 105.94, "warm_us": 49.47, "cold_min_us": 103.46, "warm_min_us": 47.62, "samples": 24}
{"event": "attend", "rows": 4, "requests": 2, "tokens": 2, "geometry": [128, 1, 4], "passed": false, "refused": "OutOfResources: out of resource: shared memory, Required: 137216, Hardware limit: 101376. Reducing block sizes or `num_stages` may help."}
{"event": "attend_verdict", "rows": 4, "cold": {"rule": [16, 64, 4], "passing": 60, "failing": [[128, 1, 4]], "fastest": [16, 8, 8], "fastest_us": 90.64, "rule_us": 101.97, "fastest_over_rule": 0.8889}, "warm": {"rule": [16, 64, 4], "passing": 60, "failing": [[128, 1, 4]], "fastest": [64, 8, 2], "fastest_us": 34.82, "rule_us": 39.95, "fastest_over_rule": 0.8716}}
{"event": "attend", "rows": 8, "requests": 4, "tokens": 2, "geometry": [16, 1, 2], "passed": true, "largest": 0.004831, "rms": 0.002465, "gated_steps": 0, "gated_differ": 0, "from_rule": [0.004831, 0.002881], "cold_us": 384.0, "warm_us": 359.87, "cold_min_us": 381.15, "warm_min_us": 355.9, "samples": 24}
{"event": "attend", "rows": 8, "requests": 4, "tokens": 2, "geometry": [16, 1, 4], "passed": true, "largest": 0.004831, "rms": 0.002465, "gated_steps": 0, "gated_differ": 0, "from_rule": [0.004831, 0.002881], "cold_us": 308.86, "warm_us": 282.48, "cold_min_us": 305.25, "warm_min_us": 279.36, "samples": 24}
{"event": "attend", "rows": 8, "requests": 4, "tokens": 2, "geometry": [16, 1, 8], "passed": true, "largest": 0.004831, "rms": 0.002465, "gated_steps": 0, "gated_differ": 0, "from_rule": [0.004831, 0.002881], "cold_us": 321.82, "warm_us": 294.91, "cold_min_us": 319.49, "warm_min_us": 291.74, "samples": 24}
{"event": "attend", "rows": 8, "requests": 4, "tokens": 2, "geometry": [16, 2, 2], "passed": true, "largest": 0.004831, "rms": 0.002455, "gated_steps": 0, "gated_differ": 0, "from_rule": [0.004831, 0.002874], "cold_us": 214.91, "warm_us": 191.31, "cold_min_us": 211.81, "warm_min_us": 187.04, "samples": 24}
{"event": "attend", "rows": 8, "requests": 4, "tokens": 2, "geometry": [16, 2, 4], "passed": true, "largest": 0.004831, "rms": 0.002455, "gated_steps": 0, "gated_differ": 0, "from_rule": [0.004831, 0.002874], "cold_us": 201.92, "warm_us": 168.59, "cold_min_us": 195.23, "warm_min_us": 166.56, "samples": 24}
{"event": "attend", "rows": 8, "requests": 4, "tokens": 2, "geometry": [16, 2, 8], "passed": true, "largest": 0.004831, "rms": 0.002455, "gated_steps": 0, "gated_differ": 0, "from_rule": [0.004831, 0.002874], "cold_us": 192.0, "warm_us": 157.74, "cold_min_us": 186.91, "warm_min_us": 153.89, "samples": 24}
{"event": "attend", "rows": 8, "requests": 4, "tokens": 2, "geometry": [16, 4, 2], "passed": true, "largest": 0.004831, "rms": 0.002445, "gated_steps": 0, "gated_differ": 0, "from_rule": [0.004831, 0.002807], "cold_us": 155.31, "warm_us": 106.99, "cold_min_us": 150.08, "warm_min_us": 104.93, "samples": 24}
{"event": "attend", "rows": 8, "requests": 4, "tokens": 2, "geometry": [16, 4, 4], "passed": true, "largest": 0.004831, "rms": 0.002445, "gated_steps": 0, "gated_differ": 0, "from_rule": [0.004831, 0.002807], "cold_us": 150.02, "warm_us": 95.54, "cold_min_us": 147.23, "warm_min_us": 93.76, "samples": 24}
{"event": "attend", "rows": 8, "requests": 4, "tokens": 2, "geometry": [16, 4, 8], "passed": true, "largest": 0.004831, "rms": 0.002445, "gated_steps": 0, "gated_differ": 0, "from_rule": [0.004831, 0.002807], "cold_us": 147.9, "warm_us": 89.47, "cold_min_us": 145.57, "warm_min_us": 87.26, "samples": 24}
{"event": "attend", "rows": 8, "requests": 4, "tokens": 2, "geometry": [16, 8, 2], "passed": true, "largest": 0.004831, "rms": 0.002464, "gated_steps": 0, "gated_differ": 0, "from_rule": [0.004831, 0.002639], "cold_us": 147.74, "warm_us": 66.11, "cold_min_us": 144.54, "warm_min_us": 64.48, "samples": 24}
{"event": "attend", "rows": 8, "requests": 4, "tokens": 2, "geometry": [16, 8, 4], "passed": true, "largest": 0.004831, "rms": 0.002464, "gated_steps": 0, "gated_differ": 0, "from_rule": [0.004831, 0.002639], "cold_us": 147.62, "warm_us": 62.69, "cold_min_us": 143.55, "warm_min_us": 60.93, "samples": 24}
{"event": "attend", "rows": 8, "requests": 4, "tokens": 2, "geometry": [16, 8, 8], "passed": true, "largest": 0.004831, "rms": 0.002464, "gated_steps": 0, "gated_differ": 0, "from_rule": [0.004831, 0.002639], "cold_us": 147.54, "warm_us": 63.25, "cold_min_us": 145.38, "warm_min_us": 62.43, "samples": 24}
{"event": "attend", "rows": 8, "requests": 4, "tokens": 2, "geometry": [16, 16, 2], "passed": true, "largest": 0.004831, "rms": 0.002436, "gated_steps": 0, "gated_differ": 0, "from_rule": [0.004831, 0.002437], "cold_us": 152.08, "warm_us": 52.99, "cold_min_us": 150.3, "warm_min_us": 51.9, "samples": 24}
{"event": "attend", "rows": 8, "requests": 4, "tokens": 2, "geometry": [16, 16, 4], "passed": true, "largest": 0.004831, "rms": 0.002436, "gated_steps": 0, "gated_differ": 0, "from_rule": [0.004831, 0.002437], "cold_us": 149.9, "warm_us": 51.26, "cold_min_us": 148.0, "warm_min_us": 48.42, "samples": 24}
{"event": "attend", "rows": 8, "requests": 4, "tokens": 2, "geometry": [16, 16, 8], "passed": true, "largest": 0.004831, "rms": 0.002436, "gated_steps": 0, "gated_differ": 0, "from_rule": [0.004831, 0.002437], "cold_us": 152.83, "warm_us": 53.54, "cold_min_us": 150.02, "warm_min_us": 49.79, "samples": 24}
{"event": "attend", "rows": 8, "requests": 4, "tokens": 2, "geometry": [16, 32, 2], "passed": true, "largest": 0.004831, "rms": 0.002393, "gated_steps": 0, "gated_differ": 0, "from_rule": [0.004831, 0.002015], "cold_us": 157.82, "warm_us": 63.65, "cold_min_us": 155.26, "warm_min_us": 61.44, "samples": 24}
{"event": "attend", "rows": 8, "requests": 4, "tokens": 2, "geometry": [16, 32, 4], "passed": true, "largest": 0.004831, "rms": 0.002393, "gated_steps": 0, "gated_differ": 0, "from_rule": [0.004831, 0.002015], "cold_us": 152.7, "warm_us": 59.34, "cold_min_us": 150.02, "warm_min_us": 56.86, "samples": 24}
{"event": "attend", "rows": 8, "requests": 4, "tokens": 2, "geometry": [16, 32, 8], "passed": true, "largest": 0.004831, "rms": 0.002393, "gated_steps": 0, "gated_differ": 0, "from_rule": [0.004831, 0.002015], "cold_us": 154.54, "warm_us": 63.78, "cold_min_us": 151.58, "warm_min_us": 61.5, "samples": 24}
{"event": "attend", "rows": 8, "requests": 4, "tokens": 2, "geometry": [16, 64, 2], "passed": true, "largest": 0.004831, "rms": 0.002333, "gated_steps": 0, "gated_differ": 0, "from_rule": [0.0, 0.0], "cold_us": 161.18, "warm_us": 73.5, "cold_min_us": 156.74, "warm_min_us": 71.84, "samples": 24}
{"event": "attend", "rows": 8, "requests": 4, "tokens": 2, "geometry": [16, 64, 4], "passed": true, "largest": 0.004831, "rms": 0.002333, "gated_steps": 0, "gated_differ": 0, "from_rule": [0.0, 0.0], "cold_us": 156.05, "warm_us": 65.31, "cold_min_us": 153.89, "warm_min_us": 63.97, "samples": 24}
{"event": "attend", "rows": 8, "requests": 4, "tokens": 2, "geometry": [16, 64, 8], "passed": true, "largest": 0.004831, "rms": 0.002333, "gated_steps": 0, "gated_differ": 0, "from_rule": [0.0, 0.0], "cold_us": 157.39, "warm_us": 76.13, "cold_min_us": 155.84, "warm_min_us": 73.73, "samples": 24}
{"event": "attend", "rows": 8, "requests": 4, "tokens": 2, "geometry": [32, 1, 2], "passed": true, "largest": 0.004831, "rms": 0.002465, "gated_steps": 0, "gated_differ": 0, "from_rule": [0.004831, 0.002912], "cold_us": 338.88, "warm_us": 295.9, "cold_min_us": 330.82, "warm_min_us": 293.47, "samples": 24}
{"event": "attend", "rows": 8, "requests": 4, "tokens": 2, "geometry": [32, 1, 4], "passed": true, "largest": 0.004831, "rms": 0.002465, "gated_steps": 0, "gated_differ": 0, "from_rule": [0.004831, 0.002912], "cold_us": 285.71, "warm_us": 206.9, "cold_min_us": 277.54, "warm_min_us": 205.44, "samples": 24}
{"event": "attend", "rows": 8, "requests": 4, "tokens": 2, "geometry": [32, 1, 8], "passed": true, "largest": 0.004831, "rms": 0.002465, "gated_steps": 0, "gated_differ": 0, "from_rule": [0.004831, 0.002912], "cold_us": 237.34, "warm_us": 185.81, "cold_min_us": 221.66, "warm_min_us": 183.23, "samples": 24}
{"event": "attend", "rows": 8, "requests": 4, "tokens": 2, "geometry": [32, 2, 2], "passed": true, "largest": 0.004831, "rms": 0.002435, "gated_steps": 0, "gated_differ": 0, "from_rule": [0.004831, 0.002862], "cold_us": 246.99, "warm_us": 169.46, "cold_min_us": 243.94, "warm_min_us": 166.62, "samples": 24}
{"event": "attend", "rows": 8, "requests": 4, "tokens": 2, "geometry": [32, 2, 4], "passed": true, "largest": 0.004831, "rms": 0.002435, "gated_steps": 0, "gated_differ": 0, "from_rule": [0.004831, 0.002862], "cold_us": 170.46, "warm_us": 114.5, "cold_min_us": 162.08, "warm_min_us": 112.51, "samples": 24}
{"event": "attend", "rows": 8, "requests": 4, "tokens": 2, "geometry": [32, 2, 8], "passed": true, "largest": 0.004831, "rms": 0.002435, "gated_steps": 0, "gated_differ": 0, "from_rule": [0.004831, 0.002862], "cold_us": 156.88, "warm_us": 105.98, "cold_min_us": 153.54, "warm_min_us": 103.58, "samples": 24}
{"event": "attend", "rows": 8, "requests": 4, "tokens": 2, "geometry": [32, 4, 2], "passed": true, "largest": 0.004831, "rms": 0.002461, "gated_steps": 0, "gated_differ": 0, "from_rule": [0.004831, 0.002817], "cold_us": 168.82, "warm_us": 99.22, "cold_min_us": 165.15, "warm_min_us": 97.92, "samples": 24}
{"event": "attend", "rows": 8, "requests": 4, "tokens": 2, "geometry": [32, 4, 4], "passed": true, "largest": 0.004831, "rms": 0.002461, "gated_steps": 0, "gated_differ": 0, "from_rule": [0.004831, 0.002817], "cold_us": 147.54, "warm_us": 71.65, "cold_min_us": 144.83, "warm_min_us": 68.86, "samples": 24}
{"event": "attend", "rows": 8, "requests": 4, "tokens": 2, "geometry": [32, 4, 8], "passed": true, "largest": 0.004831, "rms": 0.002461, "gated_steps": 0, "gated_differ": 0, "from_rule": [0.004831, 0.002817], "cold_us": 146.43, "warm_us": 65.6, "cold_min_us": 143.65, "warm_min_us": 62.85, "samples": 24}
{"event": "attend", "rows": 8, "requests": 4, "tokens": 2, "geometry": [32, 8, 2], "passed": true, "largest": 0.004831, "rms": 0.002458, "gated_steps": 0, "gated_differ": 0, "from_rule": [0.004831, 0.002692], "cold_us": 160.18, "warm_us": 66.16, "cold_min_us": 157.76, "warm_min_us": 63.87, "samples": 24}
{"event": "attend", "rows": 8, "requests": 4, "tokens": 2, "geometry": [32, 8, 4], "passed": true, "largest": 0.004831, "rms": 0.002458, "gated_steps": 0, "gated_differ": 0, "from_rule": [0.004831, 0.002692], "cold_us": 149.74, "warm_us": 53.17, "cold_min_us": 146.82, "warm_min_us": 51.55, "samples": 24}
{"event": "attend", "rows": 8, "requests": 4, "tokens": 2, "geometry": [32, 8, 8], "passed": true, "largest": 0.004831, "rms": 0.002458, "gated_steps": 0, "gated_differ": 0, "from_rule": [0.004831, 0.002692], "cold_us": 149.14, "warm_us": 52.69, "cold_min_us": 146.5, "warm_min_us": 51.07, "samples": 24}
{"event": "attend", "rows": 8, "requests": 4, "tokens": 2, "geometry": [32, 16, 2], "passed": true, "largest": 0.004831, "rms": 0.002437, "gated_steps": 0, "gated_differ": 0, "from_rule": [0.004831, 0.002494], "cold_us": 167.2, "warm_us": 79.26, "cold_min_us": 162.24, "warm_min_us": 76.67, "samples": 24}
{"event": "attend", "rows": 8, "requests": 4, "tokens": 2, "geometry": [32, 16, 4], "passed": true, "largest": 0.004831, "rms": 0.002437, "gated_steps": 0, "gated_differ": 0, "from_rule": [0.004831, 0.002494], "cold_us": 152.21, "warm_us": 61.04, "cold_min_us": 151.07, "warm_min_us": 58.88, "samples": 24}
{"event": "attend", "rows": 8, "requests": 4, "tokens": 2, "geometry": [32, 16, 8], "passed": true, "largest": 0.004831, "rms": 0.002437, "gated_steps": 0, "gated_differ": 0, "from_rule": [0.004831, 0.002494], "cold_us": 151.06, "warm_us": 57.7, "cold_min_us": 148.64, "warm_min_us": 54.85, "samples": 24}
{"event": "attend", "rows": 8, "requests": 4, "tokens": 2, "geometry": [32, 32, 2], "passed": true, "largest": 0.004831, "rms": 0.002423, "gated_steps": 0, "gated_differ": 0, "from_rule": [0.004831, 0.002244], "cold_us": 172.96, "warm_us": 79.79, "cold_min_us": 170.14, "warm_min_us": 78.27, "samples": 24}
{"event": "attend", "rows": 8, "requests": 4, "tokens": 2, "geometry": [32, 32, 4], "passed": true, "largest": 0.004831, "rms": 0.002423, "gated_steps": 0, "gated_differ": 0, "from_rule": [0.004831, 0.002245], "cold_us": 154.62, "warm_us": 63.94, "cold_min_us": 152.42, "warm_min_us": 61.66, "samples": 24}
{"event": "attend", "rows": 8, "requests": 4, "tokens": 2, "geometry": [32, 32, 8], "passed": true, "largest": 0.004831, "rms": 0.002423, "gated_steps": 0, "gated_differ": 0, "from_rule": [0.004831, 0.002245], "cold_us": 155.01, "warm_us": 63.28, "cold_min_us": 153.06, "warm_min_us": 60.45, "samples": 24}
{"event": "attend", "rows": 8, "requests": 4, "tokens": 2, "geometry": [32, 64, 2], "passed": true, "largest": 0.004831, "rms": 0.002363, "gated_steps": 0, "gated_differ": 0, "from_rule": [0.004831, 0.00195], "cold_us": 183.49, "warm_us": 103.14, "cold_min_us": 178.46, "warm_min_us": 100.61, "samples": 24}
{"event": "attend", "rows": 8, "requests": 4, "tokens": 2, "geometry": [32, 64, 4], "passed": true, "largest": 0.004831, "rms": 0.002362, "gated_steps": 0, "gated_differ": 0, "from_rule": [0.004831, 0.00195], "cold_us": 159.02, "warm_us": 80.59, "cold_min_us": 156.77, "warm_min_us": 77.95, "samples": 24}
{"event": "attend", "rows": 8, "requests": 4, "tokens": 2, "geometry": [32, 64, 8], "passed": true, "largest": 0.004831, "rms": 0.002362, "gated_steps": 0, "gated_differ": 0, "from_rule": [0.004831, 0.00195], "cold_us": 157.5, "warm_us": 76.32, "cold_min_us": 154.69, "warm_min_us": 74.08, "samples": 24}
{"event": "attend", "rows": 8, "requests": 4, "tokens": 2, "geometry": [64, 1, 2], "passed": true, "largest": 0.004831, "rms": 0.002447, "gated_steps": 0, "gated_differ": 0, "from_rule": [0.004831, 0.002922], "cold_us": 182.66, "warm_us": 127.38, "cold_min_us": 174.98, "warm_min_us": 125.92, "samples": 24}
{"event": "attend", "rows": 8, "requests": 4, "tokens": 2, "geometry": [64, 1, 4], "passed": true, "largest": 0.004831, "rms": 0.002447, "gated_steps": 0, "gated_differ": 0, "from_rule": [0.004831, 0.002922], "cold_us": 244.42, "warm_us": 166.16, "cold_min_us": 214.37, "warm_min_us": 163.23, "samples": 24}
{"event": "attend", "rows": 8, "requests": 4, "tokens": 2, "geometry": [64, 1, 8], "passed": true, "largest": 0.004831, "rms": 0.002447, "gated_steps": 0, "gated_differ": 0, "from_rule": [0.004831, 0.002922], "cold_us": 197.98, "warm_us": 146.22, "cold_min_us": 186.53, "warm_min_us": 143.39, "samples": 24}
{"event": "attend", "rows": 8, "requests": 4, "tokens": 2, "geometry": [64, 2, 2], "passed": true, "largest": 0.004831, "rms": 0.002477, "gated_steps": 0, "gated_differ": 0, "from_rule": [0.004831, 0.002897], "cold_us": 150.48, "warm_us": 80.86, "cold_min_us": 146.72, "warm_min_us": 77.47, "samples": 24}
{"event": "attend", "rows": 8, "requests": 4, "tokens": 2, "geometry": [64, 2, 4], "passed": true, "largest": 0.004831, "rms": 0.002477, "gated_steps": 0, "gated_differ": 0, "from_rule": [0.004831, 0.002897], "cold_us": 170.77, "warm_us": 100.27, "cold_min_us": 165.82, "warm_min_us": 98.21, "samples": 24}
{"event": "attend", "rows": 8, "requests": 4, "tokens": 2, "geometry": [64, 2, 8], "passed": true, "largest": 0.004831, "rms": 0.002477, "gated_steps": 0, "gated_differ": 0, "from_rule": [0.004831, 0.002897], "cold_us": 152.67, "warm_us": 88.83, "cold_min_us": 148.7, "warm_min_us": 85.57, "samples": 24}
{"event": "attend", "rows": 8, "requests": 4, "tokens": 2, "geometry": [64, 4, 2], "passed": true, "largest": 0.004831, "rms": 0.002457, "gated_steps": 0, "gated_differ": 0, "from_rule": [0.004831, 0.002854], "cold_us": 150.62, "warm_us": 54.72, "cold_min_us": 148.93, "warm_min_us": 52.77, "samples": 24}
{"event": "attend", "rows": 8, "requests": 4, "tokens": 2, "geometry": [64, 4, 4], "passed": true, "largest": 0.004831, "rms": 0.002457, "gated_steps": 0, "gated_differ": 0, "from_rule": [0.004831, 0.002854], "cold_us": 160.38, "warm_us": 67.18, "cold_min_us": 151.87, "warm_min_us": 65.22, "samples": 24}
{"event": "attend", "rows": 8, "requests": 4, "tokens": 2, "geometry": [64, 4, 8], "passed": true, "largest": 0.004831, "rms": 0.002457, "gated_steps": 0, "gated_differ": 0, "from_rule": [0.004831, 0.002854], "cold_us": 151.22, "warm_us": 61.14, "cold_min_us": 148.42, "warm_min_us": 58.3, "samples": 24}
{"event": "attend", "rows": 8, "requests": 4, "tokens": 2, "geometry": [64, 8, 2], "passed": true, "largest": 0.004831, "rms": 0.002448, "gated_steps": 0, "gated_differ": 0, "from_rule": [0.004831, 0.00273], "cold_us": 150.96, "warm_us": 60.26, "cold_min_us": 148.51, "warm_min_us": 57.57, "samples": 24}
{"event": "attend", "rows": 8, "requests": 4, "tokens": 2, "geometry": [64, 8, 4], "passed": true, "largest": 0.004831, "rms": 0.002448, "gated_steps": 0, "gated_differ": 0, "from_rule": [0.004831, 0.00273], "cold_us": 161.81, "warm_us": 72.8, "cold_min_us": 157.73, "warm_min_us": 70.27, "samples": 24}
{"event": "attend", "rows": 8, "requests": 4, "tokens": 2, "geometry": [64, 8, 8], "passed": true, "largest": 0.004831, "rms": 0.002448, "gated_steps": 0, "gated_differ": 0, "from_rule": [0.004831, 0.00273], "cold_us": 152.08, "warm_us": 66.82, "cold_min_us": 149.09, "warm_min_us": 63.81, "samples": 24}
{"event": "attend", "rows": 8, "requests": 4, "tokens": 2, "geometry": [64, 16, 2], "passed": true, "largest": 0.004831, "rms": 0.002443, "gated_steps": 0, "gated_differ": 0, "from_rule": [0.004831, 0.002642], "cold_us": 154.42, "warm_us": 63.66, "cold_min_us": 149.6, "warm_min_us": 60.35, "samples": 24}
{"event": "attend", "rows": 8, "requests": 4, "tokens": 2, "geometry": [64, 16, 4], "passed": true, "largest": 0.004831, "rms": 0.002443, "gated_steps": 0, "gated_differ": 0, "from_rule": [0.004831, 0.002642], "cold_us": 168.5, "warm_us": 72.94, "cold_min_us": 165.73, "warm_min_us": 70.98, "samples": 24}
{"event": "attend", "rows": 8, "requests": 4, "tokens": 2, "geometry": [64, 16, 8], "passed": true, "largest": 0.004831, "rms": 0.002443, "gated_steps": 0, "gated_differ": 0, "from_rule": [0.004831, 0.002642], "cold_us": 155.92, "warm_us": 68.34, "cold_min_us": 153.09, "warm_min_us": 66.91, "samples": 24}
{"event": "attend", "rows": 8, "requests": 4, "tokens": 2, "geometry": [64, 32, 2], "passed": true, "largest": 0.004831, "rms": 0.00243, "gated_steps": 0, "gated_differ": 0, "from_rule": [0.004831, 0.002509], "cold_us": 159.38, "warm_us": 76.75, "cold_min_us": 157.86, "warm_min_us": 74.88, "samples": 24}
{"event": "attend", "rows": 8, "requests": 4, "tokens": 2, "geometry": [64, 32, 4], "passed": true, "largest": 0.004831, "rms": 0.00243, "gated_steps": 0, "gated_differ": 0, "from_rule": [0.004831, 0.002509], "cold_us": 175.33, "warm_us": 93.17, "cold_min_us": 172.7, "warm_min_us": 91.42, "samples": 24}
{"event": "attend", "rows": 8, "requests": 4, "tokens": 2, "geometry": [64, 32, 8], "passed": true, "largest": 0.004831, "rms": 0.00243, "gated_steps": 0, "gated_differ": 0, "from_rule": [0.004831, 0.002509], "cold_us": 161.23, "warm_us": 83.09, "cold_min_us": 157.89, "warm_min_us": 79.94, "samples": 24}
{"event": "attend", "rows": 8, "requests": 4, "tokens": 2, "geometry": [128, 1, 4], "passed": false, "refused": "OutOfResources: out of resource: shared memory, Required: 137216, Hardware limit: 101376. Reducing block sizes or `num_stages` may help."}
{"event": "attend_verdict", "rows": 8, "cold": {"rule": [16, 64, 4], "passing": 60, "failing": [[128, 1, 4]], "fastest": [32, 4, 8], "fastest_us": 146.43, "rule_us": 156.05, "fastest_over_rule": 0.9384}, "warm": {"rule": [16, 64, 4], "passing": 60, "failing": [[128, 1, 4]], "fastest": [16, 16, 4], "fastest_us": 51.26, "rule_us": 65.31, "fastest_over_rule": 0.7849}}
{"event": "attend", "rows": 16, "requests": 8, "tokens": 2, "geometry": [16, 1, 2], "passed": true, "largest": 0.004425, "rms": 0.002541, "gated_steps": 0, "gated_differ": 0, "from_rule": [0.004425, 0.002926], "cold_us": 397.84, "warm_us": 387.95, "cold_min_us": 393.89, "warm_min_us": 382.53, "samples": 24}
{"event": "attend", "rows": 16, "requests": 8, "tokens": 2, "geometry": [16, 1, 4], "passed": true, "largest": 0.004425, "rms": 0.002541, "gated_steps": 0, "gated_differ": 0, "from_rule": [0.004425, 0.002926], "cold_us": 339.9, "warm_us": 317.09, "cold_min_us": 331.42, "warm_min_us": 313.12, "samples": 24}
{"event": "attend", "rows": 16, "requests": 8, "tokens": 2, "geometry": [16, 1, 8], "passed": true, "largest": 0.004425, "rms": 0.002541, "gated_steps": 0, "gated_differ": 0, "from_rule": [0.004425, 0.002926], "cold_us": 347.06, "warm_us": 328.22, "cold_min_us": 341.73, "warm_min_us": 323.9, "samples": 24}
{"event": "attend", "rows": 16, "requests": 8, "tokens": 2, "geometry": [16, 2, 2], "passed": true, "largest": 0.004425, "rms": 0.002494, "gated_steps": 0, "gated_differ": 0, "from_rule": [0.004425, 0.002826], "cold_us": 253.58, "warm_us": 216.5, "cold_min_us": 248.13, "warm_min_us": 213.66, "samples": 24}
{"event": "attend", "rows": 16, "requests": 8, "tokens": 2, "geometry": [16, 2, 4], "passed": true, "largest": 0.004425, "rms": 0.002494, "gated_steps": 0, "gated_differ": 0, "from_rule": [0.004425, 0.002826], "cold_us": 241.73, "warm_us": 198.82, "cold_min_us": 237.22, "warm_min_us": 195.78, "samples": 24}
{"event": "attend", "rows": 16, "requests": 8, "tokens": 2, "geometry": [16, 2, 8], "passed": true, "largest": 0.004425, "rms": 0.002494, "gated_steps": 0, "gated_differ": 0, "from_rule": [0.004425, 0.002826], "cold_us": 237.26, "warm_us": 187.39, "cold_min_us": 234.11, "warm_min_us": 185.15, "samples": 24}
{"event": "attend", "rows": 16, "requests": 8, "tokens": 2, "geometry": [16, 4, 2], "passed": true, "largest": 0.004425, "rms": 0.002524, "gated_steps": 0, "gated_differ": 0, "from_rule": [0.004425, 0.002699], "cold_us": 224.62, "warm_us": 146.35, "cold_min_us": 219.55, "warm_min_us": 143.52, "samples": 24}
{"event": "attend", "rows": 16, "requests": 8, "tokens": 2, "geometry": [16, 4, 4], "passed": true, "largest": 0.004425, "rms": 0.002524, "gated_steps": 0, "gated_differ": 0, "from_rule": [0.004425, 0.002699], "cold_us": 223.5, "warm_us": 146.96, "cold_min_us": 218.98, "warm_min_us": 143.2, "samples": 24}
{"event": "attend", "rows": 16, "requests": 8, "tokens": 2, "geometry": [16, 4, 8], "passed": true, "largest": 0.004425, "rms": 0.002524, "gated_steps": 0, "gated_differ": 0, "from_rule": [0.004425, 0.002699], "cold_us": 223.98, "warm_us": 146.99, "cold_min_us": 221.15, "warm_min_us": 143.9, "samples": 24}
{"event": "attend", "rows": 16, "requests": 8, "tokens": 2, "geometry": [16, 8, 2], "passed": true, "largest": 0.004425, "rms": 0.002494, "gated_steps": 0, "gated_differ": 0, "from_rule": [0.004425, 0.002497], "cold_us": 225.26, "warm_us": 146.14, "cold_min_us": 223.84, "warm_min_us": 142.43, "samples": 24}
{"event": "attend", "rows": 16, "requests": 8, "tokens": 2, "geometry": [16, 8, 4], "passed": true, "largest": 0.004425, "rms": 0.002494, "gated_steps": 0, "gated_differ": 0, "from_rule": [0.004425, 0.002497], "cold_us": 224.51, "warm_us": 147.23, "cold_min_us": 221.41, "warm_min_us": 144.16, "samples": 24}
{"event": "attend", "rows": 16, "requests": 8, "tokens": 2, "geometry": [16, 8, 8], "passed": true, "largest": 0.004425, "rms": 0.002494, "gated_steps": 0, "gated_differ": 0, "from_rule": [0.004425, 0.002497], "cold_us": 224.98, "warm_us": 144.56, "cold_min_us": 222.59, "warm_min_us": 141.18, "samples": 24}
{"event": "attend", "rows": 16, "requests": 8, "tokens": 2, "geometry": [16, 16, 2], "passed": true, "largest": 0.004425, "rms": 0.002446, "gated_steps": 0, "gated_differ": 0, "from_rule": [0.004425, 0.002119], "cold_us": 232.67, "warm_us": 156.51, "cold_min_us": 227.71, "warm_min_us": 153.34, "samples": 24}
{"event": "attend", "rows": 16, "requests": 8, "tokens": 2, "geometry": [16, 16, 4], "passed": true, "largest": 0.004425, "rms": 0.002446, "gated_steps": 0, "gated_differ": 0, "from_rule": [0.004425, 0.002119], "cold_us": 227.82, "warm_us": 151.82, "cold_min_us": 223.68, "warm_min_us": 149.02, "samples": 24}
{"event": "attend", "rows": 16, "requests": 8, "tokens": 2, "geometry": [16, 16, 8], "passed": true, "largest": 0.004425, "rms": 0.002446, "gated_steps": 0, "gated_differ": 0, "from_rule": [0.004425, 0.002119], "cold_us": 228.98, "warm_us": 151.66, "cold_min_us": 225.15, "warm_min_us": 149.44, "samples": 24}
{"event": "attend", "rows": 16, "requests": 8, "tokens": 2, "geometry": [16, 32, 2], "passed": true, "largest": 0.004425, "rms": 0.002389, "gated_steps": 0, "gated_differ": 0, "from_rule": [0.0, 0.0], "cold_us": 233.7, "warm_us": 166.26, "cold_min_us": 230.78, "warm_min_us": 162.08, "samples": 24}
{"event": "attend", "rows": 16, "requests": 8, "tokens": 2, "geometry": [16, 32, 4], "passed": true, "largest": 0.004425, "rms": 0.002389, "gated_steps": 0, "gated_differ": 0, "from_rule": [0.0, 0.0], "cold_us": 231.76, "warm_us": 161.86, "cold_min_us": 225.15, "warm_min_us": 159.42, "samples": 24}
{"event": "attend", "rows": 16, "requests": 8, "tokens": 2, "geometry": [16, 32, 8], "passed": true, "largest": 0.004425, "rms": 0.002389, "gated_steps": 0, "gated_differ": 0, "from_rule": [0.0, 0.0], "cold_us": 231.06, "warm_us": 164.98, "cold_min_us": 229.15, "warm_min_us": 161.31, "samples": 24}
{"event": "attend", "rows": 16, "requests": 8, "tokens": 2, "geometry": [16, 64, 2], "passed": true, "largest": 0.004425, "rms": 0.002361, "gated_steps": 0, "gated_differ": 0, "from_rule": [0.004425, 0.002053], "cold_us": 243.7, "warm_us": 191.7, "cold_min_us": 240.35, "warm_min_us": 189.89, "samples": 24}
{"event": "attend", "rows": 16, "requests": 8, "tokens": 2, "geometry": [16, 64, 4], "passed": true, "largest": 0.004425, "rms": 0.002361, "gated_steps": 0, "gated_differ": 0, "from_rule": [0.004425, 0.002053], "cold_us": 242.14, "warm_us": 188.32, "cold_min_us": 240.06, "warm_min_us": 185.98, "samples": 24}
{"event": "attend", "rows": 16, "requests": 8, "tokens": 2, "geometry": [16, 64, 8], "passed": true, "largest": 0.004425, "rms": 0.002361, "gated_steps": 0, "gated_differ": 0, "from_rule": [0.004425, 0.002053], "cold_us": 242.0, "warm_us": 191.47, "cold_min_us": 238.94, "warm_min_us": 186.11, "samples": 24}
{"event": "attend", "rows": 16, "requests": 8, "tokens": 2, "geometry": [32, 1, 2], "passed": true, "largest": 0.004425, "rms": 0.002528, "gated_steps": 0, "gated_differ": 0, "from_rule": [0.004425, 0.002923], "cold_us": 383.5, "warm_us": 327.25, "cold_min_us": 376.64, "warm_min_us": 323.81, "samples": 24}
{"event": "attend", "rows": 16, "requests": 8, "tokens": 2, "geometry": [32, 1, 4], "passed": true, "largest": 0.004425, "rms": 0.002528, "gated_steps": 0, "gated_differ": 0, "from_rule": [0.004425, 0.002923], "cold_us": 288.56, "warm_us": 257.3, "cold_min_us": 277.12, "warm_min_us": 249.12, "samples": 24}
{"event": "attend", "rows": 16, "requests": 8, "tokens": 2, "geometry": [32, 1, 8], "passed": true, "largest": 0.004425, "rms": 0.002528, "gated_steps": 0, "gated_differ": 0, "from_rule": [0.004425, 0.002923], "cold_us": 258.11, "warm_us": 222.0, "cold_min_us": 252.35, "warm_min_us": 215.9, "samples": 24}
{"event": "attend", "rows": 16, "requests": 8, "tokens": 2, "geometry": [32, 2, 2], "passed": true, "largest": 0.004425, "rms": 0.002504, "gated_steps": 0, "gated_differ": 0, "from_rule": [0.004425, 0.002827], "cold_us": 253.58, "warm_us": 211.3, "cold_min_us": 248.45, "warm_min_us": 204.19, "samples": 24}
{"event": "attend", "rows": 16, "requests": 8, "tokens": 2, "geometry": [32, 2, 4], "passed": true, "largest": 0.004425, "rms": 0.002504, "gated_steps": 0, "gated_differ": 0, "from_rule": [0.004425, 0.002827], "cold_us": 225.65, "warm_us": 150.86, "cold_min_us": 221.95, "warm_min_us": 147.74, "samples": 24}
{"event": "attend", "rows": 16, "requests": 8, "tokens": 2, "geometry": [32, 2, 8], "passed": true, "largest": 0.004425, "rms": 0.002504, "gated_steps": 0, "gated_differ": 0, "from_rule": [0.004425, 0.002827], "cold_us": 221.12, "warm_us": 144.54, "cold_min_us": 218.59, "warm_min_us": 137.54, "samples": 24}
{"event": "attend", "rows": 16, "requests": 8, "tokens": 2, "geometry": [32, 4, 2], "passed": true, "largest": 0.004425, "rms": 0.002519, "gated_steps": 0, "gated_differ": 0, "from_rule": [0.004425, 0.002724], "cold_us": 235.58, "warm_us": 152.59, "cold_min_us": 232.1, "warm_min_us": 147.55, "samples": 24}
{"event": "attend", "rows": 16, "requests": 8, "tokens": 2, "geometry": [32, 4, 4], "passed": true, "largest": 0.004425, "rms": 0.002519, "gated_steps": 0, "gated_differ": 0, "from_rule": [0.004425, 0.002724], "cold_us": 225.6, "warm_us": 145.81, "cold_min_us": 222.18, "warm_min_us": 142.05, "samples": 24}
{"event": "attend", "rows": 16, "requests": 8, "tokens": 2, "geometry": [32, 4, 8], "passed": true, "largest": 0.004425, "rms": 0.002519, "gated_steps": 0, "gated_differ": 0, "from_rule": [0.004425, 0.002724], "cold_us": 223.55, "warm_us": 141.87, "cold_min_us": 220.77, "warm_min_us": 138.98, "samples": 24}
{"event": "attend", "rows": 16, "requests": 8, "tokens": 2, "geometry": [32, 8, 2], "passed": true, "largest": 0.004425, "rms": 0.002492, "gated_steps": 0, "gated_differ": 0, "from_rule": [0.004425, 0.002563], "cold_us": 249.14, "warm_us": 169.34, "cold_min_us": 246.62, "warm_min_us": 165.82, "samples": 24}
{"event": "attend", "rows": 16, "requests": 8, "tokens": 2, "geometry": [32, 8, 4], "passed": true, "largest": 0.004425, "rms": 0.002492, "gated_steps": 0, "gated_differ": 0, "from_rule": [0.004425, 0.002563], "cold_us": 225.65, "warm_us": 149.23, "cold_min_us": 222.78, "warm_min_us": 146.18, "samples": 24}
{"event": "attend", "rows": 16, "requests": 8, "tokens": 2, "geometry": [32, 8, 8], "passed": true, "largest": 0.004425, "rms": 0.002492, "gated_steps": 0, "gated_differ": 0, "from_rule": [0.004425, 0.002563], "cold_us": 226.46, "warm_us": 147.94, "cold_min_us": 222.98, "warm_min_us": 143.14, "samples": 24}
{"event": "attend", "rows": 16, "requests": 8, "tokens": 2, "geometry": [32, 16, 2], "passed": true, "largest": 0.004425, "rms": 0.00246, "gated_steps": 0, "gated_differ": 0, "from_rule": [0.004425, 0.002297], "cold_us": 242.67, "warm_us": 165.38, "cold_min_us": 239.52, "warm_min_us": 162.82, "samples": 24}
{"event": "attend", "rows": 16, "requests": 8, "tokens": 2, "geometry": [32, 16, 4], "passed": true, "largest": 0.004425, "rms": 0.002457, "gated_steps": 0, "gated_differ": 0, "from_rule": [0.004425, 0.002293], "cold_us": 228.88, "warm_us": 153.36, "cold_min_us": 225.63, "warm_min_us": 149.28, "samples": 24}
{"event": "attend", "rows": 16, "requests": 8, "tokens": 2, "geometry": [32, 16, 8], "passed": true, "largest": 0.004425, "rms": 0.002457, "gated_steps": 0, "gated_differ": 0, "from_rule": [0.004425, 0.002293], "cold_us": 227.65, "warm_us": 149.71, "cold_min_us": 224.13, "warm_min_us": 146.62, "samples": 24}
{"event": "attend", "rows": 16, "requests": 8, "tokens": 2, "geometry": [32, 32, 2], "passed": true, "largest": 0.004425, "rms": 0.002425, "gated_steps": 0, "gated_differ": 0, "from_rule": [0.004425, 0.001838], "cold_us": 250.35, "warm_us": 179.12, "cold_min_us": 246.66, "warm_min_us": 174.3, "samples": 24}
{"event": "attend", "rows": 16, "requests": 8, "tokens": 2, "geometry": [32, 32, 4], "passed": true, "largest": 0.004425, "rms": 0.002425, "gated_steps": 0, "gated_differ": 0, "from_rule": [0.004425, 0.001838], "cold_us": 232.67, "warm_us": 164.42, "cold_min_us": 228.32, "warm_min_us": 161.34, "samples": 24}
{"event": "attend", "rows": 16, "requests": 8, "tokens": 2, "geometry": [32, 32, 8], "passed": true, "largest": 0.004425, "rms": 0.002425, "gated_steps": 0, "gated_differ": 0, "from_rule": [0.004425, 0.001838], "cold_us": 230.7, "warm_us": 160.56, "cold_min_us": 228.96, "warm_min_us": 156.86, "samples": 24}
{"event": "attend", "rows": 16, "requests": 8, "tokens": 2, "geometry": [32, 64, 2], "passed": true, "largest": 0.004425, "rms": 0.002367, "gated_steps": 0, "gated_differ": 0, "from_rule": [0.004425, 0.002299], "cold_us": 266.21, "warm_us": 211.02, "cold_min_us": 262.72, "warm_min_us": 205.7, "samples": 24}
{"event": "attend", "rows": 16, "requests": 8, "tokens": 2, "geometry": [32, 64, 4], "passed": true, "largest": 0.004425, "rms": 0.002367, "gated_steps": 0, "gated_differ": 0, "from_rule": [0.004425, 0.002299], "cold_us": 242.75, "warm_us": 193.81, "cold_min_us": 239.36, "warm_min_us": 190.34, "samples": 24}
{"event": "attend", "rows": 16, "requests": 8, "tokens": 2, "geometry": [32, 64, 8], "passed": true, "largest": 0.004425, "rms": 0.002367, "gated_steps": 0, "gated_differ": 0, "from_rule": [0.004425, 0.002299], "cold_us": 241.46, "warm_us": 190.27, "cold_min_us": 237.66, "warm_min_us": 185.54, "samples": 24}
{"event": "attend", "rows": 16, "requests": 8, "tokens": 2, "geometry": [64, 1, 2], "passed": true, "largest": 0.004425, "rms": 0.002527, "gated_steps": 0, "gated_differ": 0, "from_rule": [0.004425, 0.002937], "cold_us": 221.71, "warm_us": 155.31, "cold_min_us": 217.47, "warm_min_us": 151.17, "samples": 24}
{"event": "attend", "rows": 16, "requests": 8, "tokens": 2, "geometry": [64, 1, 4], "passed": true, "largest": 0.004425, "rms": 0.002527, "gated_steps": 0, "gated_differ": 0, "from_rule": [0.004425, 0.002937], "cold_us": 249.04, "warm_us": 191.68, "cold_min_us": 244.19, "warm_min_us": 184.7, "samples": 24}
{"event": "attend", "rows": 16, "requests": 8, "tokens": 2, "geometry": [64, 1, 8], "passed": true, "largest": 0.004425, "rms": 0.002527, "gated_steps": 0, "gated_differ": 0, "from_rule": [0.004425, 0.002937], "cold_us": 227.62, "warm_us": 167.7, "cold_min_us": 224.06, "warm_min_us": 164.22, "samples": 24}
{"event": "attend", "rows": 16, "requests": 8, "tokens": 2, "geometry": [64, 2, 2], "passed": true, "largest": 0.004425, "rms": 0.002514, "gated_steps": 0, "gated_differ": 0, "from_rule": [0.004425, 0.002852], "cold_us": 223.26, "warm_us": 140.61, "cold_min_us": 220.67, "warm_min_us": 136.0, "samples": 24}
{"event": "attend", "rows": 16, "requests": 8, "tokens": 2, "geometry": [64, 2, 4], "passed": true, "largest": 0.004425, "rms": 0.002514, "gated_steps": 0, "gated_differ": 0, "from_rule": [0.004425, 0.002852], "cold_us": 234.94, "warm_us": 149.98, "cold_min_us": 230.05, "warm_min_us": 145.22, "samples": 24}
{"event": "attend", "rows": 16, "requests": 8, "tokens": 2, "geometry": [64, 2, 8], "passed": true, "largest": 0.004425, "rms": 0.002514, "gated_steps": 0, "gated_differ": 0, "from_rule": [0.004425, 0.002852], "cold_us": 224.06, "warm_us": 144.43, "cold_min_us": 221.34, "warm_min_us": 139.87, "samples": 24}
{"event": "attend", "rows": 16, "requests": 8, "tokens": 2, "geometry": [64, 4, 2], "passed": true, "largest": 0.004425, "rms": 0.002498, "gated_steps": 0, "gated_differ": 0, "from_rule": [0.004425, 0.002754], "cold_us": 228.45, "warm_us": 148.58, "cold_min_us": 223.81, "warm_min_us": 145.63, "samples": 24}
{"event": "attend", "rows": 16, "requests": 8, "tokens": 2, "geometry": [64, 4, 4], "passed": true, "largest": 0.004425, "rms": 0.002498, "gated_steps": 0, "gated_differ": 0, "from_rule": [0.004425, 0.002753], "cold_us": 242.06, "warm_us": 162.03, "cold_min_us": 239.39, "warm_min_us": 159.9, "samples": 24}
{"event": "attend", "rows": 16, "requests": 8, "tokens": 2, "geometry": [64, 4, 8], "passed": true, "largest": 0.004425, "rms": 0.002498, "gated_steps": 0, "gated_differ": 0, "from_rule": [0.004425, 0.002753], "cold_us": 229.79, "warm_us": 152.98, "cold_min_us": 227.46, "warm_min_us": 147.81, "samples": 24}
{"event": "attend", "rows": 16, "requests": 8, "tokens": 2, "geometry": [64, 8, 2], "passed": true, "largest": 0.004425, "rms": 0.002476, "gated_steps": 0, "gated_differ": 0, "from_rule": [0.004425, 0.002617], "cold_us": 224.45, "warm_us": 145.98, "cold_min_us": 222.18, "warm_min_us": 143.55, "samples": 24}
{"event": "attend", "rows": 16, "requests": 8, "tokens": 2, "geometry": [64, 8, 4], "passed": true, "largest": 0.004425, "rms": 0.002476, "gated_steps": 0, "gated_differ": 0, "from_rule": [0.004425, 0.002617], "cold_us": 234.77, "warm_us": 154.62, "cold_min_us": 231.9, "warm_min_us": 152.99, "samples": 24}
{"event": "attend", "rows": 16, "requests": 8, "tokens": 2, "geometry": [64, 8, 8], "passed": true, "largest": 0.004425, "rms": 0.002476, "gated_steps": 0, "gated_differ": 0, "from_rule": [0.004425, 0.002617], "cold_us": 227.49, "warm_us": 148.27, "cold_min_us": 222.88, "warm_min_us": 145.25, "samples": 24}
{"event": "attend", "rows": 16, "requests": 8, "tokens": 2, "geometry": [64, 16, 2], "passed": true, "largest": 0.004425, "rms": 0.002482, "gated_steps": 0, "gated_differ": 0, "from_rule": [0.004425, 0.002454], "cold_us": 227.34, "warm_us": 152.62, "cold_min_us": 224.13, "warm_min_us": 148.03, "samples": 24}
{"event": "attend", "rows": 16, "requests": 8, "tokens": 2, "geometry": [64, 16, 4], "passed": true, "largest": 0.004425, "rms": 0.002482, "gated_steps": 0, "gated_differ": 0, "from_rule": [0.004425, 0.002454], "cold_us": 244.62, "warm_us": 160.29, "cold_min_us": 241.54, "warm_min_us": 157.98, "samples": 24}
{"event": "attend", "rows": 16, "requests": 8, "tokens": 2, "geometry": [64, 16, 8], "passed": true, "largest": 0.004425, "rms": 0.002482, "gated_steps": 0, "gated_differ": 0, "from_rule": [0.004425, 0.002454], "cold_us": 231.01, "warm_us": 154.45, "cold_min_us": 227.39, "warm_min_us": 151.26, "samples": 24}
{"event": "attend", "rows": 16, "requests": 8, "tokens": 2, "geometry": [64, 32, 2], "passed": true, "largest": 0.004425, "rms": 0.002464, "gated_steps": 0, "gated_differ": 0, "from_rule": [0.004425, 0.002214], "cold_us": 232.38, "warm_us": 167.42, "cold_min_us": 229.44, "warm_min_us": 163.04, "samples": 24}
{"event": "attend", "rows": 16, "requests": 8, "tokens": 2, "geometry": [64, 32, 4], "passed": true, "largest": 0.004425, "rms": 0.002464, "gated_steps": 0, "gated_differ": 0, "from_rule": [0.004425, 0.002214], "cold_us": 250.83, "warm_us": 179.02, "cold_min_us": 248.58, "warm_min_us": 175.87, "samples": 24}
{"event": "attend", "rows": 16, "requests": 8, "tokens": 2, "geometry": [64, 32, 8], "passed": true, "largest": 0.004425, "rms": 0.002464, "gated_steps": 0, "gated_differ": 0, "from_rule": [0.004425, 0.002214], "cold_us": 236.96, "warm_us": 171.55, "cold_min_us": 234.53, "warm_min_us": 167.14, "samples": 24}
{"event": "attend", "rows": 16, "requests": 8, "tokens": 2, "geometry": [128, 1, 4], "passed": false, "refused": "OutOfResources: out of resource: shared memory, Required: 137216, Hardware limit: 101376. Reducing block sizes or `num_stages` may help."}
{"event": "attend_verdict", "rows": 16, "cold": {"rule": [16, 32, 4], "passing": 60, "failing": [[128, 1, 4]], "fastest": [32, 2, 8], "fastest_us": 221.12, "rule_us": 231.76, "fastest_over_rule": 0.9541}, "warm": {"rule": [16, 32, 4], "passing": 60, "failing": [[128, 1, 4]], "fastest": [64, 2, 2], "fastest_us": 140.61, "rule_us": 161.86, "fastest_over_rule": 0.8687}}
{"event": "attend", "rows": 32, "requests": 8, "tokens": 4, "geometry": [16, 1, 2], "passed": true, "largest": 0.004525, "rms": 0.0025, "gated_steps": 0, "gated_differ": 0, "from_rule": [0.004525, 0.002859], "cold_us": 431.17, "warm_us": 402.98, "cold_min_us": 424.54, "warm_min_us": 397.31, "samples": 24}
{"event": "attend", "rows": 32, "requests": 8, "tokens": 4, "geometry": [16, 1, 4], "passed": true, "largest": 0.004525, "rms": 0.0025, "gated_steps": 0, "gated_differ": 0, "from_rule": [0.004525, 0.002859], "cold_us": 373.63, "warm_us": 339.01, "cold_min_us": 369.79, "warm_min_us": 334.82, "samples": 24}
{"event": "attend", "rows": 32, "requests": 8, "tokens": 4, "geometry": [16, 1, 8], "passed": true, "largest": 0.004525, "rms": 0.0025, "gated_steps": 0, "gated_differ": 0, "from_rule": [0.004525, 0.002859], "cold_us": 384.96, "warm_us": 350.62, "cold_min_us": 379.39, "warm_min_us": 344.77, "samples": 24}
{"event": "attend", "rows": 32, "requests": 8, "tokens": 4, "geometry": [16, 2, 2], "passed": true, "largest": 0.004525, "rms": 0.00252, "gated_steps": 0, "gated_differ": 0, "from_rule": [0.004525, 0.002701], "cold_us": 319.73, "warm_us": 255.54, "cold_min_us": 315.71, "warm_min_us": 251.58, "samples": 24}
{"event": "attend", "rows": 32, "requests": 8, "tokens": 4, "geometry": [16, 2, 4], "passed": true, "largest": 0.004525, "rms": 0.00252, "gated_steps": 0, "gated_differ": 0, "from_rule": [0.004525, 0.002701], "cold_us": 316.37, "warm_us": 252.91, "cold_min_us": 312.06, "warm_min_us": 249.76, "samples": 24}
{"event": "attend", "rows": 32, "requests": 8, "tokens": 4, "geometry": [16, 2, 8], "passed": true, "largest": 0.004525, "rms": 0.00252, "gated_steps": 0, "gated_differ": 0, "from_rule": [0.004525, 0.002701], "cold_us": 320.22, "warm_us": 255.09, "cold_min_us": 316.7, "warm_min_us": 251.2, "samples": 24}
{"event": "attend", "rows": 32, "requests": 8, "tokens": 4, "geometry": [16, 4, 2], "passed": true, "largest": 0.004525, "rms": 0.002512, "gated_steps": 0, "gated_differ": 0, "from_rule": [0.004525, 0.002402], "cold_us": 318.37, "warm_us": 251.95, "cold_min_us": 314.14, "warm_min_us": 249.66, "samples": 24}
{"event": "attend", "rows": 32, "requests": 8, "tokens": 4, "geometry": [16, 4, 4], "passed": true, "largest": 0.004525, "rms": 0.002512, "gated_steps": 0, "gated_differ": 0, "from_rule": [0.004525, 0.002402], "cold_us": 316.48, "warm_us": 247.26, "cold_min_us": 310.91, "warm_min_us": 244.16, "samples": 24}
{"event": "attend", "rows": 32, "requests": 8, "tokens": 4, "geometry": [16, 4, 8], "passed": true, "largest": 0.004525, "rms": 0.002512, "gated_steps": 0, "gated_differ": 0, "from_rule": [0.004525, 0.002402], "cold_us": 317.74, "warm_us": 250.16, "cold_min_us": 314.18, "warm_min_us": 248.13, "samples": 24}
{"event": "attend", "rows": 32, "requests": 8, "tokens": 4, "geometry": [16, 8, 2], "passed": true, "largest": 0.004525, "rms": 0.002478, "gated_steps": 0, "gated_differ": 0, "from_rule": [0.004525, 0.001889], "cold_us": 329.58, "warm_us": 266.93, "cold_min_us": 326.11, "warm_min_us": 261.44, "samples": 24}
{"event": "attend", "rows": 32, "requests": 8, "tokens": 4, "geometry": [16, 8, 4], "passed": true, "largest": 0.004525, "rms": 0.002478, "gated_steps": 0, "gated_differ": 0, "from_rule": [0.004525, 0.001889], "cold_us": 323.49, "warm_us": 260.91, "cold_min_us": 319.71, "warm_min_us": 257.18, "samples": 24}
{"event": "attend", "rows": 32, "requests": 8, "tokens": 4, "geometry": [16, 8, 8], "passed": true, "largest": 0.004525, "rms": 0.002478, "gated_steps": 0, "gated_differ": 0, "from_rule": [0.004525, 0.001889], "cold_us": 323.49, "warm_us": 257.87, "cold_min_us": 320.22, "warm_min_us": 253.28, "samples": 24}
{"event": "attend", "rows": 32, "requests": 8, "tokens": 4, "geometry": [16, 16, 2], "passed": true, "largest": 0.004525, "rms": 0.002453, "gated_steps": 0, "gated_differ": 0, "from_rule": [0.004525, 0.002442], "cold_us": 330.51, "warm_us": 272.32, "cold_min_us": 327.58, "warm_min_us": 267.36, "samples": 24}
{"event": "attend", "rows": 32, "requests": 8, "tokens": 4, "geometry": [16, 16, 4], "passed": true, "largest": 0.004525, "rms": 0.002453, "gated_steps": 0, "gated_differ": 0, "from_rule": [0.004525, 0.002442], "cold_us": 326.48, "warm_us": 268.34, "cold_min_us": 322.5, "warm_min_us": 265.66, "samples": 24}
{"event": "attend", "rows": 32, "requests": 8, "tokens": 4, "geometry": [16, 16, 8], "passed": true, "largest": 0.004525, "rms": 0.002453, "gated_steps": 0, "gated_differ": 0, "from_rule": [0.004525, 0.002442], "cold_us": 327.57, "warm_us": 267.97, "cold_min_us": 324.03, "warm_min_us": 263.94, "samples": 24}
{"event": "attend", "rows": 32, "requests": 8, "tokens": 4, "geometry": [16, 32, 2], "passed": true, "largest": 0.004525, "rms": 0.002421, "gated_steps": 0, "gated_differ": 0, "from_rule": [0.004525, 0.002663], "cold_us": 343.49, "warm_us": 295.55, "cold_min_us": 341.15, "warm_min_us": 290.91, "samples": 24}
{"event": "attend", "rows": 32, "requests": 8, "tokens": 4, "geometry": [16, 32, 4], "passed": true, "largest": 0.004525, "rms": 0.002421, "gated_steps": 0, "gated_differ": 0, "from_rule": [0.004525, 0.002663], "cold_us": 340.08, "warm_us": 289.82, "cold_min_us": 336.35, "warm_min_us": 286.88, "samples": 24}
{"event": "attend", "rows": 32, "requests": 8, "tokens": 4, "geometry": [16, 32, 8], "passed": true, "largest": 0.004525, "rms": 0.002421, "gated_steps": 0, "gated_differ": 0, "from_rule": [0.004525, 0.002663], "cold_us": 341.07, "warm_us": 290.8, "cold_min_us": 338.69, "warm_min_us": 285.7, "samples": 24}
{"event": "attend", "rows": 32, "requests": 8, "tokens": 4, "geometry": [16, 64, 2], "passed": true, "largest": 0.004525, "rms": 0.002372, "gated_steps": 0, "gated_differ": 0, "from_rule": [0.004525, 0.002795], "cold_us": 382.62, "warm_us": 341.89, "cold_min_us": 378.4, "warm_min_us": 338.18, "samples": 24}
{"event": "attend", "rows": 32, "requests": 8, "tokens": 4, "geometry": [16, 64, 4], "passed": true, "largest": 0.004525, "rms": 0.002372, "gated_steps": 0, "gated_differ": 0, "from_rule": [0.004525, 0.002795], "cold_us": 381.02, "warm_us": 338.62, "cold_min_us": 378.75, "warm_min_us": 334.59, "samples": 24}
{"event": "attend", "rows": 32, "requests": 8, "tokens": 4, "geometry": [16, 64, 8], "passed": true, "largest": 0.004525, "rms": 0.002372, "gated_steps": 0, "gated_differ": 0, "from_rule": [0.004525, 0.002795], "cold_us": 381.84, "warm_us": 340.11, "cold_min_us": 377.66, "warm_min_us": 337.09, "samples": 24}
{"event": "attend", "rows": 32, "requests": 8, "tokens": 4, "geometry": [32, 1, 2], "passed": true, "largest": 0.004525, "rms": 0.002501, "gated_steps": 0, "gated_differ": 0, "from_rule": [0.004525, 0.002838], "cold_us": 390.32, "warm_us": 350.22, "cold_min_us": 383.55, "warm_min_us": 339.33, "samples": 24}
{"event": "attend", "rows": 32, "requests": 8, "tokens": 4, "geometry": [32, 1, 4], "passed": true, "largest": 0.004525, "rms": 0.002501, "gated_steps": 0, "gated_differ": 0, "from_rule": [0.004525, 0.002838], "cold_us": 319.97, "warm_us": 264.32, "cold_min_us": 314.94, "warm_min_us": 261.73, "samples": 24}
{"event": "attend", "rows": 32, "requests": 8, "tokens": 4, "geometry": [32, 1, 8], "passed": true, "largest": 0.004525, "rms": 0.002501, "gated_steps": 0, "gated_differ": 0, "from_rule": [0.004525, 0.002838], "cold_us": 312.54, "warm_us": 251.65, "cold_min_us": 309.82, "warm_min_us": 248.86, "samples": 24}
{"event": "attend", "rows": 32, "requests": 8, "tokens": 4, "geometry": [32, 2, 2], "passed": true, "largest": 0.004525, "rms": 0.002515, "gated_steps": 0, "gated_differ": 0, "from_rule": [0.004525, 0.002673], "cold_us": 324.85, "warm_us": 258.06, "cold_min_us": 322.78, "warm_min_us": 253.09, "samples": 24}
{"event": "attend", "rows": 32, "requests": 8, "tokens": 4, "geometry": [32, 2, 4], "passed": true, "largest": 0.004525, "rms": 0.002515, "gated_steps": 0, "gated_differ": 0, "from_rule": [0.004525, 0.002673], "cold_us": 313.81, "warm_us": 249.49, "cold_min_us": 311.2, "warm_min_us": 246.05, "samples": 24}
{"event": "attend", "rows": 32, "requests": 8, "tokens": 4, "geometry": [32, 2, 8], "passed": true, "largest": 0.004525, "rms": 0.002515, "gated_steps": 0, "gated_differ": 0, "from_rule": [0.004525, 0.002673], "cold_us": 314.13, "warm_us": 247.92, "cold_min_us": 311.52, "warm_min_us": 244.13, "samples": 24}
{"event": "attend", "rows": 32, "requests": 8, "tokens": 4, "geometry": [32, 4, 2], "passed": true, "largest": 0.004525, "rms": 0.002523, "gated_steps": 0, "gated_differ": 0, "from_rule": [0.004525, 0.002351], "cold_us": 361.22, "warm_us": 293.71, "cold_min_us": 355.42, "warm_min_us": 286.66, "samples": 24}
{"event": "attend", "rows": 32, "requests": 8, "tokens": 4, "geometry": [32, 4, 4], "passed": true, "largest": 0.004525, "rms": 0.002523, "gated_steps": 0, "gated_differ": 0, "from_rule": [0.004525, 0.002351], "cold_us": 322.99, "warm_us": 258.64, "cold_min_us": 320.8, "warm_min_us": 256.32, "samples": 24}
{"event": "attend", "rows": 32, "requests": 8, "tokens": 4, "geometry": [32, 4, 8], "passed": true, "largest": 0.004525, "rms": 0.002523, "gated_steps": 0, "gated_differ": 0, "from_rule": [0.004525, 0.002351], "cold_us": 325.62, "warm_us": 257.94, "cold_min_us": 321.12, "warm_min_us": 250.69, "samples": 24}
{"event": "attend", "rows": 32, "requests": 8, "tokens": 4, "geometry": [32, 8, 2], "passed": true, "largest": 0.004525, "rms": 0.002498, "gated_steps": 0, "gated_differ": 0, "from_rule": [0.004525, 0.001691], "cold_us": 338.54, "warm_us": 273.12, "cold_min_us": 335.01, "warm_min_us": 269.95, "samples": 24}
{"event": "attend", "rows": 32, "requests": 8, "tokens": 4, "geometry": [32, 8, 4], "passed": true, "largest": 0.004525, "rms": 0.002498, "gated_steps": 0, "gated_differ": 0, "from_rule": [0.004525, 0.001691], "cold_us": 320.51, "warm_us": 257.82, "cold_min_us": 318.46, "warm_min_us": 254.4, "samples": 24}
{"event": "attend", "rows": 32, "requests": 8, "tokens": 4, "geometry": [32, 8, 8], "passed": true, "largest": 0.004525, "rms": 0.002498, "gated_steps": 0, "gated_differ": 0, "from_rule": [0.004525, 0.001691], "cold_us": 320.16, "warm_us": 256.03, "cold_min_us": 317.25, "warm_min_us": 251.71, "samples": 24}
{"event": "attend", "rows": 32, "requests": 8, "tokens": 4, "geometry": [32, 16, 2], "passed": true, "largest": 0.004525, "rms": 0.002469, "gated_steps": 0, "gated_differ": 0, "from_rule": [0.004525, 0.002342], "cold_us": 343.63, "warm_us": 283.6, "cold_min_us": 338.53, "warm_min_us": 278.72, "samples": 24}
{"event": "attend", "rows": 32, "requests": 8, "tokens": 4, "geometry": [32, 16, 4], "passed": true, "largest": 0.004525, "rms": 0.002468, "gated_steps": 0, "gated_differ": 0, "from_rule": [0.004525, 0.002342], "cold_us": 326.64, "warm_us": 269.65, "cold_min_us": 323.36, "warm_min_us": 267.49, "samples": 24}
{"event": "attend", "rows": 32, "requests": 8, "tokens": 4, "geometry": [32, 16, 8], "passed": true, "largest": 0.004525, "rms": 0.002468, "gated_steps": 0, "gated_differ": 0, "from_rule": [0.004525, 0.002342], "cold_us": 326.29, "warm_us": 268.45, "cold_min_us": 323.2, "warm_min_us": 263.9, "samples": 24}
{"event": "attend", "rows": 32, "requests": 8, "tokens": 4, "geometry": [32, 32, 2], "passed": true, "largest": 0.004525, "rms": 0.002458, "gated_steps": 0, "gated_differ": 0, "from_rule": [0.004525, 0.002598], "cold_us": 361.17, "warm_us": 307.86, "cold_min_us": 356.16, "warm_min_us": 303.58, "samples": 24}
{"event": "attend", "rows": 32, "requests": 8, "tokens": 4, "geometry": [32, 32, 4], "passed": true, "largest": 0.004525, "rms": 0.002459, "gated_steps": 0, "gated_differ": 0, "from_rule": [0.004525, 0.002598], "cold_us": 339.82, "warm_us": 287.14, "cold_min_us": 336.77, "warm_min_us": 284.58, "samples": 24}
{"event": "attend", "rows": 32, "requests": 8, "tokens": 4, "geometry": [32, 32, 8], "passed": true, "largest": 0.004525, "rms": 0.002459, "gated_steps": 0, "gated_differ": 0, "from_rule": [0.004525, 0.002598], "cold_us": 340.74, "warm_us": 287.73, "cold_min_us": 338.08, "warm_min_us": 283.87, "samples": 24}
{"event": "attend", "rows": 32, "requests": 8, "tokens": 4, "geometry": [32, 64, 2], "passed": true, "largest": 0.004525, "rms": 0.002435, "gated_steps": 0, "gated_differ": 0, "from_rule": [0.004525, 0.002739], "cold_us": 412.94, "warm_us": 360.16, "cold_min_us": 409.44, "warm_min_us": 355.68, "samples": 24}
{"event": "attend", "rows": 32, "requests": 8, "tokens": 4, "geometry": [32, 64, 4], "passed": true, "largest": 0.004525, "rms": 0.002435, "gated_steps": 0, "gated_differ": 0, "from_rule": [0.004525, 0.00274], "cold_us": 378.96, "warm_us": 342.05, "cold_min_us": 375.94, "warm_min_us": 340.0, "samples": 24}
{"event": "attend", "rows": 32, "requests": 8, "tokens": 4, "geometry": [32, 64, 8], "passed": true, "largest": 0.004525, "rms": 0.002435, "gated_steps": 0, "gated_differ": 0, "from_rule": [0.004525, 0.00274], "cold_us": 378.93, "warm_us": 339.92, "cold_min_us": 376.7, "warm_min_us": 336.45, "samples": 24}
{"event": "attend", "rows": 32, "requests": 8, "tokens": 4, "geometry": [64, 1, 2], "passed": true, "largest": 0.004525, "rms": 0.002515, "gated_steps": 0, "gated_differ": 0, "from_rule": [0.004525, 0.002802], "cold_us": 308.14, "warm_us": 242.58, "cold_min_us": 305.47, "warm_min_us": 239.58, "samples": 24}
{"event": "attend", "rows": 32, "requests": 8, "tokens": 4, "geometry": [64, 1, 4], "passed": true, "largest": 0.004525, "rms": 0.002515, "gated_steps": 0, "gated_differ": 0, "from_rule": [0.004525, 0.002802], "cold_us": 322.05, "warm_us": 250.75, "cold_min_us": 318.88, "warm_min_us": 247.26, "samples": 24}
{"event": "attend", "rows": 32, "requests": 8, "tokens": 4, "geometry": [64, 1, 8], "passed": true, "largest": 0.004525, "rms": 0.002515, "gated_steps": 0, "gated_differ": 0, "from_rule": [0.004525, 0.002802], "cold_us": 310.98, "warm_us": 244.53, "cold_min_us": 308.1, "warm_min_us": 240.42, "samples": 24}
{"event": "attend", "rows": 32, "requests": 8, "tokens": 4, "geometry": [64, 2, 2], "passed": true, "largest": 0.004525, "rms": 0.002516, "gated_steps": 0, "gated_differ": 0, "from_rule": [0.004525, 0.002605], "cold_us": 329.15, "warm_us": 261.12, "cold_min_us": 324.58, "warm_min_us": 256.13, "samples": 24}
{"event": "attend", "rows": 32, "requests": 8, "tokens": 4, "geometry": [64, 2, 4], "passed": true, "largest": 0.004525, "rms": 0.002516, "gated_steps": 0, "gated_differ": 0, "from_rule": [0.004525, 0.002605], "cold_us": 349.95, "warm_us": 278.05, "cold_min_us": 346.08, "warm_min_us": 274.08, "samples": 24}
{"event": "attend", "rows": 32, "requests": 8, "tokens": 4, "geometry": [64, 2, 8], "passed": true, "largest": 0.004525, "rms": 0.002516, "gated_steps": 0, "gated_differ": 0, "from_rule": [0.004525, 0.002605], "cold_us": 332.99, "warm_us": 265.12, "cold_min_us": 329.06, "warm_min_us": 260.8, "samples": 24}
{"event": "attend", "rows": 32, "requests": 8, "tokens": 4, "geometry": [64, 4, 2], "passed": true, "largest": 0.004525, "rms": 0.002505, "gated_steps": 0, "gated_differ": 0, "from_rule": [0.004525, 0.002219], "cold_us": 317.25, "warm_us": 252.03, "cold_min_us": 315.2, "warm_min_us": 248.96, "samples": 24}
{"event": "attend", "rows": 32, "requests": 8, "tokens": 4, "geometry": [64, 4, 4], "passed": true, "largest": 0.004525, "rms": 0.002505, "gated_steps": 0, "gated_differ": 0, "from_rule": [0.004525, 0.002219], "cold_us": 331.52, "warm_us": 257.82, "cold_min_us": 328.93, "warm_min_us": 254.78, "samples": 24}
{"event": "attend", "rows": 32, "requests": 8, "tokens": 4, "geometry": [64, 4, 8], "passed": true, "largest": 0.004525, "rms": 0.002505, "gated_steps": 0, "gated_differ": 0, "from_rule": [0.004525, 0.002219], "cold_us": 318.99, "warm_us": 255.71, "cold_min_us": 314.98, "warm_min_us": 251.07, "samples": 24}
{"event": "attend", "rows": 32, "requests": 8, "tokens": 4, "geometry": [64, 8, 2], "passed": true, "largest": 0.004525, "rms": 0.002495, "gated_steps": 0, "gated_differ": 0, "from_rule": [0.0, 0.0], "cold_us": 319.73, "warm_us": 256.75, "cold_min_us": 310.94, "warm_min_us": 252.0, "samples": 24}
{"event": "attend", "rows": 32, "requests": 8, "tokens": 4, "geometry": [64, 8, 4], "passed": true, "largest": 0.004525, "rms": 0.002495, "gated_steps": 0, "gated_differ": 0, "from_rule": [0.001131, 2.2e-05], "cold_us": 333.76, "warm_us": 268.37, "cold_min_us": 330.82, "warm_min_us": 264.9, "samples": 24}
{"event": "attend", "rows": 32, "requests": 8, "tokens": 4, "geometry": [64, 8, 8], "passed": true, "largest": 0.004525, "rms": 0.002495, "gated_steps": 0, "gated_differ": 0, "from_rule": [2e-06, 0.0], "cold_us": 321.47, "warm_us": 260.26, "cold_min_us": 317.63, "warm_min_us": 255.97, "samples": 24}
{"event": "attend", "rows": 32, "requests": 8, "tokens": 4, "geometry": [64, 16, 2], "passed": true, "largest": 0.004525, "rms": 0.002488, "gated_steps": 0, "gated_differ": 0, "from_rule": [0.004525, 0.002143], "cold_us": 325.28, "warm_us": 266.37, "cold_min_us": 319.78, "warm_min_us": 263.42, "samples": 24}
{"event": "attend", "rows": 32, "requests": 8, "tokens": 4, "geometry": [64, 16, 4], "passed": true, "largest": 0.004525, "rms": 0.002488, "gated_steps": 0, "gated_differ": 0, "from_rule": [0.004525, 0.002143], "cold_us": 339.57, "warm_us": 276.24, "cold_min_us": 336.0, "warm_min_us": 271.71, "samples": 24}
{"event": "attend", "rows": 32, "requests": 8, "tokens": 4, "geometry": [64, 16, 8], "passed": true, "largest": 0.004525, "rms": 0.002488, "gated_steps": 0, "gated_differ": 0, "from_rule": [0.004525, 0.002143], "cold_us": 326.53, "warm_us": 271.92, "cold_min_us": 322.3, "warm_min_us": 268.51, "samples": 24}
{"event": "attend", "rows": 32, "requests": 8, "tokens": 4, "geometry": [64, 32, 2], "passed": true, "largest": 0.004525, "rms": 0.002466, "gated_steps": 0, "gated_differ": 0, "from_rule": [0.004525, 0.002438], "cold_us": 339.46, "warm_us": 291.6, "cold_min_us": 336.19, "warm_min_us": 288.22, "samples": 24}
{"event": "attend", "rows": 32, "requests": 8, "tokens": 4, "geometry": [64, 32, 4], "passed": true, "largest": 0.004525, "rms": 0.002466, "gated_steps": 0, "gated_differ": 0, "from_rule": [0.004525, 0.002438], "cold_us": 363.01, "warm_us": 314.61, "cold_min_us": 360.26, "warm_min_us": 308.8, "samples": 24}
{"event": "attend", "rows": 32, "requests": 8, "tokens": 4, "geometry": [64, 32, 8], "passed": true, "largest": 0.004525, "rms": 0.002466, "gated_steps": 0, "gated_differ": 0, "from_rule": [0.004525, 0.002438], "cold_us": 338.53, "warm_us": 295.84, "cold_min_us": 334.88, "warm_min_us": 292.16, "samples": 24}
{"event": "attend", "rows": 32, "requests": 8, "tokens": 4, "geometry": [128, 1, 4], "passed": false, "refused": "OutOfResources: out of resource: shared memory, Required: 137216, Hardware limit: 101376. Reducing block sizes or `num_stages` may help."}
{"event": "attend_verdict", "rows": 32, "cold": {"rule": [64, 8, 2], "passing": 60, "failing": [[128, 1, 4]], "fastest": [64, 1, 2], "fastest_us": 308.14, "rule_us": 319.73, "fastest_over_rule": 0.9638}, "warm": {"rule": [64, 8, 2], "passing": 60, "failing": [[128, 1, 4]], "fastest": [64, 1, 2], "fastest_us": 242.58, "rule_us": 256.75, "fastest_over_rule": 0.9448}}
{"event": "attend_prefill", "rows": 4096, "context": 28000, "geometry": [16, 1, 1], "passed": true, "largest": 0.004525, "rms": 0.00254, "gated_steps": 1, "gated_differ": 4, "from_rule": [0.003333, 0.001291], "median_us": 17004.7, "min_us": 16986.8, "samples": 7}
{"event": "attend_prefill", "rows": 4096, "context": 28000, "geometry": [16, 1, 2], "passed": true, "largest": 0.004525, "rms": 0.00254, "gated_steps": 1, "gated_differ": 4, "from_rule": [0.003333, 0.001291], "median_us": 8945.4, "min_us": 8934.3, "samples": 7}
{"event": "attend_prefill", "rows": 4096, "context": 28000, "geometry": [16, 1, 4], "passed": true, "largest": 0.004525, "rms": 0.00254, "gated_steps": 1, "gated_differ": 4, "from_rule": [0.003333, 0.001291], "median_us": 8844.9, "min_us": 8843.4, "samples": 7}
{"event": "attend_prefill", "rows": 4096, "context": 28000, "geometry": [16, 1, 8], "passed": true, "largest": 0.004525, "rms": 0.00254, "gated_steps": 1, "gated_differ": 4, "from_rule": [0.003333, 0.001291], "median_us": 11794.9, "min_us": 11781.9, "samples": 7}
{"event": "attend_prefill", "rows": 4096, "context": 28000, "geometry": [16, 4, 1], "passed": true, "largest": 0.004525, "rms": 0.00251, "gated_steps": 1, "gated_differ": 2, "from_rule": [0.003333, 0.002661], "median_us": 16594.0, "min_us": 16302.8, "samples": 7}
{"event": "attend_prefill", "rows": 4096, "context": 28000, "geometry": [16, 4, 2], "passed": true, "largest": 0.004525, "rms": 0.00251, "gated_steps": 1, "gated_differ": 2, "from_rule": [0.003333, 0.002661], "median_us": 9717.9, "min_us": 9707.1, "samples": 7}
{"event": "attend_prefill", "rows": 4096, "context": 28000, "geometry": [16, 4, 4], "passed": true, "largest": 0.004525, "rms": 0.00251, "gated_steps": 1, "gated_differ": 2, "from_rule": [0.003333, 0.002661], "median_us": 9764.0, "min_us": 9743.2, "samples": 7}
{"event": "attend_prefill", "rows": 4096, "context": 28000, "geometry": [16, 4, 8], "passed": true, "largest": 0.004525, "rms": 0.00251, "gated_steps": 1, "gated_differ": 2, "from_rule": [0.003333, 0.002661], "median_us": 12704.0, "min_us": 12487.3, "samples": 7}
{"event": "attend_prefill", "rows": 4096, "context": 28000, "geometry": [32, 1, 1], "passed": true, "largest": 0.004525, "rms": 0.002554, "gated_steps": 1, "gated_differ": 5, "from_rule": [0.003333, 0.001143], "median_us": 11947.9, "min_us": 11436.6, "samples": 7}
{"event": "attend_prefill", "rows": 4096, "context": 28000, "geometry": [32, 1, 2], "passed": true, "largest": 0.004525, "rms": 0.002554, "gated_steps": 1, "gated_differ": 5, "from_rule": [0.003333, 0.001143], "median_us": 12800.7, "min_us": 12659.5, "samples": 7}
{"event": "attend_prefill", "rows": 4096, "context": 28000, "geometry": [32, 1, 4], "passed": true, "largest": 0.004525, "rms": 0.002554, "gated_steps": 1, "gated_differ": 5, "from_rule": [0.003333, 0.001143], "median_us": 10524.6, "min_us": 10505.9, "samples": 7}
{"event": "attend_prefill", "rows": 4096, "context": 28000, "geometry": [32, 1, 8], "passed": true, "largest": 0.004525, "rms": 0.002554, "gated_steps": 1, "gated_differ": 5, "from_rule": [0.003333, 0.001143], "median_us": 9905.4, "min_us": 9900.3, "samples": 7}
{"event": "attend_prefill", "rows": 4096, "context": 28000, "geometry": [32, 4, 1], "passed": true, "largest": 0.004525, "rms": 0.002524, "gated_steps": 1, "gated_differ": 3, "from_rule": [0.003333, 0.002645], "median_us": 12481.1, "min_us": 12479.0, "samples": 7}
{"event": "attend_prefill", "rows": 4096, "context": 28000, "geometry": [32, 4, 2], "passed": true, "largest": 0.004525, "rms": 0.002524, "gated_steps": 1, "gated_differ": 3, "from_rule": [0.003333, 0.002645], "median_us": 14647.7, "min_us": 14599.2, "samples": 7}
{"event": "attend_prefill", "rows": 4096, "context": 28000, "geometry": [32, 4, 4], "passed": true, "largest": 0.004525, "rms": 0.002524, "gated_steps": 1, "gated_differ": 3, "from_rule": [0.003333, 0.002645], "median_us": 10862.2, "min_us": 10834.0, "samples": 7}
{"event": "attend_prefill", "rows": 4096, "context": 28000, "geometry": [32, 4, 8], "passed": true, "largest": 0.004525, "rms": 0.002524, "gated_steps": 1, "gated_differ": 3, "from_rule": [0.003333, 0.002645], "median_us": 11202.9, "min_us": 11173.2, "samples": 7}
{"event": "attend_prefill", "rows": 4096, "context": 28000, "geometry": [64, 1, 1], "passed": true, "largest": 0.004525, "rms": 0.002544, "gated_steps": 1, "gated_differ": 4, "from_rule": [0.001667, 1e-05], "median_us": 17587.6, "min_us": 17557.8, "samples": 7}
{"event": "attend_prefill", "rows": 4096, "context": 28000, "geometry": [64, 1, 2], "passed": true, "largest": 0.004525, "rms": 0.002544, "gated_steps": 1, "gated_differ": 4, "from_rule": [0.0, 0.0], "median_us": 12003.9, "min_us": 11848.1, "samples": 7}
{"event": "attend_prefill", "rows": 4096, "context": 28000, "geometry": [64, 1, 4], "passed": true, "largest": 0.004525, "rms": 0.002544, "gated_steps": 1, "gated_differ": 4, "from_rule": [0.001667, 9e-06], "median_us": 14857.4, "min_us": 14830.4, "samples": 7}
{"event": "attend_prefill", "rows": 4096, "context": 28000, "geometry": [64, 1, 8], "passed": true, "largest": 0.004525, "rms": 0.002544, "gated_steps": 1, "gated_differ": 4, "from_rule": [0.001667, 8e-06], "median_us": 13259.3, "min_us": 13203.1, "samples": 7}
{"event": "attend_prefill", "rows": 4096, "context": 28000, "geometry": [64, 4, 1], "passed": true, "largest": 0.004525, "rms": 0.002505, "gated_steps": 1, "gated_differ": 3, "from_rule": [0.003333, 0.002606], "median_us": 19289.7, "min_us": 19237.6, "samples": 7}
{"event": "attend_prefill", "rows": 4096, "context": 28000, "geometry": [64, 4, 2], "passed": true, "largest": 0.004525, "rms": 0.002505, "gated_steps": 1, "gated_differ": 3, "from_rule": [0.003333, 0.002606], "median_us": 13041.5, "min_us": 13026.9, "samples": 7}
{"event": "attend_prefill", "rows": 4096, "context": 28000, "geometry": [64, 4, 4], "passed": true, "largest": 0.004525, "rms": 0.002505, "gated_steps": 1, "gated_differ": 3, "from_rule": [0.003333, 0.002606], "median_us": 16362.8, "min_us": 16333.4, "samples": 7}
{"event": "attend_prefill", "rows": 4096, "context": 28000, "geometry": [64, 4, 8], "passed": true, "largest": 0.004525, "rms": 0.002505, "gated_steps": 1, "gated_differ": 3, "from_rule": [0.003333, 0.002606], "median_us": 14996.9, "min_us": 14979.0, "samples": 7}
{"event": "attend_prefill_verdict", "rows": 4096, "rule": [64, 1, 2], "passing": 24, "failing": [], "fastest": [16, 1, 4], "fastest_us": 8844.9, "rule_us": 12003.9, "fastest_over_rule": 0.7368}
{"event": "covered", "rows": 2048, "context": 0, "geometry": [16, 1, 1], "passed": true, "largest": 0.00071, "rms": 0.000848, "gated_steps": 0, "gated_differ": 0, "from_rule": [0.00142, 0.001339], "alike": true, "median_us": 9791.7, "min_us": 9761.8, "samples": 7}
{"event": "covered", "rows": 2048, "context": 0, "geometry": [16, 1, 2], "passed": true, "largest": 0.00071, "rms": 0.000848, "gated_steps": 0, "gated_differ": 0, "from_rule": [0.00142, 0.001339], "alike": true, "median_us": 3764.9, "min_us": 3750.9, "samples": 7}
{"event": "covered", "rows": 2048, "context": 0, "geometry": [16, 1, 4], "passed": true, "largest": 0.00071, "rms": 0.000848, "gated_steps": 0, "gated_differ": 0, "from_rule": [0.00142, 0.001339], "alike": true, "median_us": 1703.5, "min_us": 1695.0, "samples": 7}
{"event": "covered", "rows": 2048, "context": 0, "geometry": [16, 1, 8], "passed": true, "largest": 0.00071, "rms": 0.000848, "gated_steps": 0, "gated_differ": 0, "from_rule": [0.00142, 0.001339], "alike": true, "median_us": 2944.9, "min_us": 2926.0, "samples": 7}
{"event": "covered", "rows": 2048, "context": 0, "geometry": [16, 4, 1], "passed": true, "largest": 0.00071, "rms": 0.000845, "gated_steps": 0, "gated_differ": 0, "from_rule": [0.00142, 0.001559], "alike": true, "median_us": 11019.3, "min_us": 10928.8, "samples": 7}
{"event": "covered", "rows": 2048, "context": 0, "geometry": [16, 4, 2], "passed": true, "largest": 0.00071, "rms": 0.000845, "gated_steps": 0, "gated_differ": 0, "from_rule": [0.00142, 0.001559], "alike": true, "median_us": 3957.1, "min_us": 3937.9, "samples": 7}
{"event": "covered", "rows": 2048, "context": 0, "geometry": [16, 4, 4], "passed": true, "largest": 0.00071, "rms": 0.000845, "gated_steps": 0, "gated_differ": 0, "from_rule": [0.00142, 0.001559], "alike": true, "median_us": 1997.9, "min_us": 1986.6, "samples": 7}
{"event": "covered", "rows": 2048, "context": 0, "geometry": [16, 4, 8], "passed": true, "largest": 0.00071, "rms": 0.000845, "gated_steps": 0, "gated_differ": 0, "from_rule": [0.00142, 0.001559], "alike": true, "median_us": 3196.2, "min_us": 3183.4, "samples": 7}
{"event": "covered", "rows": 2048, "context": 0, "geometry": [32, 1, 1], "passed": true, "largest": 0.00071, "rms": 0.000861, "gated_steps": 0, "gated_differ": 0, "from_rule": [0.00071, 0.001064], "alike": true, "median_us": 8251.5, "min_us": 8237.3, "samples": 7}
{"event": "covered", "rows": 2048, "context": 0, "geometry": [32, 1, 2], "passed": true, "largest": 0.00071, "rms": 0.000861, "gated_steps": 0, "gated_differ": 0, "from_rule": [0.00071, 0.001064], "alike": true, "median_us": 2790.5, "min_us": 2771.8, "samples": 7}
{"event": "covered", "rows": 2048, "context": 0, "geometry": [32, 1, 4], "passed": true, "largest": 0.00071, "rms": 0.000861, "gated_steps": 0, "gated_differ": 0, "from_rule": [0.00071, 0.001064], "alike": true, "median_us": 1312.8, "min_us": 1308.6, "samples": 7}
{"event": "covered", "rows": 2048, "context": 0, "geometry": [32, 1, 8], "passed": true, "largest": 0.00071, "rms": 0.000861, "gated_steps": 0, "gated_differ": 0, "from_rule": [0.00071, 0.001064], "alike": true, "median_us": 1878.4, "min_us": 1872.4, "samples": 7}
{"event": "covered", "rows": 2048, "context": 0, "geometry": [32, 4, 1], "passed": true, "largest": 0.00071, "rms": 0.000857, "gated_steps": 0, "gated_differ": 0, "from_rule": [0.00071, 0.001349], "alike": true, "median_us": 9205.6, "min_us": 9151.1, "samples": 7}
{"event": "covered", "rows": 2048, "context": 0, "geometry": [32, 4, 2], "passed": true, "largest": 0.00071, "rms": 0.000857, "gated_steps": 0, "gated_differ": 0, "from_rule": [0.00071, 0.001349], "alike": true, "median_us": 3123.0, "min_us": 3103.0, "samples": 7}
{"event": "covered", "rows": 2048, "context": 0, "geometry": [32, 4, 4], "passed": true, "largest": 0.00071, "rms": 0.000857, "gated_steps": 0, "gated_differ": 0, "from_rule": [0.00071, 0.001349], "alike": true, "median_us": 1651.6, "min_us": 1636.9, "samples": 7}
{"event": "covered", "rows": 2048, "context": 0, "geometry": [32, 4, 8], "passed": true, "largest": 0.00071, "rms": 0.000857, "gated_steps": 0, "gated_differ": 0, "from_rule": [0.00071, 0.001349], "alike": true, "median_us": 2223.4, "min_us": 2210.8, "samples": 7}
{"event": "covered", "rows": 2048, "context": 0, "geometry": [64, 1, 1], "passed": true, "largest": 0.00071, "rms": 0.000867, "gated_steps": 1, "gated_differ": 1, "from_rule": [0.000178, 5e-06], "alike": true, "median_us": 11101.4, "min_us": 10997.9, "samples": 7}
{"event": "covered", "rows": 2048, "context": 0, "geometry": [64, 1, 2], "passed": true, "largest": 0.00071, "rms": 0.000867, "gated_steps": 1, "gated_differ": 1, "from_rule": [0.0, 0.0], "alike": true, "median_us": 3539.7, "min_us": 3479.6, "samples": 7}
{"event": "covered", "rows": 2048, "context": 0, "geometry": [64, 1, 4], "passed": true, "largest": 0.00071, "rms": 0.000867, "gated_steps": 1, "gated_differ": 1, "from_rule": [0.000178, 5e-06], "alike": true, "median_us": 1997.0, "min_us": 1979.3, "samples": 7}
{"event": "covered", "rows": 2048, "context": 0, "geometry": [64, 1, 8], "passed": true, "largest": 0.00071, "rms": 0.000867, "gated_steps": 1, "gated_differ": 1, "from_rule": [0.000178, 7e-06], "alike": true, "median_us": 1416.4, "min_us": 1402.4, "samples": 7}
{"event": "covered", "rows": 2048, "context": 0, "geometry": [64, 4, 1], "passed": true, "largest": 0.00071, "rms": 0.000863, "gated_steps": 1, "gated_differ": 2, "from_rule": [0.000355, 0.000948], "alike": true, "median_us": 11877.6, "min_us": 11844.9, "samples": 7}
{"event": "covered", "rows": 2048, "context": 0, "geometry": [64, 4, 2], "passed": true, "largest": 0.00071, "rms": 0.000863, "gated_steps": 1, "gated_differ": 2, "from_rule": [0.000355, 0.000948], "alike": true, "median_us": 4398.0, "min_us": 4382.8, "samples": 7}
{"event": "covered", "rows": 2048, "context": 0, "geometry": [64, 4, 4], "passed": true, "largest": 0.00071, "rms": 0.000863, "gated_steps": 1, "gated_differ": 2, "from_rule": [0.000355, 0.000948], "alike": true, "median_us": 2420.6, "min_us": 2405.8, "samples": 7}
{"event": "covered", "rows": 2048, "context": 0, "geometry": [64, 4, 8], "passed": true, "largest": 0.00071, "rms": 0.000863, "gated_steps": 1, "gated_differ": 2, "from_rule": [0.000355, 0.000948], "alike": true, "median_us": 1774.2, "min_us": 1764.8, "samples": 7}
{"event": "covered_verdict", "rows": 2048, "rule": [64, 1, 2], "passing": 24, "failing": [], "fastest": [32, 1, 4], "fastest_us": 1312.8, "rule_us": 3539.7, "fastest_over_rule": 0.3709}
{"event": "attend_mid", "rows": 64, "context": 12000, "geometry": [16, 1, 2], "passed": true, "largest": 0.004545, "rms": 0.002545, "gated_steps": 0, "gated_differ": 0, "from_rule": [0.004545, 0.002861], "median_us": 439.1, "min_us": 438.4, "samples": 7}
{"event": "attend_mid", "rows": 64, "context": 12000, "geometry": [16, 1, 4], "passed": true, "largest": 0.004545, "rms": 0.002545, "gated_steps": 0, "gated_differ": 0, "from_rule": [0.004545, 0.002861], "median_us": 404.9, "min_us": 398.2, "samples": 7}
{"event": "attend_mid", "rows": 64, "context": 12000, "geometry": [16, 1, 8], "passed": true, "largest": 0.004545, "rms": 0.002545, "gated_steps": 0, "gated_differ": 0, "from_rule": [0.004545, 0.002861], "median_us": 417.6, "min_us": 417.2, "samples": 7}
{"event": "attend_mid", "rows": 64, "context": 12000, "geometry": [16, 2, 2], "passed": true, "largest": 0.004545, "rms": 0.002521, "gated_steps": 0, "gated_differ": 0, "from_rule": [0.004545, 0.002698], "median_us": 324.9, "min_us": 319.7, "samples": 7}
{"event": "attend_mid", "rows": 64, "context": 12000, "geometry": [16, 2, 4], "passed": true, "largest": 0.004545, "rms": 0.002521, "gated_steps": 0, "gated_differ": 0, "from_rule": [0.004545, 0.002698], "median_us": 308.6, "min_us": 303.6, "samples": 7}
{"event": "attend_mid", "rows": 64, "context": 12000, "geometry": [16, 2, 8], "passed": true, "largest": 0.004545, "rms": 0.002521, "gated_steps": 0, "gated_differ": 0, "from_rule": [0.004545, 0.002698], "median_us": 344.3, "min_us": 338.7, "samples": 7}
{"event": "attend_mid", "rows": 64, "context": 12000, "geometry": [16, 4, 2], "passed": true, "largest": 0.004545, "rms": 0.002508, "gated_steps": 0, "gated_differ": 0, "from_rule": [0.004545, 0.002417], "median_us": 339.6, "min_us": 334.5, "samples": 7}
{"event": "attend_mid", "rows": 64, "context": 12000, "geometry": [16, 4, 4], "passed": true, "largest": 0.004545, "rms": 0.002508, "gated_steps": 0, "gated_differ": 0, "from_rule": [0.004545, 0.002417], "median_us": 314.7, "min_us": 308.8, "samples": 7}
{"event": "attend_mid", "rows": 64, "context": 12000, "geometry": [16, 4, 8], "passed": true, "largest": 0.004545, "rms": 0.002508, "gated_steps": 0, "gated_differ": 0, "from_rule": [0.004545, 0.002417], "median_us": 344.5, "min_us": 339.1, "samples": 7}
{"event": "attend_mid", "rows": 64, "context": 12000, "geometry": [16, 8, 2], "passed": true, "largest": 0.004545, "rms": 0.002482, "gated_steps": 0, "gated_differ": 0, "from_rule": [0.004545, 0.001909], "median_us": 303.4, "min_us": 297.8, "samples": 7}
{"event": "attend_mid", "rows": 64, "context": 12000, "geometry": [16, 8, 4], "passed": true, "largest": 0.004545, "rms": 0.002482, "gated_steps": 0, "gated_differ": 0, "from_rule": [0.004545, 0.001909], "median_us": 295.6, "min_us": 286.3, "samples": 7}
{"event": "attend_mid", "rows": 64, "context": 12000, "geometry": [16, 8, 8], "passed": true, "largest": 0.004545, "rms": 0.002482, "gated_steps": 0, "gated_differ": 0, "from_rule": [0.004545, 0.001909], "median_us": 339.3, "min_us": 336.3, "samples": 7}
{"event": "attend_mid", "rows": 64, "context": 12000, "geometry": [16, 16, 2], "passed": true, "largest": 0.004545, "rms": 0.002465, "gated_steps": 0, "gated_differ": 0, "from_rule": [0.004545, 0.002439], "median_us": 328.7, "min_us": 324.6, "samples": 7}
{"event": "attend_mid", "rows": 64, "context": 12000, "geometry": [16, 16, 4], "passed": true, "largest": 0.004545, "rms": 0.002465, "gated_steps": 0, "gated_differ": 0, "from_rule": [0.004545, 0.002439], "median_us": 315.0, "min_us": 313.3, "samples": 7}
{"event": "attend_mid", "rows": 64, "context": 12000, "geometry": [16, 16, 8], "passed": true, "largest": 0.004545, "rms": 0.002465, "gated_steps": 0, "gated_differ": 0, "from_rule": [0.004545, 0.002439], "median_us": 366.3, "min_us": 361.2, "samples": 7}
{"event": "attend_mid", "rows": 64, "context": 12000, "geometry": [16, 32, 2], "passed": true, "largest": 0.004545, "rms": 0.002387, "gated_steps": 0, "gated_differ": 0, "from_rule": [0.004545, 0.00265], "median_us": 365.5, "min_us": 363.6, "samples": 7}
{"event": "attend_mid", "rows": 64, "context": 12000, "geometry": [16, 32, 4], "passed": true, "largest": 0.004545, "rms": 0.002387, "gated_steps": 0, "gated_differ": 0, "from_rule": [0.004545, 0.00265], "median_us": 357.1, "min_us": 350.2, "samples": 7}
{"event": "attend_mid", "rows": 64, "context": 12000, "geometry": [16, 32, 8], "passed": true, "largest": 0.004545, "rms": 0.002387, "gated_steps": 0, "gated_differ": 0, "from_rule": [0.004545, 0.00265], "median_us": 419.3, "min_us": 407.7, "samples": 7}
{"event": "attend_mid", "rows": 64, "context": 12000, "geometry": [16, 64, 2], "passed": true, "largest": 0.004545, "rms": 0.002369, "gated_steps": 0, "gated_differ": 0, "from_rule": [0.004545, 0.002776], "median_us": 514.1, "min_us": 506.5, "samples": 7}
{"event": "attend_mid", "rows": 64, "context": 12000, "geometry": [16, 64, 4], "passed": true, "largest": 0.004545, "rms": 0.002369, "gated_steps": 0, "gated_differ": 0, "from_rule": [0.004545, 0.002776], "median_us": 481.2, "min_us": 474.0, "samples": 7}
{"event": "attend_mid", "rows": 64, "context": 12000, "geometry": [16, 64, 8], "passed": true, "largest": 0.004545, "rms": 0.002369, "gated_steps": 0, "gated_differ": 0, "from_rule": [0.004545, 0.002776], "median_us": 571.5, "min_us": 565.1, "samples": 7}
{"event": "attend_mid", "rows": 64, "context": 12000, "geometry": [32, 1, 2], "passed": true, "largest": 0.004545, "rms": 0.002555, "gated_steps": 0, "gated_differ": 0, "from_rule": [0.004545, 0.002845], "median_us": 391.7, "min_us": 374.1, "samples": 7}
{"event": "attend_mid", "rows": 64, "context": 12000, "geometry": [32, 1, 4], "passed": true, "largest": 0.004545, "rms": 0.002555, "gated_steps": 0, "gated_differ": 0, "from_rule": [0.004545, 0.002845], "median_us": 348.1, "min_us": 339.6, "samples": 7}
{"event": "attend_mid", "rows": 64, "context": 12000, "geometry": [32, 1, 8], "passed": true, "largest": 0.004545, "rms": 0.002555, "gated_steps": 0, "gated_differ": 0, "from_rule": [0.004545, 0.002845], "median_us": 321.9, "min_us": 317.4, "samples": 7}
{"event": "attend_mid", "rows": 64, "context": 12000, "geometry": [32, 2, 2], "passed": true, "largest": 0.004545, "rms": 0.002523, "gated_steps": 0, "gated_differ": 0, "from_rule": [0.004545, 0.002665], "median_us": 449.1, "min_us": 429.0, "samples": 7}
{"event": "attend_mid", "rows": 64, "context": 12000, "geometry": [32, 2, 4], "passed": true, "largest": 0.004545, "rms": 0.002523, "gated_steps": 0, "gated_differ": 0, "from_rule": [0.004545, 0.002665], "median_us": 352.2, "min_us": 332.1, "samples": 7}
{"event": "attend_mid", "rows": 64, "context": 12000, "geometry": [32, 2, 8], "passed": true, "largest": 0.004545, "rms": 0.002523, "gated_steps": 0, "gated_differ": 0, "from_rule": [0.004545, 0.002665], "median_us": 329.2, "min_us": 320.7, "samples": 7}
{"event": "attend_mid", "rows": 64, "context": 12000, "geometry": [32, 4, 2], "passed": true, "largest": 0.004545, "rms": 0.002515, "gated_steps": 0, "gated_differ": 0, "from_rule": [0.004545, 0.002343], "median_us": 404.9, "min_us": 397.9, "samples": 7}
{"event": "attend_mid", "rows": 64, "context": 12000, "geometry": [32, 4, 4], "passed": true, "largest": 0.004545, "rms": 0.002515, "gated_steps": 0, "gated_differ": 0, "from_rule": [0.004545, 0.002343], "median_us": 310.2, "min_us": 302.8, "samples": 7}
{"event": "attend_mid", "rows": 64, "context": 12000, "geometry": [32, 4, 8], "passed": true, "largest": 0.004545, "rms": 0.002515, "gated_steps": 0, "gated_differ": 0, "from_rule": [0.004545, 0.002343], "median_us": 312.6, "min_us": 309.4, "samples": 7}
{"event": "attend_mid", "rows": 64, "context": 12000, "geometry": [32, 8, 2], "passed": true, "largest": 0.004545, "rms": 0.002495, "gated_steps": 0, "gated_differ": 0, "from_rule": [0.004545, 0.001696], "median_us": 408.6, "min_us": 403.3, "samples": 7}
{"event": "attend_mid", "rows": 64, "context": 12000, "geometry": [32, 8, 4], "passed": true, "largest": 0.004545, "rms": 0.002495, "gated_steps": 0, "gated_differ": 0, "from_rule": [0.004545, 0.001696], "median_us": 320.7, "min_us": 314.3, "samples": 7}
{"event": "attend_mid", "rows": 64, "context": 12000, "geometry": [32, 8, 8], "passed": true, "largest": 0.004545, "rms": 0.002495, "gated_steps": 0, "gated_differ": 0, "from_rule": [0.004545, 0.001696], "median_us": 320.4, "min_us": 315.5, "samples": 7}
{"event": "attend_mid", "rows": 64, "context": 12000, "geometry": [32, 16, 2], "passed": true, "largest": 0.004545, "rms": 0.002493, "gated_steps": 0, "gated_differ": 0, "from_rule": [0.004545, 0.002344], "median_us": 443.4, "min_us": 433.6, "samples": 7}
{"event": "attend_mid", "rows": 64, "context": 12000, "geometry": [32, 16, 4], "passed": true, "largest": 0.004545, "rms": 0.002493, "gated_steps": 0, "gated_differ": 0, "from_rule": [0.004545, 0.002344], "median_us": 339.9, "min_us": 336.2, "samples": 7}
{"event": "attend_mid", "rows": 64, "context": 12000, "geometry": [32, 16, 8], "passed": true, "largest": 0.004545, "rms": 0.002493, "gated_steps": 0, "gated_differ": 0, "from_rule": [0.004545, 0.002344], "median_us": 353.2, "min_us": 342.5, "samples": 7}
{"event": "attend_mid", "rows": 64, "context": 12000, "geometry": [32, 32, 2], "passed": true, "largest": 0.004545, "rms": 0.002443, "gated_steps": 0, "gated_differ": 0, "from_rule": [0.004545, 0.002584], "median_us": 524.1, "min_us": 519.1, "samples": 7}
{"event": "attend_mid", "rows": 64, "context": 12000, "geometry": [32, 32, 4], "passed": true, "largest": 0.004545, "rms": 0.002442, "gated_steps": 0, "gated_differ": 0, "from_rule": [0.004545, 0.002584], "median_us": 409.0, "min_us": 397.4, "samples": 7}
{"event": "attend_mid", "rows": 64, "context": 12000, "geometry": [32, 32, 8], "passed": true, "largest": 0.004545, "rms": 0.002442, "gated_steps": 0, "gated_differ": 0, "from_rule": [0.004545, 0.002584], "median_us": 411.9, "min_us": 404.9, "samples": 7}
{"event": "attend_mid", "rows": 64, "context": 12000, "geometry": [32, 64, 2], "passed": true, "largest": 0.004545, "rms": 0.002397, "gated_steps": 0, "gated_differ": 0, "from_rule": [0.004545, 0.002718], "median_us": 735.6, "min_us": 731.5, "samples": 7}
{"event": "attend_mid", "rows": 64, "context": 12000, "geometry": [32, 64, 4], "passed": true, "largest": 0.004545, "rms": 0.002398, "gated_steps": 0, "gated_differ": 0, "from_rule": [0.004545, 0.002719], "median_us": 570.8, "min_us": 567.6, "samples": 7}
{"event": "attend_mid", "rows": 64, "context": 12000, "geometry": [32, 64, 8], "passed": true, "largest": 0.004545, "rms": 0.002398, "gated_steps": 0, "gated_differ": 0, "from_rule": [0.004545, 0.002719], "median_us": 598.1, "min_us": 586.9, "samples": 7}
{"event": "attend_mid", "rows": 64, "context": 12000, "geometry": [64, 1, 2], "passed": true, "largest": 0.004545, "rms": 0.002557, "gated_steps": 0, "gated_differ": 0, "from_rule": [0.004545, 0.002809], "median_us": 358.7, "min_us": 352.0, "samples": 7}
{"event": "attend_mid", "rows": 64, "context": 12000, "geometry": [64, 1, 4], "passed": true, "largest": 0.004545, "rms": 0.002557, "gated_steps": 0, "gated_differ": 0, "from_rule": [0.004545, 0.002809], "median_us": 426.2, "min_us": 416.0, "samples": 7}
{"event": "attend_mid", "rows": 64, "context": 12000, "geometry": [64, 1, 8], "passed": true, "largest": 0.004545, "rms": 0.002557, "gated_steps": 0, "gated_differ": 0, "from_rule": [0.004545, 0.002809], "median_us": 379.2, "min_us": 373.2, "samples": 7}
{"event": "attend_mid", "rows": 64, "context": 12000, "geometry": [64, 2, 2], "passed": true, "largest": 0.004545, "rms": 0.002522, "gated_steps": 0, "gated_differ": 0, "from_rule": [0.004545, 0.002589], "median_us": 335.4, "min_us": 329.5, "samples": 7}
{"event": "attend_mid", "rows": 64, "context": 12000, "geometry": [64, 2, 4], "passed": true, "largest": 0.004545, "rms": 0.002522, "gated_steps": 0, "gated_differ": 0, "from_rule": [0.004545, 0.002589], "median_us": 394.2, "min_us": 384.8, "samples": 7}
{"event": "attend_mid", "rows": 64, "context": 12000, "geometry": [64, 2, 8], "passed": true, "largest": 0.004545, "rms": 0.002522, "gated_steps": 0, "gated_differ": 0, "from_rule": [0.004545, 0.002589], "median_us": 357.1, "min_us": 354.4, "samples": 7}
{"event": "attend_mid", "rows": 64, "context": 12000, "geometry": [64, 4, 2], "passed": true, "largest": 0.004545, "rms": 0.002501, "gated_steps": 0, "gated_differ": 0, "from_rule": [0.004545, 0.002175], "median_us": 346.0, "min_us": 344.4, "samples": 7}
{"event": "attend_mid", "rows": 64, "context": 12000, "geometry": [64, 4, 4], "passed": true, "largest": 0.004545, "rms": 0.002501, "gated_steps": 0, "gated_differ": 0, "from_rule": [0.004545, 0.002175], "median_us": 409.5, "min_us": 401.0, "samples": 7}
{"event": "attend_mid", "rows": 64, "context": 12000, "geometry": [64, 4, 8], "passed": true, "largest": 0.004545, "rms": 0.002501, "gated_steps": 0, "gated_differ": 0, "from_rule": [0.004545, 0.002175], "median_us": 372.5, "min_us": 363.2, "samples": 7}
{"event": "attend_mid", "rows": 64, "context": 12000, "geometry": [64, 8, 2], "passed": true, "largest": 0.004545, "rms": 0.00249, "gated_steps": 0, "gated_differ": 0, "from_rule": [0.0, 0.0], "median_us": 359.0, "min_us": 357.3, "samples": 7}
{"event": "attend_mid", "rows": 64, "context": 12000, "geometry": [64, 8, 4], "passed": true, "largest": 0.004545, "rms": 0.00249, "gated_steps": 0, "gated_differ": 0, "from_rule": [0.000568, 8e-06], "median_us": 425.6, "min_us": 418.4, "samples": 7}
{"event": "attend_mid", "rows": 64, "context": 12000, "geometry": [64, 8, 8], "passed": true, "largest": 0.004545, "rms": 0.00249, "gated_steps": 0, "gated_differ": 0, "from_rule": [1.8e-05, 0.0], "median_us": 388.8, "min_us": 384.3, "samples": 7}
{"event": "attend_mid", "rows": 64, "context": 12000, "geometry": [64, 16, 2], "passed": true, "largest": 0.004545, "rms": 0.002484, "gated_steps": 0, "gated_differ": 0, "from_rule": [0.004545, 0.002128], "median_us": 414.7, "min_us": 409.7, "samples": 7}
{"event": "attend_mid", "rows": 64, "context": 12000, "geometry": [64, 16, 4], "passed": true, "largest": 0.004545, "rms": 0.002484, "gated_steps": 0, "gated_differ": 0, "from_rule": [0.004545, 0.002128], "median_us": 477.3, "min_us": 472.1, "samples": 7}
{"event": "attend_mid", "rows": 64, "context": 12000, "geometry": [64, 16, 8], "passed": true, "largest": 0.004545, "rms": 0.002484, "gated_steps": 0, "gated_differ": 0, "from_rule": [0.004545, 0.002128], "median_us": 446.1, "min_us": 443.1, "samples": 7}
{"event": "attend_mid", "rows": 64, "context": 12000, "geometry": [64, 32, 2], "passed": true, "largest": 0.004545, "rms": 0.002463, "gated_steps": 0, "gated_differ": 0, "from_rule": [0.004545, 0.002421], "median_us": 537.3, "min_us": 531.6, "samples": 7}
{"event": "attend_mid", "rows": 64, "context": 12000, "geometry": [64, 32, 4], "passed": true, "largest": 0.004545, "rms": 0.002464, "gated_steps": 0, "gated_differ": 0, "from_rule": [0.004545, 0.002421], "median_us": 610.9, "min_us": 605.8, "samples": 7}
{"event": "attend_mid", "rows": 64, "context": 12000, "geometry": [64, 32, 8], "passed": true, "largest": 0.004545, "rms": 0.002464, "gated_steps": 0, "gated_differ": 0, "from_rule": [0.004545, 0.002421], "median_us": 564.4, "min_us": 547.7, "samples": 7}
{"event": "attend_mid_verdict", "rows": 64, "rule": [64, 8, 2], "passing": 60, "failing": [], "fastest": [16, 8, 4], "fastest_us": 295.6, "rule_us": 359.0, "fastest_over_rule": 0.8234}
{"event": "covered_mid", "rows": 64, "context": 0, "geometry": [16, 1, 2], "passed": true, "largest": 0.002857, "rms": 0.001949, "gated_steps": 0, "gated_differ": 0, "from_rule": [0.001429, 0.000972], "alike": true, "median_us": 130.9, "min_us": 121.6, "samples": 7}
{"event": "covered_mid", "rows": 64, "context": 0, "geometry": [16, 1, 4], "passed": true, "largest": 0.002857, "rms": 0.001949, "gated_steps": 0, "gated_differ": 0, "from_rule": [0.001429, 0.000972], "alike": true, "median_us": 101.8, "min_us": 88.3, "samples": 7}
{"event": "covered_mid", "rows": 64, "context": 0, "geometry": [16, 1, 8], "passed": true, "largest": 0.002857, "rms": 0.001949, "gated_steps": 0, "gated_differ": 0, "from_rule": [0.001429, 0.000972], "alike": true, "median_us": 103.6, "min_us": 95.0, "samples": 7}
{"event": "covered_mid", "rows": 64, "context": 0, "geometry": [16, 2, 2], "passed": true, "largest": 0.002857, "rms": 0.001949, "gated_steps": 0, "gated_differ": 0, "from_rule": [0.001429, 0.000972], "alike": true, "median_us": 176.3, "min_us": 172.5, "samples": 7}
{"event": "covered_mid", "rows": 64, "context": 0, "geometry": [16, 2, 4], "passed": true, "largest": 0.002857, "rms": 0.001949, "gated_steps": 0, "gated_differ": 0, "from_rule": [0.001429, 0.000972], "alike": true, "median_us": 179.3, "min_us": 172.8, "samples": 7}
{"event": "covered_mid", "rows": 64, "context": 0, "geometry": [16, 2, 8], "passed": true, "largest": 0.002857, "rms": 0.001949, "gated_steps": 0, "gated_differ": 0, "from_rule": [0.001429, 0.000972], "alike": true, "median_us": 180.0, "min_us": 174.7, "samples": 7}
{"event": "covered_mid", "rows": 64, "context": 0, "geometry": [16, 4, 2], "passed": true, "largest": 0.002857, "rms": 0.001949, "gated_steps": 0, "gated_differ": 0, "from_rule": [0.001429, 0.000972], "alike": true, "median_us": 185.2, "min_us": 174.8, "samples": 7}
{"event": "covered_mid", "rows": 64, "context": 0, "geometry": [16, 4, 4], "passed": true, "largest": 0.002857, "rms": 0.001949, "gated_steps": 0, "gated_differ": 0, "from_rule": [0.001429, 0.000972], "alike": true, "median_us": 176.9, "min_us": 172.1, "samples": 7}
{"event": "covered_mid", "rows": 64, "context": 0, "geometry": [16, 4, 8], "passed": true, "largest": 0.002857, "rms": 0.001949, "gated_steps": 0, "gated_differ": 0, "from_rule": [0.001429, 0.000972], "alike": true, "median_us": 178.6, "min_us": 171.5, "samples": 7}
{"event": "covered_mid", "rows": 64, "context": 0, "geometry": [16, 8, 2], "passed": true, "largest": 0.002857, "rms": 0.001949, "gated_steps": 0, "gated_differ": 0, "from_rule": [0.001429, 0.000972], "alike": true, "median_us": 178.1, "min_us": 175.0, "samples": 7}
{"event": "covered_mid", "rows": 64, "context": 0, "geometry": [16, 8, 4], "passed": true, "largest": 0.002857, "rms": 0.001949, "gated_steps": 0, "gated_differ": 0, "from_rule": [0.001429, 0.000972], "alike": true, "median_us": 184.6, "min_us": 165.7, "samples": 7}
{"event": "covered_mid", "rows": 64, "context": 0, "geometry": [16, 8, 8], "passed": true, "largest": 0.002857, "rms": 0.001949, "gated_steps": 0, "gated_differ": 0, "from_rule": [0.001429, 0.000972], "alike": true, "median_us": 186.8, "min_us": 170.5, "samples": 7}
{"event": "covered_mid", "rows": 64, "context": 0, "geometry": [16, 16, 2], "passed": true, "largest": 0.002857, "rms": 0.001949, "gated_steps": 0, "gated_differ": 0, "from_rule": [0.001429, 0.000972], "alike": true, "median_us": 183.8, "min_us": 180.1, "samples": 7}
{"event": "covered_mid", "rows": 64, "context": 0, "geometry": [16, 16, 4], "passed": true, "largest": 0.002857, "rms": 0.001949, "gated_steps": 0, "gated_differ": 0, "from_rule": [0.001429, 0.000972], "alike": true, "median_us": 177.4, "min_us": 168.1, "samples": 7}
{"event": "covered_mid", "rows": 64, "context": 0, "geometry": [16, 16, 8], "passed": true, "largest": 0.002857, "rms": 0.001949, "gated_steps": 0, "gated_differ": 0, "from_rule": [0.001429, 0.000972], "alike": true, "median_us": 176.9, "min_us": 175.3, "samples": 7}
{"event": "covered_mid", "rows": 64, "context": 0, "geometry": [16, 32, 2], "passed": true, "largest": 0.002857, "rms": 0.001949, "gated_steps": 0, "gated_differ": 0, "from_rule": [0.001429, 0.000972], "alike": true, "median_us": 214.3, "min_us": 206.3, "samples": 7}
{"event": "covered_mid", "rows": 64, "context": 0, "geometry": [16, 32, 4], "passed": true, "largest": 0.002857, "rms": 0.001949, "gated_steps": 0, "gated_differ": 0, "from_rule": [0.001429, 0.000972], "alike": true, "median_us": 183.9, "min_us": 178.4, "samples": 7}
{"event": "covered_mid", "rows": 64, "context": 0, "geometry": [16, 32, 8], "passed": true, "largest": 0.002857, "rms": 0.001949, "gated_steps": 0, "gated_differ": 0, "from_rule": [0.001429, 0.000972], "alike": true, "median_us": 184.4, "min_us": 180.4, "samples": 7}
{"event": "covered_mid", "rows": 64, "context": 0, "geometry": [16, 64, 2], "passed": true, "largest": 0.002857, "rms": 0.001941, "gated_steps": 0, "gated_differ": 0, "from_rule": [0.001429, 0.001111], "alike": true, "median_us": 351.0, "min_us": 341.3, "samples": 7}
{"event": "covered_mid", "rows": 64, "context": 0, "geometry": [16, 64, 4], "passed": true, "largest": 0.002857, "rms": 0.001941, "gated_steps": 0, "gated_differ": 0, "from_rule": [0.001429, 0.001111], "alike": true, "median_us": 293.8, "min_us": 287.4, "samples": 7}
{"event": "covered_mid", "rows": 64, "context": 0, "geometry": [16, 64, 8], "passed": true, "largest": 0.002857, "rms": 0.001941, "gated_steps": 0, "gated_differ": 0, "from_rule": [0.001429, 0.001111], "alike": true, "median_us": 300.1, "min_us": 294.1, "samples": 7}
{"event": "covered_mid", "rows": 64, "context": 0, "geometry": [32, 1, 2], "passed": true, "largest": 0.002857, "rms": 0.001965, "gated_steps": 0, "gated_differ": 0, "from_rule": [0.000714, 0.000562], "alike": true, "median_us": 133.2, "min_us": 117.9, "samples": 7}
{"event": "covered_mid", "rows": 64, "context": 0, "geometry": [32, 1, 4], "passed": true, "largest": 0.002857, "rms": 0.001965, "gated_steps": 0, "gated_differ": 0, "from_rule": [0.000714, 0.000562], "alike": true, "median_us": 103.9, "min_us": 92.9, "samples": 7}
{"event": "covered_mid", "rows": 64, "context": 0, "geometry": [32, 1, 8], "passed": true, "largest": 0.002857, "rms": 0.001965, "gated_steps": 0, "gated_differ": 0, "from_rule": [0.000714, 0.000562], "alike": true, "median_us": 111.1, "min_us": 100.4, "samples": 7}
{"event": "covered_mid", "rows": 64, "context": 0, "geometry": [32, 2, 2], "passed": true, "largest": 0.002857, "rms": 0.001965, "gated_steps": 0, "gated_differ": 0, "from_rule": [0.000714, 0.000562], "alike": true, "median_us": 182.8, "min_us": 175.3, "samples": 7}
{"event": "covered_mid", "rows": 64, "context": 0, "geometry": [32, 2, 4], "passed": true, "largest": 0.002857, "rms": 0.001965, "gated_steps": 0, "gated_differ": 0, "from_rule": [0.000714, 0.000562], "alike": true, "median_us": 180.1, "min_us": 173.6, "samples": 7}
{"event": "covered_mid", "rows": 64, "context": 0, "geometry": [32, 2, 8], "passed": true, "largest": 0.002857, "rms": 0.001965, "gated_steps": 0, "gated_differ": 0, "from_rule": [0.000714, 0.000562], "alike": true, "median_us": 181.7, "min_us": 177.0, "samples": 7}
{"event": "covered_mid", "rows": 64, "context": 0, "geometry": [32, 4, 2], "passed": true, "largest": 0.002857, "rms": 0.001965, "gated_steps": 0, "gated_differ": 0, "from_rule": [0.000714, 0.000562], "alike": true, "median_us": 181.1, "min_us": 174.4, "samples": 7}
{"event": "covered_mid", "rows": 64, "context": 0, "geometry": [32, 4, 4], "passed": true, "largest": 0.002857, "rms": 0.001965, "gated_steps": 0, "gated_differ": 0, "from_rule": [0.000714, 0.000562], "alike": true, "median_us": 180.5, "min_us": 171.5, "samples": 7}
{"event": "covered_mid", "rows": 64, "context": 0, "geometry": [32, 4, 8], "passed": true, "largest": 0.002857, "rms": 0.001965, "gated_steps": 0, "gated_differ": 0, "from_rule": [0.000714, 0.000562], "alike": true, "median_us": 186.5, "min_us": 175.0, "samples": 7}
{"event": "covered_mid", "rows": 64, "context": 0, "geometry": [32, 8, 2], "passed": true, "largest": 0.002857, "rms": 0.001965, "gated_steps": 0, "gated_differ": 0, "from_rule": [0.000714, 0.000562], "alike": true, "median_us": 179.5, "min_us": 175.2, "samples": 7}
{"event": "covered_mid", "rows": 64, "context": 0, "geometry": [32, 8, 4], "passed": true, "largest": 0.002857, "rms": 0.001965, "gated_steps": 0, "gated_differ": 0, "from_rule": [0.000714, 0.000562], "alike": true, "median_us": 182.9, "min_us": 170.5, "samples": 7}
{"event": "covered_mid", "rows": 64, "context": 0, "geometry": [32, 8, 8], "passed": true, "largest": 0.002857, "rms": 0.001965, "gated_steps": 0, "gated_differ": 0, "from_rule": [0.000714, 0.000562], "alike": true, "median_us": 175.7, "min_us": 169.6, "samples": 7}
{"event": "covered_mid", "rows": 64, "context": 0, "geometry": [32, 16, 2], "passed": true, "largest": 0.002857, "rms": 0.001965, "gated_steps": 0, "gated_differ": 0, "from_rule": [0.000714, 0.000562], "alike": true, "median_us": 200.9, "min_us": 195.9, "samples": 7}
{"event": "covered_mid", "rows": 64, "context": 0, "geometry": [32, 16, 4], "passed": true, "largest": 0.002857, "rms": 0.001965, "gated_steps": 0, "gated_differ": 0, "from_rule": [0.000714, 0.000562], "alike": true, "median_us": 178.7, "min_us": 174.6, "samples": 7}
{"event": "covered_mid", "rows": 64, "context": 0, "geometry": [32, 16, 8], "passed": true, "largest": 0.002857, "rms": 0.001965, "gated_steps": 0, "gated_differ": 0, "from_rule": [0.000714, 0.000562], "alike": true, "median_us": 177.6, "min_us": 173.4, "samples": 7}
{"event": "covered_mid", "rows": 64, "context": 0, "geometry": [32, 32, 2], "passed": true, "largest": 0.002857, "rms": 0.001965, "gated_steps": 0, "gated_differ": 0, "from_rule": [0.000714, 0.000562], "alike": true, "median_us": 271.0, "min_us": 259.2, "samples": 7}
{"event": "covered_mid", "rows": 64, "context": 0, "geometry": [32, 32, 4], "passed": true, "largest": 0.002857, "rms": 0.001965, "gated_steps": 0, "gated_differ": 0, "from_rule": [0.000714, 0.000562], "alike": true, "median_us": 186.1, "min_us": 183.5, "samples": 7}
{"event": "covered_mid", "rows": 64, "context": 0, "geometry": [32, 32, 8], "passed": true, "largest": 0.002857, "rms": 0.001965, "gated_steps": 0, "gated_differ": 0, "from_rule": [0.000714, 0.000562], "alike": true, "median_us": 185.9, "min_us": 178.7, "samples": 7}
{"event": "covered_mid", "rows": 64, "context": 0, "geometry": [32, 64, 2], "passed": true, "largest": 0.002857, "rms": 0.001957, "gated_steps": 0, "gated_differ": 0, "from_rule": [0.001429, 0.000846], "alike": true, "median_us": 462.4, "min_us": 454.0, "samples": 7}
{"event": "covered_mid", "rows": 64, "context": 0, "geometry": [32, 64, 4], "passed": true, "largest": 0.002857, "rms": 0.001957, "gated_steps": 0, "gated_differ": 0, "from_rule": [0.001429, 0.000846], "alike": true, "median_us": 297.1, "min_us": 288.9, "samples": 7}
{"event": "covered_mid", "rows": 64, "context": 0, "geometry": [32, 64, 8], "passed": true, "largest": 0.002857, "rms": 0.001957, "gated_steps": 0, "gated_differ": 0, "from_rule": [0.001429, 0.000846], "alike": true, "median_us": 298.1, "min_us": 288.7, "samples": 7}
{"event": "covered_mid", "rows": 64, "context": 0, "geometry": [64, 1, 2], "passed": true, "largest": 0.002857, "rms": 0.001969, "gated_steps": 0, "gated_differ": 0, "from_rule": [0.0, 0.0], "alike": true, "median_us": 127.9, "min_us": 122.8, "samples": 7}
{"event": "covered_mid", "rows": 64, "context": 0, "geometry": [64, 1, 4], "passed": true, "largest": 0.002857, "rms": 0.001969, "gated_steps": 0, "gated_differ": 0, "from_rule": [0.0, 0.0], "alike": true, "median_us": 112.9, "min_us": 106.8, "samples": 7}
{"event": "covered_mid", "rows": 64, "context": 0, "geometry": [64, 1, 8], "passed": true, "largest": 0.002857, "rms": 0.001969, "gated_steps": 0, "gated_differ": 0, "from_rule": [0.0, 0.0], "alike": true, "median_us": 109.1, "min_us": 102.6, "samples": 7}
{"event": "covered_mid", "rows": 64, "context": 0, "geometry": [64, 2, 2], "passed": true, "largest": 0.002857, "rms": 0.001969, "gated_steps": 0, "gated_differ": 0, "from_rule": [0.0, 0.0], "alike": true, "median_us": 179.3, "min_us": 174.2, "samples": 7}
{"event": "covered_mid", "rows": 64, "context": 0, "geometry": [64, 2, 4], "passed": true, "largest": 0.002857, "rms": 0.001969, "gated_steps": 0, "gated_differ": 0, "from_rule": [0.0, 0.0], "alike": true, "median_us": 177.5, "min_us": 174.6, "samples": 7}
{"event": "covered_mid", "rows": 64, "context": 0, "geometry": [64, 2, 8], "passed": true, "largest": 0.002857, "rms": 0.001969, "gated_steps": 0, "gated_differ": 0, "from_rule": [0.0, 0.0], "alike": true, "median_us": 180.2, "min_us": 174.8, "samples": 7}
{"event": "covered_mid", "rows": 64, "context": 0, "geometry": [64, 4, 2], "passed": true, "largest": 0.002857, "rms": 0.001969, "gated_steps": 0, "gated_differ": 0, "from_rule": [0.0, 0.0], "alike": true, "median_us": 180.5, "min_us": 175.8, "samples": 7}
{"event": "covered_mid", "rows": 64, "context": 0, "geometry": [64, 4, 4], "passed": true, "largest": 0.002857, "rms": 0.001969, "gated_steps": 0, "gated_differ": 0, "from_rule": [0.0, 0.0], "alike": true, "median_us": 178.0, "min_us": 169.4, "samples": 7}
{"event": "covered_mid", "rows": 64, "context": 0, "geometry": [64, 4, 8], "passed": true, "largest": 0.002857, "rms": 0.001969, "gated_steps": 0, "gated_differ": 0, "from_rule": [0.0, 0.0], "alike": true, "median_us": 173.2, "min_us": 169.9, "samples": 7}
{"event": "covered_mid", "rows": 64, "context": 0, "geometry": [64, 8, 2], "passed": true, "largest": 0.002857, "rms": 0.001969, "gated_steps": 0, "gated_differ": 0, "from_rule": [0.0, 0.0], "alike": true, "median_us": 179.1, "min_us": 172.3, "samples": 7}
{"event": "covered_mid", "rows": 64, "context": 0, "geometry": [64, 8, 4], "passed": true, "largest": 0.002857, "rms": 0.001969, "gated_steps": 0, "gated_differ": 0, "from_rule": [0.0, 0.0], "alike": true, "median_us": 186.9, "min_us": 173.3, "samples": 7}
{"event": "covered_mid", "rows": 64, "context": 0, "geometry": [64, 8, 8], "passed": true, "largest": 0.002857, "rms": 0.001969, "gated_steps": 0, "gated_differ": 0, "from_rule": [0.0, 0.0], "alike": true, "median_us": 176.9, "min_us": 176.0, "samples": 7}
{"event": "covered_mid", "rows": 64, "context": 0, "geometry": [64, 16, 2], "passed": true, "largest": 0.002857, "rms": 0.001969, "gated_steps": 0, "gated_differ": 0, "from_rule": [0.0, 0.0], "alike": true, "median_us": 190.0, "min_us": 186.3, "samples": 7}
{"event": "covered_mid", "rows": 64, "context": 0, "geometry": [64, 16, 4], "passed": true, "largest": 0.002857, "rms": 0.001969, "gated_steps": 0, "gated_differ": 0, "from_rule": [0.0, 0.0], "alike": true, "median_us": 183.3, "min_us": 174.0, "samples": 7}
{"event": "covered_mid", "rows": 64, "context": 0, "geometry": [64, 16, 8], "passed": true, "largest": 0.002857, "rms": 0.001969, "gated_steps": 0, "gated_differ": 0, "from_rule": [0.0, 0.0], "alike": true, "median_us": 176.9, "min_us": 172.1, "samples": 7}
{"event": "covered_mid", "rows": 64, "context": 0, "geometry": [64, 32, 2], "passed": true, "largest": 0.002857, "rms": 0.001969, "gated_steps": 0, "gated_differ": 0, "from_rule": [0.0, 0.0], "alike": true, "median_us": 274.3, "min_us": 264.3, "samples": 7}
{"event": "covered_mid", "rows": 64, "context": 0, "geometry": [64, 32, 4], "passed": true, "largest": 0.002857, "rms": 0.001969, "gated_steps": 0, "gated_differ": 0, "from_rule": [0.0, 0.0], "alike": true, "median_us": 203.8, "min_us": 200.7, "samples": 7}
{"event": "covered_mid", "rows": 64, "context": 0, "geometry": [64, 32, 8], "passed": true, "largest": 0.002857, "rms": 0.001969, "gated_steps": 0, "gated_differ": 0, "from_rule": [0.0, 0.0], "alike": true, "median_us": 187.0, "min_us": 182.1, "samples": 7}
{"event": "covered_mid_verdict", "rows": 64, "rule": [64, 8, 2], "passing": 60, "failing": [], "fastest": [16, 1, 4], "fastest_us": 101.8, "rule_us": 179.1, "fastest_over_rule": 0.5684}
{"event": "attend_mid", "rows": 256, "context": 12000, "geometry": [16, 1, 2], "passed": true, "largest": 0.004219, "rms": 0.002541, "gated_steps": 1, "gated_differ": 1, "from_rule": [0.004202, 0.002848], "median_us": 903.0, "min_us": 886.9, "samples": 7}
{"event": "attend_mid", "rows": 256, "context": 12000, "geometry": [16, 1, 4], "passed": true, "largest": 0.004219, "rms": 0.002541, "gated_steps": 1, "gated_differ": 1, "from_rule": [0.004202, 0.002848], "median_us": 800.4, "min_us": 796.4, "samples": 7}
{"event": "attend_mid", "rows": 256, "context": 12000, "geometry": [16, 1, 8], "passed": true, "largest": 0.004219, "rms": 0.002541, "gated_steps": 1, "gated_differ": 1, "from_rule": [0.004202, 0.002848], "median_us": 933.1, "min_us": 931.4, "samples": 7}
{"event": "attend_mid", "rows": 256, "context": 12000, "geometry": [16, 2, 2], "passed": true, "largest": 0.004219, "rms": 0.00252, "gated_steps": 1, "gated_differ": 2, "from_rule": [0.004202, 0.002674], "median_us": 754.8, "min_us": 751.1, "samples": 7}
{"event": "attend_mid", "rows": 256, "context": 12000, "geometry": [16, 2, 4], "passed": true, "largest": 0.004219, "rms": 0.00252, "gated_steps": 1, "gated_differ": 2, "from_rule": [0.004202, 0.002674], "median_us": 735.3, "min_us": 733.2, "samples": 7}
{"event": "attend_mid", "rows": 256, "context": 12000, "geometry": [16, 2, 8], "passed": true, "largest": 0.004219, "rms": 0.00252, "gated_steps": 1, "gated_differ": 2, "from_rule": [0.004202, 0.002674], "median_us": 902.2, "min_us": 893.8, "samples": 7}
{"event": "attend_mid", "rows": 256, "context": 12000, "geometry": [16, 4, 2], "passed": true, "largest": 0.004219, "rms": 0.002519, "gated_steps": 1, "gated_differ": 1, "from_rule": [0.004202, 0.002388], "median_us": 770.1, "min_us": 768.9, "samples": 7}
{"event": "attend_mid", "rows": 256, "context": 12000, "geometry": [16, 4, 4], "passed": true, "largest": 0.004219, "rms": 0.002519, "gated_steps": 1, "gated_differ": 1, "from_rule": [0.004202, 0.002388], "median_us": 745.8, "min_us": 740.7, "samples": 7}
{"event": "attend_mid", "rows": 256, "context": 12000, "geometry": [16, 4, 8], "passed": true, "largest": 0.004219, "rms": 0.002519, "gated_steps": 1, "gated_differ": 1, "from_rule": [0.004202, 0.002388], "median_us": 915.0, "min_us": 909.2, "samples": 7}
{"event": "attend_mid", "rows": 256, "context": 12000, "geometry": [16, 8, 2], "passed": true, "largest": 0.004219, "rms": 0.002481, "gated_steps": 1, "gated_differ": 1, "from_rule": [0.004202, 0.001861], "median_us": 777.9, "min_us": 775.5, "samples": 7}
{"event": "attend_mid", "rows": 256, "context": 12000, "geometry": [16, 8, 4], "passed": true, "largest": 0.004219, "rms": 0.002481, "gated_steps": 1, "gated_differ": 1, "from_rule": [0.004202, 0.001861], "median_us": 780.1, "min_us": 763.7, "samples": 7}
{"event": "attend_mid", "rows": 256, "context": 12000, "geometry": [16, 8, 8], "passed": true, "largest": 0.004219, "rms": 0.002481, "gated_steps": 1, "gated_differ": 1, "from_rule": [0.004202, 0.001861], "median_us": 964.0, "min_us": 945.0, "samples": 7}
{"event": "attend_mid", "rows": 256, "context": 12000, "geometry": [16, 16, 2], "passed": true, "largest": 0.004219, "rms": 0.00244, "gated_steps": 1, "gated_differ": 1, "from_rule": [0.004202, 0.002406], "median_us": 932.8, "min_us": 917.1, "samples": 7}
{"event": "attend_mid", "rows": 256, "context": 12000, "geometry": [16, 16, 4], "passed": true, "largest": 0.004219, "rms": 0.00244, "gated_steps": 1, "gated_differ": 1, "from_rule": [0.004202, 0.002406], "median_us": 913.6, "min_us": 899.8, "samples": 7}
{"event": "attend_mid", "rows": 256, "context": 12000, "geometry": [16, 16, 8], "passed": true, "largest": 0.004219, "rms": 0.00244, "gated_steps": 1, "gated_differ": 1, "from_rule": [0.004202, 0.002406], "median_us": 1122.2, "min_us": 1110.5, "samples": 7}
{"event": "attend_mid", "rows": 256, "context": 12000, "geometry": [16, 32, 2], "passed": true, "largest": 0.004219, "rms": 0.002398, "gated_steps": 1, "gated_differ": 1, "from_rule": [0.004202, 0.002641], "median_us": 1257.0, "min_us": 1240.9, "samples": 7}
{"event": "attend_mid", "rows": 256, "context": 12000, "geometry": [16, 32, 4], "passed": true, "largest": 0.004219, "rms": 0.002398, "gated_steps": 1, "gated_differ": 1, "from_rule": [0.004202, 0.002641], "median_us": 1221.4, "min_us": 1215.2, "samples": 7}
{"event": "attend_mid", "rows": 256, "context": 12000, "geometry": [16, 32, 8], "passed": true, "largest": 0.004219, "rms": 0.002398, "gated_steps": 1, "gated_differ": 1, "from_rule": [0.004202, 0.002641], "median_us": 1478.5, "min_us": 1466.3, "samples": 7}
{"event": "attend_mid", "rows": 256, "context": 12000, "geometry": [16, 64, 2], "passed": true, "largest": 0.004219, "rms": 0.002352, "gated_steps": 1, "gated_differ": 1, "from_rule": [0.004202, 0.002757], "median_us": 1800.1, "min_us": 1789.2, "samples": 7}
{"event": "attend_mid", "rows": 256, "context": 12000, "geometry": [16, 64, 4], "passed": true, "largest": 0.004219, "rms": 0.002352, "gated_steps": 1, "gated_differ": 1, "from_rule": [0.004202, 0.002757], "median_us": 1729.7, "min_us": 1713.0, "samples": 7}
{"event": "attend_mid", "rows": 256, "context": 12000, "geometry": [16, 64, 8], "passed": true, "largest": 0.004219, "rms": 0.002352, "gated_steps": 1, "gated_differ": 1, "from_rule": [0.004202, 0.002757], "median_us": 2074.4, "min_us": 2063.7, "samples": 7}
{"event": "attend_mid", "rows": 256, "context": 12000, "geometry": [32, 1, 2], "passed": true, "largest": 0.004219, "rms": 0.002551, "gated_steps": 1, "gated_differ": 1, "from_rule": [0.004202, 0.002836], "median_us": 1017.5, "min_us": 1002.6, "samples": 7}
{"event": "attend_mid", "rows": 256, "context": 12000, "geometry": [32, 1, 4], "passed": true, "largest": 0.004219, "rms": 0.002551, "gated_steps": 1, "gated_differ": 1, "from_rule": [0.004202, 0.002836], "median_us": 827.8, "min_us": 818.4, "samples": 7}
{"event": "attend_mid", "rows": 256, "context": 12000, "geometry": [32, 1, 8], "passed": true, "largest": 0.004219, "rms": 0.002551, "gated_steps": 1, "gated_differ": 1, "from_rule": [0.004202, 0.002836], "median_us": 792.3, "min_us": 777.4, "samples": 7}
{"event": "attend_mid", "rows": 256, "context": 12000, "geometry": [32, 2, 2], "passed": true, "largest": 0.004219, "rms": 0.002526, "gated_steps": 1, "gated_differ": 1, "from_rule": [0.004202, 0.002644], "median_us": 1147.3, "min_us": 1144.8, "samples": 7}
{"event": "attend_mid", "rows": 256, "context": 12000, "geometry": [32, 2, 4], "passed": true, "largest": 0.004219, "rms": 0.002526, "gated_steps": 1, "gated_differ": 1, "from_rule": [0.004202, 0.002644], "median_us": 813.7, "min_us": 803.8, "samples": 7}
{"event": "attend_mid", "rows": 256, "context": 12000, "geometry": [32, 2, 8], "passed": true, "largest": 0.004219, "rms": 0.002526, "gated_steps": 1, "gated_differ": 1, "from_rule": [0.004202, 0.002644], "median_us": 808.7, "min_us": 802.1, "samples": 7}
{"event": "attend_mid", "rows": 256, "context": 12000, "geometry": [32, 4, 2], "passed": true, "largest": 0.004219, "rms": 0.00252, "gated_steps": 1, "gated_differ": 1, "from_rule": [0.004202, 0.002325], "median_us": 1096.4, "min_us": 1085.8, "samples": 7}
{"event": "attend_mid", "rows": 256, "context": 12000, "geometry": [32, 4, 4], "passed": true, "largest": 0.004219, "rms": 0.00252, "gated_steps": 1, "gated_differ": 1, "from_rule": [0.004202, 0.002325], "median_us": 792.3, "min_us": 791.1, "samples": 7}
{"event": "attend_mid", "rows": 256, "context": 12000, "geometry": [32, 4, 8], "passed": true, "largest": 0.004219, "rms": 0.00252, "gated_steps": 1, "gated_differ": 1, "from_rule": [0.004202, 0.002325], "median_us": 816.5, "min_us": 815.0, "samples": 7}
{"event": "attend_mid", "rows": 256, "context": 12000, "geometry": [32, 8, 2], "passed": true, "largest": 0.004219, "rms": 0.002478, "gated_steps": 1, "gated_differ": 2, "from_rule": [0.004202, 0.001679], "median_us": 1145.4, "min_us": 1130.0, "samples": 7}
{"event": "attend_mid", "rows": 256, "context": 12000, "geometry": [32, 8, 4], "passed": true, "largest": 0.004219, "rms": 0.002478, "gated_steps": 1, "gated_differ": 2, "from_rule": [0.004202, 0.001679], "median_us": 856.1, "min_us": 850.2, "samples": 7}
{"event": "attend_mid", "rows": 256, "context": 12000, "geometry": [32, 8, 8], "passed": true, "largest": 0.004219, "rms": 0.002478, "gated_steps": 1, "gated_differ": 2, "from_rule": [0.004202, 0.001679], "median_us": 869.8, "min_us": 862.3, "samples": 7}
{"event": "attend_mid", "rows": 256, "context": 12000, "geometry": [32, 16, 2], "passed": true, "largest": 0.004219, "rms": 0.002445, "gated_steps": 1, "gated_differ": 1, "from_rule": [0.004202, 0.002325], "median_us": 1337.6, "min_us": 1335.0, "samples": 7}
{"event": "attend_mid", "rows": 256, "context": 12000, "geometry": [32, 16, 4], "passed": true, "largest": 0.004219, "rms": 0.002445, "gated_steps": 1, "gated_differ": 1, "from_rule": [0.004202, 0.002325], "median_us": 1038.6, "min_us": 1024.6, "samples": 7}
{"event": "attend_mid", "rows": 256, "context": 12000, "geometry": [32, 16, 8], "passed": true, "largest": 0.004219, "rms": 0.002445, "gated_steps": 1, "gated_differ": 1, "from_rule": [0.004202, 0.002325], "median_us": 1070.5, "min_us": 1044.6, "samples": 7}
{"event": "attend_mid", "rows": 256, "context": 12000, "geometry": [32, 32, 2], "passed": true, "largest": 0.004219, "rms": 0.00241, "gated_steps": 0, "gated_differ": 0, "from_rule": [0.004202, 0.002582], "median_us": 1817.5, "min_us": 1804.9, "samples": 7}
{"event": "attend_mid", "rows": 256, "context": 12000, "geometry": [32, 32, 4], "passed": true, "largest": 0.004219, "rms": 0.00241, "gated_steps": 0, "gated_differ": 0, "from_rule": [0.004202, 0.002582], "median_us": 1420.7, "min_us": 1415.6, "samples": 7}
{"event": "attend_mid", "rows": 256, "context": 12000, "geometry": [32, 32, 8], "passed": true, "largest": 0.004219, "rms": 0.00241, "gated_steps": 0, "gated_differ": 0, "from_rule": [0.004202, 0.002582], "median_us": 1449.1, "min_us": 1437.5, "samples": 7}
{"event": "attend_mid", "rows": 256, "context": 12000, "geometry": [32, 64, 2], "passed": true, "largest": 0.004219, "rms": 0.002388, "gated_steps": 1, "gated_differ": 1, "from_rule": [0.004202, 0.002718], "median_us": 2665.9, "min_us": 2641.8, "samples": 7}
{"event": "attend_mid", "rows": 256, "context": 12000, "geometry": [32, 64, 4], "passed": true, "largest": 0.004219, "rms": 0.002388, "gated_steps": 1, "gated_differ": 1, "from_rule": [0.004202, 0.002718], "median_us": 2077.9, "min_us": 2058.8, "samples": 7}
{"event": "attend_mid", "rows": 256, "context": 12000, "geometry": [32, 64, 8], "passed": true, "largest": 0.004219, "rms": 0.002388, "gated_steps": 1, "gated_differ": 1, "from_rule": [0.004202, 0.002718], "median_us": 2152.9, "min_us": 2140.8, "samples": 7}
{"event": "attend_mid", "rows": 256, "context": 12000, "geometry": [64, 1, 2], "passed": true, "largest": 0.004219, "rms": 0.002549, "gated_steps": 1, "gated_differ": 1, "from_rule": [0.004202, 0.0028], "median_us": 896.1, "min_us": 873.3, "samples": 7}
{"event": "attend_mid", "rows": 256, "context": 12000, "geometry": [64, 1, 4], "passed": true, "largest": 0.004219, "rms": 0.002549, "gated_steps": 1, "gated_differ": 1, "from_rule": [0.004202, 0.0028], "median_us": 1040.5, "min_us": 1035.9, "samples": 7}
{"event": "attend_mid", "rows": 256, "context": 12000, "geometry": [64, 1, 8], "passed": true, "largest": 0.004219, "rms": 0.002549, "gated_steps": 1, "gated_differ": 1, "from_rule": [0.004202, 0.0028], "median_us": 984.3, "min_us": 976.3, "samples": 7}
{"event": "attend_mid", "rows": 256, "context": 12000, "geometry": [64, 2, 2], "passed": true, "largest": 0.004219, "rms": 0.002532, "gated_steps": 1, "gated_differ": 1, "from_rule": [0.004202, 0.002573], "median_us": 889.9, "min_us": 878.1, "samples": 7}
{"event": "attend_mid", "rows": 256, "context": 12000, "geometry": [64, 2, 4], "passed": true, "largest": 0.004219, "rms": 0.002532, "gated_steps": 1, "gated_differ": 1, "from_rule": [0.004202, 0.002573], "median_us": 1085.2, "min_us": 1073.5, "samples": 7}
{"event": "attend_mid", "rows": 256, "context": 12000, "geometry": [64, 2, 8], "passed": true, "largest": 0.004219, "rms": 0.002532, "gated_steps": 1, "gated_differ": 1, "from_rule": [0.004202, 0.002573], "median_us": 993.6, "min_us": 986.4, "samples": 7}
{"event": "attend_mid", "rows": 256, "context": 12000, "geometry": [64, 4, 2], "passed": true, "largest": 0.004219, "rms": 0.00254, "gated_steps": 1, "gated_differ": 1, "from_rule": [0.004202, 0.002174], "median_us": 930.4, "min_us": 921.2, "samples": 7}
{"event": "attend_mid", "rows": 256, "context": 12000, "geometry": [64, 4, 4], "passed": true, "largest": 0.004219, "rms": 0.00254, "gated_steps": 1, "gated_differ": 1, "from_rule": [0.004202, 0.002174], "median_us": 1141.9, "min_us": 1136.2, "samples": 7}
{"event": "attend_mid", "rows": 256, "context": 12000, "geometry": [64, 4, 8], "passed": true, "largest": 0.004219, "rms": 0.00254, "gated_steps": 1, "gated_differ": 1, "from_rule": [0.004202, 0.002174], "median_us": 1052.0, "min_us": 1041.6, "samples": 7}
{"event": "attend_mid", "rows": 256, "context": 12000, "geometry": [64, 8, 2], "passed": true, "largest": 0.004219, "rms": 0.0025, "gated_steps": 1, "gated_differ": 2, "from_rule": [0.0, 0.0], "median_us": 1042.1, "min_us": 1032.7, "samples": 7}
{"event": "attend_mid", "rows": 256, "context": 12000, "geometry": [64, 8, 4], "passed": true, "largest": 0.004219, "rms": 0.0025, "gated_steps": 1, "gated_differ": 2, "from_rule": [0.00105, 1.7e-05], "median_us": 1266.3, "min_us": 1258.8, "samples": 7}
{"event": "attend_mid", "rows": 256, "context": 12000, "geometry": [64, 8, 8], "passed": true, "largest": 0.004219, "rms": 0.0025, "gated_steps": 1, "gated_differ": 2, "from_rule": [0.002101, 2.3e-05], "median_us": 1169.6, "min_us": 1160.4, "samples": 7}
{"event": "attend_mid", "rows": 256, "context": 12000, "geometry": [64, 16, 2], "passed": true, "largest": 0.004219, "rms": 0.002467, "gated_steps": 1, "gated_differ": 1, "from_rule": [0.004202, 0.002109], "median_us": 1339.1, "min_us": 1319.5, "samples": 7}
{"event": "attend_mid", "rows": 256, "context": 12000, "geometry": [64, 16, 4], "passed": true, "largest": 0.004219, "rms": 0.002467, "gated_steps": 1, "gated_differ": 1, "from_rule": [0.004202, 0.002109], "median_us": 1575.6, "min_us": 1561.5, "samples": 7}
{"event": "attend_mid", "rows": 256, "context": 12000, "geometry": [64, 16, 8], "passed": true, "largest": 0.004219, "rms": 0.002467, "gated_steps": 1, "gated_differ": 1, "from_rule": [0.004202, 0.002109], "median_us": 1453.9, "min_us": 1436.7, "samples": 7}
{"event": "attend_mid", "rows": 256, "context": 12000, "geometry": [64, 32, 2], "passed": true, "largest": 0.004219, "rms": 0.002438, "gated_steps": 1, "gated_differ": 1, "from_rule": [0.004202, 0.002418], "median_us": 1977.0, "min_us": 1961.1, "samples": 7}
{"event": "attend_mid", "rows": 256, "context": 12000, "geometry": [64, 32, 4], "passed": true, "largest": 0.004219, "rms": 0.002437, "gated_steps": 1, "gated_differ": 1, "from_rule": [0.004202, 0.002418], "median_us": 2220.2, "min_us": 2215.0, "samples": 7}
{"event": "attend_mid", "rows": 256, "context": 12000, "geometry": [64, 32, 8], "passed": true, "largest": 0.004219, "rms": 0.002438, "gated_steps": 1, "gated_differ": 1, "from_rule": [0.004202, 0.002418], "median_us": 2014.2, "min_us": 2011.2, "samples": 7}
{"event": "attend_mid_verdict", "rows": 256, "rule": [64, 8, 2], "passing": 60, "failing": [], "fastest": [16, 2, 4], "fastest_us": 735.3, "rule_us": 1042.1, "fastest_over_rule": 0.7056}
{"event": "covered_mid", "rows": 256, "context": 0, "geometry": [16, 1, 2], "passed": true, "largest": 0.002703, "rms": 0.001758, "gated_steps": 0, "gated_differ": 0, "from_rule": [0.001351, 0.001256], "alike": true, "median_us": 252.9, "min_us": 237.3, "samples": 7}
{"event": "covered_mid", "rows": 256, "context": 0, "geometry": [16, 1, 4], "passed": true, "largest": 0.002703, "rms": 0.001758, "gated_steps": 0, "gated_differ": 0, "from_rule": [0.001351, 0.001256], "alike": true, "median_us": 157.4, "min_us": 140.2, "samples": 7}
{"event": "covered_mid", "rows": 256, "context": 0, "geometry": [16, 1, 8], "passed": true, "largest": 0.002703, "rms": 0.001758, "gated_steps": 0, "gated_differ": 0, "from_rule": [0.001351, 0.001256], "alike": true, "median_us": 175.2, "min_us": 171.2, "samples": 7}
{"event": "covered_mid", "rows": 256, "context": 0, "geometry": [16, 2, 2], "passed": true, "largest": 0.002703, "rms": 0.001758, "gated_steps": 0, "gated_differ": 0, "from_rule": [0.001351, 0.001256], "alike": true, "median_us": 292.1, "min_us": 287.0, "samples": 7}
{"event": "covered_mid", "rows": 256, "context": 0, "geometry": [16, 2, 4], "passed": true, "largest": 0.002703, "rms": 0.001758, "gated_steps": 0, "gated_differ": 0, "from_rule": [0.001351, 0.001256], "alike": true, "median_us": 191.2, "min_us": 186.7, "samples": 7}
{"event": "covered_mid", "rows": 256, "context": 0, "geometry": [16, 2, 8], "passed": true, "largest": 0.002703, "rms": 0.001758, "gated_steps": 0, "gated_differ": 0, "from_rule": [0.001351, 0.001256], "alike": true, "median_us": 209.5, "min_us": 204.4, "samples": 7}
{"event": "covered_mid", "rows": 256, "context": 0, "geometry": [16, 4, 2], "passed": true, "largest": 0.002703, "rms": 0.001758, "gated_steps": 0, "gated_differ": 0, "from_rule": [0.001351, 0.001256], "alike": true, "median_us": 297.2, "min_us": 288.9, "samples": 7}
{"event": "covered_mid", "rows": 256, "context": 0, "geometry": [16, 4, 4], "passed": true, "largest": 0.002703, "rms": 0.001758, "gated_steps": 0, "gated_differ": 0, "from_rule": [0.001351, 0.001256], "alike": true, "median_us": 199.9, "min_us": 191.2, "samples": 7}
{"event": "covered_mid", "rows": 256, "context": 0, "geometry": [16, 4, 8], "passed": true, "largest": 0.002703, "rms": 0.001758, "gated_steps": 0, "gated_differ": 0, "from_rule": [0.001351, 0.001256], "alike": true, "median_us": 220.4, "min_us": 204.2, "samples": 7}
{"event": "covered_mid", "rows": 256, "context": 0, "geometry": [16, 8, 2], "passed": true, "largest": 0.002703, "rms": 0.001758, "gated_steps": 0, "gated_differ": 0, "from_rule": [0.001351, 0.001256], "alike": true, "median_us": 321.5, "min_us": 320.6, "samples": 7}
{"event": "covered_mid", "rows": 256, "context": 0, "geometry": [16, 8, 4], "passed": true, "largest": 0.002703, "rms": 0.001758, "gated_steps": 0, "gated_differ": 0, "from_rule": [0.001351, 0.001256], "alike": true, "median_us": 229.8, "min_us": 218.2, "samples": 7}
{"event": "covered_mid", "rows": 256, "context": 0, "geometry": [16, 8, 8], "passed": true, "largest": 0.002703, "rms": 0.001758, "gated_steps": 0, "gated_differ": 0, "from_rule": [0.001351, 0.001256], "alike": true, "median_us": 229.1, "min_us": 220.7, "samples": 7}
{"event": "covered_mid", "rows": 256, "context": 0, "geometry": [16, 16, 2], "passed": true, "largest": 0.002703, "rms": 0.001753, "gated_steps": 0, "gated_differ": 0, "from_rule": [0.001351, 0.001331], "alike": true, "median_us": 416.2, "min_us": 403.9, "samples": 7}
{"event": "covered_mid", "rows": 256, "context": 0, "geometry": [16, 16, 4], "passed": true, "largest": 0.002703, "rms": 0.001753, "gated_steps": 0, "gated_differ": 0, "from_rule": [0.001351, 0.001331], "alike": true, "median_us": 319.5, "min_us": 307.0, "samples": 7}
{"event": "covered_mid", "rows": 256, "context": 0, "geometry": [16, 16, 8], "passed": true, "largest": 0.002703, "rms": 0.001753, "gated_steps": 0, "gated_differ": 0, "from_rule": [0.001351, 0.001331], "alike": true, "median_us": 340.5, "min_us": 336.4, "samples": 7}
{"event": "covered_mid", "rows": 256, "context": 0, "geometry": [16, 32, 2], "passed": true, "largest": 0.002703, "rms": 0.001742, "gated_steps": 1, "gated_differ": 1, "from_rule": [0.001351, 0.001468], "alike": true, "median_us": 752.1, "min_us": 747.4, "samples": 7}
{"event": "covered_mid", "rows": 256, "context": 0, "geometry": [16, 32, 4], "passed": true, "largest": 0.002703, "rms": 0.001742, "gated_steps": 1, "gated_differ": 1, "from_rule": [0.001351, 0.001468], "alike": true, "median_us": 646.3, "min_us": 640.8, "samples": 7}
{"event": "covered_mid", "rows": 256, "context": 0, "geometry": [16, 32, 8], "passed": true, "largest": 0.002703, "rms": 0.001742, "gated_steps": 1, "gated_differ": 1, "from_rule": [0.001351, 0.001468], "alike": true, "median_us": 668.3, "min_us": 659.2, "samples": 7}
{"event": "covered_mid", "rows": 256, "context": 0, "geometry": [16, 64, 2], "passed": true, "largest": 0.002703, "rms": 0.001731, "gated_steps": 1, "gated_differ": 1, "from_rule": [0.001351, 0.001632], "alike": true, "median_us": 1309.0, "min_us": 1300.9, "samples": 7}
{"event": "covered_mid", "rows": 256, "context": 0, "geometry": [16, 64, 4], "passed": true, "largest": 0.002703, "rms": 0.001731, "gated_steps": 1, "gated_differ": 1, "from_rule": [0.001351, 0.001632], "alike": true, "median_us": 1148.8, "min_us": 1140.8, "samples": 7}
{"event": "covered_mid", "rows": 256, "context": 0, "geometry": [16, 64, 8], "passed": true, "largest": 0.002703, "rms": 0.001731, "gated_steps": 1, "gated_differ": 1, "from_rule": [0.001351, 0.001632], "alike": true, "median_us": 1169.8, "min_us": 1158.6, "samples": 7}
{"event": "covered_mid", "rows": 256, "context": 0, "geometry": [32, 1, 2], "passed": true, "largest": 0.002703, "rms": 0.001766, "gated_steps": 0, "gated_differ": 0, "from_rule": [0.001351, 0.000913], "alike": true, "median_us": 251.6, "min_us": 230.5, "samples": 7}
{"event": "covered_mid", "rows": 256, "context": 0, "geometry": [32, 1, 4], "passed": true, "largest": 0.002703, "rms": 0.001766, "gated_steps": 0, "gated_differ": 0, "from_rule": [0.001351, 0.000913], "alike": true, "median_us": 143.6, "min_us": 139.0, "samples": 7}
{"event": "covered_mid", "rows": 256, "context": 0, "geometry": [32, 1, 8], "passed": true, "largest": 0.002703, "rms": 0.001766, "gated_steps": 0, "gated_differ": 0, "from_rule": [0.001351, 0.000913], "alike": true, "median_us": 155.7, "min_us": 141.8, "samples": 7}
{"event": "covered_mid", "rows": 256, "context": 0, "geometry": [32, 2, 2], "passed": true, "largest": 0.002703, "rms": 0.001766, "gated_steps": 0, "gated_differ": 0, "from_rule": [0.001351, 0.000913], "alike": true, "median_us": 249.7, "min_us": 238.7, "samples": 7}
{"event": "covered_mid", "rows": 256, "context": 0, "geometry": [32, 2, 4], "passed": true, "largest": 0.002703, "rms": 0.001766, "gated_steps": 0, "gated_differ": 0, "from_rule": [0.001351, 0.000913], "alike": true, "median_us": 190.6, "min_us": 181.0, "samples": 7}
{"event": "covered_mid", "rows": 256, "context": 0, "geometry": [32, 2, 8], "passed": true, "largest": 0.002703, "rms": 0.001766, "gated_steps": 0, "gated_differ": 0, "from_rule": [0.001351, 0.000913], "alike": true, "median_us": 199.1, "min_us": 181.2, "samples": 7}
{"event": "covered_mid", "rows": 256, "context": 0, "geometry": [32, 4, 2], "passed": true, "largest": 0.002703, "rms": 0.001766, "gated_steps": 0, "gated_differ": 0, "from_rule": [0.001351, 0.000913], "alike": true, "median_us": 326.0, "min_us": 312.2, "samples": 7}
{"event": "covered_mid", "rows": 256, "context": 0, "geometry": [32, 4, 4], "passed": true, "largest": 0.002703, "rms": 0.001766, "gated_steps": 0, "gated_differ": 0, "from_rule": [0.001351, 0.000913], "alike": true, "median_us": 191.8, "min_us": 181.8, "samples": 7}
{"event": "covered_mid", "rows": 256, "context": 0, "geometry": [32, 4, 8], "passed": true, "largest": 0.002703, "rms": 0.001766, "gated_steps": 0, "gated_differ": 0, "from_rule": [0.001351, 0.000913], "alike": true, "median_us": 189.8, "min_us": 180.7, "samples": 7}
{"event": "covered_mid", "rows": 256, "context": 0, "geometry": [32, 8, 2], "passed": true, "largest": 0.002703, "rms": 0.001766, "gated_steps": 0, "gated_differ": 0, "from_rule": [0.001351, 0.000913], "alike": true, "median_us": 401.2, "min_us": 391.9, "samples": 7}
{"event": "covered_mid", "rows": 256, "context": 0, "geometry": [32, 8, 4], "passed": true, "largest": 0.002703, "rms": 0.001766, "gated_steps": 0, "gated_differ": 0, "from_rule": [0.001351, 0.000913], "alike": true, "median_us": 221.4, "min_us": 213.7, "samples": 7}
{"event": "covered_mid", "rows": 256, "context": 0, "geometry": [32, 8, 8], "passed": true, "largest": 0.002703, "rms": 0.001766, "gated_steps": 0, "gated_differ": 0, "from_rule": [0.001351, 0.000913], "alike": true, "median_us": 213.2, "min_us": 204.1, "samples": 7}
{"event": "covered_mid", "rows": 256, "context": 0, "geometry": [32, 16, 2], "passed": true, "largest": 0.002703, "rms": 0.001765, "gated_steps": 0, "gated_differ": 0, "from_rule": [0.001351, 0.001034], "alike": true, "median_us": 568.4, "min_us": 563.7, "samples": 7}
{"event": "covered_mid", "rows": 256, "context": 0, "geometry": [32, 16, 4], "passed": true, "largest": 0.002703, "rms": 0.001765, "gated_steps": 0, "gated_differ": 0, "from_rule": [0.001351, 0.001034], "alike": true, "median_us": 318.8, "min_us": 315.2, "samples": 7}
{"event": "covered_mid", "rows": 256, "context": 0, "geometry": [32, 16, 8], "passed": true, "largest": 0.002703, "rms": 0.001765, "gated_steps": 0, "gated_differ": 0, "from_rule": [0.001351, 0.001034], "alike": true, "median_us": 329.2, "min_us": 324.1, "samples": 7}
{"event": "covered_mid", "rows": 256, "context": 0, "geometry": [32, 32, 2], "passed": true, "largest": 0.002703, "rms": 0.001758, "gated_steps": 1, "gated_differ": 1, "from_rule": [0.001351, 0.001225], "alike": true, "median_us": 993.2, "min_us": 987.9, "samples": 7}
{"event": "covered_mid", "rows": 256, "context": 0, "geometry": [32, 32, 4], "passed": true, "largest": 0.002703, "rms": 0.001758, "gated_steps": 1, "gated_differ": 1, "from_rule": [0.001351, 0.001225], "alike": true, "median_us": 648.5, "min_us": 639.9, "samples": 7}
{"event": "covered_mid", "rows": 256, "context": 0, "geometry": [32, 32, 8], "passed": true, "largest": 0.002703, "rms": 0.001758, "gated_steps": 1, "gated_differ": 1, "from_rule": [0.001351, 0.001225], "alike": true, "median_us": 661.2, "min_us": 657.2, "samples": 7}
{"event": "covered_mid", "rows": 256, "context": 0, "geometry": [32, 64, 2], "passed": true, "largest": 0.002703, "rms": 0.001745, "gated_steps": 1, "gated_differ": 1, "from_rule": [0.001351, 0.00146], "alike": true, "median_us": 1758.2, "min_us": 1749.8, "samples": 7}
{"event": "covered_mid", "rows": 256, "context": 0, "geometry": [32, 64, 4], "passed": true, "largest": 0.002703, "rms": 0.001745, "gated_steps": 1, "gated_differ": 1, "from_rule": [0.001351, 0.00146], "alike": true, "median_us": 1156.5, "min_us": 1150.0, "samples": 7}
{"event": "covered_mid", "rows": 256, "context": 0, "geometry": [32, 64, 8], "passed": true, "largest": 0.002703, "rms": 0.001745, "gated_steps": 1, "gated_differ": 1, "from_rule": [0.001351, 0.00146], "alike": true, "median_us": 1164.0, "min_us": 1157.4, "samples": 7}
{"event": "covered_mid", "rows": 256, "context": 0, "geometry": [64, 1, 2], "passed": true, "largest": 0.002703, "rms": 0.00178, "gated_steps": 0, "gated_differ": 0, "from_rule": [0.0, 0.0], "alike": true, "median_us": 225.5, "min_us": 209.4, "samples": 7}
{"event": "covered_mid", "rows": 256, "context": 0, "geometry": [64, 1, 4], "passed": true, "largest": 0.002703, "rms": 0.00178, "gated_steps": 0, "gated_differ": 0, "from_rule": [0.000169, 8e-06], "alike": true, "median_us": 172.4, "min_us": 165.2, "samples": 7}
{"event": "covered_mid", "rows": 256, "context": 0, "geometry": [64, 1, 8], "passed": true, "largest": 0.002703, "rms": 0.00178, "gated_steps": 0, "gated_differ": 0, "from_rule": [0.000169, 6e-06], "alike": true, "median_us": 136.5, "min_us": 131.6, "samples": 7}
{"event": "covered_mid", "rows": 256, "context": 0, "geometry": [64, 2, 2], "passed": true, "largest": 0.002703, "rms": 0.00178, "gated_steps": 0, "gated_differ": 0, "from_rule": [0.0, 0.0], "alike": true, "median_us": 260.6, "min_us": 251.6, "samples": 7}
{"event": "covered_mid", "rows": 256, "context": 0, "geometry": [64, 2, 4], "passed": true, "largest": 0.002703, "rms": 0.00178, "gated_steps": 0, "gated_differ": 0, "from_rule": [0.000169, 8e-06], "alike": true, "median_us": 200.0, "min_us": 198.2, "samples": 7}
{"event": "covered_mid", "rows": 256, "context": 0, "geometry": [64, 2, 8], "passed": true, "largest": 0.002703, "rms": 0.00178, "gated_steps": 0, "gated_differ": 0, "from_rule": [0.000169, 6e-06], "alike": true, "median_us": 189.2, "min_us": 181.3, "samples": 7}
{"event": "covered_mid", "rows": 256, "context": 0, "geometry": [64, 4, 2], "passed": true, "largest": 0.002703, "rms": 0.00178, "gated_steps": 0, "gated_differ": 0, "from_rule": [0.0, 0.0], "alike": true, "median_us": 277.5, "min_us": 266.3, "samples": 7}
{"event": "covered_mid", "rows": 256, "context": 0, "geometry": [64, 4, 4], "passed": true, "largest": 0.002703, "rms": 0.00178, "gated_steps": 0, "gated_differ": 0, "from_rule": [0.000169, 8e-06], "alike": true, "median_us": 216.4, "min_us": 198.5, "samples": 7}
{"event": "covered_mid", "rows": 256, "context": 0, "geometry": [64, 4, 8], "passed": true, "largest": 0.002703, "rms": 0.00178, "gated_steps": 0, "gated_differ": 0, "from_rule": [0.000169, 6e-06], "alike": true, "median_us": 182.8, "min_us": 175.9, "samples": 7}
{"event": "covered_mid", "rows": 256, "context": 0, "geometry": [64, 8, 2], "passed": true, "largest": 0.002703, "rms": 0.00178, "gated_steps": 0, "gated_differ": 0, "from_rule": [0.0, 0.0], "alike": true, "median_us": 332.4, "min_us": 321.7, "samples": 7}
{"event": "covered_mid", "rows": 256, "context": 0, "geometry": [64, 8, 4], "passed": true, "largest": 0.002703, "rms": 0.00178, "gated_steps": 0, "gated_differ": 0, "from_rule": [0.000169, 8e-06], "alike": true, "median_us": 263.8, "min_us": 246.5, "samples": 7}
{"event": "covered_mid", "rows": 256, "context": 0, "geometry": [64, 8, 8], "passed": true, "largest": 0.002703, "rms": 0.00178, "gated_steps": 0, "gated_differ": 0, "from_rule": [0.000169, 6e-06], "alike": true, "median_us": 220.3, "min_us": 208.7, "samples": 7}
{"event": "covered_mid", "rows": 256, "context": 0, "geometry": [64, 16, 2], "passed": true, "largest": 0.002703, "rms": 0.001779, "gated_steps": 0, "gated_differ": 0, "from_rule": [0.000676, 0.000585], "alike": true, "median_us": 547.1, "min_us": 539.3, "samples": 7}
{"event": "covered_mid", "rows": 256, "context": 0, "geometry": [64, 16, 4], "passed": true, "largest": 0.002703, "rms": 0.001779, "gated_steps": 0, "gated_differ": 0, "from_rule": [0.000676, 0.000585], "alike": true, "median_us": 378.2, "min_us": 372.8, "samples": 7}
{"event": "covered_mid", "rows": 256, "context": 0, "geometry": [64, 16, 8], "passed": true, "largest": 0.002703, "rms": 0.001779, "gated_steps": 0, "gated_differ": 0, "from_rule": [0.000676, 0.000585], "alike": true, "median_us": 324.8, "min_us": 316.1, "samples": 7}
{"event": "covered_mid", "rows": 256, "context": 0, "geometry": [64, 32, 2], "passed": true, "largest": 0.002703, "rms": 0.001773, "gated_steps": 1, "gated_differ": 1, "from_rule": [0.000676, 0.000959], "alike": true, "median_us": 1004.5, "min_us": 994.9, "samples": 7}
{"event": "covered_mid", "rows": 256, "context": 0, "geometry": [64, 32, 4], "passed": true, "largest": 0.002703, "rms": 0.001773, "gated_steps": 1, "gated_differ": 1, "from_rule": [0.000676, 0.000959], "alike": true, "median_us": 717.5, "min_us": 697.3, "samples": 7}
{"event": "covered_mid", "rows": 256, "context": 0, "geometry": [64, 32, 8], "passed": true, "largest": 0.002703, "rms": 0.001773, "gated_steps": 1, "gated_differ": 1, "from_rule": [0.000676, 0.000959], "alike": true, "median_us": 654.6, "min_us": 645.5, "samples": 7}
{"event": "covered_mid_verdict", "rows": 256, "rule": [64, 8, 2], "passing": 60, "failing": [], "fastest": [64, 1, 8], "fastest_us": 136.5, "rule_us": 332.4, "fastest_over_rule": 0.4106}
{"event": "attend_mid", "rows": 512, "context": 12000, "geometry": [16, 1, 2], "passed": true, "largest": 0.004525, "rms": 0.00253, "gated_steps": 0, "gated_differ": 0, "from_rule": [0.003876, 0.002676], "median_us": 1304.5, "min_us": 1299.3, "samples": 7}
{"event": "attend_mid", "rows": 512, "context": 12000, "geometry": [16, 1, 4], "passed": true, "largest": 0.004525, "rms": 0.00253, "gated_steps": 0, "gated_differ": 0, "from_rule": [0.003876, 0.002676], "median_us": 1254.8, "min_us": 1250.8, "samples": 7}
{"event": "attend_mid", "rows": 512, "context": 12000, "geometry": [16, 1, 8], "passed": true, "largest": 0.004525, "rms": 0.00253, "gated_steps": 0, "gated_differ": 0, "from_rule": [0.003876, 0.002676], "median_us": 1613.7, "min_us": 1602.3, "samples": 7}
{"event": "attend_mid", "rows": 512, "context": 12000, "geometry": [16, 2, 2], "passed": true, "largest": 0.004525, "rms": 0.002505, "gated_steps": 0, "gated_differ": 0, "from_rule": [0.003876, 0.002363], "median_us": 1346.6, "min_us": 1336.1, "samples": 7}
{"event": "attend_mid", "rows": 512, "context": 12000, "geometry": [16, 2, 4], "passed": true, "largest": 0.004525, "rms": 0.002505, "gated_steps": 0, "gated_differ": 0, "from_rule": [0.003876, 0.002363], "median_us": 1311.8, "min_us": 1303.6, "samples": 7}
{"event": "attend_mid", "rows": 512, "context": 12000, "geometry": [16, 2, 8], "passed": true, "largest": 0.004525, "rms": 0.002505, "gated_steps": 0, "gated_differ": 0, "from_rule": [0.003876, 0.002363], "median_us": 1641.3, "min_us": 1631.7, "samples": 7}
{"event": "attend_mid", "rows": 512, "context": 12000, "geometry": [16, 4, 2], "passed": true, "largest": 0.004525, "rms": 0.002513, "gated_steps": 0, "gated_differ": 0, "from_rule": [0.003876, 0.001685], "median_us": 1316.2, "min_us": 1312.1, "samples": 7}
{"event": "attend_mid", "rows": 512, "context": 12000, "geometry": [16, 4, 4], "passed": true, "largest": 0.004525, "rms": 0.002513, "gated_steps": 0, "gated_differ": 0, "from_rule": [0.003876, 0.001685], "median_us": 1312.4, "min_us": 1300.0, "samples": 7}
{"event": "attend_mid", "rows": 512, "context": 12000, "geometry": [16, 4, 8], "passed": true, "largest": 0.004525, "rms": 0.002513, "gated_steps": 0, "gated_differ": 0, "from_rule": [0.003876, 0.001685], "median_us": 1653.2, "min_us": 1644.7, "samples": 7}
{"event": "attend_mid", "rows": 512, "context": 12000, "geometry": [16, 8, 2], "passed": true, "largest": 0.004525, "rms": 0.002488, "gated_steps": 0, "gated_differ": 0, "from_rule": [0.003876, 0.002382], "median_us": 1470.5, "min_us": 1450.0, "samples": 7}
{"event": "attend_mid", "rows": 512, "context": 12000, "geometry": [16, 8, 4], "passed": true, "largest": 0.004525, "rms": 0.002488, "gated_steps": 0, "gated_differ": 0, "from_rule": [0.003876, 0.002382], "median_us": 1457.5, "min_us": 1443.4, "samples": 7}
{"event": "attend_mid", "rows": 512, "context": 12000, "geometry": [16, 8, 8], "passed": true, "largest": 0.004525, "rms": 0.002488, "gated_steps": 0, "gated_differ": 0, "from_rule": [0.003876, 0.002382], "median_us": 1830.8, "min_us": 1826.5, "samples": 7}
{"event": "attend_mid", "rows": 512, "context": 12000, "geometry": [16, 16, 2], "passed": true, "largest": 0.004525, "rms": 0.002439, "gated_steps": 0, "gated_differ": 0, "from_rule": [0.003876, 0.002668], "median_us": 1780.6, "min_us": 1772.5, "samples": 7}
{"event": "attend_mid", "rows": 512, "context": 12000, "geometry": [16, 16, 4], "passed": true, "largest": 0.004525, "rms": 0.002439, "gated_steps": 0, "gated_differ": 0, "from_rule": [0.003876, 0.002668], "median_us": 1754.0, "min_us": 1735.5, "samples": 7}
{"event": "attend_mid", "rows": 512, "context": 12000, "geometry": [16, 16, 8], "passed": true, "largest": 0.004525, "rms": 0.002439, "gated_steps": 0, "gated_differ": 0, "from_rule": [0.003876, 0.002668], "median_us": 2160.4, "min_us": 2153.2, "samples": 7}
{"event": "attend_mid", "rows": 512, "context": 12000, "geometry": [16, 32, 2], "passed": true, "largest": 0.004525, "rms": 0.002383, "gated_steps": 0, "gated_differ": 0, "from_rule": [0.003876, 0.002796], "median_us": 2328.6, "min_us": 2320.8, "samples": 7}
{"event": "attend_mid", "rows": 512, "context": 12000, "geometry": [16, 32, 4], "passed": true, "largest": 0.004525, "rms": 0.002383, "gated_steps": 0, "gated_differ": 0, "from_rule": [0.003876, 0.002796], "median_us": 2274.0, "min_us": 2256.7, "samples": 7}
{"event": "attend_mid", "rows": 512, "context": 12000, "geometry": [16, 32, 8], "passed": true, "largest": 0.004525, "rms": 0.002383, "gated_steps": 0, "gated_differ": 0, "from_rule": [0.003876, 0.002796], "median_us": 2779.4, "min_us": 2768.8, "samples": 7}
{"event": "attend_mid", "rows": 512, "context": 12000, "geometry": [16, 64, 2], "passed": true, "largest": 0.004525, "rms": 0.002339, "gated_steps": 0, "gated_differ": 0, "from_rule": [0.003876, 0.002864], "median_us": 3422.6, "min_us": 3414.2, "samples": 7}
{"event": "attend_mid", "rows": 512, "context": 12000, "geometry": [16, 64, 4], "passed": true, "largest": 0.004525, "rms": 0.002339, "gated_steps": 0, "gated_differ": 0, "from_rule": [0.003876, 0.002864], "median_us": 3310.0, "min_us": 3295.7, "samples": 7}
{"event": "attend_mid", "rows": 512, "context": 12000, "geometry": [16, 64, 8], "passed": true, "largest": 0.004525, "rms": 0.002339, "gated_steps": 0, "gated_differ": 0, "from_rule": [0.003876, 0.002864], "median_us": 3990.1, "min_us": 3972.4, "samples": 7}
{"event": "attend_mid", "rows": 512, "context": 12000, "geometry": [32, 1, 2], "passed": true, "largest": 0.004525, "rms": 0.002532, "gated_steps": 0, "gated_differ": 0, "from_rule": [0.003876, 0.00266], "median_us": 1882.7, "min_us": 1878.8, "samples": 7}
{"event": "attend_mid", "rows": 512, "context": 12000, "geometry": [32, 1, 4], "passed": true, "largest": 0.004525, "rms": 0.002532, "gated_steps": 0, "gated_differ": 0, "from_rule": [0.003876, 0.00266], "median_us": 1515.0, "min_us": 1500.7, "samples": 7}
{"event": "attend_mid", "rows": 512, "context": 12000, "geometry": [32, 1, 8], "passed": true, "largest": 0.004525, "rms": 0.002532, "gated_steps": 0, "gated_differ": 0, "from_rule": [0.003876, 0.00266], "median_us": 1391.8, "min_us": 1383.0, "samples": 7}
{"event": "attend_mid", "rows": 512, "context": 12000, "geometry": [32, 2, 2], "passed": true, "largest": 0.004525, "rms": 0.002504, "gated_steps": 0, "gated_differ": 0, "from_rule": [0.003876, 0.002319], "median_us": 1982.0, "min_us": 1957.8, "samples": 7}
{"event": "attend_mid", "rows": 512, "context": 12000, "geometry": [32, 2, 4], "passed": true, "largest": 0.004525, "rms": 0.002504, "gated_steps": 0, "gated_differ": 0, "from_rule": [0.003876, 0.002319], "median_us": 1390.0, "min_us": 1374.9, "samples": 7}
{"event": "attend_mid", "rows": 512, "context": 12000, "geometry": [32, 2, 8], "passed": true, "largest": 0.004525, "rms": 0.002504, "gated_steps": 0, "gated_differ": 0, "from_rule": [0.003876, 0.002319], "median_us": 1439.1, "min_us": 1427.1, "samples": 7}
{"event": "attend_mid", "rows": 512, "context": 12000, "geometry": [32, 4, 2], "passed": true, "largest": 0.004525, "rms": 0.002506, "gated_steps": 0, "gated_differ": 0, "from_rule": [0.003876, 0.001514], "median_us": 2000.3, "min_us": 1969.0, "samples": 7}
{"event": "attend_mid", "rows": 512, "context": 12000, "geometry": [32, 4, 4], "passed": true, "largest": 0.004525, "rms": 0.002506, "gated_steps": 0, "gated_differ": 0, "from_rule": [0.003876, 0.001514], "median_us": 1452.8, "min_us": 1446.4, "samples": 7}
{"event": "attend_mid", "rows": 512, "context": 12000, "geometry": [32, 4, 8], "passed": true, "largest": 0.004525, "rms": 0.002506, "gated_steps": 0, "gated_differ": 0, "from_rule": [0.003876, 0.001514], "median_us": 1481.4, "min_us": 1469.4, "samples": 7}
{"event": "attend_mid", "rows": 512, "context": 12000, "geometry": [32, 8, 2], "passed": true, "largest": 0.004525, "rms": 0.002484, "gated_steps": 0, "gated_differ": 0, "from_rule": [0.003876, 0.002322], "median_us": 2150.4, "min_us": 2142.6, "samples": 7}
{"event": "attend_mid", "rows": 512, "context": 12000, "geometry": [32, 8, 4], "passed": true, "largest": 0.004525, "rms": 0.002484, "gated_steps": 0, "gated_differ": 0, "from_rule": [0.003876, 0.002322], "median_us": 1629.9, "min_us": 1614.1, "samples": 7}
{"event": "attend_mid", "rows": 512, "context": 12000, "geometry": [32, 8, 8], "passed": true, "largest": 0.004525, "rms": 0.002484, "gated_steps": 0, "gated_differ": 0, "from_rule": [0.003876, 0.002322], "median_us": 1657.5, "min_us": 1648.3, "samples": 7}
{"event": "attend_mid", "rows": 512, "context": 12000, "geometry": [32, 16, 2], "passed": true, "largest": 0.004525, "rms": 0.002452, "gated_steps": 0, "gated_differ": 0, "from_rule": [0.003876, 0.002623], "median_us": 2586.6, "min_us": 2574.3, "samples": 7}
{"event": "attend_mid", "rows": 512, "context": 12000, "geometry": [32, 16, 4], "passed": true, "largest": 0.004525, "rms": 0.002452, "gated_steps": 0, "gated_differ": 0, "from_rule": [0.003876, 0.002623], "median_us": 1992.4, "min_us": 1988.1, "samples": 7}
{"event": "attend_mid", "rows": 512, "context": 12000, "geometry": [32, 16, 8], "passed": true, "largest": 0.004525, "rms": 0.002452, "gated_steps": 0, "gated_differ": 0, "from_rule": [0.003876, 0.002623], "median_us": 2038.4, "min_us": 2027.0, "samples": 7}
{"event": "attend_mid", "rows": 512, "context": 12000, "geometry": [32, 32, 2], "passed": true, "largest": 0.004525, "rms": 0.002413, "gated_steps": 0, "gated_differ": 0, "from_rule": [0.003876, 0.002769], "median_us": 3445.7, "min_us": 3439.1, "samples": 7}
{"event": "attend_mid", "rows": 512, "context": 12000, "geometry": [32, 32, 4], "passed": true, "largest": 0.004525, "rms": 0.002413, "gated_steps": 0, "gated_differ": 0, "from_rule": [0.003876, 0.002768], "median_us": 2667.7, "min_us": 2660.1, "samples": 7}
{"event": "attend_mid", "rows": 512, "context": 12000, "geometry": [32, 32, 8], "passed": true, "largest": 0.004525, "rms": 0.002413, "gated_steps": 0, "gated_differ": 0, "from_rule": [0.003876, 0.002768], "median_us": 2726.8, "min_us": 2717.8, "samples": 7}
{"event": "attend_mid", "rows": 512, "context": 12000, "geometry": [32, 64, 2], "passed": true, "largest": 0.004525, "rms": 0.002387, "gated_steps": 0, "gated_differ": 0, "from_rule": [0.003876, 0.002846], "median_us": 5138.4, "min_us": 5115.2, "samples": 7}
{"event": "attend_mid", "rows": 512, "context": 12000, "geometry": [32, 64, 4], "passed": true, "largest": 0.004525, "rms": 0.002387, "gated_steps": 0, "gated_differ": 0, "from_rule": [0.003876, 0.002846], "median_us": 3989.2, "min_us": 3985.0, "samples": 7}
{"event": "attend_mid", "rows": 512, "context": 12000, "geometry": [32, 64, 8], "passed": true, "largest": 0.004525, "rms": 0.002387, "gated_steps": 0, "gated_differ": 0, "from_rule": [0.003876, 0.002846], "median_us": 4148.9, "min_us": 4144.6, "samples": 7}
{"event": "attend_mid", "rows": 512, "context": 12000, "geometry": [64, 1, 2], "passed": true, "largest": 0.004525, "rms": 0.002534, "gated_steps": 0, "gated_differ": 0, "from_rule": [0.003876, 0.002619], "median_us": 1578.1, "min_us": 1557.9, "samples": 7}
{"event": "attend_mid", "rows": 512, "context": 12000, "geometry": [64, 1, 4], "passed": true, "largest": 0.004525, "rms": 0.002534, "gated_steps": 0, "gated_differ": 0, "from_rule": [0.003876, 0.002619], "median_us": 1822.4, "min_us": 1819.1, "samples": 7}
{"event": "attend_mid", "rows": 512, "context": 12000, "geometry": [64, 1, 8], "passed": true, "largest": 0.004525, "rms": 0.002534, "gated_steps": 0, "gated_differ": 0, "from_rule": [0.003876, 0.002619], "median_us": 1737.0, "min_us": 1722.0, "samples": 7}
{"event": "attend_mid", "rows": 512, "context": 12000, "geometry": [64, 2, 2], "passed": true, "largest": 0.004525, "rms": 0.00251, "gated_steps": 0, "gated_differ": 0, "from_rule": [0.003876, 0.002216], "median_us": 1629.2, "min_us": 1584.3, "samples": 7}
{"event": "attend_mid", "rows": 512, "context": 12000, "geometry": [64, 2, 4], "passed": true, "largest": 0.004525, "rms": 0.00251, "gated_steps": 0, "gated_differ": 0, "from_rule": [0.003876, 0.002216], "median_us": 2002.8, "min_us": 1994.2, "samples": 7}
{"event": "attend_mid", "rows": 512, "context": 12000, "geometry": [64, 2, 8], "passed": true, "largest": 0.004525, "rms": 0.00251, "gated_steps": 0, "gated_differ": 0, "from_rule": [0.003876, 0.002216], "median_us": 1843.9, "min_us": 1831.9, "samples": 7}
{"event": "attend_mid", "rows": 512, "context": 12000, "geometry": [64, 4, 2], "passed": true, "largest": 0.004525, "rms": 0.00251, "gated_steps": 0, "gated_differ": 0, "from_rule": [0.0, 0.0], "median_us": 1700.8, "min_us": 1694.3, "samples": 7}
{"event": "attend_mid", "rows": 512, "context": 12000, "geometry": [64, 4, 4], "passed": true, "largest": 0.004525, "rms": 0.00251, "gated_steps": 0, "gated_differ": 0, "from_rule": [0.000969, 9e-06], "median_us": 2112.8, "min_us": 2107.4, "samples": 7}
{"event": "attend_mid", "rows": 512, "context": 12000, "geometry": [64, 4, 8], "passed": true, "largest": 0.004525, "rms": 0.00251, "gated_steps": 0, "gated_differ": 0, "from_rule": [0.000969, 1e-05], "median_us": 1953.7, "min_us": 1940.6, "samples": 7}
{"event": "attend_mid", "rows": 512, "context": 12000, "geometry": [64, 8, 2], "passed": true, "largest": 0.004525, "rms": 0.00251, "gated_steps": 0, "gated_differ": 0, "from_rule": [0.003876, 0.002179], "median_us": 2009.8, "min_us": 1994.2, "samples": 7}
{"event": "attend_mid", "rows": 512, "context": 12000, "geometry": [64, 8, 4], "passed": true, "largest": 0.004525, "rms": 0.00251, "gated_steps": 0, "gated_differ": 0, "from_rule": [0.003876, 0.002179], "median_us": 2446.0, "min_us": 2434.8, "samples": 7}
{"event": "attend_mid", "rows": 512, "context": 12000, "geometry": [64, 8, 8], "passed": true, "largest": 0.004525, "rms": 0.00251, "gated_steps": 0, "gated_differ": 0, "from_rule": [0.003876, 0.002179], "median_us": 2257.8, "min_us": 2245.7, "samples": 7}
{"event": "attend_mid", "rows": 512, "context": 12000, "geometry": [64, 16, 2], "passed": true, "largest": 0.004525, "rms": 0.002475, "gated_steps": 0, "gated_differ": 0, "from_rule": [0.003876, 0.002525], "median_us": 2590.4, "min_us": 2587.7, "samples": 7}
{"event": "attend_mid", "rows": 512, "context": 12000, "geometry": [64, 16, 4], "passed": true, "largest": 0.004525, "rms": 0.002475, "gated_steps": 0, "gated_differ": 0, "from_rule": [0.003876, 0.002525], "median_us": 3073.4, "min_us": 3050.0, "samples": 7}
{"event": "attend_mid", "rows": 512, "context": 12000, "geometry": [64, 16, 8], "passed": true, "largest": 0.004525, "rms": 0.002475, "gated_steps": 0, "gated_differ": 0, "from_rule": [0.003876, 0.002525], "median_us": 2830.7, "min_us": 2819.8, "samples": 7}
{"event": "attend_mid", "rows": 512, "context": 12000, "geometry": [64, 32, 2], "passed": true, "largest": 0.004525, "rms": 0.00245, "gated_steps": 0, "gated_differ": 0, "from_rule": [0.003876, 0.002689], "median_us": 3781.5, "min_us": 3771.9, "samples": 7}
{"event": "attend_mid", "rows": 512, "context": 12000, "geometry": [64, 32, 4], "passed": true, "largest": 0.004525, "rms": 0.00245, "gated_steps": 0, "gated_differ": 0, "from_rule": [0.003876, 0.002689], "median_us": 4261.7, "min_us": 4259.0, "samples": 7}
{"event": "attend_mid", "rows": 512, "context": 12000, "geometry": [64, 32, 8], "passed": true, "largest": 0.004525, "rms": 0.00245, "gated_steps": 0, "gated_differ": 0, "from_rule": [0.003876, 0.002689], "median_us": 3852.6, "min_us": 3840.3, "samples": 7}
{"event": "attend_mid_verdict", "rows": 512, "rule": [64, 4, 2], "passing": 60, "failing": [], "fastest": [16, 1, 4], "fastest_us": 1254.8, "rule_us": 1700.8, "fastest_over_rule": 0.7378}
{"event": "covered_mid", "rows": 512, "context": 0, "geometry": [16, 1, 2], "passed": true, "largest": 0.001276, "rms": 0.001436, "gated_steps": 1, "gated_differ": 1, "from_rule": [0.001276, 0.001292], "alike": true, "median_us": 485.7, "min_us": 477.9, "samples": 7}
{"event": "covered_mid", "rows": 512, "context": 0, "geometry": [16, 1, 4], "passed": true, "largest": 0.001276, "rms": 0.001436, "gated_steps": 1, "gated_differ": 1, "from_rule": [0.001276, 0.001292], "alike": true, "median_us": 258.5, "min_us": 251.4, "samples": 7}
{"event": "covered_mid", "rows": 512, "context": 0, "geometry": [16, 1, 8], "passed": true, "largest": 0.001276, "rms": 0.001436, "gated_steps": 1, "gated_differ": 1, "from_rule": [0.001276, 0.001292], "alike": true, "median_us": 336.7, "min_us": 328.4, "samples": 7}
{"event": "covered_mid", "rows": 512, "context": 0, "geometry": [16, 2, 2], "passed": true, "largest": 0.001276, "rms": 0.001436, "gated_steps": 1, "gated_differ": 1, "from_rule": [0.001276, 0.001292], "alike": true, "median_us": 556.5, "min_us": 542.2, "samples": 7}
{"event": "covered_mid", "rows": 512, "context": 0, "geometry": [16, 2, 4], "passed": true, "largest": 0.001276, "rms": 0.001436, "gated_steps": 1, "gated_differ": 1, "from_rule": [0.001276, 0.001292], "alike": true, "median_us": 307.5, "min_us": 299.7, "samples": 7}
{"event": "covered_mid", "rows": 512, "context": 0, "geometry": [16, 2, 8], "passed": true, "largest": 0.001276, "rms": 0.001436, "gated_steps": 1, "gated_differ": 1, "from_rule": [0.001276, 0.001292], "alike": true, "median_us": 380.5, "min_us": 366.1, "samples": 7}
{"event": "covered_mid", "rows": 512, "context": 0, "geometry": [16, 4, 2], "passed": true, "largest": 0.001276, "rms": 0.001436, "gated_steps": 1, "gated_differ": 1, "from_rule": [0.001276, 0.001292], "alike": true, "median_us": 569.7, "min_us": 552.6, "samples": 7}
{"event": "covered_mid", "rows": 512, "context": 0, "geometry": [16, 4, 4], "passed": true, "largest": 0.001276, "rms": 0.001436, "gated_steps": 1, "gated_differ": 1, "from_rule": [0.001276, 0.001292], "alike": true, "median_us": 328.3, "min_us": 315.2, "samples": 7}
{"event": "covered_mid", "rows": 512, "context": 0, "geometry": [16, 4, 8], "passed": true, "largest": 0.001276, "rms": 0.001436, "gated_steps": 1, "gated_differ": 1, "from_rule": [0.001276, 0.001292], "alike": true, "median_us": 386.2, "min_us": 369.8, "samples": 7}
{"event": "covered_mid", "rows": 512, "context": 0, "geometry": [16, 8, 2], "passed": true, "largest": 0.001276, "rms": 0.001436, "gated_steps": 1, "gated_differ": 1, "from_rule": [0.001276, 0.001369], "alike": true, "median_us": 653.2, "min_us": 629.5, "samples": 7}
{"event": "covered_mid", "rows": 512, "context": 0, "geometry": [16, 8, 4], "passed": true, "largest": 0.001276, "rms": 0.001436, "gated_steps": 1, "gated_differ": 1, "from_rule": [0.001276, 0.001369], "alike": true, "median_us": 404.6, "min_us": 389.2, "samples": 7}
{"event": "covered_mid", "rows": 512, "context": 0, "geometry": [16, 8, 8], "passed": true, "largest": 0.001276, "rms": 0.001436, "gated_steps": 1, "gated_differ": 1, "from_rule": [0.001276, 0.001369], "alike": true, "median_us": 470.8, "min_us": 458.6, "samples": 7}
{"event": "covered_mid", "rows": 512, "context": 0, "geometry": [16, 16, 2], "passed": true, "largest": 0.001276, "rms": 0.001432, "gated_steps": 1, "gated_differ": 1, "from_rule": [0.001276, 0.001491], "alike": true, "median_us": 898.8, "min_us": 896.9, "samples": 7}
{"event": "covered_mid", "rows": 512, "context": 0, "geometry": [16, 16, 4], "passed": true, "largest": 0.001276, "rms": 0.001432, "gated_steps": 1, "gated_differ": 1, "from_rule": [0.001276, 0.001491], "alike": true, "median_us": 696.2, "min_us": 690.6, "samples": 7}
{"event": "covered_mid", "rows": 512, "context": 0, "geometry": [16, 16, 8], "passed": true, "largest": 0.001276, "rms": 0.001432, "gated_steps": 1, "gated_differ": 1, "from_rule": [0.001276, 0.001491], "alike": true, "median_us": 775.3, "min_us": 760.3, "samples": 7}
{"event": "covered_mid", "rows": 512, "context": 0, "geometry": [16, 32, 2], "passed": true, "largest": 0.001276, "rms": 0.001417, "gated_steps": 1, "gated_differ": 1, "from_rule": [0.001276, 0.001624], "alike": true, "median_us": 1457.1, "min_us": 1445.6, "samples": 7}
{"event": "covered_mid", "rows": 512, "context": 0, "geometry": [16, 32, 4], "passed": true, "largest": 0.001276, "rms": 0.001417, "gated_steps": 1, "gated_differ": 1, "from_rule": [0.001276, 0.001624], "alike": true, "median_us": 1204.8, "min_us": 1193.3, "samples": 7}
{"event": "covered_mid", "rows": 512, "context": 0, "geometry": [16, 32, 8], "passed": true, "largest": 0.001276, "rms": 0.001417, "gated_steps": 1, "gated_differ": 1, "from_rule": [0.001276, 0.001624], "alike": true, "median_us": 1270.8, "min_us": 1261.2, "samples": 7}
{"event": "covered_mid", "rows": 512, "context": 0, "geometry": [16, 64, 2], "passed": true, "largest": 0.001276, "rms": 0.001411, "gated_steps": 0, "gated_differ": 0, "from_rule": [0.001276, 0.00178], "alike": true, "median_us": 2585.7, "min_us": 2570.4, "samples": 7}
{"event": "covered_mid", "rows": 512, "context": 0, "geometry": [16, 64, 4], "passed": true, "largest": 0.001276, "rms": 0.001411, "gated_steps": 0, "gated_differ": 0, "from_rule": [0.001276, 0.00178], "alike": true, "median_us": 2196.3, "min_us": 2191.7, "samples": 7}
{"event": "covered_mid", "rows": 512, "context": 0, "geometry": [16, 64, 8], "passed": true, "largest": 0.001276, "rms": 0.001411, "gated_steps": 0, "gated_differ": 0, "from_rule": [0.001276, 0.00178], "alike": true, "median_us": 2282.7, "min_us": 2276.1, "samples": 7}
{"event": "covered_mid", "rows": 512, "context": 0, "geometry": [32, 1, 2], "passed": true, "largest": 0.001276, "rms": 0.001447, "gated_steps": 0, "gated_differ": 0, "from_rule": [0.001276, 0.000996], "alike": true, "median_us": 479.3, "min_us": 469.7, "samples": 7}
{"event": "covered_mid", "rows": 512, "context": 0, "geometry": [32, 1, 4], "passed": true, "largest": 0.001276, "rms": 0.001447, "gated_steps": 0, "gated_differ": 0, "from_rule": [0.001276, 0.000996], "alike": true, "median_us": 220.5, "min_us": 215.1, "samples": 7}
{"event": "covered_mid", "rows": 512, "context": 0, "geometry": [32, 1, 8], "passed": true, "largest": 0.001276, "rms": 0.001447, "gated_steps": 0, "gated_differ": 0, "from_rule": [0.001276, 0.000996], "alike": true, "median_us": 247.9, "min_us": 234.1, "samples": 7}
{"event": "covered_mid", "rows": 512, "context": 0, "geometry": [32, 2, 2], "passed": true, "largest": 0.001276, "rms": 0.001447, "gated_steps": 0, "gated_differ": 0, "from_rule": [0.001276, 0.000996], "alike": true, "median_us": 431.7, "min_us": 415.4, "samples": 7}
{"event": "covered_mid", "rows": 512, "context": 0, "geometry": [32, 2, 4], "passed": true, "largest": 0.001276, "rms": 0.001447, "gated_steps": 0, "gated_differ": 0, "from_rule": [0.001276, 0.000996], "alike": true, "median_us": 258.0, "min_us": 253.9, "samples": 7}
{"event": "covered_mid", "rows": 512, "context": 0, "geometry": [32, 2, 8], "passed": true, "largest": 0.001276, "rms": 0.001447, "gated_steps": 0, "gated_differ": 0, "from_rule": [0.001276, 0.000996], "alike": true, "median_us": 293.8, "min_us": 277.1, "samples": 7}
{"event": "covered_mid", "rows": 512, "context": 0, "geometry": [32, 4, 2], "passed": true, "largest": 0.001276, "rms": 0.001447, "gated_steps": 0, "gated_differ": 0, "from_rule": [0.001276, 0.000996], "alike": true, "median_us": 636.3, "min_us": 624.3, "samples": 7}
{"event": "covered_mid", "rows": 512, "context": 0, "geometry": [32, 4, 4], "passed": true, "largest": 0.001276, "rms": 0.001447, "gated_steps": 0, "gated_differ": 0, "from_rule": [0.001276, 0.000996], "alike": true, "median_us": 295.7, "min_us": 279.3, "samples": 7}
{"event": "covered_mid", "rows": 512, "context": 0, "geometry": [32, 4, 8], "passed": true, "largest": 0.001276, "rms": 0.001447, "gated_steps": 0, "gated_differ": 0, "from_rule": [0.001276, 0.000996], "alike": true, "median_us": 302.2, "min_us": 289.5, "samples": 7}
{"event": "covered_mid", "rows": 512, "context": 0, "geometry": [32, 8, 2], "passed": true, "largest": 0.001276, "rms": 0.001446, "gated_steps": 0, "gated_differ": 0, "from_rule": [0.001276, 0.001107], "alike": true, "median_us": 823.6, "min_us": 802.7, "samples": 7}
{"event": "covered_mid", "rows": 512, "context": 0, "geometry": [32, 8, 4], "passed": true, "largest": 0.001276, "rms": 0.001446, "gated_steps": 0, "gated_differ": 0, "from_rule": [0.001276, 0.001107], "alike": true, "median_us": 388.5, "min_us": 376.7, "samples": 7}
{"event": "covered_mid", "rows": 512, "context": 0, "geometry": [32, 8, 8], "passed": true, "largest": 0.001276, "rms": 0.001446, "gated_steps": 0, "gated_differ": 0, "from_rule": [0.001276, 0.001107], "alike": true, "median_us": 420.7, "min_us": 417.4, "samples": 7}
{"event": "covered_mid", "rows": 512, "context": 0, "geometry": [32, 16, 2], "passed": true, "largest": 0.001276, "rms": 0.001441, "gated_steps": 0, "gated_differ": 0, "from_rule": [0.001276, 0.001273], "alike": true, "median_us": 1214.5, "min_us": 1207.3, "samples": 7}
{"event": "covered_mid", "rows": 512, "context": 0, "geometry": [32, 16, 4], "passed": true, "largest": 0.001276, "rms": 0.001441, "gated_steps": 0, "gated_differ": 0, "from_rule": [0.001276, 0.001273], "alike": true, "median_us": 698.5, "min_us": 685.6, "samples": 7}
{"event": "covered_mid", "rows": 512, "context": 0, "geometry": [32, 16, 8], "passed": true, "largest": 0.001276, "rms": 0.001441, "gated_steps": 0, "gated_differ": 0, "from_rule": [0.001276, 0.001273], "alike": true, "median_us": 732.9, "min_us": 724.7, "samples": 7}
{"event": "covered_mid", "rows": 512, "context": 0, "geometry": [32, 32, 2], "passed": true, "largest": 0.001276, "rms": 0.001435, "gated_steps": 0, "gated_differ": 0, "from_rule": [0.001276, 0.001447], "alike": true, "median_us": 2020.3, "min_us": 2006.4, "samples": 7}
{"event": "covered_mid", "rows": 512, "context": 0, "geometry": [32, 32, 4], "passed": true, "largest": 0.001276, "rms": 0.001435, "gated_steps": 0, "gated_differ": 0, "from_rule": [0.001276, 0.001447], "alike": true, "median_us": 1200.1, "min_us": 1181.5, "samples": 7}
{"event": "covered_mid", "rows": 512, "context": 0, "geometry": [32, 32, 8], "passed": true, "largest": 0.001276, "rms": 0.001435, "gated_steps": 0, "gated_differ": 0, "from_rule": [0.001276, 0.001447], "alike": true, "median_us": 1235.6, "min_us": 1232.9, "samples": 7}
{"event": "covered_mid", "rows": 512, "context": 0, "geometry": [32, 64, 2], "passed": true, "largest": 0.001276, "rms": 0.00142, "gated_steps": 0, "gated_differ": 0, "from_rule": [0.001276, 0.001659], "alike": true, "median_us": 3603.3, "min_us": 3595.1, "samples": 7}
{"event": "covered_mid", "rows": 512, "context": 0, "geometry": [32, 64, 4], "passed": true, "largest": 0.001276, "rms": 0.00142, "gated_steps": 0, "gated_differ": 0, "from_rule": [0.001276, 0.001659], "alike": true, "median_us": 2214.7, "min_us": 2206.6, "samples": 7}
{"event": "covered_mid", "rows": 512, "context": 0, "geometry": [32, 64, 8], "passed": true, "largest": 0.001276, "rms": 0.00142, "gated_steps": 0, "gated_differ": 0, "from_rule": [0.001276, 0.001659], "alike": true, "median_us": 2248.1, "min_us": 2241.2, "samples": 7}
{"event": "covered_mid", "rows": 512, "context": 0, "geometry": [64, 1, 2], "passed": true, "largest": 0.001276, "rms": 0.001463, "gated_steps": 0, "gated_differ": 0, "from_rule": [0.0, 0.0], "alike": true, "median_us": 396.1, "min_us": 384.9, "samples": 7}
{"event": "covered_mid", "rows": 512, "context": 0, "geometry": [64, 1, 4], "passed": true, "largest": 0.001276, "rms": 0.001463, "gated_steps": 0, "gated_differ": 0, "from_rule": [0.000159, 6e-06], "alike": true, "median_us": 277.8, "min_us": 275.6, "samples": 7}
{"event": "covered_mid", "rows": 512, "context": 0, "geometry": [64, 1, 8], "passed": true, "largest": 0.001276, "rms": 0.001463, "gated_steps": 0, "gated_differ": 0, "from_rule": [0.000159, 4e-06], "alike": true, "median_us": 206.5, "min_us": 201.6, "samples": 7}
{"event": "covered_mid", "rows": 512, "context": 0, "geometry": [64, 2, 2], "passed": true, "largest": 0.001276, "rms": 0.001463, "gated_steps": 0, "gated_differ": 0, "from_rule": [0.0, 0.0], "alike": true, "median_us": 442.7, "min_us": 437.3, "samples": 7}
{"event": "covered_mid", "rows": 512, "context": 0, "geometry": [64, 2, 4], "passed": true, "largest": 0.001276, "rms": 0.001463, "gated_steps": 0, "gated_differ": 0, "from_rule": [0.000159, 6e-06], "alike": true, "median_us": 320.8, "min_us": 316.3, "samples": 7}
{"event": "covered_mid", "rows": 512, "context": 0, "geometry": [64, 2, 8], "passed": true, "largest": 0.001276, "rms": 0.001463, "gated_steps": 0, "gated_differ": 0, "from_rule": [0.000159, 4e-06], "alike": true, "median_us": 243.8, "min_us": 238.4, "samples": 7}
{"event": "covered_mid", "rows": 512, "context": 0, "geometry": [64, 4, 2], "passed": true, "largest": 0.001276, "rms": 0.001463, "gated_steps": 0, "gated_differ": 0, "from_rule": [0.0, 0.0], "alike": true, "median_us": 486.0, "min_us": 476.1, "samples": 7}
{"event": "covered_mid", "rows": 512, "context": 0, "geometry": [64, 4, 4], "passed": true, "largest": 0.001276, "rms": 0.001463, "gated_steps": 0, "gated_differ": 0, "from_rule": [0.000159, 6e-06], "alike": true, "median_us": 342.2, "min_us": 338.0, "samples": 7}
{"event": "covered_mid", "rows": 512, "context": 0, "geometry": [64, 4, 8], "passed": true, "largest": 0.001276, "rms": 0.001463, "gated_steps": 0, "gated_differ": 0, "from_rule": [0.000159, 4e-06], "alike": true, "median_us": 270.2, "min_us": 263.3, "samples": 7}
{"event": "covered_mid", "rows": 512, "context": 0, "geometry": [64, 8, 2], "passed": true, "largest": 0.001276, "rms": 0.001462, "gated_steps": 0, "gated_differ": 0, "from_rule": [0.000319, 0.000585], "alike": true, "median_us": 703.1, "min_us": 696.2, "samples": 7}
{"event": "covered_mid", "rows": 512, "context": 0, "geometry": [64, 8, 4], "passed": true, "largest": 0.001276, "rms": 0.001462, "gated_steps": 0, "gated_differ": 0, "from_rule": [0.000319, 0.000585], "alike": true, "median_us": 496.4, "min_us": 481.0, "samples": 7}
{"event": "covered_mid", "rows": 512, "context": 0, "geometry": [64, 8, 8], "passed": true, "largest": 0.001276, "rms": 0.001462, "gated_steps": 0, "gated_differ": 0, "from_rule": [0.000319, 0.000585], "alike": true, "median_us": 395.1, "min_us": 388.5, "samples": 7}
{"event": "covered_mid", "rows": 512, "context": 0, "geometry": [64, 16, 2], "passed": true, "largest": 0.001276, "rms": 0.001455, "gated_steps": 0, "gated_differ": 0, "from_rule": [0.000638, 0.000936], "alike": true, "median_us": 1154.5, "min_us": 1135.3, "samples": 7}
{"event": "covered_mid", "rows": 512, "context": 0, "geometry": [64, 16, 4], "passed": true, "largest": 0.001276, "rms": 0.001455, "gated_steps": 0, "gated_differ": 0, "from_rule": [0.000638, 0.000936], "alike": true, "median_us": 810.0, "min_us": 804.3, "samples": 7}
{"event": "covered_mid", "rows": 512, "context": 0, "geometry": [64, 16, 8], "passed": true, "largest": 0.001276, "rms": 0.001455, "gated_steps": 0, "gated_differ": 0, "from_rule": [0.000638, 0.000936], "alike": true, "median_us": 710.9, "min_us": 696.7, "samples": 7}
{"event": "covered_mid", "rows": 512, "context": 0, "geometry": [64, 32, 2], "passed": true, "largest": 0.001276, "rms": 0.001453, "gated_steps": 0, "gated_differ": 0, "from_rule": [0.000638, 0.001219], "alike": true, "median_us": 1996.0, "min_us": 1985.0, "samples": 7}
{"event": "covered_mid", "rows": 512, "context": 0, "geometry": [64, 32, 4], "passed": true, "largest": 0.001276, "rms": 0.001453, "gated_steps": 0, "gated_differ": 0, "from_rule": [0.000638, 0.001219], "alike": true, "median_us": 1355.7, "min_us": 1343.4, "samples": 7}
{"event": "covered_mid", "rows": 512, "context": 0, "geometry": [64, 32, 8], "passed": true, "largest": 0.001276, "rms": 0.001453, "gated_steps": 0, "gated_differ": 0, "from_rule": [0.000638, 0.001219], "alike": true, "median_us": 1217.4, "min_us": 1206.1, "samples": 7}
{"event": "covered_mid_verdict", "rows": 512, "rule": [64, 4, 2], "passing": 60, "failing": [], "fastest": [64, 1, 8], "fastest_us": 206.5, "rule_us": 486.0, "fastest_over_rule": 0.4249}
{"event": "attend_mid", "rows": 1024, "context": 12000, "geometry": [16, 1, 2], "passed": true, "largest": 0.004545, "rms": 0.002534, "gated_steps": 1, "gated_differ": 2, "from_rule": [0.003759, 0.001299], "median_us": 2499.6, "min_us": 2480.3, "samples": 7}
{"event": "attend_mid", "rows": 1024, "context": 12000, "geometry": [16, 1, 4], "passed": true, "largest": 0.004545, "rms": 0.002534, "gated_steps": 1, "gated_differ": 2, "from_rule": [0.003759, 0.001299], "median_us": 2379.1, "min_us": 2367.0, "samples": 7}
{"event": "attend_mid", "rows": 1024, "context": 12000, "geometry": [16, 1, 8], "passed": true, "largest": 0.004545, "rms": 0.002534, "gated_steps": 1, "gated_differ": 2, "from_rule": [0.003759, 0.001299], "median_us": 3089.2, "min_us": 3078.8, "samples": 7}
{"event": "attend_mid", "rows": 1024, "context": 12000, "geometry": [16, 2, 2], "passed": true, "largest": 0.004545, "rms": 0.002521, "gated_steps": 1, "gated_differ": 1, "from_rule": [0.003759, 0.002291], "median_us": 2435.1, "min_us": 2423.2, "samples": 7}
{"event": "attend_mid", "rows": 1024, "context": 12000, "geometry": [16, 2, 4], "passed": true, "largest": 0.004545, "rms": 0.002521, "gated_steps": 1, "gated_differ": 1, "from_rule": [0.003759, 0.002291], "median_us": 2430.1, "min_us": 2418.6, "samples": 7}
{"event": "attend_mid", "rows": 1024, "context": 12000, "geometry": [16, 2, 8], "passed": true, "largest": 0.004545, "rms": 0.002521, "gated_steps": 1, "gated_differ": 1, "from_rule": [0.003759, 0.002291], "median_us": 3081.5, "min_us": 3071.0, "samples": 7}
{"event": "attend_mid", "rows": 1024, "context": 12000, "geometry": [16, 4, 2], "passed": true, "largest": 0.004545, "rms": 0.002499, "gated_steps": 0, "gated_differ": 0, "from_rule": [0.003759, 0.002675], "median_us": 2560.9, "min_us": 2549.1, "samples": 7}
{"event": "attend_mid", "rows": 1024, "context": 12000, "geometry": [16, 4, 4], "passed": true, "largest": 0.004545, "rms": 0.002499, "gated_steps": 0, "gated_differ": 0, "from_rule": [0.003759, 0.002675], "median_us": 2561.8, "min_us": 2541.0, "samples": 7}
{"event": "attend_mid", "rows": 1024, "context": 12000, "geometry": [16, 4, 8], "passed": true, "largest": 0.004545, "rms": 0.002499, "gated_steps": 0, "gated_differ": 0, "from_rule": [0.003759, 0.002675], "median_us": 3235.9, "min_us": 3226.2, "samples": 7}
{"event": "attend_mid", "rows": 1024, "context": 12000, "geometry": [16, 8, 2], "passed": true, "largest": 0.004545, "rms": 0.002495, "gated_steps": 0, "gated_differ": 0, "from_rule": [0.003759, 0.002853], "median_us": 2833.2, "min_us": 2823.6, "samples": 7}
{"event": "attend_mid", "rows": 1024, "context": 12000, "geometry": [16, 8, 4], "passed": true, "largest": 0.004545, "rms": 0.002495, "gated_steps": 0, "gated_differ": 0, "from_rule": [0.003759, 0.002853], "median_us": 2819.9, "min_us": 2805.6, "samples": 7}
{"event": "attend_mid", "rows": 1024, "context": 12000, "geometry": [16, 8, 8], "passed": true, "largest": 0.004545, "rms": 0.002495, "gated_steps": 0, "gated_differ": 0, "from_rule": [0.003759, 0.002853], "median_us": 3548.9, "min_us": 3536.6, "samples": 7}
{"event": "attend_mid", "rows": 1024, "context": 12000, "geometry": [16, 16, 2], "passed": true, "largest": 0.004545, "rms": 0.002435, "gated_steps": 0, "gated_differ": 0, "from_rule": [0.003759, 0.002938], "median_us": 3389.5, "min_us": 3378.1, "samples": 7}
{"event": "attend_mid", "rows": 1024, "context": 12000, "geometry": [16, 16, 4], "passed": true, "largest": 0.004545, "rms": 0.002435, "gated_steps": 0, "gated_differ": 0, "from_rule": [0.003759, 0.002938], "median_us": 3347.1, "min_us": 3332.2, "samples": 7}
{"event": "attend_mid", "rows": 1024, "context": 12000, "geometry": [16, 16, 8], "passed": true, "largest": 0.004545, "rms": 0.002435, "gated_steps": 0, "gated_differ": 0, "from_rule": [0.003759, 0.002938], "median_us": 4176.3, "min_us": 4167.3, "samples": 7}
{"event": "attend_mid", "rows": 1024, "context": 12000, "geometry": [16, 32, 2], "passed": true, "largest": 0.004545, "rms": 0.002401, "gated_steps": 0, "gated_differ": 0, "from_rule": [0.003759, 0.002969], "median_us": 4516.5, "min_us": 4500.5, "samples": 7}
{"event": "attend_mid", "rows": 1024, "context": 12000, "geometry": [16, 32, 4], "passed": true, "largest": 0.004545, "rms": 0.002401, "gated_steps": 0, "gated_differ": 0, "from_rule": [0.003759, 0.002969], "median_us": 4393.1, "min_us": 4383.6, "samples": 7}
{"event": "attend_mid", "rows": 1024, "context": 12000, "geometry": [16, 32, 8], "passed": true, "largest": 0.004545, "rms": 0.002401, "gated_steps": 0, "gated_differ": 0, "from_rule": [0.003759, 0.002969], "median_us": 5450.2, "min_us": 5424.0, "samples": 7}
{"event": "attend_mid", "rows": 1024, "context": 12000, "geometry": [16, 64, 2], "passed": true, "largest": 0.004545, "rms": 0.002347, "gated_steps": 0, "gated_differ": 0, "from_rule": [0.003759, 0.002975], "median_us": 6682.4, "min_us": 6663.2, "samples": 7}
{"event": "attend_mid", "rows": 1024, "context": 12000, "geometry": [16, 64, 4], "passed": true, "largest": 0.004545, "rms": 0.002347, "gated_steps": 0, "gated_differ": 0, "from_rule": [0.003759, 0.002975], "median_us": 6447.1, "min_us": 6435.6, "samples": 7}
{"event": "attend_mid", "rows": 1024, "context": 12000, "geometry": [16, 64, 8], "passed": true, "largest": 0.004545, "rms": 0.002347, "gated_steps": 0, "gated_differ": 0, "from_rule": [0.003759, 0.002975], "median_us": 7834.1, "min_us": 7807.8, "samples": 7}
{"event": "attend_mid", "rows": 1024, "context": 12000, "geometry": [32, 1, 2], "passed": true, "largest": 0.004545, "rms": 0.002531, "gated_steps": 1, "gated_differ": 2, "from_rule": [0.003759, 0.001153], "median_us": 3396.6, "min_us": 3384.5, "samples": 7}
{"event": "attend_mid", "rows": 1024, "context": 12000, "geometry": [32, 1, 4], "passed": true, "largest": 0.004545, "rms": 0.002531, "gated_steps": 1, "gated_differ": 2, "from_rule": [0.003759, 0.001153], "median_us": 2715.6, "min_us": 2706.9, "samples": 7}
{"event": "attend_mid", "rows": 1024, "context": 12000, "geometry": [32, 1, 8], "passed": true, "largest": 0.004545, "rms": 0.002531, "gated_steps": 1, "gated_differ": 2, "from_rule": [0.003759, 0.001153], "median_us": 2620.8, "min_us": 2605.6, "samples": 7}
{"event": "attend_mid", "rows": 1024, "context": 12000, "geometry": [32, 2, 2], "passed": true, "largest": 0.004545, "rms": 0.002519, "gated_steps": 0, "gated_differ": 0, "from_rule": [0.003759, 0.002258], "median_us": 3813.9, "min_us": 3782.6, "samples": 7}
{"event": "attend_mid", "rows": 1024, "context": 12000, "geometry": [32, 2, 4], "passed": true, "largest": 0.004545, "rms": 0.002519, "gated_steps": 0, "gated_differ": 0, "from_rule": [0.003759, 0.002258], "median_us": 2655.5, "min_us": 2649.5, "samples": 7}
{"event": "attend_mid", "rows": 1024, "context": 12000, "geometry": [32, 2, 8], "passed": true, "largest": 0.004545, "rms": 0.002519, "gated_steps": 0, "gated_differ": 0, "from_rule": [0.003759, 0.002258], "median_us": 2727.5, "min_us": 2720.5, "samples": 7}
{"event": "attend_mid", "rows": 1024, "context": 12000, "geometry": [32, 4, 2], "passed": true, "largest": 0.004545, "rms": 0.00252, "gated_steps": 0, "gated_differ": 0, "from_rule": [0.003759, 0.002658], "median_us": 3858.9, "min_us": 3831.1, "samples": 7}
{"event": "attend_mid", "rows": 1024, "context": 12000, "geometry": [32, 4, 4], "passed": true, "largest": 0.004545, "rms": 0.00252, "gated_steps": 0, "gated_differ": 0, "from_rule": [0.003759, 0.002658], "median_us": 2802.1, "min_us": 2795.7, "samples": 7}
{"event": "attend_mid", "rows": 1024, "context": 12000, "geometry": [32, 4, 8], "passed": true, "largest": 0.004545, "rms": 0.00252, "gated_steps": 0, "gated_differ": 0, "from_rule": [0.003759, 0.002658], "median_us": 2890.1, "min_us": 2884.0, "samples": 7}
{"event": "attend_mid", "rows": 1024, "context": 12000, "geometry": [32, 8, 2], "passed": true, "largest": 0.004545, "rms": 0.002495, "gated_steps": 0, "gated_differ": 0, "from_rule": [0.003759, 0.002842], "median_us": 4195.5, "min_us": 4177.5, "samples": 7}
{"event": "attend_mid", "rows": 1024, "context": 12000, "geometry": [32, 8, 4], "passed": true, "largest": 0.004545, "rms": 0.002495, "gated_steps": 0, "gated_differ": 0, "from_rule": [0.003759, 0.002842], "median_us": 3167.5, "min_us": 3162.8, "samples": 7}
{"event": "attend_mid", "rows": 1024, "context": 12000, "geometry": [32, 8, 8], "passed": true, "largest": 0.004545, "rms": 0.002495, "gated_steps": 0, "gated_differ": 0, "from_rule": [0.003759, 0.002842], "median_us": 3236.6, "min_us": 3218.5, "samples": 7}
{"event": "attend_mid", "rows": 1024, "context": 12000, "geometry": [32, 16, 2], "passed": true, "largest": 0.004545, "rms": 0.002434, "gated_steps": 0, "gated_differ": 0, "from_rule": [0.003759, 0.002932], "median_us": 5030.7, "min_us": 5013.4, "samples": 7}
{"event": "attend_mid", "rows": 1024, "context": 12000, "geometry": [32, 16, 4], "passed": true, "largest": 0.004545, "rms": 0.002434, "gated_steps": 0, "gated_differ": 0, "from_rule": [0.003759, 0.002932], "median_us": 3865.4, "min_us": 3844.3, "samples": 7}
{"event": "attend_mid", "rows": 1024, "context": 12000, "geometry": [32, 16, 8], "passed": true, "largest": 0.004545, "rms": 0.002434, "gated_steps": 0, "gated_differ": 0, "from_rule": [0.003759, 0.002932], "median_us": 3956.5, "min_us": 3935.8, "samples": 7}
{"event": "attend_mid", "rows": 1024, "context": 12000, "geometry": [32, 32, 2], "passed": true, "largest": 0.004545, "rms": 0.002421, "gated_steps": 1, "gated_differ": 1, "from_rule": [0.003759, 0.002969], "median_us": 6770.1, "min_us": 6750.8, "samples": 7}
{"event": "attend_mid", "rows": 1024, "context": 12000, "geometry": [32, 32, 4], "passed": true, "largest": 0.004545, "rms": 0.002421, "gated_steps": 1, "gated_differ": 1, "from_rule": [0.003759, 0.002969], "median_us": 5234.0, "min_us": 5222.3, "samples": 7}
{"event": "attend_mid", "rows": 1024, "context": 12000, "geometry": [32, 32, 8], "passed": true, "largest": 0.004545, "rms": 0.002421, "gated_steps": 1, "gated_differ": 1, "from_rule": [0.003759, 0.002969], "median_us": 5315.6, "min_us": 5311.9, "samples": 7}
{"event": "attend_mid", "rows": 1024, "context": 12000, "geometry": [32, 64, 2], "passed": true, "largest": 0.004545, "rms": 0.002392, "gated_steps": 0, "gated_differ": 0, "from_rule": [0.003759, 0.002983], "median_us": 10111.2, "min_us": 10102.3, "samples": 7}
{"event": "attend_mid", "rows": 1024, "context": 12000, "geometry": [32, 64, 4], "passed": true, "largest": 0.004545, "rms": 0.002391, "gated_steps": 0, "gated_differ": 0, "from_rule": [0.003759, 0.002983], "median_us": 7924.7, "min_us": 7916.8, "samples": 7}
{"event": "attend_mid", "rows": 1024, "context": 12000, "geometry": [32, 64, 8], "passed": true, "largest": 0.004545, "rms": 0.002391, "gated_steps": 0, "gated_differ": 0, "from_rule": [0.003759, 0.002983], "median_us": 8169.2, "min_us": 8157.5, "samples": 7}
{"event": "attend_mid", "rows": 1024, "context": 12000, "geometry": [64, 1, 2], "passed": true, "largest": 0.004545, "rms": 0.002528, "gated_steps": 1, "gated_differ": 1, "from_rule": [0.0, 0.0], "median_us": 3021.9, "min_us": 3001.8, "samples": 7}
{"event": "attend_mid", "rows": 1024, "context": 12000, "geometry": [64, 1, 4], "passed": true, "largest": 0.004545, "rms": 0.002528, "gated_steps": 1, "gated_differ": 1, "from_rule": [0.003759, 1.8e-05], "median_us": 3550.6, "min_us": 3540.1, "samples": 7}
{"event": "attend_mid", "rows": 1024, "context": 12000, "geometry": [64, 1, 8], "passed": true, "largest": 0.004545, "rms": 0.002528, "gated_steps": 1, "gated_differ": 1, "from_rule": [0.003759, 1.8e-05], "median_us": 3381.2, "min_us": 3363.0, "samples": 7}
{"event": "attend_mid", "rows": 1024, "context": 12000, "geometry": [64, 2, 2], "passed": true, "largest": 0.004545, "rms": 0.002518, "gated_steps": 0, "gated_differ": 0, "from_rule": [0.003759, 0.00218], "median_us": 3113.7, "min_us": 3009.2, "samples": 7}
{"event": "attend_mid", "rows": 1024, "context": 12000, "geometry": [64, 2, 4], "passed": true, "largest": 0.004545, "rms": 0.002518, "gated_steps": 0, "gated_differ": 0, "from_rule": [0.003759, 0.00218], "median_us": 3849.7, "min_us": 3838.8, "samples": 7}
{"event": "attend_mid", "rows": 1024, "context": 12000, "geometry": [64, 2, 8], "passed": true, "largest": 0.004545, "rms": 0.002518, "gated_steps": 0, "gated_differ": 0, "from_rule": [0.003759, 0.00218], "median_us": 3521.7, "min_us": 3508.8, "samples": 7}
{"event": "attend_mid", "rows": 1024, "context": 12000, "geometry": [64, 4, 2], "passed": true, "largest": 0.004545, "rms": 0.002525, "gated_steps": 0, "gated_differ": 0, "from_rule": [0.003759, 0.002622], "median_us": 3345.5, "min_us": 3326.9, "samples": 7}
{"event": "attend_mid", "rows": 1024, "context": 12000, "geometry": [64, 4, 4], "passed": true, "largest": 0.004545, "rms": 0.002525, "gated_steps": 0, "gated_differ": 0, "from_rule": [0.003759, 0.002622], "median_us": 4171.4, "min_us": 4154.8, "samples": 7}
{"event": "attend_mid", "rows": 1024, "context": 12000, "geometry": [64, 4, 8], "passed": true, "largest": 0.004545, "rms": 0.002525, "gated_steps": 0, "gated_differ": 0, "from_rule": [0.003759, 0.002622], "median_us": 3836.0, "min_us": 3816.6, "samples": 7}
{"event": "attend_mid", "rows": 1024, "context": 12000, "geometry": [64, 8, 2], "passed": true, "largest": 0.004545, "rms": 0.002513, "gated_steps": 1, "gated_differ": 1, "from_rule": [0.003759, 0.002816], "median_us": 3941.3, "min_us": 3936.3, "samples": 7}
{"event": "attend_mid", "rows": 1024, "context": 12000, "geometry": [64, 8, 4], "passed": true, "largest": 0.004545, "rms": 0.002513, "gated_steps": 1, "gated_differ": 1, "from_rule": [0.003759, 0.002816], "median_us": 4830.8, "min_us": 4816.9, "samples": 7}
{"event": "attend_mid", "rows": 1024, "context": 12000, "geometry": [64, 8, 8], "passed": true, "largest": 0.004545, "rms": 0.002513, "gated_steps": 1, "gated_differ": 1, "from_rule": [0.003759, 0.002816], "median_us": 4454.7, "min_us": 4442.9, "samples": 7}
{"event": "attend_mid", "rows": 1024, "context": 12000, "geometry": [64, 16, 2], "passed": true, "largest": 0.004545, "rms": 0.002484, "gated_steps": 0, "gated_differ": 0, "from_rule": [0.003759, 0.002909], "median_us": 5071.4, "min_us": 5065.7, "samples": 7}
{"event": "attend_mid", "rows": 1024, "context": 12000, "geometry": [64, 16, 4], "passed": true, "largest": 0.004545, "rms": 0.002484, "gated_steps": 0, "gated_differ": 0, "from_rule": [0.003759, 0.002909], "median_us": 6041.1, "min_us": 6005.3, "samples": 7}
{"event": "attend_mid", "rows": 1024, "context": 12000, "geometry": [64, 16, 8], "passed": true, "largest": 0.004545, "rms": 0.002483, "gated_steps": 0, "gated_differ": 0, "from_rule": [0.003759, 0.002909], "median_us": 5560.4, "min_us": 5536.5, "samples": 7}
{"event": "attend_mid", "rows": 1024, "context": 12000, "geometry": [64, 32, 2], "passed": true, "largest": 0.004545, "rms": 0.002445, "gated_steps": 0, "gated_differ": 0, "from_rule": [0.003759, 0.002954], "median_us": 7502.9, "min_us": 7482.3, "samples": 7}
{"event": "attend_mid", "rows": 1024, "context": 12000, "geometry": [64, 32, 4], "passed": true, "largest": 0.004545, "rms": 0.002445, "gated_steps": 0, "gated_differ": 0, "from_rule": [0.003759, 0.002954], "median_us": 8484.0, "min_us": 8467.0, "samples": 7}
{"event": "attend_mid", "rows": 1024, "context": 12000, "geometry": [64, 32, 8], "passed": true, "largest": 0.004545, "rms": 0.002445, "gated_steps": 0, "gated_differ": 0, "from_rule": [0.003759, 0.002954], "median_us": 7669.5, "min_us": 7644.9, "samples": 7}
{"event": "attend_mid_verdict", "rows": 1024, "rule": [64, 1, 2], "passing": 60, "failing": [], "fastest": [16, 1, 4], "fastest_us": 2379.1, "rule_us": 3021.9, "fastest_over_rule": 0.7873}
{"event": "covered_mid", "rows": 1024, "context": 0, "geometry": [16, 1, 2], "passed": true, "largest": 0.001316, "rms": 0.001028, "gated_steps": 0, "gated_differ": 0, "from_rule": [0.001316, 0.001309], "alike": true, "median_us": 1160.2, "min_us": 1152.4, "samples": 7}
{"event": "covered_mid", "rows": 1024, "context": 0, "geometry": [16, 1, 4], "passed": true, "largest": 0.001316, "rms": 0.001028, "gated_steps": 0, "gated_differ": 0, "from_rule": [0.001316, 0.001309], "alike": true, "median_us": 564.8, "min_us": 559.2, "samples": 7}
{"event": "covered_mid", "rows": 1024, "context": 0, "geometry": [16, 1, 8], "passed": true, "largest": 0.001316, "rms": 0.001028, "gated_steps": 0, "gated_differ": 0, "from_rule": [0.001316, 0.001309], "alike": true, "median_us": 878.8, "min_us": 867.0, "samples": 7}
{"event": "covered_mid", "rows": 1024, "context": 0, "geometry": [16, 2, 2], "passed": true, "largest": 0.001316, "rms": 0.001028, "gated_steps": 0, "gated_differ": 0, "from_rule": [0.001316, 0.001309], "alike": true, "median_us": 1290.6, "min_us": 1280.3, "samples": 7}
{"event": "covered_mid", "rows": 1024, "context": 0, "geometry": [16, 2, 4], "passed": true, "largest": 0.001316, "rms": 0.001028, "gated_steps": 0, "gated_differ": 0, "from_rule": [0.001316, 0.001309], "alike": true, "median_us": 645.8, "min_us": 638.1, "samples": 7}
{"event": "covered_mid", "rows": 1024, "context": 0, "geometry": [16, 2, 8], "passed": true, "largest": 0.001316, "rms": 0.001028, "gated_steps": 0, "gated_differ": 0, "from_rule": [0.001316, 0.001309], "alike": true, "median_us": 935.2, "min_us": 927.0, "samples": 7}
{"event": "covered_mid", "rows": 1024, "context": 0, "geometry": [16, 4, 2], "passed": true, "largest": 0.001316, "rms": 0.001025, "gated_steps": 0, "gated_differ": 0, "from_rule": [0.001316, 0.001387], "alike": true, "median_us": 1333.5, "min_us": 1325.8, "samples": 7}
{"event": "covered_mid", "rows": 1024, "context": 0, "geometry": [16, 4, 4], "passed": true, "largest": 0.001316, "rms": 0.001025, "gated_steps": 0, "gated_differ": 0, "from_rule": [0.001316, 0.001387], "alike": true, "median_us": 694.9, "min_us": 684.5, "samples": 7}
{"event": "covered_mid", "rows": 1024, "context": 0, "geometry": [16, 4, 8], "passed": true, "largest": 0.001316, "rms": 0.001025, "gated_steps": 0, "gated_differ": 0, "from_rule": [0.001316, 0.001387], "alike": true, "median_us": 966.1, "min_us": 962.7, "samples": 7}
{"event": "covered_mid", "rows": 1024, "context": 0, "geometry": [16, 8, 2], "passed": true, "largest": 0.001316, "rms": 0.00103, "gated_steps": 0, "gated_differ": 0, "from_rule": [0.001316, 0.001516], "alike": true, "median_us": 1525.4, "min_us": 1521.7, "samples": 7}
{"event": "covered_mid", "rows": 1024, "context": 0, "geometry": [16, 8, 4], "passed": true, "largest": 0.001316, "rms": 0.00103, "gated_steps": 0, "gated_differ": 0, "from_rule": [0.001316, 0.001516], "alike": true, "median_us": 910.4, "min_us": 907.0, "samples": 7}
{"event": "covered_mid", "rows": 1024, "context": 0, "geometry": [16, 8, 8], "passed": true, "largest": 0.001316, "rms": 0.00103, "gated_steps": 0, "gated_differ": 0, "from_rule": [0.001316, 0.001516], "alike": true, "median_us": 1218.2, "min_us": 1210.7, "samples": 7}
{"event": "covered_mid", "rows": 1024, "context": 0, "geometry": [16, 16, 2], "passed": true, "largest": 0.001316, "rms": 0.001019, "gated_steps": 1, "gated_differ": 1, "from_rule": [0.001316, 0.001657], "alike": true, "median_us": 1990.9, "min_us": 1969.4, "samples": 7}
{"event": "covered_mid", "rows": 1024, "context": 0, "geometry": [16, 16, 4], "passed": true, "largest": 0.001316, "rms": 0.001019, "gated_steps": 1, "gated_differ": 1, "from_rule": [0.001316, 0.001657], "alike": true, "median_us": 1381.3, "min_us": 1373.4, "samples": 7}
{"event": "covered_mid", "rows": 1024, "context": 0, "geometry": [16, 16, 8], "passed": true, "largest": 0.001316, "rms": 0.001019, "gated_steps": 1, "gated_differ": 1, "from_rule": [0.001316, 0.001657], "alike": true, "median_us": 1694.3, "min_us": 1682.3, "samples": 7}
{"event": "covered_mid", "rows": 1024, "context": 0, "geometry": [16, 32, 2], "passed": true, "largest": 0.001316, "rms": 0.001004, "gated_steps": 1, "gated_differ": 1, "from_rule": [0.001316, 0.001782], "alike": true, "median_us": 3104.6, "min_us": 3094.6, "samples": 7}
{"event": "covered_mid", "rows": 1024, "context": 0, "geometry": [16, 32, 4], "passed": true, "largest": 0.001316, "rms": 0.001004, "gated_steps": 1, "gated_differ": 1, "from_rule": [0.001316, 0.001782], "alike": true, "median_us": 2392.5, "min_us": 2375.4, "samples": 7}
{"event": "covered_mid", "rows": 1024, "context": 0, "geometry": [16, 32, 8], "passed": true, "largest": 0.001316, "rms": 0.001004, "gated_steps": 1, "gated_differ": 1, "from_rule": [0.001316, 0.001782], "alike": true, "median_us": 2664.6, "min_us": 2654.5, "samples": 7}
{"event": "covered_mid", "rows": 1024, "context": 0, "geometry": [16, 64, 2], "passed": true, "largest": 0.001316, "rms": 0.000991, "gated_steps": 0, "gated_differ": 0, "from_rule": [0.001316, 0.001903], "alike": true, "median_us": 5349.3, "min_us": 5331.8, "samples": 7}
{"event": "covered_mid", "rows": 1024, "context": 0, "geometry": [16, 64, 4], "passed": true, "largest": 0.001316, "rms": 0.000991, "gated_steps": 0, "gated_differ": 0, "from_rule": [0.001316, 0.001903], "alike": true, "median_us": 4374.2, "min_us": 4362.0, "samples": 7}
{"event": "covered_mid", "rows": 1024, "context": 0, "geometry": [16, 64, 8], "passed": true, "largest": 0.001316, "rms": 0.000991, "gated_steps": 0, "gated_differ": 0, "from_rule": [0.001316, 0.001903], "alike": true, "median_us": 4655.6, "min_us": 4624.6, "samples": 7}
{"event": "covered_mid", "rows": 1024, "context": 0, "geometry": [32, 1, 2], "passed": true, "largest": 0.001316, "rms": 0.001016, "gated_steps": 0, "gated_differ": 0, "from_rule": [0.000658, 0.001036], "alike": true, "median_us": 926.5, "min_us": 919.4, "samples": 7}
{"event": "covered_mid", "rows": 1024, "context": 0, "geometry": [32, 1, 4], "passed": true, "largest": 0.001316, "rms": 0.001016, "gated_steps": 0, "gated_differ": 0, "from_rule": [0.000658, 0.001036], "alike": true, "median_us": 456.6, "min_us": 439.9, "samples": 7}
{"event": "covered_mid", "rows": 1024, "context": 0, "geometry": [32, 1, 8], "passed": true, "largest": 0.001316, "rms": 0.001016, "gated_steps": 0, "gated_differ": 0, "from_rule": [0.000658, 0.001036], "alike": true, "median_us": 590.4, "min_us": 586.4, "samples": 7}
{"event": "covered_mid", "rows": 1024, "context": 0, "geometry": [32, 2, 2], "passed": true, "largest": 0.001316, "rms": 0.001016, "gated_steps": 0, "gated_differ": 0, "from_rule": [0.000658, 0.001036], "alike": true, "median_us": 1360.6, "min_us": 1338.9, "samples": 7}
{"event": "covered_mid", "rows": 1024, "context": 0, "geometry": [32, 2, 4], "passed": true, "largest": 0.001316, "rms": 0.001016, "gated_steps": 0, "gated_differ": 0, "from_rule": [0.000658, 0.001036], "alike": true, "median_us": 518.3, "min_us": 511.8, "samples": 7}
{"event": "covered_mid", "rows": 1024, "context": 0, "geometry": [32, 2, 8], "passed": true, "largest": 0.001316, "rms": 0.001016, "gated_steps": 0, "gated_differ": 0, "from_rule": [0.000658, 0.001036], "alike": true, "median_us": 653.1, "min_us": 640.4, "samples": 7}
{"event": "covered_mid", "rows": 1024, "context": 0, "geometry": [32, 4, 2], "passed": true, "largest": 0.001316, "rms": 0.001015, "gated_steps": 0, "gated_differ": 0, "from_rule": [0.000658, 0.001144], "alike": true, "median_us": 1549.7, "min_us": 1537.8, "samples": 7}
{"event": "covered_mid", "rows": 1024, "context": 0, "geometry": [32, 4, 4], "passed": true, "largest": 0.001316, "rms": 0.001015, "gated_steps": 0, "gated_differ": 0, "from_rule": [0.000658, 0.001144], "alike": true, "median_us": 593.0, "min_us": 582.1, "samples": 7}
{"event": "covered_mid", "rows": 1024, "context": 0, "geometry": [32, 4, 8], "passed": true, "largest": 0.001316, "rms": 0.001015, "gated_steps": 0, "gated_differ": 0, "from_rule": [0.000658, 0.001144], "alike": true, "median_us": 715.1, "min_us": 701.3, "samples": 7}
{"event": "covered_mid", "rows": 1024, "context": 0, "geometry": [32, 8, 2], "passed": true, "largest": 0.001316, "rms": 0.001017, "gated_steps": 0, "gated_differ": 0, "from_rule": [0.000658, 0.001311], "alike": true, "median_us": 1923.7, "min_us": 1914.1, "samples": 7}
{"event": "covered_mid", "rows": 1024, "context": 0, "geometry": [32, 8, 4], "passed": true, "largest": 0.001316, "rms": 0.001017, "gated_steps": 0, "gated_differ": 0, "from_rule": [0.000658, 0.001311], "alike": true, "median_us": 839.7, "min_us": 832.6, "samples": 7}
{"event": "covered_mid", "rows": 1024, "context": 0, "geometry": [32, 8, 8], "passed": true, "largest": 0.001316, "rms": 0.001017, "gated_steps": 0, "gated_differ": 0, "from_rule": [0.000658, 0.001311], "alike": true, "median_us": 1001.1, "min_us": 989.2, "samples": 7}
{"event": "covered_mid", "rows": 1024, "context": 0, "geometry": [32, 16, 2], "passed": true, "largest": 0.001316, "rms": 0.001007, "gated_steps": 0, "gated_differ": 0, "from_rule": [0.000658, 0.00149], "alike": true, "median_us": 2749.0, "min_us": 2737.7, "samples": 7}
{"event": "covered_mid", "rows": 1024, "context": 0, "geometry": [32, 16, 4], "passed": true, "largest": 0.001316, "rms": 0.001007, "gated_steps": 0, "gated_differ": 0, "from_rule": [0.000658, 0.00149], "alike": true, "median_us": 1323.7, "min_us": 1314.9, "samples": 7}
{"event": "covered_mid", "rows": 1024, "context": 0, "geometry": [32, 16, 8], "passed": true, "largest": 0.001316, "rms": 0.001007, "gated_steps": 0, "gated_differ": 0, "from_rule": [0.000658, 0.00149], "alike": true, "median_us": 1478.9, "min_us": 1471.4, "samples": 7}
{"event": "covered_mid", "rows": 1024, "context": 0, "geometry": [32, 32, 2], "passed": true, "largest": 0.001316, "rms": 0.000997, "gated_steps": 0, "gated_differ": 0, "from_rule": [0.000658, 0.001642], "alike": true, "median_us": 4493.8, "min_us": 4477.2, "samples": 7}
{"event": "covered_mid", "rows": 1024, "context": 0, "geometry": [32, 32, 4], "passed": true, "largest": 0.001316, "rms": 0.000997, "gated_steps": 0, "gated_differ": 0, "from_rule": [0.000658, 0.001642], "alike": true, "median_us": 2339.2, "min_us": 2329.3, "samples": 7}
{"event": "covered_mid", "rows": 1024, "context": 0, "geometry": [32, 32, 8], "passed": true, "largest": 0.001316, "rms": 0.000997, "gated_steps": 0, "gated_differ": 0, "from_rule": [0.000658, 0.001642], "alike": true, "median_us": 2478.9, "min_us": 2471.8, "samples": 7}
{"event": "covered_mid", "rows": 1024, "context": 0, "geometry": [32, 64, 2], "passed": true, "largest": 0.001316, "rms": 0.000994, "gated_steps": 0, "gated_differ": 0, "from_rule": [0.001316, 0.001813], "alike": true, "median_us": 7921.2, "min_us": 7907.7, "samples": 7}
{"event": "covered_mid", "rows": 1024, "context": 0, "geometry": [32, 64, 4], "passed": true, "largest": 0.001316, "rms": 0.000994, "gated_steps": 0, "gated_differ": 0, "from_rule": [0.001316, 0.001813], "alike": true, "median_us": 4333.9, "min_us": 4319.9, "samples": 7}
{"event": "covered_mid", "rows": 1024, "context": 0, "geometry": [32, 64, 8], "passed": true, "largest": 0.001316, "rms": 0.000994, "gated_steps": 0, "gated_differ": 0, "from_rule": [0.001316, 0.001813], "alike": true, "median_us": 4479.8, "min_us": 4471.2, "samples": 7}
{"event": "covered_mid", "rows": 1024, "context": 0, "geometry": [64, 1, 2], "passed": true, "largest": 0.001316, "rms": 0.001028, "gated_steps": 0, "gated_differ": 0, "from_rule": [0.0, 0.0], "alike": true, "median_us": 1066.8, "min_us": 1061.8, "samples": 7}
{"event": "covered_mid", "rows": 1024, "context": 0, "geometry": [64, 1, 4], "passed": true, "largest": 0.001316, "rms": 0.001028, "gated_steps": 0, "gated_differ": 0, "from_rule": [8.2e-05, 4e-06], "alike": true, "median_us": 648.2, "min_us": 639.4, "samples": 7}
{"event": "covered_mid", "rows": 1024, "context": 0, "geometry": [64, 1, 8], "passed": true, "largest": 0.001316, "rms": 0.001028, "gated_steps": 0, "gated_differ": 0, "from_rule": [8.2e-05, 2e-06], "alike": true, "median_us": 451.6, "min_us": 449.2, "samples": 7}
{"event": "covered_mid", "rows": 1024, "context": 0, "geometry": [64, 2, 2], "passed": true, "largest": 0.001316, "rms": 0.001028, "gated_steps": 0, "gated_differ": 0, "from_rule": [0.0, 0.0], "alike": true, "median_us": 1173.8, "min_us": 1155.5, "samples": 7}
{"event": "covered_mid", "rows": 1024, "context": 0, "geometry": [64, 2, 4], "passed": true, "largest": 0.001316, "rms": 0.001028, "gated_steps": 0, "gated_differ": 0, "from_rule": [8.2e-05, 4e-06], "alike": true, "median_us": 720.6, "min_us": 716.6, "samples": 7}
{"event": "covered_mid", "rows": 1024, "context": 0, "geometry": [64, 2, 8], "passed": true, "largest": 0.001316, "rms": 0.001028, "gated_steps": 0, "gated_differ": 0, "from_rule": [8.2e-05, 2e-06], "alike": true, "median_us": 511.8, "min_us": 498.0, "samples": 7}
{"event": "covered_mid", "rows": 1024, "context": 0, "geometry": [64, 4, 2], "passed": true, "largest": 0.001316, "rms": 0.001029, "gated_steps": 0, "gated_differ": 0, "from_rule": [0.000329, 0.000583], "alike": true, "median_us": 1278.7, "min_us": 1259.2, "samples": 7}
{"event": "covered_mid", "rows": 1024, "context": 0, "geometry": [64, 4, 4], "passed": true, "largest": 0.001316, "rms": 0.001029, "gated_steps": 0, "gated_differ": 0, "from_rule": [0.000329, 0.000583], "alike": true, "median_us": 831.5, "min_us": 818.8, "samples": 7}
{"event": "covered_mid", "rows": 1024, "context": 0, "geometry": [64, 4, 8], "passed": true, "largest": 0.001316, "rms": 0.001029, "gated_steps": 0, "gated_differ": 0, "from_rule": [0.000329, 0.000583], "alike": true, "median_us": 619.2, "min_us": 612.0, "samples": 7}
{"event": "covered_mid", "rows": 1024, "context": 0, "geometry": [64, 8, 2], "passed": true, "largest": 0.001316, "rms": 0.001034, "gated_steps": 0, "gated_differ": 0, "from_rule": [0.000329, 0.000937], "alike": true, "median_us": 1702.4, "min_us": 1700.7, "samples": 7}
{"event": "covered_mid", "rows": 1024, "context": 0, "geometry": [64, 8, 4], "passed": true, "largest": 0.001316, "rms": 0.001034, "gated_steps": 0, "gated_differ": 0, "from_rule": [0.000329, 0.000937], "alike": true, "median_us": 1125.6, "min_us": 1121.1, "samples": 7}
{"event": "covered_mid", "rows": 1024, "context": 0, "geometry": [64, 8, 8], "passed": true, "largest": 0.001316, "rms": 0.001034, "gated_steps": 0, "gated_differ": 0, "from_rule": [0.000329, 0.000937], "alike": true, "median_us": 902.4, "min_us": 889.8, "samples": 7}
{"event": "covered_mid", "rows": 1024, "context": 0, "geometry": [64, 16, 2], "passed": true, "largest": 0.001316, "rms": 0.001026, "gated_steps": 0, "gated_differ": 0, "from_rule": [0.000658, 0.001227], "alike": true, "median_us": 2557.1, "min_us": 2546.8, "samples": 7}
{"event": "covered_mid", "rows": 1024, "context": 0, "geometry": [64, 16, 4], "passed": true, "largest": 0.001316, "rms": 0.001026, "gated_steps": 0, "gated_differ": 0, "from_rule": [0.000658, 0.001227], "alike": true, "median_us": 1676.3, "min_us": 1673.2, "samples": 7}
{"event": "covered_mid", "rows": 1024, "context": 0, "geometry": [64, 16, 8], "passed": true, "largest": 0.001316, "rms": 0.001026, "gated_steps": 0, "gated_differ": 0, "from_rule": [0.000658, 0.001227], "alike": true, "median_us": 1389.3, "min_us": 1386.1, "samples": 7}
{"event": "covered_mid", "rows": 1024, "context": 0, "geometry": [64, 32, 2], "passed": true, "largest": 0.001316, "rms": 0.001014, "gated_steps": 0, "gated_differ": 0, "from_rule": [0.000658, 0.001457], "alike": true, "median_us": 4360.0, "min_us": 4343.6, "samples": 7}
{"event": "covered_mid", "rows": 1024, "context": 0, "geometry": [64, 32, 4], "passed": true, "largest": 0.001316, "rms": 0.001014, "gated_steps": 0, "gated_differ": 0, "from_rule": [0.000658, 0.001457], "alike": true, "median_us": 2756.8, "min_us": 2747.6, "samples": 7}
{"event": "covered_mid", "rows": 1024, "context": 0, "geometry": [64, 32, 8], "passed": true, "largest": 0.001316, "rms": 0.001014, "gated_steps": 0, "gated_differ": 0, "from_rule": [0.000658, 0.001457], "alike": true, "median_us": 2376.5, "min_us": 2367.5, "samples": 7}
{"event": "covered_mid_verdict", "rows": 1024, "rule": [64, 1, 2], "passing": 60, "failing": [], "fastest": [64, 1, 8], "fastest_us": 451.6, "rule_us": 1066.8, "fastest_over_rule": 0.4233}
{"event": "score", "bucket": 4096, "rows": 1, "columns": 1152, "group": 1, "geometry": [64, 1, 1], "passed": true, "launched": true, "largest_difference": 0.0, "cold_us": 22.48, "warm_us": 14.61, "cold_min_us": 18.27, "warm_min_us": 12.61, "samples": 24}
{"event": "score", "bucket": 4096, "rows": 1, "columns": 1152, "group": 1, "geometry": [64, 1, 2], "passed": true, "launched": true, "largest_difference": 0.0, "cold_us": 21.07, "warm_us": 16.8, "cold_min_us": 18.21, "warm_min_us": 12.26, "samples": 24}
{"event": "score", "bucket": 4096, "rows": 1, "columns": 1152, "group": 1, "geometry": [64, 1, 4], "passed": true, "launched": true, "largest_difference": 0.0, "cold_us": 20.74, "warm_us": 13.76, "cold_min_us": 18.62, "warm_min_us": 12.16, "samples": 24}
{"event": "score", "bucket": 4096, "rows": 1, "columns": 1152, "group": 1, "geometry": [64, 4, 1], "passed": true, "launched": true, "largest_difference": 0.0, "cold_us": 23.28, "warm_us": 15.87, "cold_min_us": 21.76, "warm_min_us": 14.4, "samples": 24}
{"event": "score", "bucket": 4096, "rows": 1, "columns": 1152, "group": 1, "geometry": [64, 4, 2], "passed": true, "launched": true, "largest_difference": 0.0, "cold_us": 23.46, "warm_us": 15.42, "cold_min_us": 19.46, "warm_min_us": 12.7, "samples": 24}
{"event": "score", "bucket": 4096, "rows": 1, "columns": 1152, "group": 1, "geometry": [64, 4, 4], "passed": true, "launched": true, "largest_difference": 0.0, "cold_us": 22.05, "warm_us": 15.02, "cold_min_us": 19.26, "warm_min_us": 12.48, "samples": 24}
{"event": "score", "bucket": 4096, "rows": 1, "columns": 1152, "group": 1, "geometry": [128, 1, 1], "passed": true, "launched": true, "largest_difference": 0.0, "cold_us": 23.5, "warm_us": 15.62, "cold_min_us": 20.58, "warm_min_us": 14.14, "samples": 24}
{"event": "score", "bucket": 4096, "rows": 1, "columns": 1152, "group": 1, "geometry": [128, 1, 2], "passed": true, "launched": true, "largest_difference": 0.0, "cold_us": 21.9, "warm_us": 14.56, "cold_min_us": 18.94, "warm_min_us": 12.58, "samples": 24}
{"event": "score", "bucket": 4096, "rows": 1, "columns": 1152, "group": 1, "geometry": [128, 1, 4], "passed": true, "launched": true, "largest_difference": 0.0, "cold_us": 21.65, "warm_us": 13.74, "cold_min_us": 18.11, "warm_min_us": 12.51, "samples": 24}
{"event": "score", "bucket": 4096, "rows": 1, "columns": 1152, "group": 1, "geometry": [128, 4, 1], "passed": true, "launched": true, "largest_difference": 0.0, "cold_us": 33.89, "warm_us": 27.02, "cold_min_us": 32.96, "warm_min_us": 25.66, "samples": 24}
{"event": "score", "bucket": 4096, "rows": 1, "columns": 1152, "group": 1, "geometry": [128, 4, 2], "passed": true, "launched": true, "largest_difference": 0.0, "cold_us": 25.17, "warm_us": 18.03, "cold_min_us": 23.17, "warm_min_us": 16.32, "samples": 24}
{"event": "score", "bucket": 4096, "rows": 1, "columns": 1152, "group": 1, "geometry": [128, 4, 4], "passed": true, "launched": true, "largest_difference": 0.0, "cold_us": 21.26, "warm_us": 13.7, "cold_min_us": 19.71, "warm_min_us": 12.8, "samples": 24}
{"event": "score", "bucket": 4096, "rows": 1, "columns": 1152, "group": 1, "geometry": [256, 1, 1], "passed": true, "launched": true, "largest_difference": 0.0, "cold_us": 46.64, "warm_us": 27.55, "cold_min_us": 44.96, "warm_min_us": 25.7, "samples": 24}
{"event": "score", "bucket": 4096, "rows": 1, "columns": 1152, "group": 1, "geometry": [256, 1, 2], "passed": true, "launched": true, "largest_difference": 0.0, "cold_us": 23.33, "warm_us": 17.06, "cold_min_us": 21.73, "warm_min_us": 14.88, "samples": 24}
{"event": "score", "bucket": 4096, "rows": 1, "columns": 1152, "group": 1, "geometry": [256, 1, 4], "passed": true, "launched": true, "largest_difference": 0.0, "cold_us": 24.38, "warm_us": 14.02, "cold_min_us": 19.71, "warm_min_us": 12.86, "samples": 24}
{"event": "score", "bucket": 4096, "rows": 1, "columns": 1152, "group": 1, "geometry": [256, 4, 1], "passed": true, "launched": true, "largest_difference": 0.0, "cold_us": 83.79, "warm_us": 58.66, "cold_min_us": 82.66, "warm_min_us": 56.32, "samples": 24}
{"event": "score", "bucket": 4096, "rows": 1, "columns": 1152, "group": 1, "geometry": [256, 4, 2], "passed": true, "launched": true, "largest_difference": 0.0, "cold_us": 36.53, "warm_us": 29.68, "cold_min_us": 35.23, "warm_min_us": 28.96, "samples": 24}
{"event": "score", "bucket": 4096, "rows": 1, "columns": 1152, "group": 1, "geometry": [256, 4, 4], "passed": true, "launched": true, "largest_difference": 0.0, "cold_us": 26.85, "warm_us": 20.91, "cold_min_us": 25.12, "warm_min_us": 19.04, "samples": 24}
{"event": "score_verdict", "bucket": 4096, "rows": 1, "cold": {"rule": [64, 1, 2], "passing": 18, "failing": [], "fastest": [64, 1, 4], "fastest_us": 20.74, "rule_us": 21.07, "fastest_over_rule": 0.9843}, "warm": {"rule": [64, 1, 2], "passing": 18, "failing": [], "fastest": [128, 4, 4], "fastest_us": 13.7, "rule_us": 16.8, "fastest_over_rule": 0.8155}}
{"event": "score", "bucket": 4096, "rows": 2, "columns": 1152, "group": 2, "geometry": [64, 1, 1], "passed": true, "launched": true, "largest_difference": 0.0, "cold_us": 20.96, "warm_us": 14.94, "cold_min_us": 18.66, "warm_min_us": 12.74, "samples": 24}
{"event": "score", "bucket": 4096, "rows": 2, "columns": 1152, "group": 2, "geometry": [64, 1, 2], "passed": true, "launched": true, "largest_difference": 0.0, "cold_us": 21.14, "warm_us": 13.63, "cold_min_us": 18.5, "warm_min_us": 11.74, "samples": 24}
{"event": "score", "bucket": 4096, "rows": 2, "columns": 1152, "group": 2, "geometry": [64, 1, 4], "passed": true, "launched": true, "largest_difference": 0.0, "cold_us": 23.9, "warm_us": 14.93, "cold_min_us": 19.3, "warm_min_us": 12.42, "samples": 24}
{"event": "score", "bucket": 4096, "rows": 2, "columns": 1152, "group": 2, "geometry": [64, 4, 1], "passed": true, "launched": true, "largest_difference": 0.0, "cold_us": 25.74, "warm_us": 18.34, "cold_min_us": 22.66, "warm_min_us": 16.8, "samples": 24}
{"event": "score", "bucket": 4096, "rows": 2, "columns": 1152, "group": 2, "geometry": [64, 4, 2], "passed": true, "launched": true, "largest_difference": 0.0, "cold_us": 23.86, "warm_us": 14.4, "cold_min_us": 19.87, "warm_min_us": 12.99, "samples": 24}
{"event": "score", "bucket": 4096, "rows": 2, "columns": 1152, "group": 2, "geometry": [64, 4, 4], "passed": true, "launched": true, "largest_difference": 0.0, "cold_us": 22.0, "warm_us": 15.44, "cold_min_us": 19.84, "warm_min_us": 13.25, "samples": 24}
{"event": "score", "bucket": 4096, "rows": 2, "columns": 1152, "group": 2, "geometry": [128, 1, 1], "passed": true, "launched": true, "largest_difference": 0.0, "cold_us": 23.78, "warm_us": 16.27, "cold_min_us": 22.56, "warm_min_us": 14.53, "samples": 24}
{"event": "score", "bucket": 4096, "rows": 2, "columns": 1152, "group": 2, "geometry": [128, 1, 2], "passed": true, "launched": true, "largest_difference": 0.0, "cold_us": 22.7, "warm_us": 15.23, "cold_min_us": 18.98, "warm_min_us": 12.93, "samples": 24}
{"event": "score", "bucket": 4096, "rows": 2, "columns": 1152, "group": 2, "geometry": [128, 1, 4], "passed": true, "launched": true, "largest_difference": 0.0, "cold_us": 22.21, "warm_us": 14.22, "cold_min_us": 19.3, "warm_min_us": 12.7, "samples": 24}
{"event": "score", "bucket": 4096, "rows": 2, "columns": 1152, "group": 2, "geometry": [128, 4, 1], "passed": true, "launched": true, "largest_difference": 0.0, "cold_us": 38.46, "warm_us": 32.1, "cold_min_us": 36.38, "warm_min_us": 29.47, "samples": 24}
{"event": "score", "bucket": 4096, "rows": 2, "columns": 1152, "group": 2, "geometry": [128, 4, 2], "passed": true, "launched": true, "largest_difference": 0.0, "cold_us": 26.93, "warm_us": 20.59, "cold_min_us": 25.5, "warm_min_us": 18.91, "samples": 24}
{"event": "score", "bucket": 4096, "rows": 2, "columns": 1152, "group": 2, "geometry": [128, 4, 4], "passed": true, "launched": true, "largest_difference": 0.0, "cold_us": 24.22, "warm_us": 16.26, "cold_min_us": 21.34, "warm_min_us": 14.37, "samples": 24}
{"event": "score", "bucket": 4096, "rows": 2, "columns": 1152, "group": 2, "geometry": [256, 1, 1], "passed": true, "launched": true, "largest_difference": 0.0, "cold_us": 63.58, "warm_us": 46.3, "cold_min_us": 62.11, "warm_min_us": 44.99, "samples": 24}
{"event": "score", "bucket": 4096, "rows": 2, "columns": 1152, "group": 2, "geometry": [256, 1, 2], "passed": true, "launched": true, "largest_difference": 0.0, "cold_us": 24.7, "warm_us": 18.18, "cold_min_us": 23.33, "warm_min_us": 16.77, "samples": 24}
{"event": "score", "bucket": 4096, "rows": 2, "columns": 1152, "group": 2, "geometry": [256, 1, 4], "passed": true, "launched": true, "largest_difference": 0.0, "cold_us": 21.87, "warm_us": 14.85, "cold_min_us": 18.75, "warm_min_us": 12.83, "samples": 24}
{"event": "score", "bucket": 4096, "rows": 2, "columns": 1152, "group": 2, "geometry": [256, 4, 1], "passed": true, "launched": true, "largest_difference": 0.0, "cold_us": 157.17, "warm_us": 128.54, "cold_min_us": 155.26, "warm_min_us": 126.37, "samples": 24}
{"event": "score", "bucket": 4096, "rows": 2, "columns": 1152, "group": 2, "geometry": [256, 4, 2], "passed": true, "launched": true, "largest_difference": 0.0, "cold_us": 46.38, "warm_us": 38.59, "cold_min_us": 45.02, "warm_min_us": 37.63, "samples": 24}
{"event": "score", "bucket": 4096, "rows": 2, "columns": 1152, "group": 2, "geometry": [256, 4, 4], "passed": true, "launched": true, "largest_difference": 0.0, "cold_us": 29.82, "warm_us": 23.7, "cold_min_us": 28.42, "warm_min_us": 20.19, "samples": 24}
{"event": "score_verdict", "bucket": 4096, "rows": 2, "cold": {"rule": [64, 1, 2], "passing": 18, "failing": [], "fastest": [64, 1, 1], "fastest_us": 20.96, "rule_us": 21.14, "fastest_over_rule": 0.9915}, "warm": {"rule": [64, 1, 2], "passing": 18, "failing": [], "fastest": [64, 1, 2], "fastest_us": 13.63, "rule_us": 13.63, "fastest_over_rule": 1.0}}
{"event": "score", "bucket": 4096, "rows": 8, "columns": 1152, "group": 2, "geometry": [64, 1, 1], "passed": true, "launched": true, "largest_difference": 0.0, "cold_us": 27.98, "warm_us": 14.83, "cold_min_us": 25.95, "warm_min_us": 11.9, "samples": 24}
{"event": "score", "bucket": 4096, "rows": 8, "columns": 1152, "group": 2, "geometry": [64, 1, 2], "passed": true, "launched": true, "largest_difference": 0.0, "cold_us": 26.94, "warm_us": 15.42, "cold_min_us": 25.63, "warm_min_us": 13.15, "samples": 24}
{"event": "score", "bucket": 4096, "rows": 8, "columns": 1152, "group": 2, "geometry": [64, 1, 4], "passed": true, "launched": true, "largest_difference": 0.0, "cold_us": 26.96, "warm_us": 14.59, "cold_min_us": 26.02, "warm_min_us": 12.74, "samples": 24}
{"event": "score", "bucket": 4096, "rows": 8, "columns": 1152, "group": 2, "geometry": [64, 4, 1], "passed": true, "launched": true, "largest_difference": 0.0, "cold_us": 31.39, "warm_us": 19.01, "cold_min_us": 30.08, "warm_min_us": 17.28, "samples": 24}
{"event": "score", "bucket": 4096, "rows": 8, "columns": 1152, "group": 2, "geometry": [64, 4, 2], "passed": true, "launched": true, "largest_difference": 0.0, "cold_us": 27.78, "warm_us": 15.65, "cold_min_us": 25.66, "warm_min_us": 13.22, "samples": 24}
{"event": "score", "bucket": 4096, "rows": 8, "columns": 1152, "group": 2, "geometry": [64, 4, 4], "passed": true, "launched": true, "largest_difference": 0.0, "cold_us": 28.56, "warm_us": 15.15, "cold_min_us": 27.07, "warm_min_us": 13.38, "samples": 24}
{"event": "score", "bucket": 4096, "rows": 8, "columns": 1152, "group": 2, "geometry": [128, 1, 1], "passed": true, "launched": true, "largest_difference": 0.0, "cold_us": 33.23, "warm_us": 18.51, "cold_min_us": 31.26, "warm_min_us": 16.67, "samples": 24}
{"event": "score", "bucket": 4096, "rows": 8, "columns": 1152, "group": 2, "geometry": [128, 1, 2], "passed": true, "launched": true, "largest_difference": 0.0, "cold_us": 27.89, "warm_us": 15.47, "cold_min_us": 26.37, "warm_min_us": 12.74, "samples": 24}
{"event": "score", "bucket": 4096, "rows": 8, "columns": 1152, "group": 2, "geometry": [128, 1, 4], "passed": true, "launched": true, "largest_difference": 0.0, "cold_us": 27.09, "warm_us": 14.11, "cold_min_us": 25.18, "warm_min_us": 12.58, "samples": 24}
{"event": "score", "bucket": 4096, "rows": 8, "columns": 1152, "group": 2, "geometry": [128, 4, 1], "passed": true, "launched": true, "largest_difference": 0.0, "cold_us": 43.9, "warm_us": 31.95, "cold_min_us": 42.56, "warm_min_us": 30.72, "samples": 24}
{"event": "score", "bucket": 4096, "rows": 8, "columns": 1152, "group": 2, "geometry": [128, 4, 2], "passed": true, "launched": true, "largest_difference": 0.0, "cold_us": 32.5, "warm_us": 21.2, "cold_min_us": 29.82, "warm_min_us": 19.3, "samples": 24}
{"event": "score", "bucket": 4096, "rows": 8, "columns": 1152, "group": 2, "geometry": [128, 4, 4], "passed": true, "launched": true, "largest_difference": 0.0, "cold_us": 28.32, "warm_us": 17.06, "cold_min_us": 26.02, "warm_min_us": 15.3, "samples": 24}
{"event": "score", "bucket": 4096, "rows": 8, "columns": 1152, "group": 2, "geometry": [256, 1, 1], "passed": true, "launched": true, "largest_difference": 0.0, "cold_us": 71.23, "warm_us": 46.1, "cold_min_us": 70.08, "warm_min_us": 43.87, "samples": 24}
{"event": "score", "bucket": 4096, "rows": 8, "columns": 1152, "group": 2, "geometry": [256, 1, 2], "passed": true, "launched": true, "largest_difference": 0.0, "cold_us": 35.31, "warm_us": 20.16, "cold_min_us": 31.78, "warm_min_us": 18.82, "samples": 24}
{"event": "score", "bucket": 4096, "rows": 8, "columns": 1152, "group": 2, "geometry": [256, 1, 4], "passed": true, "launched": true, "largest_difference": 0.0, "cold_us": 28.21, "warm_us": 15.17, "cold_min_us": 26.88, "warm_min_us": 12.61, "samples": 24}
{"event": "score", "bucket": 4096, "rows": 8, "columns": 1152, "group": 2, "geometry": [256, 4, 1], "passed": true, "launched": true, "largest_difference": 0.0, "cold_us": 159.14, "warm_us": 131.62, "cold_min_us": 156.96, "warm_min_us": 129.02, "samples": 24}
{"event": "score", "bucket": 4096, "rows": 8, "columns": 1152, "group": 2, "geometry": [256, 4, 2], "passed": true, "launched": true, "largest_difference": 0.0, "cold_us": 51.3, "warm_us": 38.77, "cold_min_us": 49.47, "warm_min_us": 37.7, "samples": 24}
{"event": "score", "bucket": 4096, "rows": 8, "columns": 1152, "group": 2, "geometry": [256, 4, 4], "passed": true, "launched": true, "largest_difference": 0.0, "cold_us": 34.78, "warm_us": 24.38, "cold_min_us": 32.64, "warm_min_us": 22.69, "samples": 24}
{"event": "score_verdict", "bucket": 4096, "rows": 8, "cold": {"rule": [64, 1, 2], "passing": 18, "failing": [], "fastest": [64, 1, 2], "fastest_us": 26.94, "rule_us": 26.94, "fastest_over_rule": 1.0}, "warm": {"rule": [64, 1, 2], "passing": 18, "failing": [], "fastest": [128, 1, 4], "fastest_us": 14.11, "rule_us": 15.42, "fastest_over_rule": 0.915}}
{"event": "score", "bucket": 32768, "rows": 1, "columns": 8256, "group": 1, "geometry": [64, 1, 1], "passed": true, "launched": true, "largest_difference": 0.0, "cold_us": 34.77, "warm_us": 14.69, "cold_min_us": 33.73, "warm_min_us": 12.58, "samples": 24}
{"event": "score", "bucket": 32768, "rows": 1, "columns": 8256, "group": 1, "geometry": [64, 1, 2], "passed": true, "launched": true, "largest_difference": 0.0, "cold_us": 34.67, "warm_us": 15.23, "cold_min_us": 32.26, "warm_min_us": 12.42, "samples": 24}
{"event": "score", "bucket": 32768, "rows": 1, "columns": 8256, "group": 1, "geometry": [64, 1, 4], "passed": true, "launched": true, "largest_difference": 0.0, "cold_us": 34.5, "warm_us": 14.03, "cold_min_us": 32.64, "warm_min_us": 12.51, "samples": 24}
{"event": "score", "bucket": 32768, "rows": 1, "columns": 8256, "group": 1, "geometry": [64, 4, 1], "passed": true, "launched": true, "largest_difference": 0.0, "cold_us": 33.47, "warm_us": 16.1, "cold_min_us": 32.03, "warm_min_us": 14.94, "samples": 24}
{"event": "score", "bucket": 32768, "rows": 1, "columns": 8256, "group": 1, "geometry": [64, 4, 2], "passed": true, "launched": true, "largest_difference": 0.0, "cold_us": 32.1, "warm_us": 14.8, "cold_min_us": 31.39, "warm_min_us": 12.74, "samples": 24}
{"event": "score", "bucket": 32768, "rows": 1, "columns": 8256, "group": 1, "geometry": [64, 4, 4], "passed": true, "launched": true, "largest_difference": 0.0, "cold_us": 32.22, "warm_us": 16.18, "cold_min_us": 30.72, "warm_min_us": 12.9, "samples": 24}
{"event": "score", "bucket": 32768, "rows": 1, "columns": 8256, "group": 1, "geometry": [128, 1, 1], "passed": true, "launched": true, "largest_difference": 0.0, "cold_us": 37.42, "warm_us": 15.86, "cold_min_us": 36.06, "warm_min_us": 14.75, "samples": 24}
{"event": "score", "bucket": 32768, "rows": 1, "columns": 8256, "group": 1, "geometry": [128, 1, 2], "passed": true, "launched": true, "largest_difference": 0.0, "cold_us": 35.15, "warm_us": 14.13, "cold_min_us": 33.7, "warm_min_us": 12.67, "samples": 24}
{"event": "score", "bucket": 32768, "rows": 1, "columns": 8256, "group": 1, "geometry": [128, 1, 4], "passed": true, "launched": true, "largest_difference": 0.0, "cold_us": 34.51, "warm_us": 14.88, "cold_min_us": 32.74, "warm_min_us": 12.51, "samples": 24}
{"event": "score", "bucket": 32768, "rows": 1, "columns": 8256, "group": 1, "geometry": [128, 4, 1], "passed": true, "launched": true, "largest_difference": 0.0, "cold_us": 41.78, "warm_us": 27.74, "cold_min_us": 40.48, "warm_min_us": 26.3, "samples": 24}
{"event": "score", "bucket": 32768, "rows": 1, "columns": 8256, "group": 1, "geometry": [128, 4, 2], "passed": true, "launched": true, "largest_difference": 0.0, "cold_us": 35.9, "warm_us": 17.98, "cold_min_us": 34.88, "warm_min_us": 16.42, "samples": 24}
{"event": "score", "bucket": 32768, "rows": 1, "columns": 8256, "group": 1, "geometry": [128, 4, 4], "passed": true, "launched": true, "largest_difference": 0.0, "cold_us": 33.26, "warm_us": 15.3, "cold_min_us": 31.58, "warm_min_us": 14.08, "samples": 24}
{"event": "score", "bucket": 32768, "rows": 1, "columns": 8256, "group": 1, "geometry": [256, 1, 1], "passed": true, "launched": true, "largest_difference": 0.0, "cold_us": 58.08, "warm_us": 27.92, "cold_min_us": 57.12, "warm_min_us": 25.73, "samples": 24}
{"event": "score", "bucket": 32768, "rows": 1, "columns": 8256, "group": 1, "geometry": [256, 1, 2], "passed": true, "launched": true, "largest_difference": 0.0, "cold_us": 38.98, "warm_us": 17.55, "cold_min_us": 38.05, "warm_min_us": 15.9, "samples": 24}
{"event": "score", "bucket": 32768, "rows": 1, "columns": 8256, "group": 1, "geometry": [256, 1, 4], "passed": true, "launched": true, "largest_difference": 0.0, "cold_us": 34.99, "warm_us": 14.29, "cold_min_us": 34.14, "warm_min_us": 12.99, "samples": 24}
{"event": "score", "bucket": 32768, "rows": 1, "columns": 8256, "group": 1, "geometry": [256, 4, 1], "passed": true, "launched": true, "largest_difference": 0.0, "cold_us": 84.1, "warm_us": 58.7, "cold_min_us": 82.21, "warm_min_us": 57.18, "samples": 24}
{"event": "score", "bucket": 32768, "rows": 1, "columns": 8256, "group": 1, "geometry": [256, 4, 2], "passed": true, "launched": true, "largest_difference": 0.0, "cold_us": 45.76, "warm_us": 30.94, "cold_min_us": 44.35, "warm_min_us": 29.79, "samples": 24}
{"event": "score", "bucket": 32768, "rows": 1, "columns": 8256, "group": 1, "geometry": [256, 4, 4], "passed": true, "launched": true, "largest_difference": 0.0, "cold_us": 37.22, "warm_us": 22.38, "cold_min_us": 33.79, "warm_min_us": 21.12, "samples": 24}
{"event": "score_verdict", "bucket": 32768, "rows": 1, "cold": {"rule": [64, 1, 2], "passing": 18, "failing": [], "fastest": [64, 4, 2], "fastest_us": 32.1, "rule_us": 34.67, "fastest_over_rule": 0.9259}, "warm": {"rule": [64, 1, 2], "passing": 18, "failing": [], "fastest": [64, 1, 4], "fastest_us": 14.03, "rule_us": 15.23, "fastest_over_rule": 0.9212}}
{"event": "score", "bucket": 32768, "rows": 2, "columns": 8256, "group": 2, "geometry": [64, 1, 1], "passed": true, "launched": true, "largest_difference": 0.0, "cold_us": 36.14, "warm_us": 15.31, "cold_min_us": 34.18, "warm_min_us": 13.06, "samples": 24}
{"event": "score", "bucket": 32768, "rows": 2, "columns": 8256, "group": 2, "geometry": [64, 1, 2], "passed": true, "launched": true, "largest_difference": 0.0, "cold_us": 35.04, "warm_us": 15.86, "cold_min_us": 33.7, "warm_min_us": 12.67, "samples": 24}
{"event": "score", "bucket": 32768, "rows": 2, "columns": 8256, "group": 2, "geometry": [64, 1, 4], "passed": true, "launched": true, "largest_difference": 0.0, "cold_us": 35.15, "warm_us": 14.1, "cold_min_us": 33.82, "warm_min_us": 12.45, "samples": 24}
{"event": "score", "bucket": 32768, "rows": 2, "columns": 8256, "group": 2, "geometry": [64, 4, 1], "passed": true, "launched": true, "largest_difference": 0.0, "cold_us": 35.71, "warm_us": 19.66, "cold_min_us": 33.82, "warm_min_us": 17.06, "samples": 24}
{"event": "score", "bucket": 32768, "rows": 2, "columns": 8256, "group": 2, "geometry": [64, 4, 2], "passed": true, "launched": true, "largest_difference": 0.0, "cold_us": 32.85, "warm_us": 15.34, "cold_min_us": 31.26, "warm_min_us": 13.7, "samples": 24}
{"event": "score", "bucket": 32768, "rows": 2, "columns": 8256, "group": 2, "geometry": [64, 4, 4], "passed": true, "launched": true, "largest_difference": 0.0, "cold_us": 33.26, "warm_us": 16.08, "cold_min_us": 31.49, "warm_min_us": 13.98, "samples": 24}
{"event": "score", "bucket": 32768, "rows": 2, "columns": 8256, "group": 2, "geometry": [128, 1, 1], "passed": true, "launched": true, "largest_difference": 0.0, "cold_us": 43.55, "warm_us": 21.33, "cold_min_us": 41.82, "warm_min_us": 19.68, "samples": 24}
{"event": "score", "bucket": 32768, "rows": 2, "columns": 8256, "group": 2, "geometry": [128, 1, 2], "passed": true, "launched": true, "largest_difference": 0.0, "cold_us": 36.34, "warm_us": 15.79, "cold_min_us": 35.04, "warm_min_us": 13.7, "samples": 24}
{"event": "score", "bucket": 32768, "rows": 2, "columns": 8256, "group": 2, "geometry": [128, 1, 4], "passed": true, "launched": true, "largest_difference": 0.0, "cold_us": 35.65, "warm_us": 15.36, "cold_min_us": 33.7, "warm_min_us": 11.58, "samples": 24}
{"event": "score", "bucket": 32768, "rows": 2, "columns": 8256, "group": 2, "geometry": [128, 4, 1], "passed": true, "launched": true, "largest_difference": 0.0, "cold_us": 50.94, "warm_us": 32.85, "cold_min_us": 49.31, "warm_min_us": 31.39, "samples": 24}
{"event": "score", "bucket": 32768, "rows": 2, "columns": 8256, "group": 2, "geometry": [128, 4, 2], "passed": true, "launched": true, "largest_difference": 0.0, "cold_us": 38.0, "warm_us": 21.42, "cold_min_us": 36.54, "warm_min_us": 19.65, "samples": 24}
{"event": "score", "bucket": 32768, "rows": 2, "columns": 8256, "group": 2, "geometry": [128, 4, 4], "passed": true, "launched": true, "largest_difference": 0.0, "cold_us": 33.33, "warm_us": 17.39, "cold_min_us": 31.9, "warm_min_us": 15.39, "samples": 24}
{"event": "score", "bucket": 32768, "rows": 2, "columns": 8256, "group": 2, "geometry": [256, 1, 1], "passed": true, "launched": true, "largest_difference": 0.0, "cold_us": 85.2, "warm_us": 48.8, "cold_min_us": 83.49, "warm_min_us": 46.98, "samples": 24}
{"event": "score", "bucket": 32768, "rows": 2, "columns": 8256, "group": 2, "geometry": [256, 1, 2], "passed": true, "launched": true, "largest_difference": 0.0, "cold_us": 43.36, "warm_us": 22.02, "cold_min_us": 42.21, "warm_min_us": 20.54, "samples": 24}
{"event": "score", "bucket": 32768, "rows": 2, "columns": 8256, "group": 2, "geometry": [256, 1, 4], "passed": true, "launched": true, "largest_difference": 0.0, "cold_us": 37.1, "warm_us": 15.07, "cold_min_us": 35.04, "warm_min_us": 13.73, "samples": 24}
{"event": "score", "bucket": 32768, "rows": 2, "columns": 8256, "group": 2, "geometry": [256, 4, 1], "passed": true, "launched": true, "largest_difference": 0.0, "cold_us": 159.2, "warm_us": 129.79, "cold_min_us": 158.4, "warm_min_us": 127.78, "samples": 24}
{"event": "score", "bucket": 32768, "rows": 2, "columns": 8256, "group": 2, "geometry": [256, 4, 2], "passed": true, "launched": true, "largest_difference": 0.0, "cold_us": 57.57, "warm_us": 39.41, "cold_min_us": 55.23, "warm_min_us": 37.54, "samples": 24}
{"event": "score", "bucket": 32768, "rows": 2, "columns": 8256, "group": 2, "geometry": [256, 4, 4], "passed": true, "launched": true, "largest_difference": 0.0, "cold_us": 39.9, "warm_us": 25.15, "cold_min_us": 38.3, "warm_min_us": 23.42, "samples": 24}
{"event": "score_verdict", "bucket": 32768, "rows": 2, "cold": {"rule": [64, 1, 2], "passing": 18, "failing": [], "fastest": [64, 4, 2], "fastest_us": 32.85, "rule_us": 35.04, "fastest_over_rule": 0.9375}, "warm": {"rule": [64, 1, 2], "passing": 18, "failing": [], "fastest": [64, 1, 4], "fastest_us": 14.1, "rule_us": 15.86, "fastest_over_rule": 0.889}}
{"event": "score", "bucket": 32768, "rows": 8, "columns": 8256, "group": 2, "geometry": [64, 1, 1], "passed": true, "launched": true, "largest_difference": 0.0, "cold_us": 83.68, "warm_us": 28.1, "cold_min_us": 82.02, "warm_min_us": 26.02, "samples": 24}
{"event": "score", "bucket": 32768, "rows": 8, "columns": 8256, "group": 2, "geometry": [64, 1, 2], "passed": true, "launched": true, "largest_difference": 0.0, "cold_us": 81.66, "warm_us": 22.96, "cold_min_us": 79.87, "warm_min_us": 20.7, "samples": 24}
{"event": "score", "bucket": 32768, "rows": 8, "columns": 8256, "group": 2, "geometry": [64, 1, 4], "passed": true, "launched": true, "largest_difference": 0.0, "cold_us": 82.8, "warm_us": 24.56, "cold_min_us": 80.38, "warm_min_us": 23.3, "samples": 24}
{"event": "score", "bucket": 32768, "rows": 8, "columns": 8256, "group": 2, "geometry": [64, 4, 1], "passed": true, "launched": true, "largest_difference": 0.0, "cold_us": 83.73, "warm_us": 27.14, "cold_min_us": 81.57, "warm_min_us": 24.83, "samples": 24}
{"event": "score", "bucket": 32768, "rows": 8, "columns": 8256, "group": 2, "geometry": [64, 4, 2], "passed": true, "launched": true, "largest_difference": 0.0, "cold_us": 82.59, "warm_us": 23.78, "cold_min_us": 80.54, "warm_min_us": 21.6, "samples": 24}
{"event": "score", "bucket": 32768, "rows": 8, "columns": 8256, "group": 2, "geometry": [64, 4, 4], "passed": true, "launched": true, "largest_difference": 0.0, "cold_us": 82.77, "warm_us": 24.11, "cold_min_us": 81.7, "warm_min_us": 21.7, "samples": 24}
{"event": "score", "bucket": 32768, "rows": 8, "columns": 8256, "group": 2, "geometry": [128, 1, 1], "passed": true, "launched": true, "largest_difference": 0.0, "cold_us": 102.59, "warm_us": 38.45, "cold_min_us": 99.3, "warm_min_us": 36.0, "samples": 24}
{"event": "score", "bucket": 32768, "rows": 8, "columns": 8256, "group": 2, "geometry": [128, 1, 2], "passed": true, "launched": true, "largest_difference": 0.0, "cold_us": 83.81, "warm_us": 28.3, "cold_min_us": 82.21, "warm_min_us": 25.89, "samples": 24}
{"event": "score", "bucket": 32768, "rows": 8, "columns": 8256, "group": 2, "geometry": [128, 1, 4], "passed": true, "launched": true, "largest_difference": 0.0, "cold_us": 82.67, "warm_us": 24.14, "cold_min_us": 80.32, "warm_min_us": 22.5, "samples": 24}
{"event": "score", "bucket": 32768, "rows": 8, "columns": 8256, "group": 2, "geometry": [128, 4, 1], "passed": true, "launched": true, "largest_difference": 0.0, "cold_us": 95.49, "warm_us": 39.42, "cold_min_us": 93.02, "warm_min_us": 38.05, "samples": 24}
{"event": "score", "bucket": 32768, "rows": 8, "columns": 8256, "group": 2, "geometry": [128, 4, 2], "passed": true, "launched": true, "largest_difference": 0.0, "cold_us": 83.66, "warm_us": 28.37, "cold_min_us": 81.34, "warm_min_us": 26.98, "samples": 24}
{"event": "score", "bucket": 32768, "rows": 8, "columns": 8256, "group": 2, "geometry": [128, 4, 4], "passed": true, "launched": true, "largest_difference": 0.0, "cold_us": 82.56, "warm_us": 25.33, "cold_min_us": 80.48, "warm_min_us": 21.28, "samples": 24}
{"event": "score", "bucket": 32768, "rows": 8, "columns": 8256, "group": 2, "geometry": [256, 1, 1], "passed": true, "launched": true, "largest_difference": 0.0, "cold_us": 201.18, "warm_us": 140.48, "cold_min_us": 196.13, "warm_min_us": 134.37, "samples": 24}
{"event": "score", "bucket": 32768, "rows": 8, "columns": 8256, "group": 2, "geometry": [256, 1, 2], "passed": true, "launched": true, "largest_difference": 0.0, "cold_us": 103.34, "warm_us": 42.38, "cold_min_us": 100.29, "warm_min_us": 40.61, "samples": 24}
{"event": "score", "bucket": 32768, "rows": 8, "columns": 8256, "group": 2, "geometry": [256, 1, 4], "passed": true, "launched": true, "largest_difference": 0.0, "cold_us": 83.46, "warm_us": 30.7, "cold_min_us": 80.77, "warm_min_us": 27.9, "samples": 24}
{"event": "score", "bucket": 32768, "rows": 8, "columns": 8256, "group": 2, "geometry": [256, 4, 1], "passed": true, "launched": true, "largest_difference": 0.0, "cold_us": 192.22, "warm_us": 138.3, "cold_min_us": 190.46, "warm_min_us": 134.37, "samples": 24}
{"event": "score", "bucket": 32768, "rows": 8, "columns": 8256, "group": 2, "geometry": [256, 4, 2], "passed": true, "launched": true, "largest_difference": 0.0, "cold_us": 94.43, "warm_us": 45.47, "cold_min_us": 92.58, "warm_min_us": 42.75, "samples": 24}
{"event": "score", "bucket": 32768, "rows": 8, "columns": 8256, "group": 2, "geometry": [256, 4, 4], "passed": true, "launched": true, "largest_difference": 0.0, "cold_us": 83.38, "warm_us": 32.24, "cold_min_us": 81.47, "warm_min_us": 30.08, "samples": 24}
{"event": "score_verdict", "bucket": 32768, "rows": 8, "cold": {"rule": [64, 1, 2], "passing": 18, "failing": [], "fastest": [64, 1, 2], "fastest_us": 81.66, "rule_us": 81.66, "fastest_over_rule": 1.0}, "warm": {"rule": [64, 1, 2], "passing": 18, "failing": [], "fastest": [64, 1, 2], "fastest_us": 22.96, "rule_us": 22.96, "fastest_over_rule": 1.0}}
{"event": "score", "bucket": 262144, "rows": 1, "columns": 65664, "group": 1, "geometry": [64, 1, 1], "passed": true, "launched": true, "largest_difference": 0.0, "cold_us": 137.73, "warm_us": 37.17, "cold_min_us": 133.63, "warm_min_us": 34.85, "samples": 24}
{"event": "score", "bucket": 262144, "rows": 1, "columns": 65664, "group": 1, "geometry": [64, 1, 2], "passed": true, "launched": true, "largest_difference": 0.0, "cold_us": 136.26, "warm_us": 35.71, "cold_min_us": 134.3, "warm_min_us": 34.05, "samples": 24}
{"event": "score", "bucket": 262144, "rows": 1, "columns": 65664, "group": 1, "geometry": [64, 1, 4], "passed": true, "launched": true, "largest_difference": 0.0, "cold_us": 136.38, "warm_us": 35.76, "cold_min_us": 134.46, "warm_min_us": 33.25, "samples": 24}
{"event": "score", "bucket": 262144, "rows": 1, "columns": 65664, "group": 1, "geometry": [64, 4, 1], "passed": true, "launched": true, "largest_difference": 0.0, "cold_us": 137.46, "warm_us": 36.64, "cold_min_us": 134.98, "warm_min_us": 35.04, "samples": 24}
{"event": "score", "bucket": 262144, "rows": 1, "columns": 65664, "group": 1, "geometry": [64, 4, 2], "passed": true, "launched": true, "largest_difference": 0.0, "cold_us": 135.84, "warm_us": 35.25, "cold_min_us": 133.28, "warm_min_us": 32.1, "samples": 24}
{"event": "score", "bucket": 262144, "rows": 1, "columns": 65664, "group": 1, "geometry": [64, 4, 4], "passed": true, "launched": true, "largest_difference": 0.0, "cold_us": 136.13, "warm_us": 34.29, "cold_min_us": 133.63, "warm_min_us": 31.9, "samples": 24}
{"event": "score", "bucket": 262144, "rows": 1, "columns": 65664, "group": 1, "geometry": [128, 1, 1], "passed": true, "launched": true, "largest_difference": 0.0, "cold_us": 144.19, "warm_us": 55.3, "cold_min_us": 141.95, "warm_min_us": 53.18, "samples": 24}
{"event": "score", "bucket": 262144, "rows": 1, "columns": 65664, "group": 1, "geometry": [128, 1, 2], "passed": true, "launched": true, "largest_difference": 0.0, "cold_us": 136.16, "warm_us": 41.62, "cold_min_us": 133.95, "warm_min_us": 39.49, "samples": 24}
{"event": "score", "bucket": 262144, "rows": 1, "columns": 65664, "group": 1, "geometry": [128, 1, 4], "passed": true, "launched": true, "largest_difference": 0.0, "cold_us": 136.08, "warm_us": 36.24, "cold_min_us": 132.54, "warm_min_us": 33.95, "samples": 24}
{"event": "score", "bucket": 262144, "rows": 1, "columns": 65664, "group": 1, "geometry": [128, 4, 1], "passed": true, "launched": true, "largest_difference": 0.0, "cold_us": 145.31, "warm_us": 55.09, "cold_min_us": 143.14, "warm_min_us": 52.8, "samples": 24}
{"event": "score", "bucket": 262144, "rows": 1, "columns": 65664, "group": 1, "geometry": [128, 4, 2], "passed": true, "launched": true, "largest_difference": 0.0, "cold_us": 137.98, "warm_us": 42.83, "cold_min_us": 135.39, "warm_min_us": 40.58, "samples": 24}
{"event": "score", "bucket": 262144, "rows": 1, "columns": 65664, "group": 1, "geometry": [128, 4, 4], "passed": true, "launched": true, "largest_difference": 0.0, "cold_us": 135.38, "warm_us": 37.28, "cold_min_us": 133.18, "warm_min_us": 34.14, "samples": 24}
{"event": "score", "bucket": 262144, "rows": 1, "columns": 65664, "group": 1, "geometry": [256, 1, 1], "passed": true, "launched": true, "largest_difference": 0.0, "cold_us": 196.08, "warm_us": 111.76, "cold_min_us": 192.77, "warm_min_us": 110.24, "samples": 24}
{"event": "score", "bucket": 262144, "rows": 1, "columns": 65664, "group": 1, "geometry": [256, 1, 2], "passed": true, "launched": true, "largest_difference": 0.0, "cold_us": 144.8, "warm_us": 58.91, "cold_min_us": 142.43, "warm_min_us": 56.7, "samples": 24}
{"event": "score", "bucket": 262144, "rows": 1, "columns": 65664, "group": 1, "geometry": [256, 1, 4], "passed": true, "launched": true, "largest_difference": 0.0, "cold_us": 136.85, "warm_us": 43.14, "cold_min_us": 134.21, "warm_min_us": 41.15, "samples": 24}
{"event": "score", "bucket": 262144, "rows": 1, "columns": 65664, "group": 1, "geometry": [256, 4, 1], "passed": true, "launched": true, "largest_difference": 0.0, "cold_us": 195.34, "warm_us": 116.43, "cold_min_us": 189.89, "warm_min_us": 114.37, "samples": 24}
{"event": "score", "bucket": 262144, "rows": 1, "columns": 65664, "group": 1, "geometry": [256, 4, 2], "passed": true, "launched": true, "largest_difference": 0.0, "cold_us": 148.34, "warm_us": 61.58, "cold_min_us": 146.05, "warm_min_us": 58.98, "samples": 24}
{"event": "score", "bucket": 262144, "rows": 1, "columns": 65664, "group": 1, "geometry": [256, 4, 4], "passed": true, "launched": true, "largest_difference": 0.0, "cold_us": 137.36, "warm_us": 45.94, "cold_min_us": 136.0, "warm_min_us": 43.14, "samples": 24}
{"event": "score_verdict", "bucket": 262144, "rows": 1, "cold": {"rule": [64, 1, 2], "passing": 18, "failing": [], "fastest": [128, 4, 4], "fastest_us": 135.38, "rule_us": 136.26, "fastest_over_rule": 0.9935}, "warm": {"rule": [64, 1, 2], "passing": 18, "failing": [], "fastest": [64, 4, 4], "fastest_us": 34.29, "rule_us": 35.71, "fastest_over_rule": 0.9602}}
{"event": "score", "bucket": 262144, "rows": 2, "columns": 65664, "group": 2, "geometry": [64, 1, 1], "passed": true, "launched": true, "largest_difference": 0.0, "cold_us": 137.87, "warm_us": 47.5, "cold_min_us": 134.91, "warm_min_us": 44.99, "samples": 24}
{"event": "score", "bucket": 262144, "rows": 2, "columns": 65664, "group": 2, "geometry": [64, 1, 2], "passed": true, "launched": true, "largest_difference": 0.0, "cold_us": 133.66, "warm_us": 41.1, "cold_min_us": 131.74, "warm_min_us": 36.19, "samples": 24}
{"event": "score", "bucket": 262144, "rows": 2, "columns": 65664, "group": 2, "geometry": [64, 1, 4], "passed": true, "launched": true, "largest_difference": 0.0, "cold_us": 136.22, "warm_us": 42.03, "cold_min_us": 133.98, "warm_min_us": 40.26, "samples": 24}
{"event": "score", "bucket": 262144, "rows": 2, "columns": 65664, "group": 2, "geometry": [64, 4, 1], "passed": true, "launched": true, "largest_difference": 0.0, "cold_us": 138.22, "warm_us": 43.28, "cold_min_us": 134.69, "warm_min_us": 41.41, "samples": 24}
{"event": "score", "bucket": 262144, "rows": 2, "columns": 65664, "group": 2, "geometry": [64, 4, 2], "passed": true, "launched": true, "largest_difference": 0.0, "cold_us": 133.97, "warm_us": 41.12, "cold_min_us": 131.42, "warm_min_us": 39.17, "samples": 24}
{"event": "score", "bucket": 262144, "rows": 2, "columns": 65664, "group": 2, "geometry": [64, 4, 4], "passed": true, "launched": true, "largest_difference": 0.0, "cold_us": 136.35, "warm_us": 38.61, "cold_min_us": 134.21, "warm_min_us": 36.22, "samples": 24}
{"event": "score", "bucket": 262144, "rows": 2, "columns": 65664, "group": 2, "geometry": [128, 1, 1], "passed": true, "launched": true, "largest_difference": 0.0, "cold_us": 146.64, "warm_us": 65.17, "cold_min_us": 141.57, "warm_min_us": 63.23, "samples": 24}
{"event": "score", "bucket": 262144, "rows": 2, "columns": 65664, "group": 2, "geometry": [128, 1, 2], "passed": true, "launched": true, "largest_difference": 0.0, "cold_us": 134.88, "warm_us": 47.36, "cold_min_us": 132.8, "warm_min_us": 44.54, "samples": 24}
{"event": "score", "bucket": 262144, "rows": 2, "columns": 65664, "group": 2, "geometry": [128, 1, 4], "passed": true, "launched": true, "largest_difference": 0.0, "cold_us": 136.83, "warm_us": 39.55, "cold_min_us": 134.62, "warm_min_us": 37.31, "samples": 24}
{"event": "score", "bucket": 262144, "rows": 2, "columns": 65664, "group": 2, "geometry": [128, 4, 1], "passed": true, "launched": true, "largest_difference": 0.0, "cold_us": 153.73, "warm_us": 71.54, "cold_min_us": 151.17, "warm_min_us": 69.47, "samples": 24}
{"event": "score", "bucket": 262144, "rows": 2, "columns": 65664, "group": 2, "geometry": [128, 4, 2], "passed": true, "launched": true, "largest_difference": 0.0, "cold_us": 137.09, "warm_us": 47.81, "cold_min_us": 134.62, "warm_min_us": 45.34, "samples": 24}
{"event": "score", "bucket": 262144, "rows": 2, "columns": 65664, "group": 2, "geometry": [128, 4, 4], "passed": true, "launched": true, "largest_difference": 0.0, "cold_us": 136.59, "warm_us": 42.62, "cold_min_us": 134.3, "warm_min_us": 39.55, "samples": 24}
{"event": "score", "bucket": 262144, "rows": 2, "columns": 65664, "group": 2, "geometry": [256, 1, 1], "passed": true, "launched": true, "largest_difference": 0.0, "cold_us": 315.7, "warm_us": 244.1, "cold_min_us": 303.14, "warm_min_us": 241.09, "samples": 24}
{"event": "score", "bucket": 262144, "rows": 2, "columns": 65664, "group": 2, "geometry": [256, 1, 2], "passed": true, "launched": true, "largest_difference": 0.0, "cold_us": 148.74, "warm_us": 72.43, "cold_min_us": 145.54, "warm_min_us": 69.73, "samples": 24}
{"event": "score", "bucket": 262144, "rows": 2, "columns": 65664, "group": 2, "geometry": [256, 1, 4], "passed": true, "launched": true, "largest_difference": 0.0, "cold_us": 136.86, "warm_us": 49.23, "cold_min_us": 135.36, "warm_min_us": 48.03, "samples": 24}
{"event": "score", "bucket": 262144, "rows": 2, "columns": 65664, "group": 2, "geometry": [256, 4, 1], "passed": true, "launched": true, "largest_difference": 0.0, "cold_us": 351.01, "warm_us": 275.12, "cold_min_us": 345.5, "warm_min_us": 268.7, "samples": 24}
{"event": "score", "bucket": 262144, "rows": 2, "columns": 65664, "group": 2, "geometry": [256, 4, 2], "passed": true, "launched": true, "largest_difference": 0.0, "cold_us": 158.85, "warm_us": 80.48, "cold_min_us": 155.14, "warm_min_us": 78.82, "samples": 24}
{"event": "score", "bucket": 262144, "rows": 2, "columns": 65664, "group": 2, "geometry": [256, 4, 4], "passed": true, "launched": true, "largest_difference": 0.0, "cold_us": 141.26, "warm_us": 52.69, "cold_min_us": 137.66, "warm_min_us": 49.95, "samples": 24}
{"event": "score_verdict", "bucket": 262144, "rows": 2, "cold": {"rule": [64, 1, 2], "passing": 18, "failing": [], "fastest": [64, 1, 2], "fastest_us": 133.66, "rule_us": 133.66, "fastest_over_rule": 1.0}, "warm": {"rule": [64, 1, 2], "passing": 18, "failing": [], "fastest": [64, 4, 4], "fastest_us": 38.61, "rule_us": 41.1, "fastest_over_rule": 0.9394}}
{"event": "score", "bucket": 262144, "rows": 8, "columns": 65664, "group": 2, "geometry": [64, 1, 1], "passed": true, "launched": true, "largest_difference": 0.0, "cold_us": 347.28, "warm_us": 285.98, "cold_min_us": 340.22, "warm_min_us": 280.45, "samples": 24}
{"event": "score", "bucket": 262144, "rows": 8, "columns": 65664, "group": 2, "geometry": [64, 1, 2], "passed": true, "launched": true, "largest_difference": 0.0, "cold_us": 345.95, "warm_us": 281.57, "cold_min_us": 338.59, "warm_min_us": 275.87, "samples": 24}
{"event": "score", "bucket": 262144, "rows": 8, "columns": 65664, "group": 2, "geometry": [64, 1, 4], "passed": true, "launched": true, "largest_difference": 0.0, "cold_us": 344.19, "warm_us": 280.06, "cold_min_us": 338.82, "warm_min_us": 274.78, "samples": 24}
{"event": "score", "bucket": 262144, "rows": 8, "columns": 65664, "group": 2, "geometry": [64, 4, 1], "passed": true, "launched": true, "largest_difference": 0.0, "cold_us": 350.9, "warm_us": 287.94, "cold_min_us": 344.35, "warm_min_us": 280.38, "samples": 24}
{"event": "score", "bucket": 262144, "rows": 8, "columns": 65664, "group": 2, "geometry": [64, 4, 2], "passed": true, "launched": true, "largest_difference": 0.0, "cold_us": 349.25, "warm_us": 284.14, "cold_min_us": 345.09, "warm_min_us": 279.81, "samples": 24}
{"event": "score", "bucket": 262144, "rows": 8, "columns": 65664, "group": 2, "geometry": [64, 4, 4], "passed": true, "launched": true, "largest_difference": 0.0, "cold_us": 350.35, "warm_us": 284.06, "cold_min_us": 343.52, "warm_min_us": 279.3, "samples": 24}
{"event": "score", "bucket": 262144, "rows": 8, "columns": 65664, "group": 2, "geometry": [128, 1, 1], "passed": true, "launched": true, "largest_difference": 0.0, "cold_us": 359.97, "warm_us": 302.69, "cold_min_us": 351.94, "warm_min_us": 297.25, "samples": 24}
{"event": "score", "bucket": 262144, "rows": 8, "columns": 65664, "group": 2, "geometry": [128, 1, 2], "passed": true, "launched": true, "largest_difference": 0.0, "cold_us": 347.31, "warm_us": 286.11, "cold_min_us": 340.03, "warm_min_us": 280.51, "samples": 24}
{"event": "score", "bucket": 262144, "rows": 8, "columns": 65664, "group": 2, "geometry": [128, 1, 4], "passed": true, "launched": true, "largest_difference": 0.0, "cold_us": 346.16, "warm_us": 280.7, "cold_min_us": 340.35, "warm_min_us": 277.12, "samples": 24}
{"event": "score", "bucket": 262144, "rows": 8, "columns": 65664, "group": 2, "geometry": [128, 4, 1], "passed": true, "launched": true, "largest_difference": 0.0, "cold_us": 364.54, "warm_us": 306.35, "cold_min_us": 357.44, "warm_min_us": 299.01, "samples": 24}
{"event": "score", "bucket": 262144, "rows": 8, "columns": 65664, "group": 2, "geometry": [128, 4, 2], "passed": true, "launched": true, "largest_difference": 0.0, "cold_us": 348.62, "warm_us": 285.9, "cold_min_us": 343.81, "warm_min_us": 279.04, "samples": 24}
{"event": "score", "bucket": 262144, "rows": 8, "columns": 65664, "group": 2, "geometry": [128, 4, 4], "passed": true, "launched": true, "largest_difference": 0.0, "cold_us": 349.02, "warm_us": 282.46, "cold_min_us": 345.63, "warm_min_us": 277.22, "samples": 24}
{"event": "score", "bucket": 262144, "rows": 8, "columns": 65664, "group": 2, "geometry": [256, 1, 1], "passed": true, "launched": true, "largest_difference": 0.0, "cold_us": 937.81, "warm_us": 878.66, "cold_min_us": 926.24, "warm_min_us": 862.08, "samples": 24}
{"event": "score", "bucket": 262144, "rows": 8, "columns": 65664, "group": 2, "geometry": [256, 1, 2], "passed": true, "launched": true, "largest_difference": 0.0, "cold_us": 361.42, "warm_us": 301.62, "cold_min_us": 355.68, "warm_min_us": 296.35, "samples": 24}
{"event": "score", "bucket": 262144, "rows": 8, "columns": 65664, "group": 2, "geometry": [256, 1, 4], "passed": true, "launched": true, "largest_difference": 0.0, "cold_us": 346.3, "warm_us": 283.87, "cold_min_us": 340.38, "warm_min_us": 276.38, "samples": 24}
{"event": "score", "bucket": 262144, "rows": 8, "columns": 65664, "group": 2, "geometry": [256, 4, 1], "passed": true, "launched": true, "largest_difference": 0.0, "cold_us": 860.86, "warm_us": 784.67, "cold_min_us": 822.34, "warm_min_us": 740.0, "samples": 24}
{"event": "score", "bucket": 262144, "rows": 8, "columns": 65664, "group": 2, "geometry": [256, 4, 2], "passed": true, "launched": true, "largest_difference": 0.0, "cold_us": 361.55, "warm_us": 301.76, "cold_min_us": 356.51, "warm_min_us": 296.93, "samples": 24}
{"event": "score", "bucket": 262144, "rows": 8, "columns": 65664, "group": 2, "geometry": [256, 4, 4], "passed": true, "launched": true, "largest_difference": 0.0, "cold_us": 347.74, "warm_us": 284.21, "cold_min_us": 343.1, "warm_min_us": 279.36, "samples": 24}
{"event": "score_verdict", "bucket": 262144, "rows": 8, "cold": {"rule": [64, 1, 2], "passing": 18, "failing": [], "fastest": [64, 1, 4], "fastest_us": 344.19, "rule_us": 345.95, "fastest_over_rule": 0.9949}, "warm": {"rule": [64, 1, 2], "passing": 18, "failing": [], "fastest": [64, 1, 4], "fastest_us": 280.06, "rule_us": 281.57, "fastest_over_rule": 0.9946}}
{"event": "score_prefill", "rows": 2048, "bucket": 4096, "geometry": [64, 2, 1], "passed": true, "launched": true, "largest_difference": 0.0, "median_us": 322.0, "min_us": 315.6, "samples": 7}
{"event": "score_prefill", "rows": 2048, "bucket": 4096, "geometry": [64, 2, 2], "passed": true, "launched": true, "largest_difference": 0.0, "median_us": 303.9, "min_us": 295.4, "samples": 7}
{"event": "score_prefill", "rows": 2048, "bucket": 4096, "geometry": [64, 2, 4], "passed": true, "launched": true, "largest_difference": 0.0, "median_us": 331.8, "min_us": 329.7, "samples": 7}
{"event": "score_prefill", "rows": 2048, "bucket": 4096, "geometry": [64, 8, 1], "passed": true, "launched": true, "largest_difference": 0.0, "median_us": 298.6, "min_us": 290.7, "samples": 7}
{"event": "score_prefill", "rows": 2048, "bucket": 4096, "geometry": [64, 8, 2], "passed": true, "launched": true, "largest_difference": 0.0, "median_us": 269.6, "min_us": 261.0, "samples": 7}
{"event": "score_prefill", "rows": 2048, "bucket": 4096, "geometry": [64, 8, 4], "passed": true, "launched": true, "largest_difference": 0.0, "median_us": 297.4, "min_us": 291.4, "samples": 7}
{"event": "score_prefill", "rows": 2048, "bucket": 4096, "geometry": [64, 32, 1], "passed": true, "launched": true, "largest_difference": 0.0, "median_us": 302.8, "min_us": 300.6, "samples": 7}
{"event": "score_prefill", "rows": 2048, "bucket": 4096, "geometry": [64, 32, 2], "passed": true, "launched": true, "largest_difference": 0.0, "median_us": 275.7, "min_us": 268.2, "samples": 7}
{"event": "score_prefill", "rows": 2048, "bucket": 4096, "geometry": [64, 32, 4], "passed": true, "launched": true, "largest_difference": 0.0, "median_us": 303.5, "min_us": 294.8, "samples": 7}
{"event": "score_prefill", "rows": 2048, "bucket": 4096, "geometry": [128, 2, 1], "passed": true, "launched": true, "largest_difference": 0.0, "median_us": 548.9, "min_us": 535.4, "samples": 7}
{"event": "score_prefill", "rows": 2048, "bucket": 4096, "geometry": [128, 2, 2], "passed": true, "launched": true, "largest_difference": 0.0, "median_us": 316.0, "min_us": 312.5, "samples": 7}
{"event": "score_prefill", "rows": 2048, "bucket": 4096, "geometry": [128, 2, 4], "passed": true, "launched": true, "largest_difference": 0.0, "median_us": 269.9, "min_us": 263.1, "samples": 7}
{"event": "score_prefill", "rows": 2048, "bucket": 4096, "geometry": [128, 8, 1], "passed": true, "launched": true, "largest_difference": 0.0, "median_us": 535.3, "min_us": 531.0, "samples": 7}
{"event": "score_prefill", "rows": 2048, "bucket": 4096, "geometry": [128, 8, 2], "passed": true, "launched": true, "largest_difference": 0.0, "median_us": 296.8, "min_us": 290.8, "samples": 7}
{"event": "score_prefill", "rows": 2048, "bucket": 4096, "geometry": [128, 8, 4], "passed": true, "launched": true, "largest_difference": 0.0, "median_us": 251.6, "min_us": 248.3, "samples": 7}
{"event": "score_prefill", "rows": 2048, "bucket": 4096, "geometry": [128, 32, 1], "passed": true, "launched": true, "largest_difference": 0.0, "median_us": 542.6, "min_us": 534.1, "samples": 7}
{"event": "score_prefill", "rows": 2048, "bucket": 4096, "geometry": [128, 32, 2], "passed": true, "launched": true, "largest_difference": 0.0, "median_us": 298.3, "min_us": 292.4, "samples": 7}
{"event": "score_prefill", "rows": 2048, "bucket": 4096, "geometry": [128, 32, 4], "passed": true, "launched": true, "largest_difference": 0.0, "median_us": 252.0, "min_us": 247.3, "samples": 7}
{"event": "score_prefill", "rows": 2048, "bucket": 4096, "geometry": [256, 2, 1], "passed": true, "launched": true, "largest_difference": 0.0, "median_us": 2682.6, "min_us": 2657.6, "samples": 7}
{"event": "score_prefill", "rows": 2048, "bucket": 4096, "geometry": [256, 2, 2], "passed": true, "launched": true, "largest_difference": 0.0, "median_us": 625.9, "min_us": 622.7, "samples": 7}
{"event": "score_prefill", "rows": 2048, "bucket": 4096, "geometry": [256, 2, 4], "passed": true, "launched": true, "largest_difference": 0.0, "median_us": 354.8, "min_us": 349.8, "samples": 7}
{"event": "score_prefill", "rows": 2048, "bucket": 4096, "geometry": [256, 8, 1], "passed": true, "launched": true, "largest_difference": 0.0, "median_us": 2706.4, "min_us": 2700.0, "samples": 7}
{"event": "score_prefill", "rows": 2048, "bucket": 4096, "geometry": [256, 8, 2], "passed": true, "launched": true, "largest_difference": 0.0, "median_us": 605.6, "min_us": 604.2, "samples": 7}
{"event": "score_prefill", "rows": 2048, "bucket": 4096, "geometry": [256, 8, 4], "passed": true, "launched": true, "largest_difference": 0.0, "median_us": 331.6, "min_us": 320.5, "samples": 7}
{"event": "score_prefill", "rows": 2048, "bucket": 4096, "geometry": [256, 32, 1], "passed": true, "launched": true, "largest_difference": 0.0, "median_us": 2713.5, "min_us": 2703.0, "samples": 7}
{"event": "score_prefill", "rows": 2048, "bucket": 4096, "geometry": [256, 32, 2], "passed": true, "launched": true, "largest_difference": 0.0, "median_us": 612.7, "min_us": 594.1, "samples": 7}
{"event": "score_prefill", "rows": 2048, "bucket": 4096, "geometry": [256, 32, 4], "passed": true, "launched": true, "largest_difference": 0.0, "median_us": 336.3, "min_us": 331.5, "samples": 7}
{"event": "score_prefill_verdict", "rows": 2048, "bucket": 4096, "rule": [64, 8, 2], "passing": 27, "failing": [], "fastest": [128, 8, 4], "fastest_us": 251.6, "rule_us": 269.6, "fastest_over_rule": 0.9332}
{"event": "score_prefill", "rows": 2048, "bucket": 32768, "geometry": [64, 2, 1], "passed": true, "launched": true, "largest_difference": 0.0, "median_us": 1899.9, "min_us": 1885.7, "samples": 7}
{"event": "score_prefill", "rows": 2048, "bucket": 32768, "geometry": [64, 2, 2], "passed": true, "launched": true, "largest_difference": 0.0, "median_us": 1773.6, "min_us": 1770.9, "samples": 7}
{"event": "score_prefill", "rows": 2048, "bucket": 32768, "geometry": [64, 2, 4], "passed": true, "launched": true, "largest_difference": 0.0, "median_us": 2032.9, "min_us": 2025.7, "samples": 7}
{"event": "score_prefill", "rows": 2048, "bucket": 32768, "geometry": [64, 8, 1], "passed": true, "launched": true, "largest_difference": 0.0, "median_us": 1626.4, "min_us": 1621.1, "samples": 7}
{"event": "score_prefill", "rows": 2048, "bucket": 32768, "geometry": [64, 8, 2], "passed": true, "launched": true, "largest_difference": 0.0, "median_us": 1464.4, "min_us": 1456.9, "samples": 7}
{"event": "score_prefill", "rows": 2048, "bucket": 32768, "geometry": [64, 8, 4], "passed": true, "launched": true, "largest_difference": 0.0, "median_us": 1710.2, "min_us": 1701.0, "samples": 7}
{"event": "score_prefill", "rows": 2048, "bucket": 32768, "geometry": [64, 32, 1], "passed": true, "launched": true, "largest_difference": 0.0, "median_us": 1584.9, "min_us": 1578.9, "samples": 7}
{"event": "score_prefill", "rows": 2048, "bucket": 32768, "geometry": [64, 32, 2], "passed": true, "launched": true, "largest_difference": 0.0, "median_us": 1425.3, "min_us": 1411.9, "samples": 7}
{"event": "score_prefill", "rows": 2048, "bucket": 32768, "geometry": [64, 32, 4], "passed": true, "launched": true, "largest_difference": 0.0, "median_us": 1658.0, "min_us": 1651.5, "samples": 7}
{"event": "score_prefill", "rows": 2048, "bucket": 32768, "geometry": [128, 2, 1], "passed": true, "launched": true, "largest_difference": 0.0, "median_us": 3645.5, "min_us": 3623.7, "samples": 7}
{"event": "score_prefill", "rows": 2048, "bucket": 32768, "geometry": [128, 2, 2], "passed": true, "launched": true, "largest_difference": 0.0, "median_us": 1881.9, "min_us": 1866.4, "samples": 7}
{"event": "score_prefill", "rows": 2048, "bucket": 32768, "geometry": [128, 2, 4], "passed": true, "launched": true, "largest_difference": 0.0, "median_us": 1516.4, "min_us": 1496.7, "samples": 7}
{"event": "score_prefill", "rows": 2048, "bucket": 32768, "geometry": [128, 8, 1], "passed": true, "launched": true, "largest_difference": 0.0, "median_us": 3341.4, "min_us": 3322.7, "samples": 7}
{"event": "score_prefill", "rows": 2048, "bucket": 32768, "geometry": [128, 8, 2], "passed": true, "launched": true, "largest_difference": 0.0, "median_us": 1620.3, "min_us": 1612.9, "samples": 7}
{"event": "score_prefill", "rows": 2048, "bucket": 32768, "geometry": [128, 8, 4], "passed": true, "launched": true, "largest_difference": 0.0, "median_us": 1304.5, "min_us": 1296.2, "samples": 7}
{"event": "score_prefill", "rows": 2048, "bucket": 32768, "geometry": [128, 32, 1], "passed": true, "launched": true, "largest_difference": 0.0, "median_us": 3360.6, "min_us": 3349.1, "samples": 7}
{"event": "score_prefill", "rows": 2048, "bucket": 32768, "geometry": [128, 32, 2], "passed": true, "launched": true, "largest_difference": 0.0, "median_us": 1599.3, "min_us": 1591.3, "samples": 7}
{"event": "score_prefill", "rows": 2048, "bucket": 32768, "geometry": [128, 32, 4], "passed": true, "launched": true, "largest_difference": 0.0, "median_us": 1271.9, "min_us": 1264.0, "samples": 7}
{"event": "score_prefill", "rows": 2048, "bucket": 32768, "geometry": [256, 2, 1], "passed": true, "launched": true, "largest_difference": 0.0, "median_us": 19779.5, "min_us": 19762.7, "samples": 7}
{"event": "score_prefill", "rows": 2048, "bucket": 32768, "geometry": [256, 2, 2], "passed": true, "launched": true, "largest_difference": 0.0, "median_us": 4084.9, "min_us": 4068.9, "samples": 7}
{"event": "score_prefill", "rows": 2048, "bucket": 32768, "geometry": [256, 2, 4], "passed": true, "launched": true, "largest_difference": 0.0, "median_us": 2177.1, "min_us": 2164.1, "samples": 7}
{"event": "score_prefill", "rows": 2048, "bucket": 32768, "geometry": [256, 8, 1], "passed": true, "launched": true, "largest_difference": 0.0, "median_us": 19146.2, "min_us": 19134.6, "samples": 7}
{"event": "score_prefill", "rows": 2048, "bucket": 32768, "geometry": [256, 8, 2], "passed": true, "launched": true, "largest_difference": 0.0, "median_us": 3824.4, "min_us": 3816.0, "samples": 7}
{"event": "score_prefill", "rows": 2048, "bucket": 32768, "geometry": [256, 8, 4], "passed": true, "launched": true, "largest_difference": 0.0, "median_us": 1827.1, "min_us": 1812.0, "samples": 7}
{"event": "score_prefill", "rows": 2048, "bucket": 32768, "geometry": [256, 32, 1], "passed": true, "launched": true, "largest_difference": 0.0, "median_us": 19563.8, "min_us": 19400.2, "samples": 7}
{"event": "score_prefill", "rows": 2048, "bucket": 32768, "geometry": [256, 32, 2], "passed": true, "launched": true, "largest_difference": 0.0, "median_us": 3829.1, "min_us": 3826.3, "samples": 7}
{"event": "score_prefill", "rows": 2048, "bucket": 32768, "geometry": [256, 32, 4], "passed": true, "launched": true, "largest_difference": 0.0, "median_us": 1752.0, "min_us": 1740.0, "samples": 7}
{"event": "score_prefill_verdict", "rows": 2048, "bucket": 32768, "rule": [64, 8, 2], "passing": 27, "failing": [], "fastest": [128, 32, 4], "fastest_us": 1271.9, "rule_us": 1464.4, "fastest_over_rule": 0.8685}
{"event": "score_prefill", "rows": 508, "bucket": 262144, "geometry": [64, 2, 1], "passed": true, "launched": true, "largest_difference": 0.0, "median_us": 3746.7, "min_us": 3722.9, "samples": 7}
{"event": "score_prefill", "rows": 508, "bucket": 262144, "geometry": [64, 2, 2], "passed": true, "launched": true, "largest_difference": 0.0, "median_us": 3521.2, "min_us": 3506.9, "samples": 7}
{"event": "score_prefill", "rows": 508, "bucket": 262144, "geometry": [64, 2, 4], "passed": true, "launched": true, "largest_difference": 0.0, "median_us": 4017.6, "min_us": 4008.1, "samples": 7}
{"event": "score_prefill", "rows": 508, "bucket": 262144, "geometry": [64, 8, 1], "passed": true, "launched": true, "largest_difference": 0.0, "median_us": 3178.9, "min_us": 3164.1, "samples": 7}
{"event": "score_prefill", "rows": 508, "bucket": 262144, "geometry": [64, 8, 2], "passed": true, "launched": true, "largest_difference": 0.0, "median_us": 2905.6, "min_us": 2896.4, "samples": 7}
{"event": "score_prefill", "rows": 508, "bucket": 262144, "geometry": [64, 8, 4], "passed": true, "launched": true, "largest_difference": 0.0, "median_us": 3359.0, "min_us": 3355.7, "samples": 7}
{"event": "score_prefill", "rows": 508, "bucket": 262144, "geometry": [64, 32, 1], "passed": true, "launched": true, "largest_difference": 0.0, "median_us": 3097.4, "min_us": 3090.8, "samples": 7}
{"event": "score_prefill", "rows": 508, "bucket": 262144, "geometry": [64, 32, 2], "passed": true, "launched": true, "largest_difference": 0.0, "median_us": 2795.2, "min_us": 2775.0, "samples": 7}
{"event": "score_prefill", "rows": 508, "bucket": 262144, "geometry": [64, 32, 4], "passed": true, "launched": true, "largest_difference": 0.0, "median_us": 3236.7, "min_us": 3217.2, "samples": 7}
{"event": "score_prefill", "rows": 508, "bucket": 262144, "geometry": [128, 2, 1], "passed": true, "launched": true, "largest_difference": 0.0, "median_us": 7243.6, "min_us": 7234.0, "samples": 7}
{"event": "score_prefill", "rows": 508, "bucket": 262144, "geometry": [128, 2, 2], "passed": true, "launched": true, "largest_difference": 0.0, "median_us": 3703.1, "min_us": 3690.2, "samples": 7}
{"event": "score_prefill", "rows": 508, "bucket": 262144, "geometry": [128, 2, 4], "passed": true, "launched": true, "largest_difference": 0.0, "median_us": 2975.6, "min_us": 2965.3, "samples": 7}
{"event": "score_prefill", "rows": 508, "bucket": 262144, "geometry": [128, 8, 1], "passed": true, "launched": true, "largest_difference": 0.0, "median_us": 6614.5, "min_us": 6599.2, "samples": 7}
{"event": "score_prefill", "rows": 508, "bucket": 262144, "geometry": [128, 8, 2], "passed": true, "launched": true, "largest_difference": 0.0, "median_us": 3200.7, "min_us": 3189.5, "samples": 7}
{"event": "score_prefill", "rows": 508, "bucket": 262144, "geometry": [128, 8, 4], "passed": true, "launched": true, "largest_difference": 0.0, "median_us": 2524.0, "min_us": 2508.9, "samples": 7}
{"event": "score_prefill", "rows": 508, "bucket": 262144, "geometry": [128, 32, 1], "passed": true, "launched": true, "largest_difference": 0.0, "median_us": 6530.2, "min_us": 6522.8, "samples": 7}
{"event": "score_prefill", "rows": 508, "bucket": 262144, "geometry": [128, 32, 2], "passed": true, "launched": true, "largest_difference": 0.0, "median_us": 3070.6, "min_us": 3062.3, "samples": 7}
{"event": "score_prefill", "rows": 508, "bucket": 262144, "geometry": [128, 32, 4], "passed": true, "launched": true, "largest_difference": 0.0, "median_us": 2436.1, "min_us": 2422.0, "samples": 7}
{"event": "score_prefill", "rows": 508, "bucket": 262144, "geometry": [256, 2, 1], "passed": true, "launched": true, "largest_difference": 0.0, "median_us": 39331.0, "min_us": 39244.9, "samples": 7}
{"event": "score_prefill", "rows": 508, "bucket": 262144, "geometry": [256, 2, 2], "passed": true, "launched": true, "largest_difference": 0.0, "median_us": 8072.7, "min_us": 8064.9, "samples": 7}
{"event": "score_prefill", "rows": 508, "bucket": 262144, "geometry": [256, 2, 4], "passed": true, "launched": true, "largest_difference": 0.0, "median_us": 4245.3, "min_us": 4230.5, "samples": 7}
{"event": "score_prefill", "rows": 508, "bucket": 262144, "geometry": [256, 8, 1], "passed": true, "launched": true, "largest_difference": 0.0, "median_us": 38098.6, "min_us": 38054.8, "samples": 7}
{"event": "score_prefill", "rows": 508, "bucket": 262144, "geometry": [256, 8, 2], "passed": true, "launched": true, "largest_difference": 0.0, "median_us": 8129.1, "min_us": 7471.3, "samples": 7}
{"event": "score_prefill", "rows": 508, "bucket": 262144, "geometry": [256, 8, 4], "passed": true, "launched": true, "largest_difference": 0.0, "median_us": 3517.5, "min_us": 3507.1, "samples": 7}
{"event": "score_prefill", "rows": 508, "bucket": 262144, "geometry": [256, 32, 1], "passed": true, "launched": true, "largest_difference": 0.0, "median_us": 38261.4, "min_us": 38175.5, "samples": 7}
{"event": "score_prefill", "rows": 508, "bucket": 262144, "geometry": [256, 32, 2], "passed": true, "launched": true, "largest_difference": 0.0, "median_us": 7386.3, "min_us": 7368.4, "samples": 7}
{"event": "score_prefill", "rows": 508, "bucket": 262144, "geometry": [256, 32, 4], "passed": true, "launched": true, "largest_difference": 0.0, "median_us": 3320.0, "min_us": 3313.9, "samples": 7}
{"event": "score_prefill_verdict", "rows": 508, "bucket": 262144, "rule": [64, 8, 2], "passing": 27, "failing": [], "fastest": [128, 32, 4], "fastest_us": 2436.1, "rule_us": 2905.6, "fastest_over_rule": 0.8384}
{"event": "select", "bucket": 4096, "columns": 1152, "rows": 2, "form": "torch", "set_equal": true, "cold_us": 66.05, "warm_us": 57.34, "cold_min_us": 63.97, "warm_min_us": 55.58, "samples": 24}
{"event": "select", "bucket": 4096, "columns": 1152, "rows": 2, "form": "4", "set_equal": true, "cold_us": 22.34, "warm_us": 18.34, "cold_min_us": 21.47, "warm_min_us": 16.1, "samples": 24}
{"event": "select", "bucket": 4096, "columns": 1152, "rows": 2, "form": "8", "set_equal": true, "cold_us": 23.1, "warm_us": 18.85, "cold_min_us": 21.76, "warm_min_us": 17.28, "samples": 24}
{"event": "select", "bucket": 4096, "columns": 1152, "rows": 2, "form": "16", "set_equal": true, "cold_us": 24.99, "warm_us": 19.9, "cold_min_us": 23.78, "warm_min_us": 18.56, "samples": 24}
{"event": "select_verdict", "bucket": 4096, "columns": 1152, "torch_us": 57.34, "one_launch_us": 18.34, "warps": 4, "one_launch_wins": true, "admitted_today": true}
{"event": "select", "bucket": 8192, "columns": 2112, "rows": 2, "form": "torch", "set_equal": true, "cold_us": 73.58, "warm_us": 64.14, "cold_min_us": 70.27, "warm_min_us": 62.3, "samples": 24}
{"event": "select", "bucket": 8192, "columns": 2112, "rows": 2, "form": "4", "set_equal": true, "cold_us": 25.98, "warm_us": 21.33, "cold_min_us": 24.8, "warm_min_us": 19.62, "samples": 24}
{"event": "select", "bucket": 8192, "columns": 2112, "rows": 2, "form": "8", "set_equal": true, "cold_us": 25.7, "warm_us": 21.22, "cold_min_us": 24.67, "warm_min_us": 19.71, "samples": 24}
{"event": "select", "bucket": 8192, "columns": 2112, "rows": 2, "form": "16", "set_equal": true, "cold_us": 28.02, "warm_us": 23.92, "cold_min_us": 24.64, "warm_min_us": 22.46, "samples": 24}
{"event": "select_verdict", "bucket": 8192, "columns": 2112, "torch_us": 64.14, "one_launch_us": 21.22, "warps": 8, "one_launch_wins": true, "admitted_today": true}
{"event": "select", "bucket": 16384, "columns": 4224, "rows": 2, "form": "torch", "set_equal": true, "cold_us": 84.27, "warm_us": 75.02, "cold_min_us": 82.94, "warm_min_us": 73.44, "samples": 24}
{"event": "select", "bucket": 16384, "columns": 4224, "rows": 2, "form": "4", "set_equal": true, "cold_us": 37.5, "warm_us": 28.94, "cold_min_us": 36.42, "warm_min_us": 27.33, "samples": 24}
{"event": "select", "bucket": 16384, "columns": 4224, "rows": 2, "form": "8", "set_equal": true, "cold_us": 32.18, "warm_us": 27.54, "cold_min_us": 28.29, "warm_min_us": 25.73, "samples": 24}
{"event": "select", "bucket": 16384, "columns": 4224, "rows": 2, "form": "16", "set_equal": true, "cold_us": 34.02, "warm_us": 29.68, "cold_min_us": 32.67, "warm_min_us": 27.84, "samples": 24}
{"event": "select_verdict", "bucket": 16384, "columns": 4224, "torch_us": 75.02, "one_launch_us": 27.54, "warps": 8, "one_launch_wins": true, "admitted_today": true}
{"event": "select", "bucket": 32768, "columns": 8256, "rows": 2, "form": "torch", "set_equal": true, "cold_us": 97.39, "warm_us": 87.54, "cold_min_us": 94.88, "warm_min_us": 86.34, "samples": 24}
{"event": "select", "bucket": 32768, "columns": 8256, "rows": 2, "form": "4", "set_equal": true, "cold_us": 73.97, "warm_us": 58.11, "cold_min_us": 72.38, "warm_min_us": 56.29, "samples": 24}
{"event": "select", "bucket": 32768, "columns": 8256, "rows": 2, "form": "8", "set_equal": true, "cold_us": 51.6, "warm_us": 40.19, "cold_min_us": 50.18, "warm_min_us": 38.91, "samples": 24}
{"event": "select", "bucket": 32768, "columns": 8256, "rows": 2, "form": "16", "set_equal": true, "cold_us": 48.42, "warm_us": 43.42, "cold_min_us": 46.88, "warm_min_us": 41.38, "samples": 24}
{"event": "select_verdict", "bucket": 32768, "columns": 8256, "torch_us": 87.54, "one_launch_us": 40.19, "warps": 8, "one_launch_wins": true, "admitted_today": true}
{"event": "select", "bucket": 65536, "columns": 16512, "rows": 2, "form": "torch", "set_equal": true, "cold_us": 133.73, "warm_us": 122.67, "cold_min_us": 131.55, "warm_min_us": 120.42, "samples": 24}
{"event": "select", "bucket": 65536, "columns": 16512, "rows": 2, "form": "4", "set_equal": true, "cold_us": 539.02, "warm_us": 523.23, "cold_min_us": 535.81, "warm_min_us": 519.01, "samples": 24}
{"event": "select", "bucket": 65536, "columns": 16512, "rows": 2, "form": "8", "set_equal": true, "cold_us": 104.5, "warm_us": 89.74, "cold_min_us": 102.56, "warm_min_us": 87.23, "samples": 24}
{"event": "select", "bucket": 65536, "columns": 16512, "rows": 2, "form": "16", "set_equal": true, "cold_us": 102.7, "warm_us": 88.67, "cold_min_us": 101.09, "warm_min_us": 86.66, "samples": 24}
{"event": "select_verdict", "bucket": 65536, "columns": 16512, "torch_us": 122.67, "one_launch_us": 88.67, "warps": 16, "one_launch_wins": true, "admitted_today": true}
{"event": "select", "bucket": 131072, "columns": 32832, "rows": 2, "form": "torch", "set_equal": true, "cold_us": 119.79, "warm_us": 100.67, "cold_min_us": 118.27, "warm_min_us": 98.66, "samples": 24}
{"event": "select", "bucket": 131072, "columns": 32832, "rows": 2, "form": "4", "set_equal": true, "cold_us": 1618.7, "warm_us": 1579.58, "cold_min_us": 1613.92, "warm_min_us": 1571.65, "samples": 24}
{"event": "select", "bucket": 131072, "columns": 32832, "rows": 2, "form": "8", "set_equal": true, "cold_us": 849.87, "warm_us": 837.38, "cold_min_us": 845.66, "warm_min_us": 831.07, "samples": 24}
{"event": "select", "bucket": 131072, "columns": 32832, "rows": 2, "form": "16", "set_equal": true, "cold_us": 509.31, "warm_us": 503.81, "cold_min_us": 504.38, "warm_min_us": 497.22, "samples": 24}
{"event": "select_verdict", "bucket": 131072, "columns": 32832, "torch_us": 100.67, "one_launch_us": 503.81, "warps": 16, "one_launch_wins": false, "admitted_today": false}
{"event": "select", "bucket": 262144, "columns": 65664, "rows": 2, "form": "torch", "set_equal": true, "cold_us": 135.95, "warm_us": 108.53, "cold_min_us": 134.08, "warm_min_us": 104.35, "samples": 24}
{"event": "select", "bucket": 262144, "columns": 65664, "rows": 2, "form": "4", "set_equal": true, "cold_us": 2494.7, "warm_us": 2413.3, "cold_min_us": 2489.25, "warm_min_us": 2404.19, "samples": 24}
{"event": "select", "bucket": 262144, "columns": 65664, "rows": 2, "form": "8", "set_equal": true, "cold_us": 1745.06, "warm_us": 1725.84, "cold_min_us": 1730.75, "warm_min_us": 1716.0, "samples": 24}
{"event": "select", "bucket": 262144, "columns": 65664, "rows": 2, "form": "16", "set_equal": true, "cold_us": 964.27, "warm_us": 934.43, "cold_min_us": 948.03, "warm_min_us": 930.5, "samples": 24}
{"event": "select_verdict", "bucket": 262144, "columns": 65664, "torch_us": 108.53, "one_launch_us": 934.43, "warps": 16, "one_launch_wins": false, "admitted_today": false}
{"event": "inputs", "rows": 2, "warps": 1, "exact": true, "cold_us": 13.23, "warm_us": 9.26, "cold_min_us": 12.38, "warm_min_us": 8.9, "samples": 24}
{"event": "inputs", "rows": 2, "warps": 2, "exact": true, "cold_us": 15.1, "warm_us": 10.99, "cold_min_us": 13.73, "warm_min_us": 9.41, "samples": 24}
{"event": "inputs", "rows": 2, "warps": 4, "exact": true, "cold_us": 15.44, "warm_us": 10.86, "cold_min_us": 14.14, "warm_min_us": 10.11, "samples": 24}
{"event": "inputs", "rows": 2, "warps": 8, "exact": true, "cold_us": 15.09, "warm_us": 10.96, "cold_min_us": 13.82, "warm_min_us": 10.5, "samples": 24}
{"event": "inputs_verdict", "rows": 2, "rule": [4], "passing": 4, "failing": [], "fastest": [1], "fastest_us": 9.26, "rule_us": 10.86, "fastest_over_rule": 0.8527}
{"event": "inputs", "rows": 8, "warps": 1, "exact": true, "cold_us": 21.95, "warm_us": 14.9, "cold_min_us": 20.13, "warm_min_us": 12.77, "samples": 24}
{"event": "inputs", "rows": 8, "warps": 2, "exact": false, "cold_us": 23.38, "warm_us": 14.59, "cold_min_us": 22.08, "warm_min_us": 13.38, "samples": 24}
{"event": "inputs", "rows": 8, "warps": 4, "exact": true, "cold_us": 22.96, "warm_us": 14.53, "cold_min_us": 21.28, "warm_min_us": 13.06, "samples": 24}
{"event": "inputs", "rows": 8, "warps": 8, "exact": true, "cold_us": 24.48, "warm_us": 15.62, "cold_min_us": 22.69, "warm_min_us": 14.5, "samples": 24}
{"event": "inputs_verdict", "rows": 8, "rule": [4], "passing": 3, "failing": [[2]], "fastest": [4], "fastest_us": 14.53, "rule_us": 14.53, "fastest_over_rule": 1.0}
{"event": "inputs", "rows": 32, "warps": 1, "exact": false, "cold_us": 22.82, "warm_us": 17.6, "cold_min_us": 21.06, "warm_min_us": 13.02, "samples": 24}
{"event": "inputs", "rows": 32, "warps": 2, "exact": false, "cold_us": 24.67, "warm_us": 15.28, "cold_min_us": 23.1, "warm_min_us": 13.54, "samples": 24}
{"event": "inputs", "rows": 32, "warps": 4, "exact": true, "cold_us": 23.95, "warm_us": 15.79, "cold_min_us": 22.43, "warm_min_us": 13.47, "samples": 24}
{"event": "inputs", "rows": 32, "warps": 8, "exact": true, "cold_us": 25.63, "warm_us": 16.85, "cold_min_us": 23.74, "warm_min_us": 14.91, "samples": 24}
{"event": "inputs_verdict", "rows": 32, "rule": [4], "passing": 2, "failing": [[1], [2]], "fastest": [4], "fastest_us": 15.79, "rule_us": 15.79, "fastest_over_rule": 1.0, "fastest_launched": [2], "fastest_launched_us": 15.28}
{"event": "records", "rows": 2, "layout": "block", "same_bytes": true, "cold_us": 65.86, "warm_us": 28.86, "cold_min_us": 63.81, "warm_min_us": 26.43, "samples": 24}
{"event": "records", "rows": 2, "layout": "records", "same_bytes": true, "cold_us": 66.9, "warm_us": 29.18, "cold_min_us": 63.42, "warm_min_us": 27.46, "samples": 24}
{"event": "records_verdict", "rows": 2, "cold_records_over_block": 1.0158, "warm_records_over_block": 1.0111}
{"event": "records", "rows": 8, "layout": "block", "same_bytes": true, "cold_us": 155.57, "warm_us": 66.91, "cold_min_us": 153.54, "warm_min_us": 64.61, "samples": 24}
{"event": "records", "rows": 8, "layout": "records", "same_bytes": true, "cold_us": 156.32, "warm_us": 66.66, "cold_min_us": 152.67, "warm_min_us": 64.32, "samples": 24}
{"event": "records_verdict", "rows": 8, "cold_records_over_block": 1.0048, "warm_records_over_block": 0.9963}
{"event": "records", "rows": 32, "layout": "block", "same_bytes": true, "cold_us": 318.99, "warm_us": 256.98, "cold_min_us": 316.22, "warm_min_us": 252.26, "samples": 24}
{"event": "records", "rows": 32, "layout": "records", "same_bytes": true, "cold_us": 318.99, "warm_us": 256.88, "cold_min_us": 315.23, "warm_min_us": 253.54, "samples": 24}
{"event": "records_verdict", "rows": 32, "cold_records_over_block": 1.0, "warm_records_over_block": 0.9996}
{"event": "records_prefill", "rows": 4096, "layout": "block", "same_bytes": true, "median_us": 11952.0, "min_us": 11813.7, "samples": 7}
{"event": "records_prefill", "rows": 4096, "layout": "records", "same_bytes": true, "median_us": 11969.6, "min_us": 11917.8, "samples": 7}
{"event": "records_prefill_verdict", "rows": 4096, "records_over_block": 1.0015}
{"event": "summary", "attend": {"1": {"cold": {"rule": [16, 64, 4], "passing": 60, "failing": [[128, 1, 4]], "fastest": [16, 32, 4], "fastest_us": 44.64, "rule_us": 47.04, "fastest_over_rule": 0.949}, "warm": {"rule": [16, 64, 4], "passing": 60, "failing": [[128, 1, 4]], "fastest": [32, 32, 8], "fastest_us": 23.89, "rule_us": 24.48, "fastest_over_rule": 0.9759}}, "2": {"cold": {"rule": [16, 64, 4], "passing": 60, "failing": [[128, 1, 4]], "fastest": [16, 16, 4], "fastest_us": 59.25, "rule_us": 66.86, "fastest_over_rule": 0.8862}, "warm": {"rule": [16, 64, 4], "passing": 60, "failing": [[128, 1, 4]], "fastest": [16, 64, 4], "fastest_us": 27.65, "rule_us": 27.65, "fastest_over_rule": 1.0}}, "4": {"cold": {"rule": [16, 64, 4], "passing": 60, "failing": [[128, 1, 4]], "fastest": [16, 8, 8], "fastest_us": 90.64, "rule_us": 101.97, "fastest_over_rule": 0.8889}, "warm": {"rule": [16, 64, 4], "passing": 60, "failing": [[128, 1, 4]], "fastest": [64, 8, 2], "fastest_us": 34.82, "rule_us": 39.95, "fastest_over_rule": 0.8716}}, "8": {"cold": {"rule": [16, 64, 4], "passing": 60, "failing": [[128, 1, 4]], "fastest": [32, 4, 8], "fastest_us": 146.43, "rule_us": 156.05, "fastest_over_rule": 0.9384}, "warm": {"rule": [16, 64, 4], "passing": 60, "failing": [[128, 1, 4]], "fastest": [16, 16, 4], "fastest_us": 51.26, "rule_us": 65.31, "fastest_over_rule": 0.7849}}, "16": {"cold": {"rule": [16, 32, 4], "passing": 60, "failing": [[128, 1, 4]], "fastest": [32, 2, 8], "fastest_us": 221.12, "rule_us": 231.76, "fastest_over_rule": 0.9541}, "warm": {"rule": [16, 32, 4], "passing": 60, "failing": [[128, 1, 4]], "fastest": [64, 2, 2], "fastest_us": 140.61, "rule_us": 161.86, "fastest_over_rule": 0.8687}}, "32": {"cold": {"rule": [64, 8, 2], "passing": 60, "failing": [[128, 1, 4]], "fastest": [64, 1, 2], "fastest_us": 308.14, "rule_us": 319.73, "fastest_over_rule": 0.9638}, "warm": {"rule": [64, 8, 2], "passing": 60, "failing": [[128, 1, 4]], "fastest": [64, 1, 2], "fastest_us": 242.58, "rule_us": 256.75, "fastest_over_rule": 0.9448}}}, "attend_prefill": {"rule": [64, 1, 2], "passing": 24, "failing": [], "fastest": [16, 1, 4], "fastest_us": 8844.9, "rule_us": 12003.9, "fastest_over_rule": 0.7368}, "covered": {"rule": [64, 1, 2], "passing": 24, "failing": [], "fastest": [32, 1, 4], "fastest_us": 1312.8, "rule_us": 3539.7, "fastest_over_rule": 0.3709}, "mid": {"64": {"sparse": {"rule": [64, 8, 2], "passing": 60, "failing": [], "fastest": [16, 8, 4], "fastest_us": 295.6, "rule_us": 359.0, "fastest_over_rule": 0.8234}, "covered": {"rule": [64, 8, 2], "passing": 60, "failing": [], "fastest": [16, 1, 4], "fastest_us": 101.8, "rule_us": 179.1, "fastest_over_rule": 0.5684}}, "256": {"sparse": {"rule": [64, 8, 2], "passing": 60, "failing": [], "fastest": [16, 2, 4], "fastest_us": 735.3, "rule_us": 1042.1, "fastest_over_rule": 0.7056}, "covered": {"rule": [64, 8, 2], "passing": 60, "failing": [], "fastest": [64, 1, 8], "fastest_us": 136.5, "rule_us": 332.4, "fastest_over_rule": 0.4106}}, "512": {"sparse": {"rule": [64, 4, 2], "passing": 60, "failing": [], "fastest": [16, 1, 4], "fastest_us": 1254.8, "rule_us": 1700.8, "fastest_over_rule": 0.7378}, "covered": {"rule": [64, 4, 2], "passing": 60, "failing": [], "fastest": [64, 1, 8], "fastest_us": 206.5, "rule_us": 486.0, "fastest_over_rule": 0.4249}}, "1024": {"sparse": {"rule": [64, 1, 2], "passing": 60, "failing": [], "fastest": [16, 1, 4], "fastest_us": 2379.1, "rule_us": 3021.9, "fastest_over_rule": 0.7873}, "covered": {"rule": [64, 1, 2], "passing": 60, "failing": [], "fastest": [64, 1, 8], "fastest_us": 451.6, "rule_us": 1066.8, "fastest_over_rule": 0.4233}}}, "score": {"4096x1": {"cold": {"rule": [64, 1, 2], "passing": 18, "failing": [], "fastest": [64, 1, 4], "fastest_us": 20.74, "rule_us": 21.07, "fastest_over_rule": 0.9843}, "warm": {"rule": [64, 1, 2], "passing": 18, "failing": [], "fastest": [128, 4, 4], "fastest_us": 13.7, "rule_us": 16.8, "fastest_over_rule": 0.8155}}, "4096x2": {"cold": {"rule": [64, 1, 2], "passing": 18, "failing": [], "fastest": [64, 1, 1], "fastest_us": 20.96, "rule_us": 21.14, "fastest_over_rule": 0.9915}, "warm": {"rule": [64, 1, 2], "passing": 18, "failing": [], "fastest": [64, 1, 2], "fastest_us": 13.63, "rule_us": 13.63, "fastest_over_rule": 1.0}}, "4096x8": {"cold": {"rule": [64, 1, 2], "passing": 18, "failing": [], "fastest": [64, 1, 2], "fastest_us": 26.94, "rule_us": 26.94, "fastest_over_rule": 1.0}, "warm": {"rule": [64, 1, 2], "passing": 18, "failing": [], "fastest": [128, 1, 4], "fastest_us": 14.11, "rule_us": 15.42, "fastest_over_rule": 0.915}}, "32768x1": {"cold": {"rule": [64, 1, 2], "passing": 18, "failing": [], "fastest": [64, 4, 2], "fastest_us": 32.1, "rule_us": 34.67, "fastest_over_rule": 0.9259}, "warm": {"rule": [64, 1, 2], "passing": 18, "failing": [], "fastest": [64, 1, 4], "fastest_us": 14.03, "rule_us": 15.23, "fastest_over_rule": 0.9212}}, "32768x2": {"cold": {"rule": [64, 1, 2], "passing": 18, "failing": [], "fastest": [64, 4, 2], "fastest_us": 32.85, "rule_us": 35.04, "fastest_over_rule": 0.9375}, "warm": {"rule": [64, 1, 2], "passing": 18, "failing": [], "fastest": [64, 1, 4], "fastest_us": 14.1, "rule_us": 15.86, "fastest_over_rule": 0.889}}, "32768x8": {"cold": {"rule": [64, 1, 2], "passing": 18, "failing": [], "fastest": [64, 1, 2], "fastest_us": 81.66, "rule_us": 81.66, "fastest_over_rule": 1.0}, "warm": {"rule": [64, 1, 2], "passing": 18, "failing": [], "fastest": [64, 1, 2], "fastest_us": 22.96, "rule_us": 22.96, "fastest_over_rule": 1.0}}, "262144x1": {"cold": {"rule": [64, 1, 2], "passing": 18, "failing": [], "fastest": [128, 4, 4], "fastest_us": 135.38, "rule_us": 136.26, "fastest_over_rule": 0.9935}, "warm": {"rule": [64, 1, 2], "passing": 18, "failing": [], "fastest": [64, 4, 4], "fastest_us": 34.29, "rule_us": 35.71, "fastest_over_rule": 0.9602}}, "262144x2": {"cold": {"rule": [64, 1, 2], "passing": 18, "failing": [], "fastest": [64, 1, 2], "fastest_us": 133.66, "rule_us": 133.66, "fastest_over_rule": 1.0}, "warm": {"rule": [64, 1, 2], "passing": 18, "failing": [], "fastest": [64, 4, 4], "fastest_us": 38.61, "rule_us": 41.1, "fastest_over_rule": 0.9394}}, "262144x8": {"cold": {"rule": [64, 1, 2], "passing": 18, "failing": [], "fastest": [64, 1, 4], "fastest_us": 344.19, "rule_us": 345.95, "fastest_over_rule": 0.9949}, "warm": {"rule": [64, 1, 2], "passing": 18, "failing": [], "fastest": [64, 1, 4], "fastest_us": 280.06, "rule_us": 281.57, "fastest_over_rule": 0.9946}}}, "score_prefill": {"4096x2048": {"rule": [64, 8, 2], "passing": 27, "failing": [], "fastest": [128, 8, 4], "fastest_us": 251.6, "rule_us": 269.6, "fastest_over_rule": 0.9332}, "32768x2048": {"rule": [64, 8, 2], "passing": 27, "failing": [], "fastest": [128, 32, 4], "fastest_us": 1271.9, "rule_us": 1464.4, "fastest_over_rule": 0.8685}, "262144x508": {"rule": [64, 8, 2], "passing": 27, "failing": [], "fastest": [128, 32, 4], "fastest_us": 2436.1, "rule_us": 2905.6, "fastest_over_rule": 0.8384}}, "select": {"4096": {"columns": 1152, "torch_us": 57.34, "one_launch_us": 18.34, "warps": 4, "one_launch_wins": true, "admitted_today": true}, "8192": {"columns": 2112, "torch_us": 64.14, "one_launch_us": 21.22, "warps": 8, "one_launch_wins": true, "admitted_today": true}, "16384": {"columns": 4224, "torch_us": 75.02, "one_launch_us": 27.54, "warps": 8, "one_launch_wins": true, "admitted_today": true}, "32768": {"columns": 8256, "torch_us": 87.54, "one_launch_us": 40.19, "warps": 8, "one_launch_wins": true, "admitted_today": true}, "65536": {"columns": 16512, "torch_us": 122.67, "one_launch_us": 88.67, "warps": 16, "one_launch_wins": true, "admitted_today": true}, "131072": {"columns": 32832, "torch_us": 100.67, "one_launch_us": 503.81, "warps": 16, "one_launch_wins": false, "admitted_today": false}, "262144": {"columns": 65664, "torch_us": 108.53, "one_launch_us": 934.43, "warps": 16, "one_launch_wins": false, "admitted_today": false}}, "inputs": {"2": {"rule": [4], "passing": 4, "failing": [], "fastest": [1], "fastest_us": 9.26, "rule_us": 10.86, "fastest_over_rule": 0.8527}, "8": {"rule": [4], "passing": 3, "failing": [[2]], "fastest": [4], "fastest_us": 14.53, "rule_us": 14.53, "fastest_over_rule": 1.0}, "32": {"rule": [4], "passing": 2, "failing": [[1], [2]], "fastest": [4], "fastest_us": 15.79, "rule_us": 15.79, "fastest_over_rule": 1.0, "fastest_launched": [2], "fastest_launched_us": 15.28}}, "records": {"2": {"cold_records_over_block": 1.0158, "warm_records_over_block": 1.0111}, "8": {"cold_records_over_block": 1.0048, "warm_records_over_block": 0.9963}, "32": {"cold_records_over_block": 1.0, "warm_records_over_block": 0.9996}, "prefill": {"records_over_block": 1.0015}}}
