budget: 8 GiB beside production (the probe's own; ST_PROBE_GIB overrides)
needs one GPU, not four: single-GPU lane (GB10 on srv4 beside production); say --fleet to take the four Sparks instead
preflight qwen38-qsa-geometry-0919b [single]:
{"budget_gib": 8, "entry": "probes/run_engine_probe.sh", "gpus": 1, "kind": "single", "policy": "onepass-only"}
  PASS /home/choiceoh/glm53-logs/fleet.sh == repo
  -> PASS
wait work: step_sim 재검증(최근 onepass 기록 3개, CPU) → /home/choiceoh/glm53-logs/wait-sim/wait-qwen38-qsa-geometry-0919b-20260919-094610.txt
wait work: 끝났다 — 4줄 → /home/choiceoh/glm53-logs/wait-sim/wait-qwen38-qsa-geometry-0919b-20260919-094610.txt
GO qwen38-qsa-geometry-0919b 2026-09-19_09:46:11
  single GPU: probes/engine_kernel_check.py on srv4 (tree ~/st-probe-tree, image st-engine:glm53, budget 8 GiB beside production, no fleet lease)
{"event": "device", "name": "NVIDIA GB10", "torch": "2.13.0+cu132", "cuda": "13.2", "triton": "3.7.1", "memory_cap_gib": 6}
{"event": "cell", "heads": 6, "kv_heads": 1, "head_dim": 256, "idx_heads": 4, "idx_dim": 128, "ratio": 4, "budget": 2048, "block": 768, "width": 2051, "widest": 32768, "rule": {"2": [16, 64, 4], "4": [16, 64, 4], "8": [16, 64, 4], "16": [16, 32, 4], "32": [64, 8, 2]}}
{"event": "attend", "rows": 2, "requests": 1, "tokens": 2, "geometry": [16, 1, 1], "passed": true, "largest": 0.005405, "rms": 0.002533, "gated_steps": 0, "gated_differ": 0, "from_rule": [0.005376, 0.002951], "cold_us": 664.14, "warm_us": 610.9, "cold_min_us": 651.9, "warm_min_us": 608.96, "samples": 24}
{"event": "attend", "rows": 2, "requests": 1, "tokens": 2, "geometry": [16, 1, 2], "passed": true, "largest": 0.005405, "rms": 0.002533, "gated_steps": 0, "gated_differ": 0, "from_rule": [0.005376, 0.002951], "cold_us": 372.78, "warm_us": 328.67, "cold_min_us": 369.54, "warm_min_us": 327.62, "samples": 24}
{"event": "attend", "rows": 2, "requests": 1, "tokens": 2, "geometry": [16, 1, 4], "passed": true, "largest": 0.005405, "rms": 0.002533, "gated_steps": 0, "gated_differ": 0, "from_rule": [0.005376, 0.002951], "cold_us": 322.1, "warm_us": 279.34, "cold_min_us": 321.47, "warm_min_us": 277.76, "samples": 24}
{"event": "attend", "rows": 2, "requests": 1, "tokens": 2, "geometry": [16, 1, 8], "passed": true, "largest": 0.005405, "rms": 0.002533, "gated_steps": 0, "gated_differ": 0, "from_rule": [0.005376, 0.002951], "cold_us": 307.6, "warm_us": 267.23, "cold_min_us": 306.11, "warm_min_us": 266.46, "samples": 24}
{"event": "attend", "rows": 2, "requests": 1, "tokens": 2, "geometry": [16, 4, 1], "passed": true, "largest": 0.005405, "rms": 0.002542, "gated_steps": 0, "gated_differ": 0, "from_rule": [0.005376, 0.002842], "cold_us": 183.14, "warm_us": 161.42, "cold_min_us": 182.3, "warm_min_us": 160.29, "samples": 24}
{"event": "attend", "rows": 2, "requests": 1, "tokens": 2, "geometry": [16, 4, 2], "passed": true, "largest": 0.005405, "rms": 0.002542, "gated_steps": 0, "gated_differ": 0, "from_rule": [0.005376, 0.002842], "cold_us": 106.91, "warm_us": 92.16, "cold_min_us": 105.22, "warm_min_us": 90.75, "samples": 24}
{"event": "attend", "rows": 2, "requests": 1, "tokens": 2, "geometry": [16, 4, 4], "passed": true, "largest": 0.005405, "rms": 0.002542, "gated_steps": 0, "gated_differ": 0, "from_rule": [0.005376, 0.002842], "cold_us": 95.14, "warm_us": 79.86, "cold_min_us": 94.24, "warm_min_us": 78.37, "samples": 24}
{"event": "attend", "rows": 2, "requests": 1, "tokens": 2, "geometry": [16, 4, 8], "passed": true, "largest": 0.005405, "rms": 0.002542, "gated_steps": 0, "gated_differ": 0, "from_rule": [0.005376, 0.002842], "cold_us": 90.48, "warm_us": 76.56, "cold_min_us": 88.54, "warm_min_us": 74.66, "samples": 24}
{"event": "attend", "rows": 2, "requests": 1, "tokens": 2, "geometry": [16, 16, 1], "passed": true, "largest": 0.005405, "rms": 0.002387, "gated_steps": 0, "gated_differ": 0, "from_rule": [0.005376, 0.002519], "cold_us": 84.75, "warm_us": 54.22, "cold_min_us": 82.59, "warm_min_us": 53.54, "samples": 24}
{"event": "attend", "rows": 2, "requests": 1, "tokens": 2, "geometry": [16, 16, 2], "passed": true, "largest": 0.005405, "rms": 0.002387, "gated_steps": 0, "gated_differ": 0, "from_rule": [0.005376, 0.002519], "cold_us": 54.46, "warm_us": 35.63, "cold_min_us": 52.9, "warm_min_us": 34.59, "samples": 24}
{"event": "attend", "rows": 2, "requests": 1, "tokens": 2, "geometry": [16, 16, 4], "passed": true, "largest": 0.005405, "rms": 0.002387, "gated_steps": 0, "gated_differ": 0, "from_rule": [0.005376, 0.002519], "cold_us": 51.62, "warm_us": 31.63, "cold_min_us": 49.82, "warm_min_us": 30.82, "samples": 24}
{"event": "attend", "rows": 2, "requests": 1, "tokens": 2, "geometry": [16, 16, 8], "passed": true, "largest": 0.005405, "rms": 0.002387, "gated_steps": 0, "gated_differ": 0, "from_rule": [0.005376, 0.002519], "cold_us": 52.75, "warm_us": 31.57, "cold_min_us": 51.84, "warm_min_us": 29.7, "samples": 24}
{"event": "attend", "rows": 2, "requests": 1, "tokens": 2, "geometry": [16, 64, 1], "passed": true, "largest": 0.005405, "rms": 0.002518, "gated_steps": 0, "gated_differ": 0, "from_rule": [0.0, 0.0], "cold_us": 72.42, "warm_us": 33.44, "cold_min_us": 71.36, "warm_min_us": 31.26, "samples": 24}
{"event": "attend", "rows": 2, "requests": 1, "tokens": 2, "geometry": [16, 64, 2], "passed": true, "largest": 0.005405, "rms": 0.002518, "gated_steps": 0, "gated_differ": 0, "from_rule": [0.0, 0.0], "cold_us": 58.08, "warm_us": 25.55, "cold_min_us": 56.42, "warm_min_us": 24.93, "samples": 24}
{"event": "attend", "rows": 2, "requests": 1, "tokens": 2, "geometry": [16, 64, 4], "passed": true, "largest": 0.005405, "rms": 0.002518, "gated_steps": 0, "gated_differ": 0, "from_rule": [0.0, 0.0], "cold_us": 57.22, "warm_us": 23.74, "cold_min_us": 55.65, "warm_min_us": 23.17, "samples": 24}
{"event": "attend", "rows": 2, "requests": 1, "tokens": 2, "geometry": [16, 64, 8], "passed": true, "largest": 0.005405, "rms": 0.002518, "gated_steps": 0, "gated_differ": 0, "from_rule": [0.0, 0.0], "cold_us": 57.84, "warm_us": 25.49, "cold_min_us": 56.22, "warm_min_us": 24.93, "samples": 24}
{"event": "attend", "rows": 2, "requests": 1, "tokens": 2, "geometry": [32, 1, 1], "passed": true, "largest": 0.002703, "rms": 0.002529, "gated_steps": 0, "gated_differ": 0, "from_rule": [0.005376, 0.002953], "cold_us": 228.5, "warm_us": 199.71, "cold_min_us": 227.81, "warm_min_us": 199.17, "samples": 24}
{"event": "attend", "rows": 2, "requests": 1, "tokens": 2, "geometry": [32, 1, 2], "passed": true, "largest": 0.002703, "rms": 0.002529, "gated_steps": 0, "gated_differ": 0, "from_rule": [0.005376, 0.002953], "cold_us": 310.45, "warm_us": 281.3, "cold_min_us": 309.38, "warm_min_us": 278.98, "samples": 24}
{"event": "attend", "rows": 2, "requests": 1, "tokens": 2, "geometry": [32, 1, 4], "passed": true, "largest": 0.002703, "rms": 0.002529, "gated_steps": 0, "gated_differ": 0, "from_rule": [0.005376, 0.002953], "cold_us": 211.62, "warm_us": 189.06, "cold_min_us": 210.91, "warm_min_us": 187.14, "samples": 24}
{"event": "attend", "rows": 2, "requests": 1, "tokens": 2, "geometry": [32, 1, 8], "passed": true, "largest": 0.002703, "rms": 0.002529, "gated_steps": 0, "gated_differ": 0, "from_rule": [0.005376, 0.002953], "cold_us": 194.74, "warm_us": 172.85, "cold_min_us": 192.54, "warm_min_us": 171.9, "samples": 24}
{"event": "attend", "rows": 2, "requests": 1, "tokens": 2, "geometry": [32, 4, 1], "passed": true, "largest": 0.005405, "rms": 0.002543, "gated_steps": 0, "gated_differ": 0, "from_rule": [0.005376, 0.002861], "cold_us": 87.65, "warm_us": 58.64, "cold_min_us": 82.08, "warm_min_us": 58.24, "samples": 24}
{"event": "attend", "rows": 2, "requests": 1, "tokens": 2, "geometry": [32, 4, 2], "passed": true, "largest": 0.005405, "rms": 0.002543, "gated_steps": 0, "gated_differ": 0, "from_rule": [0.005376, 0.002861], "cold_us": 107.47, "warm_us": 86.75, "cold_min_us": 106.78, "warm_min_us": 85.25, "samples": 24}
{"event": "attend", "rows": 2, "requests": 1, "tokens": 2, "geometry": [32, 4, 4], "passed": true, "largest": 0.005405, "rms": 0.002543, "gated_steps": 0, "gated_differ": 0, "from_rule": [0.005376, 0.002861], "cold_us": 71.81, "warm_us": 57.74, "cold_min_us": 68.26, "warm_min_us": 56.32, "samples": 24}
{"event": "attend", "rows": 2, "requests": 1, "tokens": 2, "geometry": [32, 4, 8], "passed": true, "largest": 0.005405, "rms": 0.002543, "gated_steps": 0, "gated_differ": 0, "from_rule": [0.005376, 0.002861], "cold_us": 72.59, "warm_us": 54.14, "cold_min_us": 68.26, "warm_min_us": 52.54, "samples": 24}
{"event": "attend", "rows": 2, "requests": 1, "tokens": 2, "geometry": [32, 16, 1], "passed": true, "largest": 0.005405, "rms": 0.002476, "gated_steps": 0, "gated_differ": 0, "from_rule": [0.005376, 0.00259], "cold_us": 60.13, "warm_us": 28.56, "cold_min_us": 58.66, "warm_min_us": 26.75, "samples": 24}
{"event": "attend", "rows": 2, "requests": 1, "tokens": 2, "geometry": [32, 16, 2], "passed": true, "largest": 0.005405, "rms": 0.002476, "gated_steps": 0, "gated_differ": 0, "from_rule": [0.005376, 0.00259], "cold_us": 70.61, "warm_us": 37.73, "cold_min_us": 68.8, "warm_min_us": 36.64, "samples": 24}
{"event": "attend", "rows": 2, "requests": 1, "tokens": 2, "geometry": [32, 16, 4], "passed": true, "largest": 0.005405, "rms": 0.002476, "gated_steps": 0, "gated_differ": 0, "from_rule": [0.005376, 0.00259], "cold_us": 53.6, "warm_us": 26.69, "cold_min_us": 52.42, "warm_min_us": 26.24, "samples": 24}
{"event": "attend", "rows": 2, "requests": 1, "tokens": 2, "geometry": [32, 16, 8], "passed": true, "largest": 0.005405, "rms": 0.002476, "gated_steps": 0, "gated_differ": 0, "from_rule": [0.005376, 0.00259], "cold_us": 55.04, "warm_us": 26.4, "cold_min_us": 53.66, "warm_min_us": 24.74, "samples": 24}
{"event": "attend", "rows": 2, "requests": 1, "tokens": 2, "geometry": [32, 64, 1], "passed": true, "largest": 0.005405, "rms": 0.00258, "gated_steps": 0, "gated_differ": 0, "from_rule": [0.005376, 0.001956], "cold_us": 69.74, "warm_us": 30.56, "cold_min_us": 66.18, "warm_min_us": 29.02, "samples": 24}
{"event": "attend", "rows": 2, "requests": 1, "tokens": 2, "geometry": [32, 64, 2], "passed": true, "largest": 0.005405, "rms": 0.00258, "gated_steps": 0, "gated_differ": 0, "from_rule": [0.005376, 0.001956], "cold_us": 79.74, "warm_us": 38.83, "cold_min_us": 75.87, "warm_min_us": 36.83, "samples": 24}
{"event": "attend", "rows": 2, "requests": 1, "tokens": 2, "geometry": [32, 64, 4], "passed": true, "largest": 0.005405, "rms": 0.002578, "gated_steps": 0, "gated_differ": 0, "from_rule": [0.005376, 0.001954], "cold_us": 59.23, "warm_us": 30.51, "cold_min_us": 58.24, "warm_min_us": 28.83, "samples": 24}
{"event": "attend", "rows": 2, "requests": 1, "tokens": 2, "geometry": [32, 64, 8], "passed": true, "largest": 0.005405, "rms": 0.002578, "gated_steps": 0, "gated_differ": 0, "from_rule": [0.005376, 0.001954], "cold_us": 58.22, "warm_us": 27.7, "cold_min_us": 55.84, "warm_min_us": 27.14, "samples": 24}
{"event": "attend", "rows": 2, "requests": 1, "tokens": 2, "geometry": [64, 1, 1], "passed": true, "largest": 0.002703, "rms": 0.002491, "gated_steps": 0, "gated_differ": 0, "from_rule": [0.005376, 0.002947], "cold_us": 217.87, "warm_us": 189.06, "cold_min_us": 217.22, "warm_min_us": 187.3, "samples": 24}
{"event": "attend", "rows": 2, "requests": 1, "tokens": 2, "geometry": [64, 1, 2], "passed": true, "largest": 0.002703, "rms": 0.002491, "gated_steps": 0, "gated_differ": 0, "from_rule": [0.005376, 0.002947], "cold_us": 129.78, "warm_us": 117.5, "cold_min_us": 128.77, "warm_min_us": 116.58, "samples": 24}
{"event": "attend", "rows": 2, "requests": 1, "tokens": 2, "geometry": [64, 1, 4], "passed": true, "largest": 0.002703, "rms": 0.002491, "gated_steps": 0, "gated_differ": 0, "from_rule": [0.005376, 0.002947], "cold_us": 174.18, "warm_us": 154.9, "cold_min_us": 172.1, "warm_min_us": 153.89, "samples": 24}
{"event": "attend", "rows": 2, "requests": 1, "tokens": 2, "geometry": [64, 1, 8], "passed": true, "largest": 0.002703, "rms": 0.002491, "gated_steps": 0, "gated_differ": 0, "from_rule": [0.005376, 0.002947], "cold_us": 148.11, "warm_us": 135.46, "cold_min_us": 146.11, "warm_min_us": 134.21, "samples": 24}
{"event": "attend", "rows": 2, "requests": 1, "tokens": 2, "geometry": [64, 4, 1], "passed": true, "largest": 0.005405, "rms": 0.002398, "gated_steps": 0, "gated_differ": 0, "from_rule": [0.005376, 0.002949], "cold_us": 96.56, "warm_us": 60.24, "cold_min_us": 94.37, "warm_min_us": 58.59, "samples": 24}
{"event": "attend", "rows": 2, "requests": 1, "tokens": 2, "geometry": [64, 4, 2], "passed": true, "largest": 0.005405, "rms": 0.002398, "gated_steps": 0, "gated_differ": 0, "from_rule": [0.005376, 0.002949], "cold_us": 66.37, "warm_us": 40.03, "cold_min_us": 64.8, "warm_min_us": 39.74, "samples": 24}
{"event": "attend", "rows": 2, "requests": 1, "tokens": 2, "geometry": [64, 4, 4], "passed": true, "largest": 0.005405, "rms": 0.002398, "gated_steps": 0, "gated_differ": 0, "from_rule": [0.005376, 0.002949], "cold_us": 80.54, "warm_us": 51.98, "cold_min_us": 77.25, "warm_min_us": 50.62, "samples": 24}
{"event": "attend", "rows": 2, "requests": 1, "tokens": 2, "geometry": [64, 4, 8], "passed": true, "largest": 0.005405, "rms": 0.002398, "gated_steps": 0, "gated_differ": 0, "from_rule": [0.005376, 0.002949], "cold_us": 70.14, "warm_us": 45.92, "cold_min_us": 63.87, "warm_min_us": 45.47, "samples": 24}
{"event": "attend", "rows": 2, "requests": 1, "tokens": 2, "geometry": [64, 16, 1], "passed": true, "largest": 0.005405, "rms": 0.002365, "gated_steps": 0, "gated_differ": 0, "from_rule": [0.005376, 0.002741], "cold_us": 71.84, "warm_us": 33.07, "cold_min_us": 70.66, "warm_min_us": 31.9, "samples": 24}
{"event": "attend", "rows": 2, "requests": 1, "tokens": 2, "geometry": [64, 16, 2], "passed": true, "largest": 0.005405, "rms": 0.002365, "gated_steps": 0, "gated_differ": 0, "from_rule": [0.005376, 0.002741], "cold_us": 57.17, "warm_us": 25.33, "cold_min_us": 56.0, "warm_min_us": 23.46, "samples": 24}
{"event": "attend", "rows": 2, "requests": 1, "tokens": 2, "geometry": [64, 16, 4], "passed": true, "largest": 0.005405, "rms": 0.002365, "gated_steps": 0, "gated_differ": 0, "from_rule": [0.005376, 0.002741], "cold_us": 61.04, "warm_us": 29.52, "cold_min_us": 59.78, "warm_min_us": 28.06, "samples": 24}
{"event": "attend", "rows": 2, "requests": 1, "tokens": 2, "geometry": [64, 16, 8], "passed": true, "largest": 0.005405, "rms": 0.002365, "gated_steps": 0, "gated_differ": 0, "from_rule": [0.005376, 0.002741], "cold_us": 58.83, "warm_us": 26.7, "cold_min_us": 57.31, "warm_min_us": 25.79, "samples": 24}
{"event": "attend", "rows": 2, "requests": 1, "tokens": 2, "geometry": [64, 32, 1], "passed": true, "largest": 0.005405, "rms": 0.002494, "gated_steps": 0, "gated_differ": 0, "from_rule": [0.005376, 0.002608], "cold_us": 87.87, "warm_us": 41.02, "cold_min_us": 86.69, "warm_min_us": 39.97, "samples": 24}
{"event": "attend", "rows": 2, "requests": 1, "tokens": 2, "geometry": [64, 32, 2], "passed": true, "largest": 0.005405, "rms": 0.002494, "gated_steps": 0, "gated_differ": 0, "from_rule": [0.005376, 0.002608], "cold_us": 62.37, "warm_us": 30.64, "cold_min_us": 60.45, "warm_min_us": 29.92, "samples": 24}
{"event": "attend", "rows": 2, "requests": 1, "tokens": 2, "geometry": [64, 32, 4], "passed": true, "largest": 0.005405, "rms": 0.002494, "gated_steps": 0, "gated_differ": 0, "from_rule": [0.005376, 0.002608], "cold_us": 70.24, "warm_us": 35.63, "cold_min_us": 68.83, "warm_min_us": 34.94, "samples": 24}
{"event": "attend", "rows": 2, "requests": 1, "tokens": 2, "geometry": [64, 32, 8], "passed": true, "largest": 0.005405, "rms": 0.002494, "gated_steps": 0, "gated_differ": 0, "from_rule": [0.005376, 0.002608], "cold_us": 64.8, "warm_us": 33.07, "cold_min_us": 63.36, "warm_min_us": 31.84, "samples": 24}
{"event": "attend", "rows": 2, "requests": 1, "tokens": 2, "geometry": [128, 1, 4], "passed": false, "refused": "OutOfResources: out of resource: shared memory, Required: 137216, Hardware limit: 101376. Reducing block sizes or `num_stages` may help."}
{"event": "attend_verdict", "rows": 2, "cold": {"rule": [16, 64, 4], "passing": 48, "failing": [[128, 1, 4]], "fastest": [16, 16, 4], "fastest_us": 51.62, "rule_us": 57.22, "fastest_over_rule": 0.9021}, "warm": {"rule": [16, 64, 4], "passing": 48, "failing": [[128, 1, 4]], "fastest": [16, 64, 4], "fastest_us": 23.74, "rule_us": 23.74, "fastest_over_rule": 1.0}}
{"event": "attend", "rows": 4, "requests": 2, "tokens": 2, "geometry": [16, 1, 1], "passed": true, "largest": 0.005128, "rms": 0.002542, "gated_steps": 0, "gated_differ": 0, "from_rule": [0.005128, 0.00295], "cold_us": 630.72, "warm_us": 584.64, "cold_min_us": 619.36, "warm_min_us": 582.94, "samples": 24}
{"event": "attend", "rows": 4, "requests": 2, "tokens": 2, "geometry": [16, 1, 2], "passed": true, "largest": 0.005128, "rms": 0.002542, "gated_steps": 0, "gated_differ": 0, "from_rule": [0.005128, 0.00295], "cold_us": 372.96, "warm_us": 338.27, "cold_min_us": 370.94, "warm_min_us": 336.54, "samples": 24}
{"event": "attend", "rows": 4, "requests": 2, "tokens": 2, "geometry": [16, 1, 4], "passed": true, "largest": 0.005128, "rms": 0.002542, "gated_steps": 0, "gated_differ": 0, "from_rule": [0.005128, 0.00295], "cold_us": 293.57, "warm_us": 259.02, "cold_min_us": 292.93, "warm_min_us": 258.05, "samples": 24}
{"event": "attend", "rows": 4, "requests": 2, "tokens": 2, "geometry": [16, 1, 8], "passed": true, "largest": 0.005128, "rms": 0.002542, "gated_steps": 0, "gated_differ": 0, "from_rule": [0.005128, 0.00295], "cold_us": 309.41, "warm_us": 276.32, "cold_min_us": 307.55, "warm_min_us": 274.43, "samples": 24}
{"event": "attend", "rows": 4, "requests": 2, "tokens": 2, "geometry": [16, 4, 1], "passed": true, "largest": 0.005128, "rms": 0.002439, "gated_steps": 0, "gated_differ": 0, "from_rule": [0.005128, 0.002715], "cold_us": 187.14, "warm_us": 160.45, "cold_min_us": 186.3, "warm_min_us": 158.46, "samples": 24}
{"event": "attend", "rows": 4, "requests": 2, "tokens": 2, "geometry": [16, 4, 2], "passed": true, "largest": 0.005128, "rms": 0.002439, "gated_steps": 0, "gated_differ": 0, "from_rule": [0.005128, 0.002715], "cold_us": 112.94, "warm_us": 95.09, "cold_min_us": 110.66, "warm_min_us": 93.31, "samples": 24}
{"event": "attend", "rows": 4, "requests": 2, "tokens": 2, "geometry": [16, 4, 4], "passed": true, "largest": 0.005128, "rms": 0.002439, "gated_steps": 0, "gated_differ": 0, "from_rule": [0.005128, 0.002715], "cold_us": 106.06, "warm_us": 82.78, "cold_min_us": 102.56, "warm_min_us": 81.15, "samples": 24}
{"event": "attend", "rows": 4, "requests": 2, "tokens": 2, "geometry": [16, 4, 8], "passed": true, "largest": 0.005128, "rms": 0.002439, "gated_steps": 0, "gated_differ": 0, "from_rule": [0.005128, 0.002715], "cold_us": 102.51, "warm_us": 78.66, "cold_min_us": 98.5, "warm_min_us": 78.21, "samples": 24}
{"event": "attend", "rows": 4, "requests": 2, "tokens": 2, "geometry": [16, 16, 1], "passed": true, "largest": 0.005128, "rms": 0.002318, "gated_steps": 0, "gated_differ": 0, "from_rule": [0.005128, 0.002353], "cold_us": 107.1, "warm_us": 57.28, "cold_min_us": 103.68, "warm_min_us": 55.52, "samples": 24}
{"event": "attend", "rows": 4, "requests": 2, "tokens": 2, "geometry": [16, 16, 2], "passed": true, "largest": 0.005128, "rms": 0.002318, "gated_steps": 0, "gated_differ": 0, "from_rule": [0.005128, 0.002353], "cold_us": 85.52, "warm_us": 38.93, "cold_min_us": 84.06, "warm_min_us": 37.76, "samples": 24}
{"event": "attend", "rows": 4, "requests": 2, "tokens": 2, "geometry": [16, 16, 4], "passed": true, "largest": 0.005128, "rms": 0.002318, "gated_steps": 0, "gated_differ": 0, "from_rule": [0.005128, 0.002353], "cold_us": 85.01, "warm_us": 36.72, "cold_min_us": 83.2, "warm_min_us": 35.71, "samples": 24}
{"event": "attend", "rows": 4, "requests": 2, "tokens": 2, "geometry": [16, 16, 8], "passed": true, "largest": 0.005128, "rms": 0.002318, "gated_steps": 0, "gated_differ": 0, "from_rule": [0.005128, 0.002353], "cold_us": 85.44, "warm_us": 37.95, "cold_min_us": 84.38, "warm_min_us": 37.06, "samples": 24}
{"event": "attend", "rows": 4, "requests": 2, "tokens": 2, "geometry": [16, 64, 1], "passed": true, "largest": 0.005128, "rms": 0.002286, "gated_steps": 0, "gated_differ": 0, "from_rule": [1e-05, 0.0], "cold_us": 117.33, "warm_us": 50.18, "cold_min_us": 113.79, "warm_min_us": 48.61, "samples": 24}
{"event": "attend", "rows": 4, "requests": 2, "tokens": 2, "geometry": [16, 64, 2], "passed": true, "largest": 0.005128, "rms": 0.002286, "gated_steps": 0, "gated_differ": 0, "from_rule": [0.0, 0.0], "cold_us": 97.36, "warm_us": 42.21, "cold_min_us": 96.1, "warm_min_us": 39.97, "samples": 24}
{"event": "attend", "rows": 4, "requests": 2, "tokens": 2, "geometry": [16, 64, 4], "passed": true, "largest": 0.005128, "rms": 0.002286, "gated_steps": 0, "gated_differ": 0, "from_rule": [0.0, 0.0], "cold_us": 93.33, "warm_us": 35.68, "cold_min_us": 91.26, "warm_min_us": 34.72, "samples": 24}
{"event": "attend", "rows": 4, "requests": 2, "tokens": 2, "geometry": [16, 64, 8], "passed": true, "largest": 0.005128, "rms": 0.002286, "gated_steps": 0, "gated_differ": 0, "from_rule": [0.0, 0.0], "cold_us": 94.93, "warm_us": 41.06, "cold_min_us": 93.5, "warm_min_us": 39.84, "samples": 24}
{"event": "attend", "rows": 4, "requests": 2, "tokens": 2, "geometry": [32, 1, 1], "passed": true, "largest": 0.005128, "rms": 0.002477, "gated_steps": 0, "gated_differ": 0, "from_rule": [0.005128, 0.002897], "cold_us": 232.45, "warm_us": 204.82, "cold_min_us": 229.57, "warm_min_us": 203.62, "samples": 24}
{"event": "attend", "rows": 4, "requests": 2, "tokens": 2, "geometry": [32, 1, 2], "passed": true, "largest": 0.005128, "rms": 0.002477, "gated_steps": 0, "gated_differ": 0, "from_rule": [0.005128, 0.002897], "cold_us": 308.46, "warm_us": 282.9, "cold_min_us": 307.07, "warm_min_us": 281.31, "samples": 24}
{"event": "attend", "rows": 4, "requests": 2, "tokens": 2, "geometry": [32, 1, 4], "passed": true, "largest": 0.005128, "rms": 0.002477, "gated_steps": 0, "gated_differ": 0, "from_rule": [0.005128, 0.002897], "cold_us": 225.81, "warm_us": 192.54, "cold_min_us": 217.25, "warm_min_us": 191.14, "samples": 24}
{"event": "attend", "rows": 4, "requests": 2, "tokens": 2, "geometry": [32, 1, 8], "passed": true, "largest": 0.005128, "rms": 0.002477, "gated_steps": 0, "gated_differ": 0, "from_rule": [0.005128, 0.002897], "cold_us": 197.44, "warm_us": 174.88, "cold_min_us": 194.98, "warm_min_us": 173.44, "samples": 24}
{"event": "attend", "rows": 4, "requests": 2, "tokens": 2, "geometry": [32, 4, 1], "passed": true, "largest": 0.005128, "rms": 0.002448, "gated_steps": 0, "gated_differ": 0, "from_rule": [0.005128, 0.002746], "cold_us": 97.68, "warm_us": 61.06, "cold_min_us": 93.57, "warm_min_us": 60.22, "samples": 24}
{"event": "attend", "rows": 4, "requests": 2, "tokens": 2, "geometry": [32, 4, 2], "passed": true, "largest": 0.005128, "rms": 0.002448, "gated_steps": 0, "gated_differ": 0, "from_rule": [0.005128, 0.002746], "cold_us": 132.35, "warm_us": 88.8, "cold_min_us": 129.47, "warm_min_us": 87.97, "samples": 24}
{"event": "attend", "rows": 4, "requests": 2, "tokens": 2, "geometry": [32, 4, 4], "passed": true, "largest": 0.005128, "rms": 0.002447, "gated_steps": 0, "gated_differ": 0, "from_rule": [0.005128, 0.002747], "cold_us": 91.62, "warm_us": 60.38, "cold_min_us": 86.21, "warm_min_us": 58.69, "samples": 24}
{"event": "attend", "rows": 4, "requests": 2, "tokens": 2, "geometry": [32, 4, 8], "passed": true, "largest": 0.005128, "rms": 0.002447, "gated_steps": 0, "gated_differ": 0, "from_rule": [0.005128, 0.002747], "cold_us": 84.9, "warm_us": 54.61, "cold_min_us": 82.72, "warm_min_us": 54.02, "samples": 24}
{"event": "attend", "rows": 4, "requests": 2, "tokens": 2, "geometry": [32, 16, 1], "passed": true, "largest": 0.005128, "rms": 0.002356, "gated_steps": 0, "gated_differ": 0, "from_rule": [0.005128, 0.00244], "cold_us": 90.88, "warm_us": 33.52, "cold_min_us": 88.22, "warm_min_us": 31.81, "samples": 24}
{"event": "attend", "rows": 4, "requests": 2, "tokens": 2, "geometry": [32, 16, 2], "passed": true, "largest": 0.005128, "rms": 0.002356, "gated_steps": 0, "gated_differ": 0, "from_rule": [0.005128, 0.00244], "cold_us": 99.86, "warm_us": 39.79, "cold_min_us": 97.6, "warm_min_us": 39.23, "samples": 24}
{"event": "attend", "rows": 4, "requests": 2, "tokens": 2, "geometry": [32, 16, 4], "passed": true, "largest": 0.005128, "rms": 0.002356, "gated_steps": 0, "gated_differ": 0, "from_rule": [0.005128, 0.00244], "cold_us": 87.2, "warm_us": 33.01, "cold_min_us": 84.93, "warm_min_us": 31.62, "samples": 24}
{"event": "attend", "rows": 4, "requests": 2, "tokens": 2, "geometry": [32, 16, 8], "passed": true, "largest": 0.005128, "rms": 0.002356, "gated_steps": 0, "gated_differ": 0, "from_rule": [0.005128, 0.00244], "cold_us": 87.06, "warm_us": 32.59, "cold_min_us": 84.54, "warm_min_us": 30.98, "samples": 24}
{"event": "attend", "rows": 4, "requests": 2, "tokens": 2, "geometry": [32, 64, 1], "passed": true, "largest": 0.005128, "rms": 0.002305, "gated_steps": 0, "gated_differ": 0, "from_rule": [0.005128, 0.001963], "cold_us": 105.6, "warm_us": 42.32, "cold_min_us": 102.59, "warm_min_us": 40.77, "samples": 24}
{"event": "attend", "rows": 4, "requests": 2, "tokens": 2, "geometry": [32, 64, 2], "passed": true, "largest": 0.005128, "rms": 0.002305, "gated_steps": 0, "gated_differ": 0, "from_rule": [0.005128, 0.001963], "cold_us": 119.94, "warm_us": 53.25, "cold_min_us": 117.22, "warm_min_us": 51.87, "samples": 24}
{"event": "attend", "rows": 4, "requests": 2, "tokens": 2, "geometry": [32, 64, 4], "passed": true, "largest": 0.005128, "rms": 0.002305, "gated_steps": 0, "gated_differ": 0, "from_rule": [0.005128, 0.001963], "cold_us": 95.39, "warm_us": 42.94, "cold_min_us": 93.12, "warm_min_us": 41.25, "samples": 24}
{"event": "attend", "rows": 4, "requests": 2, "tokens": 2, "geometry": [32, 64, 8], "passed": true, "largest": 0.005128, "rms": 0.002305, "gated_steps": 0, "gated_differ": 0, "from_rule": [0.005128, 0.001963], "cold_us": 94.72, "warm_us": 41.84, "cold_min_us": 93.34, "warm_min_us": 41.18, "samples": 24}
{"event": "attend", "rows": 4, "requests": 2, "tokens": 2, "geometry": [64, 1, 1], "passed": true, "largest": 0.005128, "rms": 0.002468, "gated_steps": 0, "gated_differ": 0, "from_rule": [0.005128, 0.002894], "cold_us": 239.82, "warm_us": 191.18, "cold_min_us": 228.67, "warm_min_us": 188.83, "samples": 24}
{"event": "attend", "rows": 4, "requests": 2, "tokens": 2, "geometry": [64, 1, 2], "passed": true, "largest": 0.005128, "rms": 0.002468, "gated_steps": 0, "gated_differ": 0, "from_rule": [0.005128, 0.002894], "cold_us": 146.46, "warm_us": 117.76, "cold_min_us": 140.16, "warm_min_us": 116.9, "samples": 24}
{"event": "attend", "rows": 4, "requests": 2, "tokens": 2, "geometry": [64, 1, 4], "passed": true, "largest": 0.005128, "rms": 0.002468, "gated_steps": 0, "gated_differ": 0, "from_rule": [0.005128, 0.002894], "cold_us": 194.83, "warm_us": 156.34, "cold_min_us": 191.36, "warm_min_us": 154.78, "samples": 24}
{"event": "attend", "rows": 4, "requests": 2, "tokens": 2, "geometry": [64, 1, 8], "passed": true, "largest": 0.005128, "rms": 0.002468, "gated_steps": 0, "gated_differ": 0, "from_rule": [0.005128, 0.002894], "cold_us": 170.85, "warm_us": 136.03, "cold_min_us": 162.43, "warm_min_us": 135.01, "samples": 24}
{"event": "attend", "rows": 4, "requests": 2, "tokens": 2, "geometry": [64, 4, 1], "passed": true, "largest": 0.005128, "rms": 0.002457, "gated_steps": 0, "gated_differ": 0, "from_rule": [0.005128, 0.002793], "cold_us": 115.04, "warm_us": 63.02, "cold_min_us": 109.41, "warm_min_us": 62.21, "samples": 24}
{"event": "attend", "rows": 4, "requests": 2, "tokens": 2, "geometry": [64, 4, 2], "passed": true, "largest": 0.005128, "rms": 0.002457, "gated_steps": 0, "gated_differ": 0, "from_rule": [0.005128, 0.002793], "cold_us": 87.09, "warm_us": 43.06, "cold_min_us": 84.38, "warm_min_us": 42.78, "samples": 24}
{"event": "attend", "rows": 4, "requests": 2, "tokens": 2, "geometry": [64, 4, 4], "passed": true, "largest": 0.005128, "rms": 0.002457, "gated_steps": 0, "gated_differ": 0, "from_rule": [0.005128, 0.002793], "cold_us": 104.03, "warm_us": 53.87, "cold_min_us": 98.78, "warm_min_us": 53.06, "samples": 24}
{"event": "attend", "rows": 4, "requests": 2, "tokens": 2, "geometry": [64, 4, 8], "passed": true, "largest": 0.005128, "rms": 0.002457, "gated_steps": 0, "gated_differ": 0, "from_rule": [0.005128, 0.002793], "cold_us": 86.35, "warm_us": 48.19, "cold_min_us": 84.29, "warm_min_us": 46.72, "samples": 24}
{"event": "attend", "rows": 4, "requests": 2, "tokens": 2, "geometry": [64, 16, 1], "passed": true, "largest": 0.005128, "rms": 0.002386, "gated_steps": 0, "gated_differ": 0, "from_rule": [0.005128, 0.002596], "cold_us": 120.06, "warm_us": 52.16, "cold_min_us": 118.14, "warm_min_us": 51.01, "samples": 24}
{"event": "attend", "rows": 4, "requests": 2, "tokens": 2, "geometry": [64, 16, 2], "passed": true, "largest": 0.005128, "rms": 0.002386, "gated_steps": 0, "gated_differ": 0, "from_rule": [0.005128, 0.002596], "cold_us": 87.87, "warm_us": 37.78, "cold_min_us": 85.09, "warm_min_us": 36.7, "samples": 24}
{"event": "attend", "rows": 4, "requests": 2, "tokens": 2, "geometry": [64, 16, 4], "passed": true, "largest": 0.005128, "rms": 0.002386, "gated_steps": 0, "gated_differ": 0, "from_rule": [0.005128, 0.002596], "cold_us": 102.22, "warm_us": 45.74, "cold_min_us": 99.97, "warm_min_us": 45.06, "samples": 24}
{"event": "attend", "rows": 4, "requests": 2, "tokens": 2, "geometry": [64, 16, 8], "passed": true, "largest": 0.005128, "rms": 0.002386, "gated_steps": 0, "gated_differ": 0, "from_rule": [0.005128, 0.002596], "cold_us": 90.53, "warm_us": 42.46, "cold_min_us": 87.68, "warm_min_us": 41.18, "samples": 24}
{"event": "attend", "rows": 4, "requests": 2, "tokens": 2, "geometry": [64, 32, 1], "passed": true, "largest": 0.005128, "rms": 0.002338, "gated_steps": 0, "gated_differ": 0, "from_rule": [0.005128, 0.002448], "cold_us": 128.77, "warm_us": 57.07, "cold_min_us": 127.01, "warm_min_us": 55.55, "samples": 24}
{"event": "attend", "rows": 4, "requests": 2, "tokens": 2, "geometry": [64, 32, 2], "passed": true, "largest": 0.005128, "rms": 0.002338, "gated_steps": 0, "gated_differ": 0, "from_rule": [0.005128, 0.002448], "cold_us": 95.74, "warm_us": 41.92, "cold_min_us": 92.0, "warm_min_us": 40.93, "samples": 24}
{"event": "attend", "rows": 4, "requests": 2, "tokens": 2, "geometry": [64, 32, 4], "passed": true, "largest": 0.005128, "rms": 0.002338, "gated_steps": 0, "gated_differ": 0, "from_rule": [0.005128, 0.002448], "cold_us": 110.83, "warm_us": 49.15, "cold_min_us": 107.68, "warm_min_us": 48.0, "samples": 24}
{"event": "attend", "rows": 4, "requests": 2, "tokens": 2, "geometry": [64, 32, 8], "passed": true, "largest": 0.005128, "rms": 0.002338, "gated_steps": 0, "gated_differ": 0, "from_rule": [0.005128, 0.002448], "cold_us": 95.57, "warm_us": 45.09, "cold_min_us": 93.38, "warm_min_us": 43.87, "samples": 24}
{"event": "attend", "rows": 4, "requests": 2, "tokens": 2, "geometry": [128, 1, 4], "passed": false, "refused": "OutOfResources: out of resource: shared memory, Required: 137216, Hardware limit: 101376. Reducing block sizes or `num_stages` may help."}
{"event": "attend_verdict", "rows": 4, "cold": {"rule": [16, 64, 4], "passing": 48, "failing": [[128, 1, 4]], "fastest": [32, 4, 8], "fastest_us": 84.9, "rule_us": 93.33, "fastest_over_rule": 0.9097}, "warm": {"rule": [16, 64, 4], "passing": 48, "failing": [[128, 1, 4]], "fastest": [32, 16, 8], "fastest_us": 32.59, "rule_us": 35.68, "fastest_over_rule": 0.9134}}
{"event": "attend", "rows": 8, "requests": 4, "tokens": 2, "geometry": [16, 1, 1], "passed": true, "largest": 0.004902, "rms": 0.002488, "gated_steps": 0, "gated_differ": 0, "from_rule": [0.004902, 0.002905], "cold_us": 631.55, "warm_us": 599.42, "cold_min_us": 620.8, "warm_min_us": 597.89, "samples": 24}
{"event": "attend", "rows": 8, "requests": 4, "tokens": 2, "geometry": [16, 1, 2], "passed": true, "largest": 0.004902, "rms": 0.002488, "gated_steps": 0, "gated_differ": 0, "from_rule": [0.004902, 0.002905], "cold_us": 375.41, "warm_us": 353.87, "cold_min_us": 373.06, "warm_min_us": 351.2, "samples": 24}
{"event": "attend", "rows": 8, "requests": 4, "tokens": 2, "geometry": [16, 1, 4], "passed": true, "largest": 0.004902, "rms": 0.002488, "gated_steps": 0, "gated_differ": 0, "from_rule": [0.004902, 0.002905], "cold_us": 298.16, "warm_us": 275.38, "cold_min_us": 295.04, "warm_min_us": 273.47, "samples": 24}
{"event": "attend", "rows": 8, "requests": 4, "tokens": 2, "geometry": [16, 1, 8], "passed": true, "largest": 0.004902, "rms": 0.002488, "gated_steps": 0, "gated_differ": 0, "from_rule": [0.004902, 0.002905], "cold_us": 313.22, "warm_us": 289.57, "cold_min_us": 309.6, "warm_min_us": 287.39, "samples": 24}
{"event": "attend", "rows": 8, "requests": 4, "tokens": 2, "geometry": [16, 4, 1], "passed": true, "largest": 0.004902, "rms": 0.002464, "gated_steps": 0, "gated_differ": 0, "from_rule": [0.004902, 0.002791], "cold_us": 236.14, "warm_us": 166.59, "cold_min_us": 234.53, "warm_min_us": 164.86, "samples": 24}
{"event": "attend", "rows": 8, "requests": 4, "tokens": 2, "geometry": [16, 4, 2], "passed": true, "largest": 0.004902, "rms": 0.002464, "gated_steps": 0, "gated_differ": 0, "from_rule": [0.004902, 0.002791], "cold_us": 144.11, "warm_us": 101.33, "cold_min_us": 141.5, "warm_min_us": 100.42, "samples": 24}
{"event": "attend", "rows": 8, "requests": 4, "tokens": 2, "geometry": [16, 4, 4], "passed": true, "largest": 0.004902, "rms": 0.002464, "gated_steps": 0, "gated_differ": 0, "from_rule": [0.004902, 0.002791], "cold_us": 138.75, "warm_us": 90.99, "cold_min_us": 137.6, "warm_min_us": 89.02, "samples": 24}
{"event": "attend", "rows": 8, "requests": 4, "tokens": 2, "geometry": [16, 4, 8], "passed": true, "largest": 0.004902, "rms": 0.002464, "gated_steps": 0, "gated_differ": 0, "from_rule": [0.004902, 0.002791], "cold_us": 138.64, "warm_us": 85.66, "cold_min_us": 136.13, "warm_min_us": 84.0, "samples": 24}
{"event": "attend", "rows": 8, "requests": 4, "tokens": 2, "geometry": [16, 16, 1], "passed": true, "largest": 0.004902, "rms": 0.002453, "gated_steps": 0, "gated_differ": 0, "from_rule": [0.004902, 0.002468], "cold_us": 163.58, "warm_us": 70.45, "cold_min_us": 159.55, "warm_min_us": 68.45, "samples": 24}
{"event": "attend", "rows": 8, "requests": 4, "tokens": 2, "geometry": [16, 16, 2], "passed": true, "largest": 0.004902, "rms": 0.002453, "gated_steps": 0, "gated_differ": 0, "from_rule": [0.004902, 0.002468], "cold_us": 143.84, "warm_us": 48.06, "cold_min_us": 141.22, "warm_min_us": 47.2, "samples": 24}
{"event": "attend", "rows": 8, "requests": 4, "tokens": 2, "geometry": [16, 16, 4], "passed": true, "largest": 0.004902, "rms": 0.002453, "gated_steps": 0, "gated_differ": 0, "from_rule": [0.004902, 0.002468], "cold_us": 143.28, "warm_us": 45.86, "cold_min_us": 141.44, "warm_min_us": 45.12, "samples": 24}
{"event": "attend", "rows": 8, "requests": 4, "tokens": 2, "geometry": [16, 16, 8], "passed": true, "largest": 0.004902, "rms": 0.002453, "gated_steps": 0, "gated_differ": 0, "from_rule": [0.004902, 0.002468], "cold_us": 145.04, "warm_us": 48.83, "cold_min_us": 141.82, "warm_min_us": 47.23, "samples": 24}
{"event": "attend", "rows": 8, "requests": 4, "tokens": 2, "geometry": [16, 64, 1], "passed": true, "largest": 0.004902, "rms": 0.002353, "gated_steps": 0, "gated_differ": 0, "from_rule": [0.0, 0.0], "cold_us": 171.47, "warm_us": 87.01, "cold_min_us": 167.81, "warm_min_us": 85.25, "samples": 24}
{"event": "attend", "rows": 8, "requests": 4, "tokens": 2, "geometry": [16, 64, 2], "passed": true, "largest": 0.004902, "rms": 0.002353, "gated_steps": 0, "gated_differ": 0, "from_rule": [0.0, 0.0], "cold_us": 151.38, "warm_us": 68.58, "cold_min_us": 149.7, "warm_min_us": 66.98, "samples": 24}
{"event": "attend", "rows": 8, "requests": 4, "tokens": 2, "geometry": [16, 64, 4], "passed": true, "largest": 0.004902, "rms": 0.002353, "gated_steps": 0, "gated_differ": 0, "from_rule": [0.0, 0.0], "cold_us": 147.49, "warm_us": 61.42, "cold_min_us": 144.03, "warm_min_us": 59.49, "samples": 24}
{"event": "attend", "rows": 8, "requests": 4, "tokens": 2, "geometry": [16, 64, 8], "passed": true, "largest": 0.004902, "rms": 0.002353, "gated_steps": 0, "gated_differ": 0, "from_rule": [0.0, 0.0], "cold_us": 149.1, "warm_us": 71.47, "cold_min_us": 146.94, "warm_min_us": 70.62, "samples": 24}
{"event": "attend", "rows": 8, "requests": 4, "tokens": 2, "geometry": [32, 1, 1], "passed": true, "largest": 0.004902, "rms": 0.002488, "gated_steps": 0, "gated_differ": 0, "from_rule": [0.004902, 0.002895], "cold_us": 255.63, "warm_us": 211.9, "cold_min_us": 237.73, "warm_min_us": 210.98, "samples": 24}
{"event": "attend", "rows": 8, "requests": 4, "tokens": 2, "geometry": [32, 1, 2], "passed": true, "largest": 0.004902, "rms": 0.002488, "gated_steps": 0, "gated_differ": 0, "from_rule": [0.004902, 0.002895], "cold_us": 323.42, "warm_us": 289.54, "cold_min_us": 318.3, "warm_min_us": 287.74, "samples": 24}
{"event": "attend", "rows": 8, "requests": 4, "tokens": 2, "geometry": [32, 1, 4], "passed": true, "largest": 0.004902, "rms": 0.002488, "gated_steps": 0, "gated_differ": 0, "from_rule": [0.004902, 0.002895], "cold_us": 275.23, "warm_us": 201.22, "cold_min_us": 269.12, "warm_min_us": 199.87, "samples": 24}
{"event": "attend", "rows": 8, "requests": 4, "tokens": 2, "geometry": [32, 1, 8], "passed": true, "largest": 0.004902, "rms": 0.002488, "gated_steps": 0, "gated_differ": 0, "from_rule": [0.004902, 0.002895], "cold_us": 224.93, "warm_us": 180.24, "cold_min_us": 209.31, "warm_min_us": 178.3, "samples": 24}
{"event": "attend", "rows": 8, "requests": 4, "tokens": 2, "geometry": [32, 4, 1], "passed": true, "largest": 0.004902, "rms": 0.002476, "gated_steps": 0, "gated_differ": 0, "from_rule": [0.004902, 0.00281], "cold_us": 144.32, "warm_us": 68.38, "cold_min_us": 142.05, "warm_min_us": 65.54, "samples": 24}
{"event": "attend", "rows": 8, "requests": 4, "tokens": 2, "geometry": [32, 4, 2], "passed": true, "largest": 0.004902, "rms": 0.002476, "gated_steps": 0, "gated_differ": 0, "from_rule": [0.004902, 0.00281], "cold_us": 157.9, "warm_us": 94.58, "cold_min_us": 154.08, "warm_min_us": 93.02, "samples": 24}
{"event": "attend", "rows": 8, "requests": 4, "tokens": 2, "geometry": [32, 4, 4], "passed": true, "largest": 0.004902, "rms": 0.002476, "gated_steps": 0, "gated_differ": 0, "from_rule": [0.004902, 0.00281], "cold_us": 138.29, "warm_us": 66.21, "cold_min_us": 135.62, "warm_min_us": 65.12, "samples": 24}
{"event": "attend", "rows": 8, "requests": 4, "tokens": 2, "geometry": [32, 4, 8], "passed": true, "largest": 0.004902, "rms": 0.002476, "gated_steps": 0, "gated_differ": 0, "from_rule": [0.004902, 0.00281], "cold_us": 139.58, "warm_us": 61.52, "cold_min_us": 136.8, "warm_min_us": 59.52, "samples": 24}
{"event": "attend", "rows": 8, "requests": 4, "tokens": 2, "geometry": [32, 16, 1], "passed": true, "largest": 0.004902, "rms": 0.002423, "gated_steps": 0, "gated_differ": 0, "from_rule": [0.004902, 0.002534], "cold_us": 147.26, "warm_us": 56.56, "cold_min_us": 144.03, "warm_min_us": 55.58, "samples": 24}
{"event": "attend", "rows": 8, "requests": 4, "tokens": 2, "geometry": [32, 16, 2], "passed": true, "largest": 0.004902, "rms": 0.002423, "gated_steps": 0, "gated_differ": 0, "from_rule": [0.004902, 0.002534], "cold_us": 159.86, "warm_us": 72.78, "cold_min_us": 157.63, "warm_min_us": 71.65, "samples": 24}
{"event": "attend", "rows": 8, "requests": 4, "tokens": 2, "geometry": [32, 16, 4], "passed": true, "largest": 0.004902, "rms": 0.002423, "gated_steps": 0, "gated_differ": 0, "from_rule": [0.004902, 0.002534], "cold_us": 144.0, "warm_us": 56.58, "cold_min_us": 141.63, "warm_min_us": 54.59, "samples": 24}
{"event": "attend", "rows": 8, "requests": 4, "tokens": 2, "geometry": [32, 16, 8], "passed": true, "largest": 0.004902, "rms": 0.002423, "gated_steps": 0, "gated_differ": 0, "from_rule": [0.004902, 0.002534], "cold_us": 143.01, "warm_us": 52.5, "cold_min_us": 139.81, "warm_min_us": 51.23, "samples": 24}
{"event": "attend", "rows": 8, "requests": 4, "tokens": 2, "geometry": [32, 64, 1], "passed": true, "largest": 0.004902, "rms": 0.002378, "gated_steps": 0, "gated_differ": 0, "from_rule": [0.004902, 0.001915], "cold_us": 155.74, "warm_us": 74.93, "cold_min_us": 152.16, "warm_min_us": 73.73, "samples": 24}
{"event": "attend", "rows": 8, "requests": 4, "tokens": 2, "geometry": [32, 64, 2], "passed": true, "largest": 0.004902, "rms": 0.002377, "gated_steps": 0, "gated_differ": 0, "from_rule": [0.004902, 0.001915], "cold_us": 173.52, "warm_us": 99.06, "cold_min_us": 169.54, "warm_min_us": 96.86, "samples": 24}
{"event": "attend", "rows": 8, "requests": 4, "tokens": 2, "geometry": [32, 64, 4], "passed": true, "largest": 0.004902, "rms": 0.002377, "gated_steps": 0, "gated_differ": 0, "from_rule": [0.004902, 0.001915], "cold_us": 151.38, "warm_us": 75.12, "cold_min_us": 147.78, "warm_min_us": 73.28, "samples": 24}
{"event": "attend", "rows": 8, "requests": 4, "tokens": 2, "geometry": [32, 64, 8], "passed": true, "largest": 0.004902, "rms": 0.002377, "gated_steps": 0, "gated_differ": 0, "from_rule": [0.004902, 0.001915], "cold_us": 149.17, "warm_us": 71.73, "cold_min_us": 146.69, "warm_min_us": 69.92, "samples": 24}
{"event": "attend", "rows": 8, "requests": 4, "tokens": 2, "geometry": [64, 1, 1], "passed": true, "largest": 0.004902, "rms": 0.002514, "gated_steps": 0, "gated_differ": 0, "from_rule": [0.004902, 0.002942], "cold_us": 280.54, "warm_us": 195.47, "cold_min_us": 265.98, "warm_min_us": 194.4, "samples": 24}
{"event": "attend", "rows": 8, "requests": 4, "tokens": 2, "geometry": [64, 1, 2], "passed": true, "largest": 0.004902, "rms": 0.002514, "gated_steps": 0, "gated_differ": 0, "from_rule": [0.004902, 0.002942], "cold_us": 165.73, "warm_us": 122.54, "cold_min_us": 155.46, "warm_min_us": 120.7, "samples": 24}
{"event": "attend", "rows": 8, "requests": 4, "tokens": 2, "geometry": [64, 1, 4], "passed": true, "largest": 0.004902, "rms": 0.002514, "gated_steps": 0, "gated_differ": 0, "from_rule": [0.004902, 0.002942], "cold_us": 239.12, "warm_us": 160.8, "cold_min_us": 204.19, "warm_min_us": 159.68, "samples": 24}
{"event": "attend", "rows": 8, "requests": 4, "tokens": 2, "geometry": [64, 1, 8], "passed": true, "largest": 0.004902, "rms": 0.002514, "gated_steps": 0, "gated_differ": 0, "from_rule": [0.004902, 0.002942], "cold_us": 190.46, "warm_us": 141.25, "cold_min_us": 174.53, "warm_min_us": 139.2, "samples": 24}
{"event": "attend", "rows": 8, "requests": 4, "tokens": 2, "geometry": [64, 4, 1], "passed": true, "largest": 0.004902, "rms": 0.002485, "gated_steps": 0, "gated_differ": 0, "from_rule": [0.004902, 0.002832], "cold_us": 160.14, "warm_us": 73.66, "cold_min_us": 156.77, "warm_min_us": 68.54, "samples": 24}
{"event": "attend", "rows": 8, "requests": 4, "tokens": 2, "geometry": [64, 4, 2], "passed": true, "largest": 0.004902, "rms": 0.002485, "gated_steps": 0, "gated_differ": 0, "from_rule": [0.004902, 0.002832], "cold_us": 141.5, "warm_us": 50.37, "cold_min_us": 140.19, "warm_min_us": 49.22, "samples": 24}
{"event": "attend", "rows": 8, "requests": 4, "tokens": 2, "geometry": [64, 4, 4], "passed": true, "largest": 0.004902, "rms": 0.002485, "gated_steps": 0, "gated_differ": 0, "from_rule": [0.004902, 0.002832], "cold_us": 153.31, "warm_us": 62.24, "cold_min_us": 150.3, "warm_min_us": 60.22, "samples": 24}
{"event": "attend", "rows": 8, "requests": 4, "tokens": 2, "geometry": [64, 4, 8], "passed": true, "largest": 0.004902, "rms": 0.002485, "gated_steps": 0, "gated_differ": 0, "from_rule": [0.004902, 0.002832], "cold_us": 143.5, "warm_us": 56.9, "cold_min_us": 139.78, "warm_min_us": 54.82, "samples": 24}
{"event": "attend", "rows": 8, "requests": 4, "tokens": 2, "geometry": [64, 16, 1], "passed": true, "largest": 0.004902, "rms": 0.002465, "gated_steps": 0, "gated_differ": 0, "from_rule": [0.004902, 0.00265], "cold_us": 172.27, "warm_us": 86.88, "cold_min_us": 169.66, "warm_min_us": 84.7, "samples": 24}
{"event": "attend", "rows": 8, "requests": 4, "tokens": 2, "geometry": [64, 16, 2], "passed": true, "largest": 0.004902, "rms": 0.002465, "gated_steps": 0, "gated_differ": 0, "from_rule": [0.004902, 0.00265], "cold_us": 144.78, "warm_us": 58.3, "cold_min_us": 141.89, "warm_min_us": 57.25, "samples": 24}
{"event": "attend", "rows": 8, "requests": 4, "tokens": 2, "geometry": [64, 16, 4], "passed": true, "largest": 0.004902, "rms": 0.002465, "gated_steps": 0, "gated_differ": 0, "from_rule": [0.004902, 0.00265], "cold_us": 160.61, "warm_us": 68.34, "cold_min_us": 155.42, "warm_min_us": 67.71, "samples": 24}
{"event": "attend", "rows": 8, "requests": 4, "tokens": 2, "geometry": [64, 16, 8], "passed": true, "largest": 0.004902, "rms": 0.002465, "gated_steps": 0, "gated_differ": 0, "from_rule": [0.004902, 0.00265], "cold_us": 147.42, "warm_us": 63.79, "cold_min_us": 144.96, "warm_min_us": 62.43, "samples": 24}
{"event": "attend", "rows": 8, "requests": 4, "tokens": 2, "geometry": [64, 32, 1], "passed": true, "largest": 0.004902, "rms": 0.002454, "gated_steps": 0, "gated_differ": 0, "from_rule": [0.004902, 0.002547], "cold_us": 186.46, "warm_us": 108.43, "cold_min_us": 183.84, "warm_min_us": 102.21, "samples": 24}
{"event": "attend", "rows": 8, "requests": 4, "tokens": 2, "geometry": [64, 32, 2], "passed": true, "largest": 0.004902, "rms": 0.002455, "gated_steps": 0, "gated_differ": 0, "from_rule": [0.004902, 0.002548], "cold_us": 150.05, "warm_us": 71.54, "cold_min_us": 147.52, "warm_min_us": 70.21, "samples": 24}
{"event": "attend", "rows": 8, "requests": 4, "tokens": 2, "geometry": [64, 32, 4], "passed": true, "largest": 0.004902, "rms": 0.002454, "gated_steps": 0, "gated_differ": 0, "from_rule": [0.004902, 0.002547], "cold_us": 164.93, "warm_us": 87.01, "cold_min_us": 163.07, "warm_min_us": 84.86, "samples": 24}
{"event": "attend", "rows": 8, "requests": 4, "tokens": 2, "geometry": [64, 32, 8], "passed": true, "largest": 0.004902, "rms": 0.002454, "gated_steps": 0, "gated_differ": 0, "from_rule": [0.004902, 0.002547], "cold_us": 152.34, "warm_us": 79.09, "cold_min_us": 148.96, "warm_min_us": 76.77, "samples": 24}
{"event": "attend", "rows": 8, "requests": 4, "tokens": 2, "geometry": [128, 1, 4], "passed": false, "refused": "OutOfResources: out of resource: shared memory, Required: 137216, Hardware limit: 101376. Reducing block sizes or `num_stages` may help."}
{"event": "attend_verdict", "rows": 8, "cold": {"rule": [16, 64, 4], "passing": 48, "failing": [[128, 1, 4]], "fastest": [32, 4, 4], "fastest_us": 138.29, "rule_us": 147.49, "fastest_over_rule": 0.9376}, "warm": {"rule": [16, 64, 4], "passing": 48, "failing": [[128, 1, 4]], "fastest": [16, 16, 4], "fastest_us": 45.86, "rule_us": 61.42, "fastest_over_rule": 0.7467}}
{"event": "attend", "rows": 16, "requests": 8, "tokens": 2, "geometry": [32, 4, 4], "passed": true, "largest": 0.004739, "rms": 0.002537, "gated_steps": 0, "gated_differ": 0, "from_rule": [0.004717, 0.002809], "cold_us": 220.67, "warm_us": 142.11, "cold_min_us": 217.63, "warm_min_us": 137.98, "samples": 24}
{"event": "attend", "rows": 16, "requests": 8, "tokens": 2, "geometry": [16, 4, 8], "passed": true, "largest": 0.004739, "rms": 0.002507, "gated_steps": 0, "gated_differ": 0, "from_rule": [0.004717, 0.002772], "cold_us": 223.65, "warm_us": 144.86, "cold_min_us": 219.74, "warm_min_us": 141.54, "samples": 24}
{"event": "attend", "rows": 16, "requests": 8, "tokens": 2, "geometry": [16, 4, 4], "passed": true, "largest": 0.004739, "rms": 0.002507, "gated_steps": 0, "gated_differ": 0, "from_rule": [0.004717, 0.002772], "cold_us": 220.11, "warm_us": 144.59, "cold_min_us": 216.58, "warm_min_us": 139.71, "samples": 24}
{"event": "attend", "rows": 16, "requests": 8, "tokens": 2, "geometry": [32, 4, 8], "passed": true, "largest": 0.004739, "rms": 0.002537, "gated_steps": 0, "gated_differ": 0, "from_rule": [0.004717, 0.002809], "cold_us": 220.08, "warm_us": 141.82, "cold_min_us": 218.08, "warm_min_us": 138.37, "samples": 24}
{"event": "attend", "rows": 16, "requests": 8, "tokens": 2, "geometry": [64, 4, 2], "passed": true, "largest": 0.004739, "rms": 0.002565, "gated_steps": 0, "gated_differ": 0, "from_rule": [0.004717, 0.002855], "cold_us": 225.76, "warm_us": 147.38, "cold_min_us": 221.66, "warm_min_us": 144.54, "samples": 24}
{"event": "attend", "rows": 16, "requests": 8, "tokens": 2, "geometry": [16, 32, 4], "passed": true, "largest": 0.004739, "rms": 0.002413, "gated_steps": 0, "gated_differ": 0, "from_rule": [0.0, 0.0], "cold_us": 227.54, "warm_us": 160.91, "cold_min_us": 225.5, "warm_min_us": 157.47, "samples": 24}
{"event": "attend_verdict", "rows": 16, "cold": {"rule": [16, 32, 4], "passing": 6, "failing": [], "fastest": [32, 4, 8], "fastest_us": 220.08, "rule_us": 227.54, "fastest_over_rule": 0.9672}, "warm": {"rule": [16, 32, 4], "passing": 6, "failing": [], "fastest": [32, 4, 8], "fastest_us": 141.82, "rule_us": 160.91, "fastest_over_rule": 0.8814}}
{"event": "attend", "rows": 32, "requests": 8, "tokens": 4, "geometry": [32, 4, 4], "passed": true, "largest": 0.004367, "rms": 0.002488, "gated_steps": 0, "gated_differ": 0, "from_rule": [0.004367, 0.002318], "cold_us": 323.86, "warm_us": 258.37, "cold_min_us": 320.32, "warm_min_us": 253.6, "samples": 24}
{"event": "attend", "rows": 32, "requests": 8, "tokens": 4, "geometry": [16, 4, 8], "passed": true, "largest": 0.004367, "rms": 0.002472, "gated_steps": 0, "gated_differ": 0, "from_rule": [0.004367, 0.002412], "cold_us": 317.63, "warm_us": 250.64, "cold_min_us": 312.93, "warm_min_us": 244.96, "samples": 24}
{"event": "attend", "rows": 32, "requests": 8, "tokens": 4, "geometry": [16, 4, 4], "passed": true, "largest": 0.004367, "rms": 0.002472, "gated_steps": 0, "gated_differ": 0, "from_rule": [0.004367, 0.002412], "cold_us": 317.58, "warm_us": 250.0, "cold_min_us": 313.47, "warm_min_us": 247.04, "samples": 24}
{"event": "attend", "rows": 32, "requests": 8, "tokens": 4, "geometry": [32, 4, 8], "passed": true, "largest": 0.004367, "rms": 0.002488, "gated_steps": 0, "gated_differ": 0, "from_rule": [0.004367, 0.002318], "cold_us": 322.53, "warm_us": 256.98, "cold_min_us": 313.7, "warm_min_us": 250.78, "samples": 24}
{"event": "attend", "rows": 32, "requests": 8, "tokens": 4, "geometry": [64, 4, 2], "passed": true, "largest": 0.004367, "rms": 0.002489, "gated_steps": 0, "gated_differ": 0, "from_rule": [0.004367, 0.002174], "cold_us": 316.29, "warm_us": 249.5, "cold_min_us": 313.02, "warm_min_us": 245.98, "samples": 24}
{"event": "attend", "rows": 32, "requests": 8, "tokens": 4, "geometry": [64, 8, 2], "passed": true, "largest": 0.004367, "rms": 0.002492, "gated_steps": 0, "gated_differ": 0, "from_rule": [0.0, 0.0], "cold_us": 316.06, "warm_us": 253.38, "cold_min_us": 313.54, "warm_min_us": 247.49, "samples": 24}
{"event": "attend_verdict", "rows": 32, "cold": {"rule": [64, 8, 2], "passing": 6, "failing": [], "fastest": [64, 8, 2], "fastest_us": 316.06, "rule_us": 316.06, "fastest_over_rule": 1.0}, "warm": {"rule": [64, 8, 2], "passing": 6, "failing": [], "fastest": [64, 4, 2], "fastest_us": 249.5, "rule_us": 253.38, "fastest_over_rule": 0.9847}}
{"event": "attend_prefill", "rows": 4096, "context": 28000, "geometry": [16, 1, 1], "passed": true, "largest": 0.004525, "rms": 0.00254, "gated_steps": 1, "gated_differ": 4, "from_rule": [0.003333, 0.001291], "median_us": 17047.2, "min_us": 16942.0, "samples": 7}
{"event": "attend_prefill", "rows": 4096, "context": 28000, "geometry": [16, 1, 2], "passed": true, "largest": 0.004525, "rms": 0.00254, "gated_steps": 1, "gated_differ": 4, "from_rule": [0.003333, 0.001291], "median_us": 8950.2, "min_us": 8904.8, "samples": 7}
{"event": "attend_prefill", "rows": 4096, "context": 28000, "geometry": [16, 1, 4], "passed": true, "largest": 0.004525, "rms": 0.00254, "gated_steps": 1, "gated_differ": 4, "from_rule": [0.003333, 0.001291], "median_us": 8860.2, "min_us": 8842.9, "samples": 7}
{"event": "attend_prefill", "rows": 4096, "context": 28000, "geometry": [16, 1, 8], "passed": true, "largest": 0.004525, "rms": 0.00254, "gated_steps": 1, "gated_differ": 4, "from_rule": [0.003333, 0.001291], "median_us": 11782.8, "min_us": 11769.8, "samples": 7}
{"event": "attend_prefill", "rows": 4096, "context": 28000, "geometry": [16, 4, 1], "passed": true, "largest": 0.004525, "rms": 0.00251, "gated_steps": 1, "gated_differ": 2, "from_rule": [0.003333, 0.002661], "median_us": 16540.0, "min_us": 16253.2, "samples": 7}
{"event": "attend_prefill", "rows": 4096, "context": 28000, "geometry": [16, 4, 2], "passed": true, "largest": 0.004525, "rms": 0.00251, "gated_steps": 1, "gated_differ": 2, "from_rule": [0.003333, 0.002661], "median_us": 9733.7, "min_us": 9693.1, "samples": 7}
{"event": "attend_prefill", "rows": 4096, "context": 28000, "geometry": [16, 4, 4], "passed": true, "largest": 0.004525, "rms": 0.00251, "gated_steps": 1, "gated_differ": 2, "from_rule": [0.003333, 0.002661], "median_us": 9732.1, "min_us": 9720.0, "samples": 7}
{"event": "attend_prefill", "rows": 4096, "context": 28000, "geometry": [16, 4, 8], "passed": true, "largest": 0.004525, "rms": 0.00251, "gated_steps": 1, "gated_differ": 2, "from_rule": [0.003333, 0.002661], "median_us": 12479.6, "min_us": 12458.4, "samples": 7}
{"event": "attend_prefill", "rows": 4096, "context": 28000, "geometry": [32, 1, 1], "passed": true, "largest": 0.004525, "rms": 0.002554, "gated_steps": 1, "gated_differ": 5, "from_rule": [0.003333, 0.001143], "median_us": 11728.0, "min_us": 11380.1, "samples": 7}
{"event": "attend_prefill", "rows": 4096, "context": 28000, "geometry": [32, 1, 2], "passed": true, "largest": 0.004525, "rms": 0.002554, "gated_steps": 1, "gated_differ": 5, "from_rule": [0.003333, 0.001143], "median_us": 12921.2, "min_us": 12627.9, "samples": 7}
{"event": "attend_prefill", "rows": 4096, "context": 28000, "geometry": [32, 1, 4], "passed": true, "largest": 0.004525, "rms": 0.002554, "gated_steps": 1, "gated_differ": 5, "from_rule": [0.003333, 0.001143], "median_us": 10568.9, "min_us": 10513.6, "samples": 7}
{"event": "attend_prefill", "rows": 4096, "context": 28000, "geometry": [32, 1, 8], "passed": true, "largest": 0.004525, "rms": 0.002554, "gated_steps": 1, "gated_differ": 5, "from_rule": [0.003333, 0.001143], "median_us": 9932.9, "min_us": 9911.9, "samples": 7}
{"event": "attend_prefill", "rows": 4096, "context": 28000, "geometry": [32, 4, 1], "passed": true, "largest": 0.004525, "rms": 0.002524, "gated_steps": 1, "gated_differ": 3, "from_rule": [0.003333, 0.002645], "median_us": 12461.0, "min_us": 12415.1, "samples": 7}
{"event": "attend_prefill", "rows": 4096, "context": 28000, "geometry": [32, 4, 2], "passed": true, "largest": 0.004525, "rms": 0.002524, "gated_steps": 1, "gated_differ": 3, "from_rule": [0.003333, 0.002645], "median_us": 14599.2, "min_us": 14495.2, "samples": 7}
{"event": "attend_prefill", "rows": 4096, "context": 28000, "geometry": [32, 4, 4], "passed": true, "largest": 0.004525, "rms": 0.002524, "gated_steps": 1, "gated_differ": 3, "from_rule": [0.003333, 0.002645], "median_us": 10850.3, "min_us": 10813.4, "samples": 7}
{"event": "attend_prefill", "rows": 4096, "context": 28000, "geometry": [32, 4, 8], "passed": true, "largest": 0.004525, "rms": 0.002524, "gated_steps": 1, "gated_differ": 3, "from_rule": [0.003333, 0.002645], "median_us": 11171.1, "min_us": 11143.4, "samples": 7}
{"event": "attend_prefill", "rows": 4096, "context": 28000, "geometry": [64, 1, 1], "passed": true, "largest": 0.004525, "rms": 0.002544, "gated_steps": 1, "gated_differ": 4, "from_rule": [0.001667, 1e-05], "median_us": 17632.1, "min_us": 17585.0, "samples": 7}
{"event": "attend_prefill", "rows": 4096, "context": 28000, "geometry": [64, 1, 2], "passed": true, "largest": 0.004525, "rms": 0.002544, "gated_steps": 1, "gated_differ": 4, "from_rule": [0.0, 0.0], "median_us": 11878.0, "min_us": 11855.3, "samples": 7}
{"event": "attend_prefill", "rows": 4096, "context": 28000, "geometry": [64, 1, 4], "passed": true, "largest": 0.004525, "rms": 0.002544, "gated_steps": 1, "gated_differ": 4, "from_rule": [0.001667, 9e-06], "median_us": 14898.7, "min_us": 14805.8, "samples": 7}
{"event": "attend_prefill", "rows": 4096, "context": 28000, "geometry": [64, 1, 8], "passed": true, "largest": 0.004525, "rms": 0.002544, "gated_steps": 1, "gated_differ": 4, "from_rule": [0.001667, 8e-06], "median_us": 13262.1, "min_us": 13246.4, "samples": 7}
{"event": "attend_prefill", "rows": 4096, "context": 28000, "geometry": [64, 4, 1], "passed": true, "largest": 0.004525, "rms": 0.002505, "gated_steps": 1, "gated_differ": 3, "from_rule": [0.003333, 0.002606], "median_us": 19270.2, "min_us": 19242.6, "samples": 7}
{"event": "attend_prefill", "rows": 4096, "context": 28000, "geometry": [64, 4, 2], "passed": true, "largest": 0.004525, "rms": 0.002505, "gated_steps": 1, "gated_differ": 3, "from_rule": [0.003333, 0.002606], "median_us": 13057.4, "min_us": 13029.4, "samples": 7}
{"event": "attend_prefill", "rows": 4096, "context": 28000, "geometry": [64, 4, 4], "passed": true, "largest": 0.004525, "rms": 0.002505, "gated_steps": 1, "gated_differ": 3, "from_rule": [0.003333, 0.002606], "median_us": 16350.8, "min_us": 16330.3, "samples": 7}
{"event": "attend_prefill", "rows": 4096, "context": 28000, "geometry": [64, 4, 8], "passed": true, "largest": 0.004525, "rms": 0.002505, "gated_steps": 1, "gated_differ": 3, "from_rule": [0.003333, 0.002606], "median_us": 15003.2, "min_us": 14987.7, "samples": 7}
{"event": "attend_prefill_verdict", "rows": 4096, "rule": [64, 1, 2], "passing": 24, "failing": [], "fastest": [16, 1, 4], "fastest_us": 8860.2, "rule_us": 11878.0, "fastest_over_rule": 0.7459}
{"event": "covered", "rows": 2048, "context": 0, "geometry": [16, 1, 1], "passed": true, "largest": 0.00071, "rms": 0.000848, "gated_steps": 0, "gated_differ": 0, "from_rule": [0.00142, 0.001339], "alike": true, "median_us": 9920.6, "min_us": 9782.6, "samples": 7}
{"event": "covered", "rows": 2048, "context": 0, "geometry": [16, 1, 2], "passed": true, "largest": 0.00071, "rms": 0.000848, "gated_steps": 0, "gated_differ": 0, "from_rule": [0.00142, 0.001339], "alike": true, "median_us": 3787.7, "min_us": 3729.7, "samples": 7}
{"event": "covered", "rows": 2048, "context": 0, "geometry": [16, 1, 4], "passed": true, "largest": 0.00071, "rms": 0.000848, "gated_steps": 0, "gated_differ": 0, "from_rule": [0.00142, 0.001339], "alike": true, "median_us": 1703.6, "min_us": 1697.9, "samples": 7}
{"event": "covered", "rows": 2048, "context": 0, "geometry": [16, 1, 8], "passed": true, "largest": 0.00071, "rms": 0.000848, "gated_steps": 0, "gated_differ": 0, "from_rule": [0.00142, 0.001339], "alike": true, "median_us": 2955.0, "min_us": 2929.8, "samples": 7}
{"event": "covered", "rows": 2048, "context": 0, "geometry": [16, 4, 1], "passed": true, "largest": 0.00071, "rms": 0.000845, "gated_steps": 0, "gated_differ": 0, "from_rule": [0.00142, 0.001559], "alike": true, "median_us": 11102.7, "min_us": 11005.1, "samples": 7}
{"event": "covered", "rows": 2048, "context": 0, "geometry": [16, 4, 2], "passed": true, "largest": 0.00071, "rms": 0.000845, "gated_steps": 0, "gated_differ": 0, "from_rule": [0.00142, 0.001559], "alike": true, "median_us": 3947.6, "min_us": 3935.7, "samples": 7}
{"event": "covered", "rows": 2048, "context": 0, "geometry": [16, 4, 4], "passed": true, "largest": 0.00071, "rms": 0.000845, "gated_steps": 0, "gated_differ": 0, "from_rule": [0.00142, 0.001559], "alike": true, "median_us": 2007.9, "min_us": 1996.0, "samples": 7}
{"event": "covered", "rows": 2048, "context": 0, "geometry": [16, 4, 8], "passed": true, "largest": 0.00071, "rms": 0.000845, "gated_steps": 0, "gated_differ": 0, "from_rule": [0.00142, 0.001559], "alike": true, "median_us": 3193.7, "min_us": 3185.3, "samples": 7}
{"event": "covered", "rows": 2048, "context": 0, "geometry": [32, 1, 1], "passed": true, "largest": 0.00071, "rms": 0.000861, "gated_steps": 0, "gated_differ": 0, "from_rule": [0.00071, 0.001064], "alike": true, "median_us": 8374.7, "min_us": 8322.5, "samples": 7}
{"event": "covered", "rows": 2048, "context": 0, "geometry": [32, 1, 2], "passed": true, "largest": 0.00071, "rms": 0.000861, "gated_steps": 0, "gated_differ": 0, "from_rule": [0.00071, 0.001064], "alike": true, "median_us": 2816.1, "min_us": 2771.5, "samples": 7}
{"event": "covered", "rows": 2048, "context": 0, "geometry": [32, 1, 4], "passed": true, "largest": 0.00071, "rms": 0.000861, "gated_steps": 0, "gated_differ": 0, "from_rule": [0.00071, 0.001064], "alike": true, "median_us": 1338.5, "min_us": 1306.1, "samples": 7}
{"event": "covered", "rows": 2048, "context": 0, "geometry": [32, 1, 8], "passed": true, "largest": 0.00071, "rms": 0.000861, "gated_steps": 0, "gated_differ": 0, "from_rule": [0.00071, 0.001064], "alike": true, "median_us": 1899.1, "min_us": 1874.1, "samples": 7}
{"event": "covered", "rows": 2048, "context": 0, "geometry": [32, 4, 1], "passed": true, "largest": 0.00071, "rms": 0.000857, "gated_steps": 0, "gated_differ": 0, "from_rule": [0.00071, 0.001349], "alike": true, "median_us": 9257.0, "min_us": 9137.6, "samples": 7}
{"event": "covered", "rows": 2048, "context": 0, "geometry": [32, 4, 2], "passed": true, "largest": 0.00071, "rms": 0.000857, "gated_steps": 0, "gated_differ": 0, "from_rule": [0.00071, 0.001349], "alike": true, "median_us": 3105.9, "min_us": 3078.8, "samples": 7}
{"event": "covered", "rows": 2048, "context": 0, "geometry": [32, 4, 4], "passed": true, "largest": 0.00071, "rms": 0.000857, "gated_steps": 0, "gated_differ": 0, "from_rule": [0.00071, 0.001349], "alike": true, "median_us": 1648.9, "min_us": 1641.0, "samples": 7}
{"event": "covered", "rows": 2048, "context": 0, "geometry": [32, 4, 8], "passed": true, "largest": 0.00071, "rms": 0.000857, "gated_steps": 0, "gated_differ": 0, "from_rule": [0.00071, 0.001349], "alike": true, "median_us": 2240.6, "min_us": 2217.8, "samples": 7}
{"event": "covered", "rows": 2048, "context": 0, "geometry": [64, 1, 1], "passed": true, "largest": 0.00071, "rms": 0.000867, "gated_steps": 1, "gated_differ": 1, "from_rule": [0.000178, 5e-06], "alike": true, "median_us": 11053.6, "min_us": 11008.3, "samples": 7}
{"event": "covered", "rows": 2048, "context": 0, "geometry": [64, 1, 2], "passed": true, "largest": 0.00071, "rms": 0.000867, "gated_steps": 1, "gated_differ": 1, "from_rule": [0.0, 0.0], "alike": true, "median_us": 3537.5, "min_us": 3522.4, "samples": 7}
{"event": "covered", "rows": 2048, "context": 0, "geometry": [64, 1, 4], "passed": true, "largest": 0.00071, "rms": 0.000867, "gated_steps": 1, "gated_differ": 1, "from_rule": [0.000178, 5e-06], "alike": true, "median_us": 2025.2, "min_us": 1994.1, "samples": 7}
{"event": "covered", "rows": 2048, "context": 0, "geometry": [64, 1, 8], "passed": true, "largest": 0.00071, "rms": 0.000867, "gated_steps": 1, "gated_differ": 1, "from_rule": [0.000178, 7e-06], "alike": true, "median_us": 1438.4, "min_us": 1415.0, "samples": 7}
{"event": "covered", "rows": 2048, "context": 0, "geometry": [64, 4, 1], "passed": true, "largest": 0.00071, "rms": 0.000863, "gated_steps": 1, "gated_differ": 2, "from_rule": [0.000355, 0.000948], "alike": true, "median_us": 11867.9, "min_us": 11833.8, "samples": 7}
{"event": "covered", "rows": 2048, "context": 0, "geometry": [64, 4, 2], "passed": true, "largest": 0.00071, "rms": 0.000863, "gated_steps": 1, "gated_differ": 2, "from_rule": [0.000355, 0.000948], "alike": true, "median_us": 4398.6, "min_us": 4381.1, "samples": 7}
{"event": "covered", "rows": 2048, "context": 0, "geometry": [64, 4, 4], "passed": true, "largest": 0.00071, "rms": 0.000863, "gated_steps": 1, "gated_differ": 2, "from_rule": [0.000355, 0.000948], "alike": true, "median_us": 2417.0, "min_us": 2399.6, "samples": 7}
{"event": "covered", "rows": 2048, "context": 0, "geometry": [64, 4, 8], "passed": true, "largest": 0.00071, "rms": 0.000863, "gated_steps": 1, "gated_differ": 2, "from_rule": [0.000355, 0.000948], "alike": true, "median_us": 1802.0, "min_us": 1784.3, "samples": 7}
{"event": "covered_verdict", "rows": 2048, "rule": [64, 1, 2], "passing": 24, "failing": [], "fastest": [32, 1, 4], "fastest_us": 1338.5, "rule_us": 3537.5, "fastest_over_rule": 0.3784}
{"event": "score", "bucket": 4096, "rows": 2, "columns": 1152, "group": 2, "geometry": [64, 1, 1], "passed": true, "launched": true, "largest_difference": 0.0, "cold_us": 27.15, "warm_us": 16.26, "cold_min_us": 20.42, "warm_min_us": 13.12, "samples": 24}
{"event": "score", "bucket": 4096, "rows": 2, "columns": 1152, "group": 2, "geometry": [64, 1, 2], "passed": true, "launched": true, "largest_difference": 0.0, "cold_us": 25.89, "warm_us": 15.25, "cold_min_us": 19.26, "warm_min_us": 12.54, "samples": 24}
{"event": "score", "bucket": 4096, "rows": 2, "columns": 1152, "group": 2, "geometry": [64, 1, 4], "passed": true, "launched": true, "largest_difference": 0.0, "cold_us": 24.88, "warm_us": 16.45, "cold_min_us": 20.38, "warm_min_us": 12.8, "samples": 24}
{"event": "score", "bucket": 4096, "rows": 2, "columns": 1152, "group": 2, "geometry": [64, 4, 1], "passed": true, "launched": true, "largest_difference": 0.0, "cold_us": 28.08, "warm_us": 20.0, "cold_min_us": 25.38, "warm_min_us": 16.64, "samples": 24}
{"event": "score", "bucket": 4096, "rows": 2, "columns": 1152, "group": 2, "geometry": [64, 4, 2], "passed": true, "launched": true, "largest_difference": 0.0, "cold_us": 24.91, "warm_us": 15.57, "cold_min_us": 20.67, "warm_min_us": 12.93, "samples": 24}
{"event": "score", "bucket": 4096, "rows": 2, "columns": 1152, "group": 2, "geometry": [64, 4, 4], "passed": true, "launched": true, "largest_difference": 0.0, "cold_us": 24.91, "warm_us": 15.23, "cold_min_us": 21.76, "warm_min_us": 13.41, "samples": 24}
{"event": "score", "bucket": 4096, "rows": 2, "columns": 1152, "group": 2, "geometry": [128, 1, 1], "passed": true, "launched": true, "largest_difference": 0.0, "cold_us": 26.3, "warm_us": 16.29, "cold_min_us": 23.04, "warm_min_us": 14.62, "samples": 24}
{"event": "score", "bucket": 4096, "rows": 2, "columns": 1152, "group": 2, "geometry": [128, 1, 2], "passed": true, "launched": true, "largest_difference": 0.0, "cold_us": 25.15, "warm_us": 14.94, "cold_min_us": 21.63, "warm_min_us": 13.22, "samples": 24}
{"event": "score", "bucket": 4096, "rows": 2, "columns": 1152, "group": 2, "geometry": [128, 1, 4], "passed": true, "launched": true, "largest_difference": 0.0, "cold_us": 26.02, "warm_us": 15.55, "cold_min_us": 19.49, "warm_min_us": 12.74, "samples": 24}
{"event": "score", "bucket": 4096, "rows": 2, "columns": 1152, "group": 2, "geometry": [128, 4, 1], "passed": true, "launched": true, "largest_difference": 0.0, "cold_us": 39.62, "warm_us": 32.99, "cold_min_us": 37.7, "warm_min_us": 31.14, "samples": 24}
{"event": "score", "bucket": 4096, "rows": 2, "columns": 1152, "group": 2, "geometry": [128, 4, 2], "passed": true, "launched": true, "largest_difference": 0.0, "cold_us": 28.21, "warm_us": 21.42, "cold_min_us": 26.08, "warm_min_us": 19.3, "samples": 24}
{"event": "score", "bucket": 4096, "rows": 2, "columns": 1152, "group": 2, "geometry": [128, 4, 4], "passed": true, "launched": true, "largest_difference": 0.0, "cold_us": 26.98, "warm_us": 16.59, "cold_min_us": 22.02, "warm_min_us": 14.82, "samples": 24}
{"event": "score", "bucket": 4096, "rows": 2, "columns": 1152, "group": 2, "geometry": [256, 1, 1], "passed": true, "launched": true, "largest_difference": 0.0, "cold_us": 64.14, "warm_us": 46.78, "cold_min_us": 63.33, "warm_min_us": 44.32, "samples": 24}
{"event": "score", "bucket": 4096, "rows": 2, "columns": 1152, "group": 2, "geometry": [256, 1, 2], "passed": true, "launched": true, "largest_difference": 0.0, "cold_us": 27.87, "warm_us": 18.3, "cold_min_us": 24.67, "warm_min_us": 16.64, "samples": 24}
{"event": "score", "bucket": 4096, "rows": 2, "columns": 1152, "group": 2, "geometry": [256, 1, 4], "passed": true, "launched": true, "largest_difference": 0.0, "cold_us": 25.6, "warm_us": 15.79, "cold_min_us": 20.99, "warm_min_us": 13.5, "samples": 24}
{"event": "score", "bucket": 4096, "rows": 2, "columns": 1152, "group": 2, "geometry": [256, 4, 1], "passed": true, "launched": true, "largest_difference": 0.0, "cold_us": 159.22, "warm_us": 128.42, "cold_min_us": 156.16, "warm_min_us": 125.98, "samples": 24}
{"event": "score", "bucket": 4096, "rows": 2, "columns": 1152, "group": 2, "geometry": [256, 4, 2], "passed": true, "launched": true, "largest_difference": 0.0, "cold_us": 47.63, "warm_us": 39.47, "cold_min_us": 46.18, "warm_min_us": 37.41, "samples": 24}
{"event": "score", "bucket": 4096, "rows": 2, "columns": 1152, "group": 2, "geometry": [256, 4, 4], "passed": true, "launched": true, "largest_difference": 0.0, "cold_us": 30.86, "warm_us": 23.87, "cold_min_us": 29.18, "warm_min_us": 22.18, "samples": 24}
{"event": "score_verdict", "bucket": 4096, "rows": 2, "cold": {"rule": [64, 1, 2], "passing": 18, "failing": [], "fastest": [64, 1, 4], "fastest_us": 24.88, "rule_us": 25.89, "fastest_over_rule": 0.961}, "warm": {"rule": [64, 1, 2], "passing": 18, "failing": [], "fastest": [128, 1, 2], "fastest_us": 14.94, "rule_us": 15.25, "fastest_over_rule": 0.9797}}
{"event": "score", "bucket": 4096, "rows": 8, "columns": 1152, "group": 2, "geometry": [64, 1, 1], "passed": true, "launched": true, "largest_difference": 0.0, "cold_us": 20.18, "warm_us": 9.15, "cold_min_us": 19.01, "warm_min_us": 8.77, "samples": 24}
{"event": "score", "bucket": 4096, "rows": 8, "columns": 1152, "group": 2, "geometry": [64, 1, 2], "passed": true, "launched": true, "largest_difference": 0.0, "cold_us": 18.75, "warm_us": 7.49, "cold_min_us": 17.89, "warm_min_us": 7.1, "samples": 24}
{"event": "score", "bucket": 4096, "rows": 8, "columns": 1152, "group": 2, "geometry": [64, 1, 4], "passed": true, "launched": true, "largest_difference": 0.0, "cold_us": 19.14, "warm_us": 7.78, "cold_min_us": 18.27, "warm_min_us": 7.17, "samples": 24}
{"event": "score", "bucket": 4096, "rows": 8, "columns": 1152, "group": 2, "geometry": [64, 4, 1], "passed": true, "launched": true, "largest_difference": 0.0, "cold_us": 23.98, "warm_us": 15.18, "cold_min_us": 21.95, "warm_min_us": 14.66, "samples": 24}
{"event": "score", "bucket": 4096, "rows": 8, "columns": 1152, "group": 2, "geometry": [64, 4, 2], "passed": true, "launched": true, "largest_difference": 0.0, "cold_us": 19.5, "warm_us": 11.04, "cold_min_us": 17.31, "warm_min_us": 10.18, "samples": 24}
{"event": "score", "bucket": 4096, "rows": 8, "columns": 1152, "group": 2, "geometry": [64, 4, 4], "passed": true, "launched": true, "largest_difference": 0.0, "cold_us": 20.82, "warm_us": 11.01, "cold_min_us": 19.07, "warm_min_us": 10.34, "samples": 24}
{"event": "score", "bucket": 4096, "rows": 8, "columns": 1152, "group": 2, "geometry": [128, 1, 1], "passed": true, "launched": true, "largest_difference": 0.0, "cold_us": 25.12, "warm_us": 15.17, "cold_min_us": 24.29, "warm_min_us": 13.25, "samples": 24}
{"event": "score", "bucket": 4096, "rows": 8, "columns": 1152, "group": 2, "geometry": [128, 1, 2], "passed": true, "launched": true, "largest_difference": 0.0, "cold_us": 20.43, "warm_us": 9.12, "cold_min_us": 19.39, "warm_min_us": 8.7, "samples": 24}
{"event": "score", "bucket": 4096, "rows": 8, "columns": 1152, "group": 2, "geometry": [128, 1, 4], "passed": true, "launched": true, "largest_difference": 0.0, "cold_us": 19.31, "warm_us": 7.38, "cold_min_us": 17.98, "warm_min_us": 7.04, "samples": 24}
{"event": "score", "bucket": 4096, "rows": 8, "columns": 1152, "group": 2, "geometry": [128, 4, 1], "passed": true, "launched": true, "largest_difference": 0.0, "cold_us": 36.53, "warm_us": 27.97, "cold_min_us": 35.62, "warm_min_us": 27.39, "samples": 24}
{"event": "score", "bucket": 4096, "rows": 8, "columns": 1152, "group": 2, "geometry": [128, 4, 2], "passed": true, "launched": true, "largest_difference": 0.0, "cold_us": 24.34, "warm_us": 17.25, "cold_min_us": 23.74, "warm_min_us": 16.86, "samples": 24}
{"event": "score", "bucket": 4096, "rows": 8, "columns": 1152, "group": 2, "geometry": [128, 4, 4], "passed": true, "launched": true, "largest_difference": 0.0, "cold_us": 21.06, "warm_us": 13.04, "cold_min_us": 19.17, "warm_min_us": 12.29, "samples": 24}
{"event": "score", "bucket": 4096, "rows": 8, "columns": 1152, "group": 2, "geometry": [256, 1, 1], "passed": true, "launched": true, "largest_difference": 0.0, "cold_us": 64.4, "warm_us": 41.78, "cold_min_us": 62.82, "warm_min_us": 40.0, "samples": 24}
{"event": "score", "bucket": 4096, "rows": 8, "columns": 1152, "group": 2, "geometry": [256, 1, 2], "passed": true, "launched": true, "largest_difference": 0.0, "cold_us": 27.09, "warm_us": 16.26, "cold_min_us": 25.82, "warm_min_us": 15.39, "samples": 24}
{"event": "score", "bucket": 4096, "rows": 8, "columns": 1152, "group": 2, "geometry": [256, 1, 4], "passed": true, "launched": true, "largest_difference": 0.0, "cold_us": 20.46, "warm_us": 9.18, "cold_min_us": 19.52, "warm_min_us": 8.86, "samples": 24}
{"event": "score", "bucket": 4096, "rows": 8, "columns": 1152, "group": 2, "geometry": [256, 4, 1], "passed": true, "launched": true, "largest_difference": 0.0, "cold_us": 151.84, "warm_us": 125.98, "cold_min_us": 149.54, "warm_min_us": 125.54, "samples": 24}
{"event": "score", "bucket": 4096, "rows": 8, "columns": 1152, "group": 2, "geometry": [256, 4, 2], "passed": true, "launched": true, "largest_difference": 0.0, "cold_us": 42.58, "warm_us": 35.63, "cold_min_us": 42.02, "warm_min_us": 34.82, "samples": 24}
{"event": "score", "bucket": 4096, "rows": 8, "columns": 1152, "group": 2, "geometry": [256, 4, 4], "passed": true, "launched": true, "largest_difference": 0.0, "cold_us": 26.61, "warm_us": 21.06, "cold_min_us": 25.57, "warm_min_us": 19.36, "samples": 24}
{"event": "score_verdict", "bucket": 4096, "rows": 8, "cold": {"rule": [64, 1, 2], "passing": 18, "failing": [], "fastest": [64, 1, 2], "fastest_us": 18.75, "rule_us": 18.75, "fastest_over_rule": 1.0}, "warm": {"rule": [64, 1, 2], "passing": 18, "failing": [], "fastest": [128, 1, 4], "fastest_us": 7.38, "rule_us": 7.49, "fastest_over_rule": 0.9853}}
{"event": "score", "bucket": 32768, "rows": 2, "columns": 8256, "group": 2, "geometry": [64, 1, 1], "passed": true, "launched": true, "largest_difference": 0.0, "cold_us": 35.57, "warm_us": 15.6, "cold_min_us": 33.98, "warm_min_us": 13.18, "samples": 24}
{"event": "score", "bucket": 32768, "rows": 2, "columns": 8256, "group": 2, "geometry": [64, 1, 2], "passed": true, "launched": true, "largest_difference": 0.0, "cold_us": 34.96, "warm_us": 15.79, "cold_min_us": 33.57, "warm_min_us": 13.06, "samples": 24}
{"event": "score", "bucket": 32768, "rows": 2, "columns": 8256, "group": 2, "geometry": [64, 1, 4], "passed": true, "launched": true, "largest_difference": 0.0, "cold_us": 34.83, "warm_us": 15.15, "cold_min_us": 33.79, "warm_min_us": 13.06, "samples": 24}
{"event": "score", "bucket": 32768, "rows": 2, "columns": 8256, "group": 2, "geometry": [64, 4, 1], "passed": true, "launched": true, "largest_difference": 0.0, "cold_us": 35.33, "warm_us": 19.74, "cold_min_us": 33.22, "warm_min_us": 17.79, "samples": 24}
{"event": "score", "bucket": 32768, "rows": 2, "columns": 8256, "group": 2, "geometry": [64, 4, 2], "passed": true, "launched": true, "largest_difference": 0.0, "cold_us": 32.32, "warm_us": 15.49, "cold_min_us": 31.1, "warm_min_us": 13.38, "samples": 24}
{"event": "score", "bucket": 32768, "rows": 2, "columns": 8256, "group": 2, "geometry": [64, 4, 4], "passed": true, "launched": true, "largest_difference": 0.0, "cold_us": 32.98, "warm_us": 16.56, "cold_min_us": 32.03, "warm_min_us": 14.62, "samples": 24}
{"event": "score", "bucket": 32768, "rows": 2, "columns": 8256, "group": 2, "geometry": [128, 1, 1], "passed": true, "launched": true, "largest_difference": 0.0, "cold_us": 43.2, "warm_us": 21.38, "cold_min_us": 41.22, "warm_min_us": 19.07, "samples": 24}
{"event": "score", "bucket": 32768, "rows": 2, "columns": 8256, "group": 2, "geometry": [128, 1, 2], "passed": true, "launched": true, "largest_difference": 0.0, "cold_us": 37.06, "warm_us": 15.7, "cold_min_us": 34.85, "warm_min_us": 13.57, "samples": 24}
{"event": "score", "bucket": 32768, "rows": 2, "columns": 8256, "group": 2, "geometry": [128, 1, 4], "passed": true, "launched": true, "largest_difference": 0.0, "cold_us": 34.69, "warm_us": 14.99, "cold_min_us": 33.66, "warm_min_us": 12.86, "samples": 24}
{"event": "score", "bucket": 32768, "rows": 2, "columns": 8256, "group": 2, "geometry": [128, 4, 1], "passed": true, "launched": true, "largest_difference": 0.0, "cold_us": 51.44, "warm_us": 32.06, "cold_min_us": 49.63, "warm_min_us": 30.94, "samples": 24}
{"event": "score", "bucket": 32768, "rows": 2, "columns": 8256, "group": 2, "geometry": [128, 4, 2], "passed": true, "launched": true, "largest_difference": 0.0, "cold_us": 37.28, "warm_us": 20.77, "cold_min_us": 35.42, "warm_min_us": 19.46, "samples": 24}
{"event": "score", "bucket": 32768, "rows": 2, "columns": 8256, "group": 2, "geometry": [128, 4, 4], "passed": true, "launched": true, "largest_difference": 0.0, "cold_us": 34.4, "warm_us": 17.84, "cold_min_us": 32.42, "warm_min_us": 15.14, "samples": 24}
{"event": "score", "bucket": 32768, "rows": 2, "columns": 8256, "group": 2, "geometry": [256, 1, 1], "passed": true, "launched": true, "largest_difference": 0.0, "cold_us": 86.16, "warm_us": 48.29, "cold_min_us": 84.26, "warm_min_us": 46.11, "samples": 24}
{"event": "score", "bucket": 32768, "rows": 2, "columns": 8256, "group": 2, "geometry": [256, 1, 2], "passed": true, "launched": true, "largest_difference": 0.0, "cold_us": 44.16, "warm_us": 22.46, "cold_min_us": 42.27, "warm_min_us": 20.48, "samples": 24}
{"event": "score", "bucket": 32768, "rows": 2, "columns": 8256, "group": 2, "geometry": [256, 1, 4], "passed": true, "launched": true, "largest_difference": 0.0, "cold_us": 36.67, "warm_us": 15.41, "cold_min_us": 34.72, "warm_min_us": 13.57, "samples": 24}
{"event": "score", "bucket": 32768, "rows": 2, "columns": 8256, "group": 2, "geometry": [256, 4, 1], "passed": true, "launched": true, "largest_difference": 0.0, "cold_us": 159.41, "warm_us": 130.54, "cold_min_us": 157.57, "warm_min_us": 127.58, "samples": 24}
{"event": "score", "bucket": 32768, "rows": 2, "columns": 8256, "group": 2, "geometry": [256, 4, 2], "passed": true, "launched": true, "largest_difference": 0.0, "cold_us": 56.91, "warm_us": 39.78, "cold_min_us": 55.17, "warm_min_us": 37.89, "samples": 24}
{"event": "score", "bucket": 32768, "rows": 2, "columns": 8256, "group": 2, "geometry": [256, 4, 4], "passed": true, "launched": true, "largest_difference": 0.0, "cold_us": 41.02, "warm_us": 25.25, "cold_min_us": 38.11, "warm_min_us": 23.65, "samples": 24}
{"event": "score_verdict", "bucket": 32768, "rows": 2, "cold": {"rule": [64, 1, 2], "passing": 18, "failing": [], "fastest": [64, 4, 2], "fastest_us": 32.32, "rule_us": 34.96, "fastest_over_rule": 0.9245}, "warm": {"rule": [64, 1, 2], "passing": 18, "failing": [], "fastest": [128, 1, 4], "fastest_us": 14.99, "rule_us": 15.79, "fastest_over_rule": 0.9493}}
{"event": "score", "bucket": 32768, "rows": 8, "columns": 8256, "group": 2, "geometry": [64, 1, 1], "passed": true, "launched": true, "largest_difference": 0.0, "cold_us": 83.84, "warm_us": 28.16, "cold_min_us": 81.79, "warm_min_us": 25.6, "samples": 24}
{"event": "score", "bucket": 32768, "rows": 8, "columns": 8256, "group": 2, "geometry": [64, 1, 2], "passed": true, "launched": true, "largest_difference": 0.0, "cold_us": 82.34, "warm_us": 23.73, "cold_min_us": 80.8, "warm_min_us": 21.86, "samples": 24}
{"event": "score", "bucket": 32768, "rows": 8, "columns": 8256, "group": 2, "geometry": [64, 1, 4], "passed": true, "launched": true, "largest_difference": 0.0, "cold_us": 82.1, "warm_us": 26.54, "cold_min_us": 80.8, "warm_min_us": 22.98, "samples": 24}
{"event": "score", "bucket": 32768, "rows": 8, "columns": 8256, "group": 2, "geometry": [64, 4, 1], "passed": true, "launched": true, "largest_difference": 0.0, "cold_us": 84.62, "warm_us": 27.5, "cold_min_us": 82.82, "warm_min_us": 23.23, "samples": 24}
{"event": "score", "bucket": 32768, "rows": 8, "columns": 8256, "group": 2, "geometry": [64, 4, 2], "passed": true, "launched": true, "largest_difference": 0.0, "cold_us": 83.82, "warm_us": 24.11, "cold_min_us": 81.38, "warm_min_us": 21.25, "samples": 24}
{"event": "score", "bucket": 32768, "rows": 8, "columns": 8256, "group": 2, "geometry": [64, 4, 4], "passed": true, "launched": true, "largest_difference": 0.0, "cold_us": 82.91, "warm_us": 25.02, "cold_min_us": 80.45, "warm_min_us": 21.86, "samples": 24}
{"event": "score", "bucket": 32768, "rows": 8, "columns": 8256, "group": 2, "geometry": [128, 1, 1], "passed": true, "launched": true, "largest_difference": 0.0, "cold_us": 104.05, "warm_us": 40.99, "cold_min_us": 102.62, "warm_min_us": 37.15, "samples": 24}
{"event": "score", "bucket": 32768, "rows": 8, "columns": 8256, "group": 2, "geometry": [128, 1, 2], "passed": true, "launched": true, "largest_difference": 0.0, "cold_us": 83.98, "warm_us": 29.31, "cold_min_us": 82.69, "warm_min_us": 25.47, "samples": 24}
{"event": "score", "bucket": 32768, "rows": 8, "columns": 8256, "group": 2, "geometry": [128, 1, 4], "passed": true, "launched": true, "largest_difference": 0.0, "cold_us": 82.8, "warm_us": 24.99, "cold_min_us": 81.06, "warm_min_us": 22.18, "samples": 24}
{"event": "score", "bucket": 32768, "rows": 8, "columns": 8256, "group": 2, "geometry": [128, 4, 1], "passed": true, "launched": true, "largest_difference": 0.0, "cold_us": 95.46, "warm_us": 40.11, "cold_min_us": 94.24, "warm_min_us": 38.78, "samples": 24}
{"event": "score", "bucket": 32768, "rows": 8, "columns": 8256, "group": 2, "geometry": [128, 4, 2], "passed": true, "launched": true, "largest_difference": 0.0, "cold_us": 84.37, "warm_us": 29.73, "cold_min_us": 83.07, "warm_min_us": 26.94, "samples": 24}
{"event": "score", "bucket": 32768, "rows": 8, "columns": 8256, "group": 2, "geometry": [128, 4, 4], "passed": true, "launched": true, "largest_difference": 0.0, "cold_us": 82.19, "warm_us": 27.28, "cold_min_us": 80.1, "warm_min_us": 24.35, "samples": 24}
{"event": "score", "bucket": 32768, "rows": 8, "columns": 8256, "group": 2, "geometry": [256, 1, 1], "passed": true, "launched": true, "largest_difference": 0.0, "cold_us": 201.46, "warm_us": 141.09, "cold_min_us": 195.07, "warm_min_us": 137.18, "samples": 24}
{"event": "score", "bucket": 32768, "rows": 8, "columns": 8256, "group": 2, "geometry": [256, 1, 2], "passed": true, "launched": true, "largest_difference": 0.0, "cold_us": 105.33, "warm_us": 44.05, "cold_min_us": 102.98, "warm_min_us": 40.86, "samples": 24}
{"event": "score", "bucket": 32768, "rows": 8, "columns": 8256, "group": 2, "geometry": [256, 1, 4], "passed": true, "launched": true, "largest_difference": 0.0, "cold_us": 83.44, "warm_us": 31.79, "cold_min_us": 81.22, "warm_min_us": 28.45, "samples": 24}
{"event": "score", "bucket": 32768, "rows": 8, "columns": 8256, "group": 2, "geometry": [256, 4, 1], "passed": true, "launched": true, "largest_difference": 0.0, "cold_us": 193.73, "warm_us": 140.21, "cold_min_us": 190.88, "warm_min_us": 135.3, "samples": 24}
{"event": "score", "bucket": 32768, "rows": 8, "columns": 8256, "group": 2, "geometry": [256, 4, 2], "passed": true, "launched": true, "largest_difference": 0.0, "cold_us": 96.38, "warm_us": 45.42, "cold_min_us": 94.4, "warm_min_us": 42.27, "samples": 24}
{"event": "score", "bucket": 32768, "rows": 8, "columns": 8256, "group": 2, "geometry": [256, 4, 4], "passed": true, "launched": true, "largest_difference": 0.0, "cold_us": 83.34, "warm_us": 33.76, "cold_min_us": 81.28, "warm_min_us": 29.38, "samples": 24}
{"event": "score_verdict", "bucket": 32768, "rows": 8, "cold": {"rule": [64, 1, 2], "passing": 18, "failing": [], "fastest": [64, 1, 4], "fastest_us": 82.1, "rule_us": 82.34, "fastest_over_rule": 0.9971}, "warm": {"rule": [64, 1, 2], "passing": 18, "failing": [], "fastest": [64, 1, 2], "fastest_us": 23.73, "rule_us": 23.73, "fastest_over_rule": 1.0}}
{"event": "score", "bucket": 262144, "rows": 2, "columns": 65664, "group": 2, "geometry": [64, 1, 1], "passed": true, "launched": true, "largest_difference": 0.0, "cold_us": 139.79, "warm_us": 43.7, "cold_min_us": 136.96, "warm_min_us": 41.6, "samples": 24}
{"event": "score", "bucket": 262144, "rows": 2, "columns": 65664, "group": 2, "geometry": [64, 1, 2], "passed": true, "launched": true, "largest_difference": 0.0, "cold_us": 135.1, "warm_us": 40.35, "cold_min_us": 133.92, "warm_min_us": 38.5, "samples": 24}
{"event": "score", "bucket": 262144, "rows": 2, "columns": 65664, "group": 2, "geometry": [64, 1, 4], "passed": true, "launched": true, "largest_difference": 0.0, "cold_us": 137.41, "warm_us": 39.38, "cold_min_us": 136.03, "warm_min_us": 37.92, "samples": 24}
{"event": "score", "bucket": 262144, "rows": 2, "columns": 65664, "group": 2, "geometry": [64, 4, 1], "passed": true, "launched": true, "largest_difference": 0.0, "cold_us": 140.18, "warm_us": 41.15, "cold_min_us": 138.24, "warm_min_us": 39.65, "samples": 24}
{"event": "score", "bucket": 262144, "rows": 2, "columns": 65664, "group": 2, "geometry": [64, 4, 2], "passed": true, "launched": true, "largest_difference": 0.0, "cold_us": 137.38, "warm_us": 38.13, "cold_min_us": 136.35, "warm_min_us": 36.32, "samples": 24}
{"event": "score", "bucket": 262144, "rows": 2, "columns": 65664, "group": 2, "geometry": [64, 4, 4], "passed": true, "launched": true, "largest_difference": 0.0, "cold_us": 139.09, "warm_us": 37.02, "cold_min_us": 136.8, "warm_min_us": 35.58, "samples": 24}
{"event": "score", "bucket": 262144, "rows": 2, "columns": 65664, "group": 2, "geometry": [128, 1, 1], "passed": true, "launched": true, "largest_difference": 0.0, "cold_us": 148.48, "warm_us": 64.4, "cold_min_us": 145.6, "warm_min_us": 61.95, "samples": 24}
{"event": "score", "bucket": 262144, "rows": 2, "columns": 65664, "group": 2, "geometry": [128, 1, 2], "passed": true, "launched": true, "largest_difference": 0.0, "cold_us": 138.11, "warm_us": 44.72, "cold_min_us": 136.03, "warm_min_us": 42.24, "samples": 24}
{"event": "score", "bucket": 262144, "rows": 2, "columns": 65664, "group": 2, "geometry": [128, 1, 4], "passed": true, "launched": true, "largest_difference": 0.0, "cold_us": 138.05, "warm_us": 37.92, "cold_min_us": 136.03, "warm_min_us": 36.54, "samples": 24}
{"event": "score", "bucket": 262144, "rows": 2, "columns": 65664, "group": 2, "geometry": [128, 4, 1], "passed": true, "launched": true, "largest_difference": 0.0, "cold_us": 156.66, "warm_us": 71.23, "cold_min_us": 154.02, "warm_min_us": 68.54, "samples": 24}
{"event": "score", "bucket": 262144, "rows": 2, "columns": 65664, "group": 2, "geometry": [128, 4, 2], "passed": true, "launched": true, "largest_difference": 0.0, "cold_us": 141.34, "warm_us": 47.76, "cold_min_us": 138.66, "warm_min_us": 45.22, "samples": 24}
{"event": "score", "bucket": 262144, "rows": 2, "columns": 65664, "group": 2, "geometry": [128, 4, 4], "passed": true, "launched": true, "largest_difference": 0.0, "cold_us": 139.52, "warm_us": 40.88, "cold_min_us": 137.89, "warm_min_us": 38.27, "samples": 24}
{"event": "score", "bucket": 262144, "rows": 2, "columns": 65664, "group": 2, "geometry": [256, 1, 1], "passed": true, "launched": true, "largest_difference": 0.0, "cold_us": 318.85, "warm_us": 246.74, "cold_min_us": 306.78, "warm_min_us": 236.06, "samples": 24}
{"event": "score", "bucket": 262144, "rows": 2, "columns": 65664, "group": 2, "geometry": [256, 1, 2], "passed": true, "launched": true, "largest_difference": 0.0, "cold_us": 150.91, "warm_us": 71.94, "cold_min_us": 147.55, "warm_min_us": 68.64, "samples": 24}
{"event": "score", "bucket": 262144, "rows": 2, "columns": 65664, "group": 2, "geometry": [256, 1, 4], "passed": true, "launched": true, "largest_difference": 0.0, "cold_us": 139.14, "warm_us": 45.78, "cold_min_us": 136.61, "warm_min_us": 43.55, "samples": 24}
{"event": "score", "bucket": 262144, "rows": 2, "columns": 65664, "group": 2, "geometry": [256, 4, 1], "passed": true, "launched": true, "largest_difference": 0.0, "cold_us": 351.89, "warm_us": 271.79, "cold_min_us": 343.39, "warm_min_us": 266.11, "samples": 24}
{"event": "score", "bucket": 262144, "rows": 2, "columns": 65664, "group": 2, "geometry": [256, 4, 2], "passed": true, "launched": true, "largest_difference": 0.0, "cold_us": 161.7, "warm_us": 80.29, "cold_min_us": 158.43, "warm_min_us": 77.79, "samples": 24}
{"event": "score", "bucket": 262144, "rows": 2, "columns": 65664, "group": 2, "geometry": [256, 4, 4], "passed": true, "launched": true, "largest_difference": 0.0, "cold_us": 142.26, "warm_us": 51.52, "cold_min_us": 140.64, "warm_min_us": 47.84, "samples": 24}
{"event": "score_verdict", "bucket": 262144, "rows": 2, "cold": {"rule": [64, 1, 2], "passing": 18, "failing": [], "fastest": [64, 1, 2], "fastest_us": 135.1, "rule_us": 135.1, "fastest_over_rule": 1.0}, "warm": {"rule": [64, 1, 2], "passing": 18, "failing": [], "fastest": [64, 4, 4], "fastest_us": 37.02, "rule_us": 40.35, "fastest_over_rule": 0.9175}}
{"event": "score", "bucket": 262144, "rows": 8, "columns": 65664, "group": 2, "geometry": [64, 1, 1], "passed": true, "launched": true, "largest_difference": 0.0, "cold_us": 339.73, "warm_us": 277.28, "cold_min_us": 334.37, "warm_min_us": 274.56, "samples": 24}
{"event": "score", "bucket": 262144, "rows": 8, "columns": 65664, "group": 2, "geometry": [64, 1, 2], "passed": true, "launched": true, "largest_difference": 0.0, "cold_us": 340.59, "warm_us": 275.7, "cold_min_us": 337.6, "warm_min_us": 271.65, "samples": 24}
{"event": "score", "bucket": 262144, "rows": 8, "columns": 65664, "group": 2, "geometry": [64, 1, 4], "passed": true, "launched": true, "largest_difference": 0.0, "cold_us": 339.98, "warm_us": 275.78, "cold_min_us": 336.67, "warm_min_us": 270.94, "samples": 24}
{"event": "score", "bucket": 262144, "rows": 8, "columns": 65664, "group": 2, "geometry": [64, 4, 1], "passed": true, "launched": true, "largest_difference": 0.0, "cold_us": 345.28, "warm_us": 280.22, "cold_min_us": 341.82, "warm_min_us": 275.55, "samples": 24}
{"event": "score", "bucket": 262144, "rows": 8, "columns": 65664, "group": 2, "geometry": [64, 4, 2], "passed": true, "launched": true, "largest_difference": 0.0, "cold_us": 343.7, "warm_us": 276.88, "cold_min_us": 339.68, "warm_min_us": 274.24, "samples": 24}
{"event": "score", "bucket": 262144, "rows": 8, "columns": 65664, "group": 2, "geometry": [64, 4, 4], "passed": true, "launched": true, "largest_difference": 0.0, "cold_us": 343.97, "warm_us": 278.5, "cold_min_us": 341.89, "warm_min_us": 275.49, "samples": 24}
{"event": "score", "bucket": 262144, "rows": 8, "columns": 65664, "group": 2, "geometry": [128, 1, 1], "passed": true, "launched": true, "largest_difference": 0.0, "cold_us": 351.41, "warm_us": 296.1, "cold_min_us": 345.89, "warm_min_us": 291.2, "samples": 24}
{"event": "score", "bucket": 262144, "rows": 8, "columns": 65664, "group": 2, "geometry": [128, 1, 2], "passed": true, "launched": true, "largest_difference": 0.0, "cold_us": 341.58, "warm_us": 278.05, "cold_min_us": 339.26, "warm_min_us": 274.14, "samples": 24}
{"event": "score", "bucket": 262144, "rows": 8, "columns": 65664, "group": 2, "geometry": [128, 1, 4], "passed": true, "launched": true, "largest_difference": 0.0, "cold_us": 340.5, "warm_us": 275.23, "cold_min_us": 337.02, "warm_min_us": 271.2, "samples": 24}
{"event": "score", "bucket": 262144, "rows": 8, "columns": 65664, "group": 2, "geometry": [128, 4, 1], "passed": true, "launched": true, "largest_difference": 0.0, "cold_us": 357.94, "warm_us": 298.7, "cold_min_us": 353.7, "warm_min_us": 293.86, "samples": 24}
{"event": "score", "bucket": 262144, "rows": 8, "columns": 65664, "group": 2, "geometry": [128, 4, 2], "passed": true, "launched": true, "largest_difference": 0.0, "cold_us": 343.82, "warm_us": 278.19, "cold_min_us": 341.38, "warm_min_us": 275.58, "samples": 24}
{"event": "score", "bucket": 262144, "rows": 8, "columns": 65664, "group": 2, "geometry": [128, 4, 4], "passed": true, "launched": true, "largest_difference": 0.0, "cold_us": 344.26, "warm_us": 278.3, "cold_min_us": 341.44, "warm_min_us": 274.18, "samples": 24}
{"event": "score", "bucket": 262144, "rows": 8, "columns": 65664, "group": 2, "geometry": [256, 1, 1], "passed": true, "launched": true, "largest_difference": 0.0, "cold_us": 944.94, "warm_us": 875.15, "cold_min_us": 930.14, "warm_min_us": 866.02, "samples": 24}
{"event": "score", "bucket": 262144, "rows": 8, "columns": 65664, "group": 2, "geometry": [256, 1, 2], "passed": true, "launched": true, "largest_difference": 0.0, "cold_us": 348.77, "warm_us": 292.46, "cold_min_us": 343.2, "warm_min_us": 288.58, "samples": 24}
{"event": "score", "bucket": 262144, "rows": 8, "columns": 65664, "group": 2, "geometry": [256, 1, 4], "passed": true, "launched": true, "largest_difference": 0.0, "cold_us": 340.14, "warm_us": 277.14, "cold_min_us": 338.82, "warm_min_us": 274.34, "samples": 24}
{"event": "score", "bucket": 262144, "rows": 8, "columns": 65664, "group": 2, "geometry": [256, 4, 1], "passed": true, "launched": true, "largest_difference": 0.0, "cold_us": 861.52, "warm_us": 799.46, "cold_min_us": 814.72, "warm_min_us": 744.86, "samples": 24}
{"event": "score", "bucket": 262144, "rows": 8, "columns": 65664, "group": 2, "geometry": [256, 4, 2], "passed": true, "launched": true, "largest_difference": 0.0, "cold_us": 353.54, "warm_us": 298.11, "cold_min_us": 349.98, "warm_min_us": 292.61, "samples": 24}
{"event": "score", "bucket": 262144, "rows": 8, "columns": 65664, "group": 2, "geometry": [256, 4, 4], "passed": true, "launched": true, "largest_difference": 0.0, "cold_us": 342.96, "warm_us": 278.14, "cold_min_us": 339.74, "warm_min_us": 272.9, "samples": 24}
{"event": "score_verdict", "bucket": 262144, "rows": 8, "cold": {"rule": [64, 1, 2], "passing": 18, "failing": [], "fastest": [64, 1, 1], "fastest_us": 339.73, "rule_us": 340.59, "fastest_over_rule": 0.9975}, "warm": {"rule": [64, 1, 2], "passing": 18, "failing": [], "fastest": [128, 1, 4], "fastest_us": 275.23, "rule_us": 275.7, "fastest_over_rule": 0.9983}}
{"event": "score_prefill", "rows": 2048, "bucket": 32768, "geometry": [64, 2, 1], "passed": true, "launched": true, "largest_difference": 0.0, "median_us": 1913.8, "min_us": 1895.0, "samples": 7}
{"event": "score_prefill", "rows": 2048, "bucket": 32768, "geometry": [64, 2, 2], "passed": true, "launched": true, "largest_difference": 0.0, "median_us": 1780.8, "min_us": 1773.6, "samples": 7}
{"event": "score_prefill", "rows": 2048, "bucket": 32768, "geometry": [64, 2, 4], "passed": true, "launched": true, "largest_difference": 0.0, "median_us": 2040.4, "min_us": 2027.0, "samples": 7}
{"event": "score_prefill", "rows": 2048, "bucket": 32768, "geometry": [64, 8, 1], "passed": true, "launched": true, "largest_difference": 0.0, "median_us": 1625.2, "min_us": 1617.5, "samples": 7}
{"event": "score_prefill", "rows": 2048, "bucket": 32768, "geometry": [64, 8, 2], "passed": true, "launched": true, "largest_difference": 0.0, "median_us": 1469.5, "min_us": 1465.7, "samples": 7}
{"event": "score_prefill", "rows": 2048, "bucket": 32768, "geometry": [64, 8, 4], "passed": true, "launched": true, "largest_difference": 0.0, "median_us": 1710.9, "min_us": 1706.4, "samples": 7}
{"event": "score_prefill", "rows": 2048, "bucket": 32768, "geometry": [64, 32, 1], "passed": true, "launched": true, "largest_difference": 0.0, "median_us": 1595.8, "min_us": 1585.1, "samples": 7}
{"event": "score_prefill", "rows": 2048, "bucket": 32768, "geometry": [64, 32, 2], "passed": true, "launched": true, "largest_difference": 0.0, "median_us": 1435.1, "min_us": 1420.1, "samples": 7}
{"event": "score_prefill", "rows": 2048, "bucket": 32768, "geometry": [64, 32, 4], "passed": true, "launched": true, "largest_difference": 0.0, "median_us": 1676.4, "min_us": 1667.1, "samples": 7}
{"event": "score_prefill", "rows": 2048, "bucket": 32768, "geometry": [128, 2, 1], "passed": true, "launched": true, "largest_difference": 0.0, "median_us": 3654.6, "min_us": 3644.4, "samples": 7}
{"event": "score_prefill", "rows": 2048, "bucket": 32768, "geometry": [128, 2, 2], "passed": true, "launched": true, "largest_difference": 0.0, "median_us": 1886.3, "min_us": 1875.1, "samples": 7}
{"event": "score_prefill", "rows": 2048, "bucket": 32768, "geometry": [128, 2, 4], "passed": true, "launched": true, "largest_difference": 0.0, "median_us": 1522.4, "min_us": 1509.4, "samples": 7}
{"event": "score_prefill", "rows": 2048, "bucket": 32768, "geometry": [128, 8, 1], "passed": true, "launched": true, "largest_difference": 0.0, "median_us": 3352.0, "min_us": 3330.9, "samples": 7}
{"event": "score_prefill", "rows": 2048, "bucket": 32768, "geometry": [128, 8, 2], "passed": true, "launched": true, "largest_difference": 0.0, "median_us": 1632.9, "min_us": 1621.0, "samples": 7}
{"event": "score_prefill", "rows": 2048, "bucket": 32768, "geometry": [128, 8, 4], "passed": true, "launched": true, "largest_difference": 0.0, "median_us": 1322.4, "min_us": 1317.7, "samples": 7}
{"event": "score_prefill", "rows": 2048, "bucket": 32768, "geometry": [128, 32, 1], "passed": true, "launched": true, "largest_difference": 0.0, "median_us": 3361.7, "min_us": 3353.9, "samples": 7}
{"event": "score_prefill", "rows": 2048, "bucket": 32768, "geometry": [128, 32, 2], "passed": true, "launched": true, "largest_difference": 0.0, "median_us": 1621.5, "min_us": 1607.8, "samples": 7}
{"event": "score_prefill", "rows": 2048, "bucket": 32768, "geometry": [128, 32, 4], "passed": true, "launched": true, "largest_difference": 0.0, "median_us": 1302.5, "min_us": 1289.8, "samples": 7}
{"event": "score_prefill", "rows": 2048, "bucket": 32768, "geometry": [256, 2, 1], "passed": true, "launched": true, "largest_difference": 0.0, "median_us": 19724.4, "min_us": 19711.7, "samples": 7}
{"event": "score_prefill", "rows": 2048, "bucket": 32768, "geometry": [256, 2, 2], "passed": true, "launched": true, "largest_difference": 0.0, "median_us": 4092.3, "min_us": 4086.8, "samples": 7}
{"event": "score_prefill", "rows": 2048, "bucket": 32768, "geometry": [256, 2, 4], "passed": true, "launched": true, "largest_difference": 0.0, "median_us": 2166.9, "min_us": 2153.9, "samples": 7}
{"event": "score_prefill", "rows": 2048, "bucket": 32768, "geometry": [256, 8, 1], "passed": true, "launched": true, "largest_difference": 0.0, "median_us": 19157.9, "min_us": 19125.9, "samples": 7}
{"event": "score_prefill", "rows": 2048, "bucket": 32768, "geometry": [256, 8, 2], "passed": true, "launched": true, "largest_difference": 0.0, "median_us": 3822.8, "min_us": 3818.6, "samples": 7}
{"event": "score_prefill", "rows": 2048, "bucket": 32768, "geometry": [256, 8, 4], "passed": true, "launched": true, "largest_difference": 0.0, "median_us": 1827.3, "min_us": 1818.9, "samples": 7}
{"event": "score_prefill", "rows": 2048, "bucket": 32768, "geometry": [256, 32, 1], "passed": true, "launched": true, "largest_difference": 0.0, "median_us": 19738.7, "min_us": 19592.1, "samples": 7}
{"event": "score_prefill", "rows": 2048, "bucket": 32768, "geometry": [256, 32, 2], "passed": true, "launched": true, "largest_difference": 0.0, "median_us": 3836.9, "min_us": 3827.0, "samples": 7}
{"event": "score_prefill", "rows": 2048, "bucket": 32768, "geometry": [256, 32, 4], "passed": true, "launched": true, "largest_difference": 0.0, "median_us": 1754.6, "min_us": 1742.7, "samples": 7}
{"event": "score_prefill_verdict", "rows": 2048, "bucket": 32768, "rule": [64, 8, 2], "passing": 27, "failing": [], "fastest": [128, 32, 4], "fastest_us": 1302.5, "rule_us": 1469.5, "fastest_over_rule": 0.8864}
{"event": "select", "bucket": 4096, "columns": 1152, "rows": 2, "form": "torch", "set_equal": true, "cold_us": 65.84, "warm_us": 57.39, "cold_min_us": 64.61, "warm_min_us": 55.23, "samples": 24}
{"event": "select", "bucket": 4096, "columns": 1152, "rows": 2, "form": "4", "set_equal": true, "cold_us": 22.58, "warm_us": 18.16, "cold_min_us": 21.22, "warm_min_us": 16.0, "samples": 24}
{"event": "select", "bucket": 4096, "columns": 1152, "rows": 2, "form": "8", "set_equal": true, "cold_us": 23.78, "warm_us": 19.41, "cold_min_us": 21.73, "warm_min_us": 17.06, "samples": 24}
{"event": "select", "bucket": 4096, "columns": 1152, "rows": 2, "form": "16", "set_equal": true, "cold_us": 26.14, "warm_us": 21.15, "cold_min_us": 23.3, "warm_min_us": 18.56, "samples": 24}
{"event": "select_verdict", "bucket": 4096, "columns": 1152, "torch_us": 57.39, "one_launch_us": 18.16, "warps": 4, "one_launch_wins": true, "admitted_today": true}
{"event": "select", "bucket": 8192, "columns": 2112, "rows": 2, "form": "torch", "set_equal": true, "cold_us": 73.52, "warm_us": 64.02, "cold_min_us": 72.32, "warm_min_us": 62.14, "samples": 24}
{"event": "select", "bucket": 8192, "columns": 2112, "rows": 2, "form": "4", "set_equal": true, "cold_us": 26.37, "warm_us": 21.98, "cold_min_us": 24.99, "warm_min_us": 18.72, "samples": 24}
{"event": "select", "bucket": 8192, "columns": 2112, "rows": 2, "form": "8", "set_equal": true, "cold_us": 26.08, "warm_us": 21.49, "cold_min_us": 24.16, "warm_min_us": 18.91, "samples": 24}
{"event": "select", "bucket": 8192, "columns": 2112, "rows": 2, "form": "16", "set_equal": true, "cold_us": 27.92, "warm_us": 23.68, "cold_min_us": 26.98, "warm_min_us": 21.92, "samples": 24}
{"event": "select_verdict", "bucket": 8192, "columns": 2112, "torch_us": 64.02, "one_launch_us": 21.49, "warps": 8, "one_launch_wins": true, "admitted_today": true}
{"event": "select", "bucket": 16384, "columns": 4224, "rows": 2, "form": "torch", "set_equal": true, "cold_us": 85.14, "warm_us": 75.7, "cold_min_us": 83.49, "warm_min_us": 73.79, "samples": 24}
{"event": "select", "bucket": 16384, "columns": 4224, "rows": 2, "form": "4", "set_equal": true, "cold_us": 38.75, "warm_us": 28.45, "cold_min_us": 30.88, "warm_min_us": 26.88, "samples": 24}
{"event": "select", "bucket": 16384, "columns": 4224, "rows": 2, "form": "8", "set_equal": true, "cold_us": 32.26, "warm_us": 27.42, "cold_min_us": 30.43, "warm_min_us": 25.76, "samples": 24}
{"event": "select", "bucket": 16384, "columns": 4224, "rows": 2, "form": "16", "set_equal": true, "cold_us": 33.74, "warm_us": 29.9, "cold_min_us": 32.38, "warm_min_us": 26.82, "samples": 24}
{"event": "select_verdict", "bucket": 16384, "columns": 4224, "torch_us": 75.7, "one_launch_us": 27.42, "warps": 8, "one_launch_wins": true, "admitted_today": true}
{"event": "select", "bucket": 32768, "columns": 8256, "rows": 2, "form": "torch", "set_equal": true, "cold_us": 96.98, "warm_us": 87.73, "cold_min_us": 95.42, "warm_min_us": 85.95, "samples": 24}
{"event": "select", "bucket": 32768, "columns": 8256, "rows": 2, "form": "4", "set_equal": true, "cold_us": 79.84, "warm_us": 59.68, "cold_min_us": 78.53, "warm_min_us": 57.25, "samples": 24}
{"event": "select", "bucket": 32768, "columns": 8256, "rows": 2, "form": "8", "set_equal": true, "cold_us": 53.92, "warm_us": 40.06, "cold_min_us": 51.68, "warm_min_us": 38.5, "samples": 24}
{"event": "select", "bucket": 32768, "columns": 8256, "rows": 2, "form": "16", "set_equal": true, "cold_us": 47.95, "warm_us": 43.92, "cold_min_us": 46.56, "warm_min_us": 40.93, "samples": 24}
{"event": "select_verdict", "bucket": 32768, "columns": 8256, "torch_us": 87.73, "one_launch_us": 40.06, "warps": 8, "one_launch_wins": true, "admitted_today": true}
{"event": "select", "bucket": 65536, "columns": 16512, "rows": 2, "form": "torch", "set_equal": true, "cold_us": 127.76, "warm_us": 120.18, "cold_min_us": 126.05, "warm_min_us": 117.86, "samples": 24}
{"event": "select", "bucket": 65536, "columns": 16512, "rows": 2, "form": "4", "set_equal": true, "cold_us": 542.03, "warm_us": 523.9, "cold_min_us": 539.94, "warm_min_us": 518.59, "samples": 24}
{"event": "select", "bucket": 65536, "columns": 16512, "rows": 2, "form": "8", "set_equal": true, "cold_us": 109.63, "warm_us": 90.29, "cold_min_us": 108.26, "warm_min_us": 88.38, "samples": 24}
{"event": "select", "bucket": 65536, "columns": 16512, "rows": 2, "form": "16", "set_equal": true, "cold_us": 101.1, "warm_us": 88.02, "cold_min_us": 99.46, "warm_min_us": 86.18, "samples": 24}
{"event": "select_verdict", "bucket": 65536, "columns": 16512, "torch_us": 120.18, "one_launch_us": 88.02, "warps": 16, "one_launch_wins": true, "admitted_today": true}
{"event": "select", "bucket": 131072, "columns": 32832, "rows": 2, "form": "torch", "set_equal": true, "cold_us": 106.18, "warm_us": 95.2, "cold_min_us": 103.71, "warm_min_us": 92.32, "samples": 24}
{"event": "select", "bucket": 131072, "columns": 32832, "rows": 2, "form": "4", "set_equal": true, "cold_us": 1620.88, "warm_us": 1584.14, "cold_min_us": 1614.3, "warm_min_us": 1577.7, "samples": 24}
{"event": "select", "bucket": 131072, "columns": 32832, "rows": 2, "form": "8", "set_equal": true, "cold_us": 851.55, "warm_us": 838.42, "cold_min_us": 848.45, "warm_min_us": 832.45, "samples": 24}
{"event": "select", "bucket": 131072, "columns": 32832, "rows": 2, "form": "16", "set_equal": true, "cold_us": 511.23, "warm_us": 502.51, "cold_min_us": 508.13, "warm_min_us": 496.99, "samples": 24}
{"event": "select_verdict", "bucket": 131072, "columns": 32832, "torch_us": 95.2, "one_launch_us": 502.51, "warps": 16, "one_launch_wins": false, "admitted_today": false}
{"event": "select", "bucket": 262144, "columns": 65664, "rows": 2, "form": "torch", "set_equal": true, "cold_us": 120.51, "warm_us": 103.34, "cold_min_us": 117.18, "warm_min_us": 101.18, "samples": 24}
{"event": "select", "bucket": 262144, "columns": 65664, "rows": 2, "form": "4", "set_equal": true, "cold_us": 2496.32, "warm_us": 2409.23, "cold_min_us": 2489.28, "warm_min_us": 2403.81, "samples": 24}
{"event": "select", "bucket": 262144, "columns": 65664, "rows": 2, "form": "8", "set_equal": true, "cold_us": 1741.01, "warm_us": 1722.64, "cold_min_us": 1734.88, "warm_min_us": 1707.14, "samples": 24}
{"event": "select", "bucket": 262144, "columns": 65664, "rows": 2, "form": "16", "set_equal": true, "cold_us": 968.9, "warm_us": 941.66, "cold_min_us": 965.41, "warm_min_us": 938.18, "samples": 24}
{"event": "select_verdict", "bucket": 262144, "columns": 65664, "torch_us": 103.34, "one_launch_us": 941.66, "warps": 16, "one_launch_wins": false, "admitted_today": false}
{"event": "inputs", "rows": 2, "warps": 1, "exact": true, "cold_us": 22.54, "warm_us": 17.07, "cold_min_us": 19.39, "warm_min_us": 13.57, "samples": 24}
{"event": "inputs", "rows": 2, "warps": 2, "exact": true, "cold_us": 22.5, "warm_us": 17.18, "cold_min_us": 20.06, "warm_min_us": 12.74, "samples": 24}
{"event": "inputs", "rows": 2, "warps": 4, "exact": true, "cold_us": 21.81, "warm_us": 16.13, "cold_min_us": 20.45, "warm_min_us": 12.67, "samples": 24}
{"event": "inputs", "rows": 2, "warps": 8, "exact": true, "cold_us": 22.86, "warm_us": 15.12, "cold_min_us": 21.09, "warm_min_us": 12.86, "samples": 24}
{"event": "inputs_verdict", "rows": 2, "rule": [4], "passing": 4, "failing": [], "fastest": [8], "fastest_us": 15.12, "rule_us": 16.13, "fastest_over_rule": 0.9374}
{"event": "inputs", "rows": 8, "warps": 1, "exact": true, "cold_us": 23.3, "warm_us": 14.85, "cold_min_us": 20.22, "warm_min_us": 12.51, "samples": 24}
{"event": "inputs", "rows": 8, "warps": 2, "exact": false, "cold_us": 24.88, "warm_us": 15.79, "cold_min_us": 22.05, "warm_min_us": 13.5, "samples": 24}
{"event": "inputs", "rows": 8, "warps": 4, "exact": true, "cold_us": 24.34, "warm_us": 16.9, "cold_min_us": 21.38, "warm_min_us": 12.99, "samples": 24}
{"event": "inputs", "rows": 8, "warps": 8, "exact": true, "cold_us": 25.62, "warm_us": 16.53, "cold_min_us": 22.91, "warm_min_us": 14.34, "samples": 24}
{"event": "inputs_verdict", "rows": 8, "rule": [4], "passing": 3, "failing": [[2]], "fastest": [1], "fastest_us": 14.85, "rule_us": 16.9, "fastest_over_rule": 0.8787}
{"event": "inputs", "rows": 32, "warps": 1, "exact": false, "cold_us": 24.94, "warm_us": 15.26, "cold_min_us": 20.38, "warm_min_us": 12.96, "samples": 24}
{"event": "inputs", "rows": 32, "warps": 2, "exact": false, "cold_us": 24.5, "warm_us": 18.1, "cold_min_us": 22.08, "warm_min_us": 13.41, "samples": 24}
{"event": "inputs", "rows": 32, "warps": 4, "exact": true, "cold_us": 23.63, "warm_us": 15.97, "cold_min_us": 22.62, "warm_min_us": 13.44, "samples": 24}
{"event": "inputs", "rows": 32, "warps": 8, "exact": true, "cold_us": 25.49, "warm_us": 16.69, "cold_min_us": 24.16, "warm_min_us": 15.1, "samples": 24}
{"event": "inputs_verdict", "rows": 32, "rule": [4], "passing": 2, "failing": [[1], [2]], "fastest": [4], "fastest_us": 15.97, "rule_us": 15.97, "fastest_over_rule": 1.0, "fastest_launched": [1], "fastest_launched_us": 15.26}
{"event": "records", "rows": 2, "layout": "block", "same_bytes": true, "cold_us": 65.84, "warm_us": 28.43, "cold_min_us": 63.1, "warm_min_us": 26.3, "samples": 24}
{"event": "records", "rows": 2, "layout": "records", "same_bytes": true, "cold_us": 65.47, "warm_us": 27.55, "cold_min_us": 63.87, "warm_min_us": 26.75, "samples": 24}
{"event": "records_verdict", "rows": 2, "cold_records_over_block": 0.9944, "warm_records_over_block": 0.969}
{"event": "records", "rows": 8, "layout": "block", "same_bytes": true, "cold_us": 159.62, "warm_us": 67.07, "cold_min_us": 155.78, "warm_min_us": 62.88, "samples": 24}
{"event": "records", "rows": 8, "layout": "records", "same_bytes": true, "cold_us": 157.44, "warm_us": 67.3, "cold_min_us": 155.01, "warm_min_us": 64.06, "samples": 24}
{"event": "records_verdict", "rows": 8, "cold_records_over_block": 0.9863, "warm_records_over_block": 1.0034}
{"event": "records", "rows": 32, "layout": "block", "same_bytes": true, "cold_us": 316.43, "warm_us": 252.69, "cold_min_us": 311.9, "warm_min_us": 249.5, "samples": 24}
{"event": "records", "rows": 32, "layout": "records", "same_bytes": true, "cold_us": 314.06, "warm_us": 251.36, "cold_min_us": 310.69, "warm_min_us": 245.06, "samples": 24}
{"event": "records_verdict", "rows": 32, "cold_records_over_block": 0.9925, "warm_records_over_block": 0.9947}
{"event": "records_prefill", "rows": 4096, "layout": "block", "same_bytes": true, "median_us": 11842.7, "min_us": 11803.6, "samples": 7}
{"event": "records_prefill", "rows": 4096, "layout": "records", "same_bytes": true, "median_us": 12431.3, "min_us": 12004.3, "samples": 7}
{"event": "records_prefill_verdict", "rows": 4096, "records_over_block": 1.0497}
{"event": "summary", "attend": {"2": {"cold": {"rule": [16, 64, 4], "passing": 48, "failing": [[128, 1, 4]], "fastest": [16, 16, 4], "fastest_us": 51.62, "rule_us": 57.22, "fastest_over_rule": 0.9021}, "warm": {"rule": [16, 64, 4], "passing": 48, "failing": [[128, 1, 4]], "fastest": [16, 64, 4], "fastest_us": 23.74, "rule_us": 23.74, "fastest_over_rule": 1.0}}, "4": {"cold": {"rule": [16, 64, 4], "passing": 48, "failing": [[128, 1, 4]], "fastest": [32, 4, 8], "fastest_us": 84.9, "rule_us": 93.33, "fastest_over_rule": 0.9097}, "warm": {"rule": [16, 64, 4], "passing": 48, "failing": [[128, 1, 4]], "fastest": [32, 16, 8], "fastest_us": 32.59, "rule_us": 35.68, "fastest_over_rule": 0.9134}}, "8": {"cold": {"rule": [16, 64, 4], "passing": 48, "failing": [[128, 1, 4]], "fastest": [32, 4, 4], "fastest_us": 138.29, "rule_us": 147.49, "fastest_over_rule": 0.9376}, "warm": {"rule": [16, 64, 4], "passing": 48, "failing": [[128, 1, 4]], "fastest": [16, 16, 4], "fastest_us": 45.86, "rule_us": 61.42, "fastest_over_rule": 0.7467}}, "16": {"cold": {"rule": [16, 32, 4], "passing": 6, "failing": [], "fastest": [32, 4, 8], "fastest_us": 220.08, "rule_us": 227.54, "fastest_over_rule": 0.9672}, "warm": {"rule": [16, 32, 4], "passing": 6, "failing": [], "fastest": [32, 4, 8], "fastest_us": 141.82, "rule_us": 160.91, "fastest_over_rule": 0.8814}}, "32": {"cold": {"rule": [64, 8, 2], "passing": 6, "failing": [], "fastest": [64, 8, 2], "fastest_us": 316.06, "rule_us": 316.06, "fastest_over_rule": 1.0}, "warm": {"rule": [64, 8, 2], "passing": 6, "failing": [], "fastest": [64, 4, 2], "fastest_us": 249.5, "rule_us": 253.38, "fastest_over_rule": 0.9847}}}, "attend_prefill": {"rule": [64, 1, 2], "passing": 24, "failing": [], "fastest": [16, 1, 4], "fastest_us": 8860.2, "rule_us": 11878.0, "fastest_over_rule": 0.7459}, "covered": {"rule": [64, 1, 2], "passing": 24, "failing": [], "fastest": [32, 1, 4], "fastest_us": 1338.5, "rule_us": 3537.5, "fastest_over_rule": 0.3784}, "score": {"4096x2": {"cold": {"rule": [64, 1, 2], "passing": 18, "failing": [], "fastest": [64, 1, 4], "fastest_us": 24.88, "rule_us": 25.89, "fastest_over_rule": 0.961}, "warm": {"rule": [64, 1, 2], "passing": 18, "failing": [], "fastest": [128, 1, 2], "fastest_us": 14.94, "rule_us": 15.25, "fastest_over_rule": 0.9797}}, "4096x8": {"cold": {"rule": [64, 1, 2], "passing": 18, "failing": [], "fastest": [64, 1, 2], "fastest_us": 18.75, "rule_us": 18.75, "fastest_over_rule": 1.0}, "warm": {"rule": [64, 1, 2], "passing": 18, "failing": [], "fastest": [128, 1, 4], "fastest_us": 7.38, "rule_us": 7.49, "fastest_over_rule": 0.9853}}, "32768x2": {"cold": {"rule": [64, 1, 2], "passing": 18, "failing": [], "fastest": [64, 4, 2], "fastest_us": 32.32, "rule_us": 34.96, "fastest_over_rule": 0.9245}, "warm": {"rule": [64, 1, 2], "passing": 18, "failing": [], "fastest": [128, 1, 4], "fastest_us": 14.99, "rule_us": 15.79, "fastest_over_rule": 0.9493}}, "32768x8": {"cold": {"rule": [64, 1, 2], "passing": 18, "failing": [], "fastest": [64, 1, 4], "fastest_us": 82.1, "rule_us": 82.34, "fastest_over_rule": 0.9971}, "warm": {"rule": [64, 1, 2], "passing": 18, "failing": [], "fastest": [64, 1, 2], "fastest_us": 23.73, "rule_us": 23.73, "fastest_over_rule": 1.0}}, "262144x2": {"cold": {"rule": [64, 1, 2], "passing": 18, "failing": [], "fastest": [64, 1, 2], "fastest_us": 135.1, "rule_us": 135.1, "fastest_over_rule": 1.0}, "warm": {"rule": [64, 1, 2], "passing": 18, "failing": [], "fastest": [64, 4, 4], "fastest_us": 37.02, "rule_us": 40.35, "fastest_over_rule": 0.9175}}, "262144x8": {"cold": {"rule": [64, 1, 2], "passing": 18, "failing": [], "fastest": [64, 1, 1], "fastest_us": 339.73, "rule_us": 340.59, "fastest_over_rule": 0.9975}, "warm": {"rule": [64, 1, 2], "passing": 18, "failing": [], "fastest": [128, 1, 4], "fastest_us": 275.23, "rule_us": 275.7, "fastest_over_rule": 0.9983}}}, "score_prefill": {"rule": [64, 8, 2], "passing": 27, "failing": [], "fastest": [128, 32, 4], "fastest_us": 1302.5, "rule_us": 1469.5, "fastest_over_rule": 0.8864}, "select": {"4096": {"columns": 1152, "torch_us": 57.39, "one_launch_us": 18.16, "warps": 4, "one_launch_wins": true, "admitted_today": true}, "8192": {"columns": 2112, "torch_us": 64.02, "one_launch_us": 21.49, "warps": 8, "one_launch_wins": true, "admitted_today": true}, "16384": {"columns": 4224, "torch_us": 75.7, "one_launch_us": 27.42, "warps": 8, "one_launch_wins": true, "admitted_today": true}, "32768": {"columns": 8256, "torch_us": 87.73, "one_launch_us": 40.06, "warps": 8, "one_launch_wins": true, "admitted_today": true}, "65536": {"columns": 16512, "torch_us": 120.18, "one_launch_us": 88.02, "warps": 16, "one_launch_wins": true, "admitted_today": true}, "131072": {"columns": 32832, "torch_us": 95.2, "one_launch_us": 502.51, "warps": 16, "one_launch_wins": false, "admitted_today": false}, "262144": {"columns": 65664, "torch_us": 103.34, "one_launch_us": 941.66, "warps": 16, "one_launch_wins": false, "admitted_today": false}}, "inputs": {"2": {"rule": [4], "passing": 4, "failing": [], "fastest": [8], "fastest_us": 15.12, "rule_us": 16.13, "fastest_over_rule": 0.9374}, "8": {"rule": [4], "passing": 3, "failing": [[2]], "fastest": [1], "fastest_us": 14.85, "rule_us": 16.9, "fastest_over_rule": 0.8787}, "32": {"rule": [4], "passing": 2, "failing": [[1], [2]], "fastest": [4], "fastest_us": 15.97, "rule_us": 15.97, "fastest_over_rule": 1.0, "fastest_launched": [1], "fastest_launched_us": 15.26}}, "records": {"2": {"cold_records_over_block": 0.9944, "warm_records_over_block": 0.969}, "8": {"cold_records_over_block": 0.9863, "warm_records_over_block": 1.0034}, "32": {"cold_records_over_block": 0.9925, "warm_records_over_block": 0.9947}, "prefill": {"records_over_block": 1.0497}}}
