WARNING 09-08 22:14:13 [envs.py:2187] Unknown vLLM environment variable detected: VLLM_GLM53_FP8_DENSE_FREE_BF16
WARNING 09-08 22:14:13 [envs.py:2187] Unknown vLLM environment variable detected: VLLM_GLM53_MK_MLA
WARNING 09-08 22:14:13 [envs.py:2187] Unknown vLLM environment variable detected: VLLM_GLM53_MK_M8_FASTPATH
WARNING 09-08 22:14:13 [envs.py:2187] Unknown vLLM environment variable detected: VLLM_GLM53_MK_PACK_GPTQ
WARNING 09-08 22:14:13 [envs.py:2187] Unknown vLLM environment variable detected: VLLM_GLM53_SCHED_MIN_DECODERS
WARNING 09-08 22:14:13 [envs.py:2187] Unknown vLLM environment variable detected: VLLM_B12X_EP_STOCK_TOPK_MICRO
WARNING 09-08 22:14:13 [envs.py:2187] Unknown vLLM environment variable detected: VLLM_GLM53_SPEC_K
WARNING 09-08 22:14:13 [envs.py:2187] Unknown vLLM environment variable detected: VLLM_TARGET_LM_HEAD_FP8
WARNING 09-08 22:14:13 [envs.py:2187] Unknown vLLM environment variable detected: VLLM_GLM53_MK_MHC_BF16
WARNING 09-08 22:14:13 [envs.py:2187] Unknown vLLM environment variable detected: VLLM_GLM53_MK_PACK_CACHE
WARNING 09-08 22:14:13 [envs.py:2187] Unknown vLLM environment variable detected: VLLM_GLM53_SCHED_FAIR
WARNING 09-08 22:14:13 [envs.py:2187] Unknown vLLM environment variable detected: VLLM_GLM53_NVFP4_STATIC_CHECK
WARNING 09-08 22:14:13 [envs.py:2187] Unknown vLLM environment variable detected: VLLM_GLM53_MK_PACK_SHA256
WARNING 09-08 22:14:13 [envs.py:2187] Unknown vLLM environment variable detected: VLLM_B12X_EP_ZERO_WEIGHT_MICRO
WARNING 09-08 22:14:13 [envs.py:2187] Unknown vLLM environment variable detected: VLLM_GLM53_SCHED_FLOOR_GRACE_S
WARNING 09-08 22:14:13 [envs.py:2187] Unknown vLLM environment variable detected: VLLM_GLM53_PREP_FUSED
WARNING 09-08 22:14:13 [envs.py:2187] Unknown vLLM environment variable detected: VLLM_GLM53_PREFILL_METADATA_WARMUP
WARNING 09-08 22:14:13 [envs.py:2187] Unknown vLLM environment variable detected: VLLM_GLM53_VOCAB_MASK_AUDIT
WARNING 09-08 22:14:13 [envs.py:2187] Unknown vLLM environment variable detected: VLLM_DSV4_ONESHOT_SHADOW
WARNING 09-08 22:14:13 [envs.py:2187] Unknown vLLM environment variable detected: VLLM_GLM53_DRAFTER_CTX_KV_W4
WARNING 09-08 22:14:13 [envs.py:2187] Unknown vLLM environment variable detected: VLLM_GLM53_MK_SMLP2
WARNING 09-08 22:14:13 [envs.py:2187] Unknown vLLM environment variable detected: VLLM_GLM53_SCHED_DECODE_STEPS
WARNING 09-08 22:14:13 [envs.py:2187] Unknown vLLM environment variable detected: VLLM_GLM53_MK_PACK_ROWSHIFT
WARNING 09-08 22:14:13 [envs.py:2187] Unknown vLLM environment variable detected: VLLM_GLM53_AR_PREFETCH
WARNING 09-08 22:14:13 [envs.py:2187] Unknown vLLM environment variable detected: VLLM_GLM53_KDA_ONEPASS
WARNING 09-08 22:14:13 [envs.py:2187] Unknown vLLM environment variable detected: VLLM_B12X_EP_NO_DUMMY
WARNING 09-08 22:14:13 [envs.py:2187] Unknown vLLM environment variable detected: VLLM_DFLASH2_FP8_DENSE
WARNING 09-08 22:14:13 [envs.py:2187] Unknown vLLM environment variable detected: VLLM_GLM53_PREFILL_SP_FP8
WARNING 09-08 22:14:13 [envs.py:2187] Unknown vLLM environment variable detected: VLLM_TORCH_PROFILER_DIR
WARNING 09-08 22:14:13 [envs.py:2187] Unknown vLLM environment variable detected: VLLM_GLM53_PREFILL_SP
WARNING 09-08 22:14:13 [envs.py:2187] Unknown vLLM environment variable detected: VLLM_GLM53_FP8_DENSE_PREFILL_NVFP4
WARNING 09-08 22:14:13 [envs.py:2187] Unknown vLLM environment variable detected: VLLM_GLM53_SCHED_CHUNK_REF_CTX
WARNING 09-08 22:14:13 [envs.py:2187] Unknown vLLM environment variable detected: VLLM_GLM53_PREFILL_SP_FUSE_MHC
WARNING 09-08 22:14:13 [envs.py:2187] Unknown vLLM environment variable detected: VLLM_GLM53_SCHED_PREFILL_EVERY
WARNING 09-08 22:14:13 [envs.py:2187] Unknown vLLM environment variable detected: VLLM_SPEC_FP8_LM_HEAD
WARNING 09-08 22:14:13 [envs.py:2187] Unknown vLLM environment variable detected: VLLM_GLM53_NVFP4_STATIC_HEADROOM
WARNING 09-08 22:14:13 [envs.py:2187] Unknown vLLM environment variable detected: VLLM_GLM53_SKIP_UNUSED_GRAPH_PROFILE
WARNING 09-08 22:14:13 [envs.py:2187] Unknown vLLM environment variable detected: VLLM_GLM53_MEGAKERNEL
WARNING 09-08 22:14:13 [envs.py:2187] Unknown vLLM environment variable detected: VLLM_GLM53_MHC_PREFILL_POST_PRENORM
WARNING 09-08 22:14:13 [envs.py:2187] Unknown vLLM environment variable detected: VLLM_GLM53_FP8_CACHE
WARNING 09-08 22:14:13 [envs.py:2187] Unknown vLLM environment variable detected: VLLM_GLM53_MK_GEMM
WARNING 09-08 22:14:13 [envs.py:2187] Unknown vLLM environment variable detected: VLLM_GLM53_MK_CALIB
WARNING 09-08 22:14:13 [envs.py:2187] Unknown vLLM environment variable detected: VLLM_GLM53_SCHED_PREFILL_FLOOR
WARNING 09-08 22:14:13 [envs.py:2187] Unknown vLLM environment variable detected: VLLM_GLM53_MK_INPUT_CTA
WARNING 09-08 22:14:13 [envs.py:2187] Unknown vLLM environment variable detected: VLLM_B12X_DIRECT_OUT
WARNING 09-08 22:14:13 [envs.py:2187] Unknown vLLM environment variable detected: VLLM_GLM53_KDA_PREFILL_DIRECT_OUT
WARNING 09-08 22:14:13 [envs.py:2187] Unknown vLLM environment variable detected: VLLM_GLM53_AR_PROXY_INLINE
WARNING 09-08 22:14:13 [envs.py:2187] Unknown vLLM environment variable detected: VLLM_GLM53_MK_MHC
WARNING 09-08 22:14:13 [envs.py:2187] Unknown vLLM environment variable detected: VLLM_GLM53_MK_CALIB_DIR
WARNING 09-08 22:14:13 [envs.py:2187] Unknown vLLM environment variable detected: VLLM_GLM53_KDA_PREFILL_QK_NORM
WARNING 09-08 22:14:13 [envs.py:2187] Unknown vLLM environment variable detected: VLLM_GLM53_SCHED_CHUNK_MAX
WARNING 09-08 22:14:13 [envs.py:2187] Unknown vLLM environment variable detected: VLLM_GLM53_DRAFTER_PREP
WARNING 09-08 22:14:13 [envs.py:2187] Unknown vLLM environment variable detected: VLLM_GLM53_PREFILL_SP_FP8_RS_MIN_TOKENS
WARNING 09-08 22:14:13 [envs.py:2187] Unknown vLLM environment variable detected: VLLM_GLM53_DEV_LAB
WARNING 09-08 22:14:13 [envs.py:2187] Unknown vLLM environment variable detected: VLLM_GLM53_B12X_STATIC_V2
WARNING 09-08 22:14:13 [envs.py:2187] Unknown vLLM environment variable detected: VLLM_GLM53_RANK_CACHE_CPU_VOTE
WARNING 09-08 22:14:13 [envs.py:2187] Unknown vLLM environment variable detected: VLLM_GLM53_DFLASH_EARLY_FC
WARNING 09-08 22:14:13 [envs.py:2187] Unknown vLLM environment variable detected: VLLM_GLM53_PREFILL_SP_DIRECT_NCCL
WARNING 09-08 22:14:13 [envs.py:2187] Unknown vLLM environment variable detected: VLLM_GLM53_MK_HEAD_DRAFT
WARNING 09-08 22:14:13 [envs.py:2187] Unknown vLLM environment variable detected: VLLM_GLM53_AR_CONSUMER_PDL
WARNING 09-08 22:14:13 [envs.py:2187] Unknown vLLM environment variable detected: VLLM_GLM53_MK_MLA_PREFILL_PAIR
WARNING 09-08 22:14:13 [envs.py:2187] Unknown vLLM environment variable detected: VLLM_GLM53_MK_PDL
WARNING 09-08 22:14:13 [envs.py:2187] Unknown vLLM environment variable detected: VLLM_GLM53_SCHED_MODE
WARNING 09-08 22:14:13 [envs.py:2187] Unknown vLLM environment variable detected: VLLM_GLM53_INDEXER_GATE_SPLITK
WARNING 09-08 22:14:13 [envs.py:2187] Unknown vLLM environment variable detected: VLLM_GLM53_MK_FP8_PACK2
WARNING 09-08 22:14:13 [envs.py:2187] Unknown vLLM environment variable detected: VLLM_GLM53_NVFP4_STATIC_SCALE
WARNING 09-08 22:14:13 [envs.py:2187] Unknown vLLM environment variable detected: VLLM_GLM53_SCHED_MAX_WAIT_S
WARNING 09-08 22:14:13 [envs.py:2187] Unknown vLLM environment variable detected: VLLM_GLM53_KDA_DUAL_GEMM
WARNING 09-08 22:14:13 [envs.py:2187] Unknown vLLM environment variable detected: VLLM_GLM53_PREFILL_SP_FP8_MIN_TOKENS
WARNING 09-08 22:14:13 [envs.py:2187] Unknown vLLM environment variable detected: VLLM_GLM53_NVFP4_SCALE_FUSED
WARNING 09-08 22:14:13 [envs.py:2187] Unknown vLLM environment variable detected: VLLM_GLM53_FP8_DENSE
WARNING 09-08 22:14:13 [envs.py:2187] Unknown vLLM environment variable detected: VLLM_GLM53_AR_COMPACT_CTA
WARNING 09-08 22:14:13 [envs.py:2187] Unknown vLLM environment variable detected: VLLM_GLM53_PREFILL_SP_FP8_AG_MIN_TOKENS
WARNING 09-08 22:14:13 [envs.py:2187] Unknown vLLM environment variable detected: VLLM_GLM53_FP8_DENSE_BPROJ
WARNING 09-08 22:14:13 [envs.py:2187] Unknown vLLM environment variable detected: VLLM_GLM53_SCHED_MIXED_CHUNK
WARNING 09-08 22:14:13 [envs.py:2187] Unknown vLLM environment variable detected: VLLM_GLM53_MK_MLA_PREFILL32
WARNING 09-08 22:14:13 [envs.py:2187] Unknown vLLM environment variable detected: VLLM_GLM53_MK_INPUT_REUSE
WARNING 09-08 22:14:13 [envs.py:2187] Unknown vLLM environment variable detected: VLLM_GLM53_EARLY_MM_WARMUP
WARNING 09-08 22:14:13 [envs.py:2187] Unknown vLLM environment variable detected: VLLM_GLM53_MK_MLA_PREFILL_GROUP
WARNING 09-08 22:14:13 [envs.py:2187] Unknown vLLM environment variable detected: VLLM_GLM53_FP8_DENSE_PREFILL_NVFP4_MIN_M
WARNING 09-08 22:14:13 [envs.py:2187] Unknown vLLM environment variable detected: VLLM_GLM53_MK_CALIB_TOKENS
WARNING 09-08 22:14:13 [envs.py:2187] Unknown vLLM environment variable detected: VLLM_GLM53_KDA_PREFILL_REGIME
WARNING 09-08 22:14:13 [envs.py:2187] Unknown vLLM environment variable detected: VLLM_GLM53_INDEXER_DECODE_FUSED
WARNING 09-08 22:14:13 [envs.py:2187] Unknown vLLM environment variable detected: VLLM_GLM53_KPOOL_UPDATE_DIRECT_POS
WARNING 09-08 22:14:13 [envs.py:2187] Unknown vLLM environment variable detected: VLLM_GLM53_MK_GEMM_TRANSPOSE_M8
WARNING 09-08 22:14:13 [envs.py:2187] Unknown vLLM environment variable detected: VLLM_GLM53_B12X_PREFILL_FC1_N128
WARNING 09-08 22:14:13 [envs.py:2187] Unknown vLLM environment variable detected: VLLM_GLM53_MK_PACK_FAST_IO
WARNING 09-08 22:14:13 [envs.py:2187] Unknown vLLM environment variable detected: VLLM_DSV4_ONESHOT_AR
WARNING 09-08 22:14:13 [envs.py:2187] Unknown vLLM environment variable detected: VLLM_GLM53_RANK_CACHE_KEEP
WARNING 09-08 22:14:13 [envs.py:2187] Unknown vLLM environment variable detected: VLLM_GLM53_MK_HEAD_TARGET
WARNING 09-08 22:14:13 [envs.py:2187] Unknown vLLM environment variable detected: VLLM_GLM53_MK_PACK_LORC
WARNING 09-08 22:14:13 [envs.py:2187] Unknown vLLM environment variable detected: VLLM_GLM53_B12X_PREFILL_REUSE
WARNING 09-08 22:14:13 [envs.py:2187] Unknown vLLM environment variable detected: VLLM_GLM53_PREFILL_NVFP4_BPROJ
WARNING 09-08 22:14:13 [envs.py:2187] Unknown vLLM environment variable detected: VLLM_GLM53_RANK_CACHE
WARNING 09-08 22:14:13 [envs.py:2187] Unknown vLLM environment variable detected: VLLM_MOE_GATE_FUSED
INFO 09-08 22:14:23 [model.py:679] Resolved architecture: Glm5NextForConditionalGeneration
INFO 09-08 22:14:23 [model.py:1972] Using max model len 1048576
INFO 09-08 22:14:24 [import_utils.py:464] DeepEP v2 requires NCCL >= 2.30.4 but found 2.29.7. deepep_v2 backend will not be available.
WARNING 09-08 22:14:26 [kda.py:67] [kda-prefill] direct output armed (pure prefill only)
WARNING 09-08 22:14:26 [glm53_prefill_collectives.py:56] [prefill-sp] sequence-parallel prefill armed (fp8 transport=True v3: packed values+scales, one all-to-all + fp32 sum)
WARNING 09-08 22:14:26 [glm53_prep_fused.py:1302] [prep-fused] preimage drift -> DISARM (stock path): ['v1/worker/utils.py: fd27b906f336 != 3dcd6ad34ee1']
INFO 09-08 22:14:28 [cache.py:282] Using fp8_e4m3 data type to store kv cache. It reduces the GPU memory footprint and boosts the performance. Meanwhile, it may cause accuracy drop without a proper scaling factor
INFO 09-08 22:14:28 [arg_utils.py:2168] Inferred data_parallel_rank 0 from node_rank 1
INFO 09-08 22:14:28 [model.py:679] Resolved architecture: DFlash2DraftModel
INFO 09-08 22:14:28 [model.py:1972] Using max model len 1048576
INFO 09-08 22:14:28 [scheduler.py:242] Chunked prefill is enabled with max_num_batched_tokens=8192.
INFO 09-08 22:14:28 [config.py:605] Mamba cache mode is set to 'align' for Glm5NextForConditionalGeneration by default when prefix caching is enabled
INFO 09-08 22:14:28 [kernel.py:306] Final IR op priority after setting platform defaults: IrOpPriorityConfig(rms_norm=['native'], fused_add_rms_norm=['native'])
WARNING 09-08 22:14:28 [vllm.py:1462] Model hidden_size too small for the SP threshold heuristic, disabling. To force SP, set pass_config.sp_min_token_num manually.
INFO 09-08 22:14:28 [compilation.py:329] Enabled custom fusions: norm_quant, act_quant, attn_quant, allreduce_rms, rope_kvcache_cat_mla
INFO 09-08 22:14:28 [serve.py:216] Launching vLLM (v0.1.dev20051+g487ecf187) headless multiproc executor, with head node address 10.10.10.2:29521 for torch.distributed process group.
INFO 09-08 22:14:35 [import_utils.py:464] DeepEP v2 requires NCCL >= 2.30.4 but found 2.29.7. deepep_v2 backend will not be available.
[boot-stamp] installed, 13 phases wrapped
WARNING 09-08 22:14:37 [kda.py:67] [kda-prefill] direct output armed (pure prefill only)
WARNING 09-08 22:14:37 [glm53_prefill_collectives.py:56] [prefill-sp] sequence-parallel prefill armed (fp8 transport=True v3: packed values+scales, one all-to-all + fp32 sum)
WARNING 09-08 22:14:37 [glm53_prep_fused.py:1302] [prep-fused] preimage drift -> DISARM (stock path): ['v1/worker/utils.py: fd27b906f336 != 3dcd6ad34ee1']
(Worker pid=258) INFO 09-08 22:14:38 [parallel_state.py:1655] world_size=4 rank=1 local_rank=0 distributed_init_method=tcp://10.10.10.2:29521 backend=nccl
(Worker pid=258) [boot-stamp] dist-world took 24.0s (at 33.9s since interpreter start)
(Worker pid=258) WARNING 09-08 22:15:04 [symm_mem.py:67] SymmMemCommunicator: Device capability 12.1 not supported, communicator is not available.
(Worker pid=258) [boot-stamp] dist-group tp took 1.8s (at 35.7s since interpreter start)
(Worker pid=258) [boot-stamp] dist-group dcp took 0.0s (at 35.7s since interpreter start)
(Worker pid=258) [boot-stamp] dist-group pcp took 0.0s (at 35.7s since interpreter start)
(Worker pid=258) [boot-stamp] dist-group pp took 0.0s (at 35.8s since interpreter start)
(Worker pid=258) [boot-stamp] dist-group dp took 0.0s (at 35.8s since interpreter start)
(Worker pid=258) [boot-stamp] dist-group ep took 1.2s (at 37.0s since interpreter start)
(Worker pid=258) INFO 09-08 22:15:05 [parallel_state.py:1999] rank 1 in world size 4 is assigned as DP rank 0, PP rank 0, PCP rank 0, TP rank 1, EP rank 1, EPLB rank N/A
(Worker pid=258) [boot-stamp] dist-model-parallel took 3.1s (at 37.0s since interpreter start)
(Worker pid=258) INFO 09-08 22:15:05 [gpu_worker.py:386] Using V2 Model Runner
(Worker pid=258) [boot-stamp] init-device took 27.5s (at 37.4s since interpreter start)
(Worker_TP1 pid=258) INFO 09-08 22:15:06 [model_runner.py:353] Loading model from scratch...
(Worker_TP1 pid=258) INFO 09-08 22:15:06 [cuda.py:592] Using backend AttentionBackendEnum.FLASH_ATTN for vit attention
(Worker_TP1 pid=258) INFO 09-08 22:15:06 [mm_encoder_attention.py:375] Using AttentionBackendEnum.FLASH_ATTN for MMEncoderAttention.
(Worker_TP1 pid=258) INFO 09-08 22:15:06 [kernel.py:306] Final IR op priority after setting platform defaults: IrOpPriorityConfig(rms_norm=['native'], fused_add_rms_norm=['native'])
(Worker_TP1 pid=258) INFO 09-08 22:15:06 [cuda.py:533] Using FLASHINFER_MLA_SPARSE_SM90 attention backend out of potential backends: ['FLASHINFER_MLA_SPARSE_SM90', 'FLASHINFER_MLA_SPARSE_SM120'].
(Worker_TP1 pid=258) INFO 09-08 22:15:06 [selector.py:217] Using HND KV cache layout for FLASHINFER_MLA_SPARSE_SM90 backend.
(Worker_TP1 pid=258) WARNING 09-08 22:15:06 [mla_attention.py:567] No MLA prefill backend supports this model; sparse MLA will use the top-k MQA path only (no dense-MHA prefill).
(Worker_TP1 pid=258) INFO 09-08 22:15:06 [deep_gemm.py:191] deep_gemm not found in site-packages, trying vendored vllm.third_party.deep_gemm
(Worker_TP1 pid=258) INFO 09-08 22:15:06 [deep_gemm.py:136] DeepGEMM E8M0 enabled on current platform.
(Worker_TP1 pid=258) INFO 09-08 22:15:07 [moe_gate_sm121.py:280] DSV4 fused small-M router gate armed (triton split-K, fp32 out).
(Worker_TP1 pid=258) INFO 09-08 22:15:07 [nvfp4.py:245] Using 'FLASHINFER_B12X' NvFp4 MoE backend out of potential backends: ['FLASHINFER_TRTLLM', 'FLASHINFER_CUTEDSL', 'FLASHINFER_CUTLASS', 'VLLM_CUTLASS', 'MARLIN', 'HUMMING', 'EMULATION'].
(Worker_TP1 pid=258) INFO 09-08 22:15:09 [model.py:1298] [vocab-mask] masking ids 154856..154879 (24 rows the tokenizer has no token for) out of 154880
(Worker_TP1 pid=258) WARNING 09-08 22:15:09 [vllm.py:2645] `torch.compile` is turned on, but the model /models/glm-5.3-flash-nvfp4 does not support it. Please open an issue on GitHub if you want it to be supported.
(Worker_TP1 pid=258) WARNING 09-08 22:15:09 [vllm.py:2645] `torch.compile` is turned on, but the model /models/glm-5.3-flash-nvfp4 does not support it. Please open an issue on GitHub if you want it to be supported.
(Worker_TP1 pid=258) [boot-stamp] weights: 148498 tensors, 184.2 GiB | read 30.7s (6.00 GiB/s) | apply 20.6s
(Worker_TP1 pid=258) [boot-stamp] load-model still running after 60s; its thread is at:
(Worker_TP1 pid=258)   File "/usr/lib/python3.12/multiprocessing/process.py", line 108, in run
(Worker_TP1 pid=258)     self._target(*self._args, **self._kwargs)
(Worker_TP1 pid=258)   File "/usr/local/lib/python3.12/dist-packages/vllm/v1/executor/multiproc_executor.py", line 894, in worker_main
(Worker_TP1 pid=258)     worker = WorkerProc(*args, **kwargs)
(Worker_TP1 pid=258)   File "/usr/local/lib/python3.12/dist-packages/vllm/tracing/otel.py", line 178, in sync_wrapper
(Worker_TP1 pid=258)     return func(*args, **kwargs)
(Worker_TP1 pid=258)   File "/usr/local/lib/python3.12/dist-packages/vllm/v1/executor/multiproc_executor.py", line 663, in __init__
(Worker_TP1 pid=258)     self.worker.load_model()
(Worker_TP1 pid=258)   File "/usr/local/lib/python3.12/dist-packages/deneb_boot_stamps.py", line 163, in timed
(Worker_TP1 pid=258)     return fn(*a, **kw)
(Worker_TP1 pid=258)   File "/usr/local/lib/python3.12/dist-packages/vllm/v1/worker/gpu_worker.py", line 443, in load_model
(Worker_TP1 pid=258)     self.model_runner.load_model(load_dummy_weights=load_dummy_weights)
(Worker_TP1 pid=258)   File "/usr/local/lib/python3.12/dist-packages/vllm/v1/worker/gpu/model_runner.py", line 355, in load_model
(Worker_TP1 pid=258)     self.model = model_loader.load_model(
(Worker_TP1 pid=258)   File "/usr/local/lib/python3.12/dist-packages/vllm/tracing/otel.py", line 178, in sync_wrapper
(Worker_TP1 pid=258)     return func(*args, **kwargs)
(Worker_TP1 pid=258)   File "/usr/local/lib/python3.12/dist-packages/vllm/model_executor/model_loader/base_loader.py", line 64, in load_model
(Worker_TP1 pid=258)     self.load_weights(model, model_config)
(Worker_TP1 pid=258)   File "/usr/local/lib/python3.12/dist-packages/vllm/tracing/otel.py", line 178, in sync_wrapper
(Worker_TP1 pid=258)     return func(*args, **kwargs)
(Worker_TP1 pid=258)   File "/usr/local/lib/python3.12/dist-packages/vllm/model_executor/model_loader/default_loader.py", line 427, in load_weights
(Worker_TP1 pid=258)     loaded_weights = model.load_weights(self.get_all_weights(model_config, model))
(Worker_TP1 pid=258)   File "/usr/local/lib/python3.12/dist-packages/vllm/models/glm5next/nvidia/model.py", line 1544, in load_weights
(Worker_TP1 pid=258)     loaded = load_rank_cached(self, weights, super().load_weights)
(Worker_TP1 pid=258)   File "/usr/local/lib/python3.12/dist-packages/vllm/model_executor/layers/glm53_rank_cache.py", line 384, in load_rank_cached
(Worker_TP1 pid=258)     if _write(directory, identity, state, loaded):
(Worker_TP1 pid=258)   File "/usr/local/lib/python3.12/dist-packages/vllm/model_executor/layers/glm53_rank_cache.py", line 166, in _write
(Worker_TP1 pid=258)     checksum = hashlib.sha256(buf).hexdigest()
(Worker_TP1 pid=258) [boot-stamp] load-model still running after 120s; its thread is at:
(Worker_TP1 pid=258)   File "/usr/lib/python3.12/multiprocessing/process.py", line 108, in run
(Worker_TP1 pid=258)     self._target(*self._args, **self._kwargs)
(Worker_TP1 pid=258)   File "/usr/local/lib/python3.12/dist-packages/vllm/v1/executor/multiproc_executor.py", line 894, in worker_main
(Worker_TP1 pid=258)     worker = WorkerProc(*args, **kwargs)
(Worker_TP1 pid=258)   File "/usr/local/lib/python3.12/dist-packages/vllm/tracing/otel.py", line 178, in sync_wrapper
(Worker_TP1 pid=258)     return func(*args, **kwargs)
(Worker_TP1 pid=258)   File "/usr/local/lib/python3.12/dist-packages/vllm/v1/executor/multiproc_executor.py", line 663, in __init__
(Worker_TP1 pid=258)     self.worker.load_model()
(Worker_TP1 pid=258)   File "/usr/local/lib/python3.12/dist-packages/deneb_boot_stamps.py", line 163, in timed
(Worker_TP1 pid=258)     return fn(*a, **kw)
(Worker_TP1 pid=258)   File "/usr/local/lib/python3.12/dist-packages/vllm/v1/worker/gpu_worker.py", line 443, in load_model
(Worker_TP1 pid=258)     self.model_runner.load_model(load_dummy_weights=load_dummy_weights)
(Worker_TP1 pid=258)   File "/usr/local/lib/python3.12/dist-packages/vllm/v1/worker/gpu/model_runner.py", line 355, in load_model
(Worker_TP1 pid=258)     self.model = model_loader.load_model(
(Worker_TP1 pid=258)   File "/usr/local/lib/python3.12/dist-packages/vllm/tracing/otel.py", line 178, in sync_wrapper
(Worker_TP1 pid=258)     return func(*args, **kwargs)
(Worker_TP1 pid=258)   File "/usr/local/lib/python3.12/dist-packages/vllm/model_executor/model_loader/base_loader.py", line 64, in load_model
(Worker_TP1 pid=258)     self.load_weights(model, model_config)
(Worker_TP1 pid=258)   File "/usr/local/lib/python3.12/dist-packages/vllm/tracing/otel.py", line 178, in sync_wrapper
(Worker_TP1 pid=258)     return func(*args, **kwargs)
(Worker_TP1 pid=258)   File "/usr/local/lib/python3.12/dist-packages/vllm/model_executor/model_loader/default_loader.py", line 427, in load_weights
(Worker_TP1 pid=258)     loaded_weights = model.load_weights(self.get_all_weights(model_config, model))
(Worker_TP1 pid=258)   File "/usr/local/lib/python3.12/dist-packages/vllm/models/glm5next/nvidia/model.py", line 1544, in load_weights
(Worker_TP1 pid=258)     loaded = load_rank_cached(self, weights, super().load_weights)
(Worker_TP1 pid=258)   File "/usr/local/lib/python3.12/dist-packages/vllm/model_executor/layers/glm53_rank_cache.py", line 384, in load_rank_cached
(Worker_TP1 pid=258)     if _write(directory, identity, state, loaded):
(Worker_TP1 pid=258)   File "/usr/local/lib/python3.12/dist-packages/vllm/model_executor/layers/glm53_rank_cache.py", line 175, in _write
(Worker_TP1 pid=258)     getattr(os, "fdatasync", os.fsync)(out.fileno())
(Worker_TP1 pid=258) [boot-stamp] load-model still running after 180s; its thread is at:
(Worker_TP1 pid=258)   File "/usr/lib/python3.12/multiprocessing/process.py", line 108, in run
(Worker_TP1 pid=258)     self._target(*self._args, **self._kwargs)
(Worker_TP1 pid=258)   File "/usr/local/lib/python3.12/dist-packages/vllm/v1/executor/multiproc_executor.py", line 894, in worker_main
(Worker_TP1 pid=258)     worker = WorkerProc(*args, **kwargs)
(Worker_TP1 pid=258)   File "/usr/local/lib/python3.12/dist-packages/vllm/tracing/otel.py", line 178, in sync_wrapper
(Worker_TP1 pid=258)     return func(*args, **kwargs)
(Worker_TP1 pid=258)   File "/usr/local/lib/python3.12/dist-packages/vllm/v1/executor/multiproc_executor.py", line 663, in __init__
(Worker_TP1 pid=258)     self.worker.load_model()
(Worker_TP1 pid=258)   File "/usr/local/lib/python3.12/dist-packages/deneb_boot_stamps.py", line 163, in timed
(Worker_TP1 pid=258)     return fn(*a, **kw)
(Worker_TP1 pid=258)   File "/usr/local/lib/python3.12/dist-packages/vllm/v1/worker/gpu_worker.py", line 443, in load_model
(Worker_TP1 pid=258)     self.model_runner.load_model(load_dummy_weights=load_dummy_weights)
(Worker_TP1 pid=258)   File "/usr/local/lib/python3.12/dist-packages/vllm/v1/worker/gpu/model_runner.py", line 355, in load_model
(Worker_TP1 pid=258)     self.model = model_loader.load_model(
(Worker_TP1 pid=258)   File "/usr/local/lib/python3.12/dist-packages/vllm/tracing/otel.py", line 178, in sync_wrapper
(Worker_TP1 pid=258)     return func(*args, **kwargs)
(Worker_TP1 pid=258)   File "/usr/local/lib/python3.12/dist-packages/vllm/model_executor/model_loader/base_loader.py", line 64, in load_model
(Worker_TP1 pid=258)     self.load_weights(model, model_config)
(Worker_TP1 pid=258)   File "/usr/local/lib/python3.12/dist-packages/vllm/tracing/otel.py", line 178, in sync_wrapper
(Worker_TP1 pid=258)     return func(*args, **kwargs)
(Worker_TP1 pid=258)   File "/usr/local/lib/python3.12/dist-packages/vllm/model_executor/model_loader/default_loader.py", line 427, in load_weights
(Worker_TP1 pid=258)     loaded_weights = model.load_weights(self.get_all_weights(model_config, model))
(Worker_TP1 pid=258)   File "/usr/local/lib/python3.12/dist-packages/vllm/models/glm5next/nvidia/model.py", line 1544, in load_weights
(Worker_TP1 pid=258)     loaded = load_rank_cached(self, weights, super().load_weights)
(Worker_TP1 pid=258)   File "/usr/local/lib/python3.12/dist-packages/vllm/model_executor/layers/glm53_rank_cache.py", line 384, in load_rank_cached
(Worker_TP1 pid=258)     if _write(directory, identity, state, loaded):
(Worker_TP1 pid=258)   File "/usr/local/lib/python3.12/dist-packages/vllm/model_executor/layers/glm53_rank_cache.py", line 175, in _write
(Worker_TP1 pid=258)     getattr(os, "fdatasync", os.fsync)(out.fileno())
(Worker_TP1 pid=258) WARNING 09-08 22:18:22 [glm53_rank_cache.py:385] [rank-cache] saved rank=1 bytes=48092653608 in 137.934s; post-load hooks follow
(Worker_TP1 pid=258) WARNING 09-08 22:18:22 [glm53_rank_cache.py:318] [rank-cache] evicted stale artifact /cache/glm53-ranks/6dae09bb5d6925b39aea3fac368cebc37c8848f8d1b3c21e950d95bf5e8d019e (48.1 GB; keep=2)
(Worker_TP1 pid=258) WARNING 09-08 22:18:23 [glm53_megakernel.py:227] [megakernel] source md5=dc03be88 kernels=15 (/usr/local/lib/python3.12/dist-packages/vllm/model_executor/layers/glm53_megakernel.cu)
(Worker_TP1 pid=258) WARNING 09-08 22:18:23 [glm53_megakernel.py:2109] [megakernel] selftest mhc-bf16 all outputs bit equal -> ARM
(Worker_TP1 pid=258) WARNING 09-08 22:18:23 [glm53_megakernel.py:2248] [megakernel] selftest mhc sinkhorn=20 rel_errs=['0.00e+00', '1.17e-07', '1.65e-07', '1.07e-08'] -> ARM
(Worker_TP1 pid=258) WARNING 09-08 22:18:23 [glm53_megakernel.py:2197] [megakernel] AR consumer MHC self-test PASS (large warmup, small capture, exact outputs and graphs)
(Worker_TP1 pid=258) WARNING 09-08 22:18:23 [glm53_megakernel.py:2304] [megakernel] selftest mhc-pre T=[8, 6] identity=True rel=9.04e-06 -> ARM
(Worker_TP1 pid=258) WARNING 09-08 22:18:24 [glm53_megakernel.py:2375] [megakernel] exact gemm m=8 n=1024: plan=[8, 64, 2] PASS
(Worker_TP1 pid=258) WARNING 09-08 22:18:24 [glm53_megakernel.py:2375] [megakernel] exact gemm m=16 n=1024: plan=[8, 64, 2] PASS
(Worker_TP1 pid=258) WARNING 09-08 22:18:24 [glm53_megakernel.py:2375] [megakernel] exact gemm m=32 n=1024: plan=[8, 64, 2] PASS
(Worker_TP1 pid=258) WARNING 09-08 22:18:24 [glm53_megakernel.py:2375] [megakernel] exact gemm m=8 n=2048: plan=[3, 48, 2] PASS
(Worker_TP1 pid=258) WARNING 09-08 22:18:28 [glm53_megakernel.py:2420] [megakernel] selftest gemm exact=2.01e-05 (m=8/16/32 + forced split) -> ARM (plans ksr/units/bps: [1024x4096]=[8, 64, 2], in_proj=[8, 408, 2])
(Worker_TP1 pid=258) WARNING 09-08 22:18:28 [glm53_megakernel.py:2462] [megakernel] input-reuse exact graph M=6 N=6416 K=4096 PASS
(Worker_TP1 pid=258) WARNING 09-08 22:18:28 [glm53_megakernel.py:2462] [megakernel] input-reuse exact graph M=6 N=6416 K=4096 PASS
(Worker_TP1 pid=258) WARNING 09-08 22:18:28 [glm53_megakernel.py:2462] [megakernel] input-reuse exact graph M=6 N=6416 K=4096 PASS
(Worker_TP1 pid=258) WARNING 09-08 22:18:28 [glm53_megakernel.py:2462] [megakernel] input-reuse exact graph M=6 N=4096 K=4096 PASS
(Worker_TP1 pid=258) WARNING 09-08 22:18:28 [glm53_megakernel.py:2462] [megakernel] input-reuse exact graph M=6 N=6144 K=4096 PASS
(Worker_TP1 pid=258) WARNING 09-08 22:18:28 [glm53_megakernel.py:2864] [megakernel] selftest mla rel=2.67e-03 pair_prefill=False group=2 prefill32=False -> ARM
(Worker_TP1 pid=258) WARNING 09-08 22:18:28 [glm53_megakernel.py:2549] [megakernel] armed={'mhc': True, 'mhc_pre': True, 'gemm': True, 'mla': True, 'smlp2': False}
(Worker_TP1 pid=258) WARNING 09-08 22:18:28 [glm53_fp8_dense.py:1009] [fp8-dense] nvfp4 alpha=1.0 backend=cutlass (resolved on model.layers.0.self_attn.in_proj_qkvbfg_a for the prefill pair, reused for the rest)
(Worker_TP1 pid=258) WARNING 09-08 22:18:28 [glm53_fp8_dense.py:1311] [fp8-dense] nvfp4 prefill pair #1 (model.layers.0.self_attn.in_proj_qkvbfg_a): cuda free 53.7/121.6 GiB, host MemAvailable 46.3 GiB
(Worker_TP1 pid=258) WARNING 09-08 22:18:29 [glm53_fp8_dense.py:1311] [fp8-dense] nvfp4 prefill pair #21 (model.layers.4.self_attn.o_proj): cuda free 53.0/121.6 GiB, host MemAvailable 45.8 GiB
(Worker_TP1 pid=258) WARNING 09-08 22:18:30 [glm53_fp8_dense.py:1311] [fp8-dense] nvfp4 prefill pair #41 (model.layers.8.mlp.shared_experts.gate_up_proj): cuda free 52.4/121.6 GiB, host MemAvailable 45.4 GiB
(Worker_TP1 pid=258) WARNING 09-08 22:18:31 [glm53_fp8_dense.py:1311] [fp8-dense] nvfp4 prefill pair #61 (model.layers.12.mlp.shared_experts.down_proj): cuda free 51.8/121.6 GiB, host MemAvailable 44.9 GiB
(Worker_TP1 pid=258) WARNING 09-08 22:18:32 [glm53_fp8_dense.py:1311] [fp8-dense] nvfp4 prefill pair #81 (model.layers.17.self_attn.in_proj_qkvbfg_a): cuda free 51.1/121.6 GiB, host MemAvailable 44.4 GiB
(Worker_TP1 pid=258) WARNING 09-08 22:18:32 [glm53_fp8_dense.py:1311] [fp8-dense] nvfp4 prefill pair #101 (model.layers.21.self_attn.o_proj): cuda free 50.5/121.6 GiB, host MemAvailable 43.9 GiB
(Worker_TP1 pid=258) WARNING 09-08 22:18:33 [glm53_fp8_dense.py:1311] [fp8-dense] nvfp4 prefill pair #121 (model.layers.25.mlp.shared_experts.gate_up_proj): cuda free 49.9/121.6 GiB, host MemAvailable 43.4 GiB
(Worker_TP1 pid=258) WARNING 09-08 22:18:34 [glm53_fp8_dense.py:1311] [fp8-dense] nvfp4 prefill pair #141 (model.layers.29.mlp.shared_experts.down_proj): cuda free 49.3/121.6 GiB, host MemAvailable 43.0 GiB
(Worker_TP1 pid=258) WARNING 09-08 22:18:34 [glm53_fp8_dense.py:1311] [fp8-dense] nvfp4 prefill pair #161 (model.layers.34.self_attn.in_proj_qkvbfg_a): cuda free 48.6/121.6 GiB, host MemAvailable 42.4 GiB
(Worker_TP1 pid=258) WARNING 09-08 22:18:35 [glm53_fp8_dense.py:1311] [fp8-dense] nvfp4 prefill pair #181 (model.layers.38.self_attn.o_proj): cuda free 48.0/121.6 GiB, host MemAvailable 42.0 GiB
(Worker_TP1 pid=258) WARNING 09-08 22:18:36 [glm53_fp8_dense.py:1311] [fp8-dense] nvfp4 prefill pair #201 (model.layers.42.mlp.shared_experts.gate_up_proj): cuda free 47.5/121.6 GiB, host MemAvailable 41.5 GiB
(Worker_TP1 pid=258) WARNING 09-08 22:18:36 [glm53_startup_cache.py:295] [fp8-cache] Glm5NextForCausalLM enabled=True hit=213 miss=0 errors=0 host-seconds=key=2.024 read=2.341 quantize=0.000 write=0.000
(Worker_TP1 pid=258) WARNING 09-08 22:18:36 [glm53_fp8_dense.py:1339] [fp8-dense] Glm5NextForCausalLM host-seconds=check=0.665 mk=3.157 empty_cache=0.067 (includes existing syncs)
(Worker_TP1 pid=258) WARNING 09-08 22:18:36 [glm53_fp8_dense.py:1342] [fp8-dense] Glm5NextForCausalLM (knob VLLM_GLM53_FP8_DENSE=w8a8): 0 linears w4a8 (0.00 GB bf16), 213 linears w8a8 (4.04 GB bf16), 0 kept bf16, 0 disarmed by the copy check, 213 MK W4 packs, 213 nvfp4 prefill pairs -- fingerprint for the boot log
(Worker_TP1 pid=258) WARNING 09-08 22:18:36 [glm53_fp8_dense.py:1355] [fp8-dense] Glm5NextForCausalLM megakernel packs: rtn=0 gptq=0 gptq_failed=0 cached=223 lorc=0 (mean captured error energy 0.00) build 0s; levers rowshift=1 gptq=1 lorc=0 in 14.0 s
(Worker_TP1 pid=258) WARNING 09-08 22:18:36 [glm53_fp8_dense.py:1358] [mk-pack-io] Glm5NextForCausalLM fast=1 sha256=1 calib_s=0.157 key_s=2.207 read_s=0.282 copy_s=0.614 fast_hits=223 legacy_hits=0 sha_hits=223 md5_fallback=0 aliases=0 alias_errors=0
(Worker_TP1 pid=258) WARNING 09-08 22:18:36 [glm53_fp8_dense.py:1365] [fp8-dense] Glm5NextForCausalLM shapes: [1024x4096]x42, [4096x512]x42, [6416x4096]x34, [4096x2048]x34, [4096x1536]x22, [2048x4096]x11, [8192x512]x11, [4096x4096]x11, [6144x4096]x3, [4096x3072]x3
(Worker_TP1 pid=258) INFO 09-08 22:18:36 [default_loader.py:430] Loading weights took 206.77 seconds
(Worker_TP1 pid=258) INFO 09-08 22:18:36 [nvfp4.py:565] Using MoEPrepareAndFinalizeNoDPEPModular
(Worker_TP1 pid=258) WARNING 09-08 22:18:36 [flashinfer_b12x_moe.py:1394] [b12x static v5] expert weights re-laid out tile-major in place (w13 (288, 1024, 2048), w2 (288, 4096, 256) bytes): the static lane reads 16 KB / 8 KB boxes
(Worker_TP1 pid=258) WARNING 09-08 22:18:36 [flashinfer_b12x_moe.py:1394] [b12x static v5] expert weights re-laid out tile-major in place (w13 (288, 1024, 2048), w2 (288, 4096, 256) bytes): the static lane reads 16 KB / 8 KB boxes
(Worker_TP1 pid=258) WARNING 09-08 22:18:37 [flashinfer_b12x_moe.py:1394] [b12x static v5] expert weights re-laid out tile-major in place (w13 (288, 1024, 2048), w2 (288, 4096, 256) bytes): the static lane reads 16 KB / 8 KB boxes
(Worker_TP1 pid=258) WARNING 09-08 22:18:37 [flashinfer_b12x_moe.py:1394] [b12x static v5] expert weights re-laid out tile-major in place (w13 (288, 1024, 2048), w2 (288, 4096, 256) bytes): the static lane reads 16 KB / 8 KB boxes
(Worker_TP1 pid=258) WARNING 09-08 22:18:37 [flashinfer_b12x_moe.py:1394] [b12x static v5] expert weights re-laid out tile-major in place (w13 (288, 1024, 2048), w2 (288, 4096, 256) bytes): the static lane reads 16 KB / 8 KB boxes
(Worker_TP1 pid=258) WARNING 09-08 22:18:37 [flashinfer_b12x_moe.py:1394] [b12x static v5] expert weights re-laid out tile-major in place (w13 (288, 1024, 2048), w2 (288, 4096, 256) bytes): the static lane reads 16 KB / 8 KB boxes
(Worker_TP1 pid=258) WARNING 09-08 22:18:37 [flashinfer_b12x_moe.py:1394] [b12x static v5] expert weights re-laid out tile-major in place (w13 (288, 1024, 2048), w2 (288, 4096, 256) bytes): the static lane reads 16 KB / 8 KB boxes
(Worker_TP1 pid=258) WARNING 09-08 22:18:37 [flashinfer_b12x_moe.py:1394] [b12x static v5] expert weights re-laid out tile-major in place (w13 (288, 1024, 2048), w2 (288, 4096, 256) bytes): the static lane reads 16 KB / 8 KB boxes
(Worker_TP1 pid=258) WARNING 09-08 22:18:37 [flashinfer_b12x_moe.py:1394] [b12x static v5] expert weights re-laid out tile-major in place (w13 (288, 1024, 2048), w2 (288, 4096, 256) bytes): the static lane reads 16 KB / 8 KB boxes
(Worker_TP1 pid=258) WARNING 09-08 22:18:37 [flashinfer_b12x_moe.py:1394] [b12x static v5] expert weights re-laid out tile-major in place (w13 (288, 1024, 2048), w2 (288, 4096, 256) bytes): the static lane reads 16 KB / 8 KB boxes
(Worker_TP1 pid=258) WARNING 09-08 22:18:37 [flashinfer_b12x_moe.py:1394] [b12x static v5] expert weights re-laid out tile-major in place (w13 (288, 1024, 2048), w2 (288, 4096, 256) bytes): the static lane reads 16 KB / 8 KB boxes
(Worker_TP1 pid=258) WARNING 09-08 22:18:37 [flashinfer_b12x_moe.py:1394] [b12x static v5] expert weights re-laid out tile-major in place (w13 (288, 1024, 2048), w2 (288, 4096, 256) bytes): the static lane reads 16 KB / 8 KB boxes
(Worker_TP1 pid=258) WARNING 09-08 22:18:37 [flashinfer_b12x_moe.py:1394] [b12x static v5] expert weights re-laid out tile-major in place (w13 (288, 1024, 2048), w2 (288, 4096, 256) bytes): the static lane reads 16 KB / 8 KB boxes
(Worker_TP1 pid=258) WARNING 09-08 22:18:37 [flashinfer_b12x_moe.py:1394] [b12x static v5] expert weights re-laid out tile-major in place (w13 (288, 1024, 2048), w2 (288, 4096, 256) bytes): the static lane reads 16 KB / 8 KB boxes
(Worker_TP1 pid=258) WARNING 09-08 22:18:37 [flashinfer_b12x_moe.py:1394] [b12x static v5] expert weights re-laid out tile-major in place (w13 (288, 1024, 2048), w2 (288, 4096, 256) bytes): the static lane reads 16 KB / 8 KB boxes
(Worker_TP1 pid=258) WARNING 09-08 22:18:37 [flashinfer_b12x_moe.py:1394] [b12x static v5] expert weights re-laid out tile-major in place (w13 (288, 1024, 2048), w2 (288, 4096, 256) bytes): the static lane reads 16 KB / 8 KB boxes
(Worker_TP1 pid=258) WARNING 09-08 22:18:37 [flashinfer_b12x_moe.py:1394] [b12x static v5] expert weights re-laid out tile-major in place (w13 (288, 1024, 2048), w2 (288, 4096, 256) bytes): the static lane reads 16 KB / 8 KB boxes
(Worker_TP1 pid=258) WARNING 09-08 22:18:37 [flashinfer_b12x_moe.py:1394] [b12x static v5] expert weights re-laid out tile-major in place (w13 (288, 1024, 2048), w2 (288, 4096, 256) bytes): the static lane reads 16 KB / 8 KB boxes
(Worker_TP1 pid=258) WARNING 09-08 22:18:37 [flashinfer_b12x_moe.py:1394] [b12x static v5] expert weights re-laid out tile-major in place (w13 (288, 1024, 2048), w2 (288, 4096, 256) bytes): the static lane reads 16 KB / 8 KB boxes
(Worker_TP1 pid=258) WARNING 09-08 22:18:37 [flashinfer_b12x_moe.py:1394] [b12x static v5] expert weights re-laid out tile-major in place (w13 (288, 1024, 2048), w2 (288, 4096, 256) bytes): the static lane reads 16 KB / 8 KB boxes
(Worker_TP1 pid=258) WARNING 09-08 22:18:37 [flashinfer_b12x_moe.py:1394] [b12x static v5] expert weights re-laid out tile-major in place (w13 (288, 1024, 2048), w2 (288, 4096, 256) bytes): the static lane reads 16 KB / 8 KB boxes
(Worker_TP1 pid=258) WARNING 09-08 22:18:37 [flashinfer_b12x_moe.py:1394] [b12x static v5] expert weights re-laid out tile-major in place (w13 (288, 1024, 2048), w2 (288, 4096, 256) bytes): the static lane reads 16 KB / 8 KB boxes
(Worker_TP1 pid=258) WARNING 09-08 22:18:37 [flashinfer_b12x_moe.py:1394] [b12x static v5] expert weights re-laid out tile-major in place (w13 (288, 1024, 2048), w2 (288, 4096, 256) bytes): the static lane reads 16 KB / 8 KB boxes
(Worker_TP1 pid=258) WARNING 09-08 22:18:38 [flashinfer_b12x_moe.py:1394] [b12x static v5] expert weights re-laid out tile-major in place (w13 (288, 1024, 2048), w2 (288, 4096, 256) bytes): the static lane reads 16 KB / 8 KB boxes
(Worker_TP1 pid=258) WARNING 09-08 22:18:38 [flashinfer_b12x_moe.py:1394] [b12x static v5] expert weights re-laid out tile-major in place (w13 (288, 1024, 2048), w2 (288, 4096, 256) bytes): the static lane reads 16 KB / 8 KB boxes
(Worker_TP1 pid=258) WARNING 09-08 22:18:38 [flashinfer_b12x_moe.py:1394] [b12x static v5] expert weights re-laid out tile-major in place (w13 (288, 1024, 2048), w2 (288, 4096, 256) bytes): the static lane reads 16 KB / 8 KB boxes
(Worker_TP1 pid=258) WARNING 09-08 22:18:38 [flashinfer_b12x_moe.py:1394] [b12x static v5] expert weights re-laid out tile-major in place (w13 (288, 1024, 2048), w2 (288, 4096, 256) bytes): the static lane reads 16 KB / 8 KB boxes
(Worker_TP1 pid=258) WARNING 09-08 22:18:38 [flashinfer_b12x_moe.py:1394] [b12x static v5] expert weights re-laid out tile-major in place (w13 (288, 1024, 2048), w2 (288, 4096, 256) bytes): the static lane reads 16 KB / 8 KB boxes
(Worker_TP1 pid=258) WARNING 09-08 22:18:38 [flashinfer_b12x_moe.py:1394] [b12x static v5] expert weights re-laid out tile-major in place (w13 (288, 1024, 2048), w2 (288, 4096, 256) bytes): the static lane reads 16 KB / 8 KB boxes
(Worker_TP1 pid=258) WARNING 09-08 22:18:38 [flashinfer_b12x_moe.py:1394] [b12x static v5] expert weights re-laid out tile-major in place (w13 (288, 1024, 2048), w2 (288, 4096, 256) bytes): the static lane reads 16 KB / 8 KB boxes
(Worker_TP1 pid=258) WARNING 09-08 22:18:38 [flashinfer_b12x_moe.py:1394] [b12x static v5] expert weights re-laid out tile-major in place (w13 (288, 1024, 2048), w2 (288, 4096, 256) bytes): the static lane reads 16 KB / 8 KB boxes
(Worker_TP1 pid=258) WARNING 09-08 22:18:38 [flashinfer_b12x_moe.py:1394] [b12x static v5] expert weights re-laid out tile-major in place (w13 (288, 1024, 2048), w2 (288, 4096, 256) bytes): the static lane reads 16 KB / 8 KB boxes
(Worker_TP1 pid=258) WARNING 09-08 22:18:38 [flashinfer_b12x_moe.py:1394] [b12x static v5] expert weights re-laid out tile-major in place (w13 (288, 1024, 2048), w2 (288, 4096, 256) bytes): the static lane reads 16 KB / 8 KB boxes
(Worker_TP1 pid=258) WARNING 09-08 22:18:38 [flashinfer_b12x_moe.py:1394] [b12x static v5] expert weights re-laid out tile-major in place (w13 (288, 1024, 2048), w2 (288, 4096, 256) bytes): the static lane reads 16 KB / 8 KB boxes
(Worker_TP1 pid=258) WARNING 09-08 22:18:38 [flashinfer_b12x_moe.py:1394] [b12x static v5] expert weights re-laid out tile-major in place (w13 (288, 1024, 2048), w2 (288, 4096, 256) bytes): the static lane reads 16 KB / 8 KB boxes
(Worker_TP1 pid=258) WARNING 09-08 22:18:38 [flashinfer_b12x_moe.py:1394] [b12x static v5] expert weights re-laid out tile-major in place (w13 (288, 1024, 2048), w2 (288, 4096, 256) bytes): the static lane reads 16 KB / 8 KB boxes
(Worker_TP1 pid=258) WARNING 09-08 22:18:38 [flashinfer_b12x_moe.py:1394] [b12x static v5] expert weights re-laid out tile-major in place (w13 (288, 1024, 2048), w2 (288, 4096, 256) bytes): the static lane reads 16 KB / 8 KB boxes
(Worker_TP1 pid=258) WARNING 09-08 22:18:38 [flashinfer_b12x_moe.py:1394] [b12x static v5] expert weights re-laid out tile-major in place (w13 (288, 1024, 2048), w2 (288, 4096, 256) bytes): the static lane reads 16 KB / 8 KB boxes
(Worker_TP1 pid=258) WARNING 09-08 22:18:38 [flashinfer_b12x_moe.py:1394] [b12x static v5] expert weights re-laid out tile-major in place (w13 (288, 1024, 2048), w2 (288, 4096, 256) bytes): the static lane reads 16 KB / 8 KB boxes
(Worker_TP1 pid=258) WARNING 09-08 22:18:38 [flashinfer_b12x_moe.py:1394] [b12x static v5] expert weights re-laid out tile-major in place (w13 (288, 1024, 2048), w2 (288, 4096, 256) bytes): the static lane reads 16 KB / 8 KB boxes
(Worker_TP1 pid=258) WARNING 09-08 22:18:38 [flashinfer_b12x_moe.py:1394] [b12x static v5] expert weights re-laid out tile-major in place (w13 (288, 1024, 2048), w2 (288, 4096, 256) bytes): the static lane reads 16 KB / 8 KB boxes
(Worker_TP1 pid=258) WARNING 09-08 22:18:38 [flashinfer_b12x_moe.py:1394] [b12x static v5] expert weights re-laid out tile-major in place (w13 (288, 1024, 2048), w2 (288, 4096, 256) bytes): the static lane reads 16 KB / 8 KB boxes
(Worker_TP1 pid=258) INFO 09-08 22:18:38 [eagle3_utils.py:28] Using Eagle3 auxiliary layers from config: (6, 15, 25, 34, 43)
(Worker_TP1 pid=258) INFO 09-08 22:18:38 [kernel.py:306] Final IR op priority after setting platform defaults: IrOpPriorityConfig(rms_norm=['native'], fused_add_rms_norm=['native'])
(Worker_TP1 pid=258) INFO 09-08 22:18:39 [cuda.py:533] Using FLASHINFER attention backend out of potential backends: ['FLASHINFER', 'TRITON_ATTN'].
(Worker_TP1 pid=258) [boot-stamp] weights: 81 tensors, 2.2 GiB | read 1.0s (2.09 GiB/s) | apply 0.0s
(Worker_TP1 pid=258) INFO 09-08 22:18:40 [default_loader.py:430] Loading weights took 1.06 seconds
(Worker_TP1 pid=258) WARNING 09-08 22:18:41 [glm53_startup_cache.py:295] [fp8-cache] DFlash2Qwen3ForCausalLM enabled=True hit=31 miss=0 errors=0 host-seconds=key=0.393 read=0.394 quantize=0.000 write=0.000
(Worker_TP1 pid=258) WARNING 09-08 22:18:41 [glm53_fp8_dense.py:1339] [fp8-dense] DFlash2Qwen3ForCausalLM host-seconds=check=0.038 mk=0.554 empty_cache=0.078 (includes existing syncs)
(Worker_TP1 pid=258) WARNING 09-08 22:18:41 [glm53_fp8_dense.py:1342] [fp8-dense] DFlash2Qwen3ForCausalLM (knob VLLM_DFLASH2_FP8_DENSE=w8a8): 0 linears w4a8 (0.00 GB bf16), 31 linears w8a8 (0.73 GB bf16), 0 kept bf16, 0 disarmed by the copy check, 31 MK W4 packs, 0 nvfp4 prefill pairs -- fingerprint for the boot log
(Worker_TP1 pid=258) WARNING 09-08 22:18:41 [glm53_fp8_dense.py:1355] [fp8-dense] DFlash2Qwen3ForCausalLM megakernel packs: rtn=0 gptq=0 gptq_failed=0 cached=258 lorc=0 (mean captured error energy 0.00) build 0s; levers rowshift=1 gptq=1 lorc=0 in 1.5 s
(Worker_TP1 pid=258) WARNING 09-08 22:18:41 [glm53_fp8_dense.py:1358] [mk-pack-io] DFlash2Qwen3ForCausalLM fast=1 sha256=1 calib_s=0.190 key_s=2.575 read_s=0.324 copy_s=0.710 fast_hits=258 legacy_hits=0 sha_hits=258 md5_fallback=0 aliases=0 alias_errors=0
(Worker_TP1 pid=258) WARNING 09-08 22:18:41 [glm53_fp8_dense.py:1365] [fp8-dense] DFlash2Qwen3ForCausalLM shapes: [1024x4096]x10, [1536x4096]x5, [4096x1024]x5, [6144x4096]x5, [4096x3072]x5, [4096x20480]x1
(Worker_TP1 pid=258) WARNING 09-08 22:18:41 [glm53_fp8_dense.py:965] [fp8-dense] drafter: VLLM_GLM53_FP8_DENSE_FREE_BF16=1: released 0.73 GB of bf16 sources (0 linears kept theirs for a bias); the bias and error fallbacks through the base method are gone with them
(Worker_TP1 pid=258) INFO 09-08 22:18:43 [fp8_lm_head.py:342] fp8 lm_head: quantized (38720, 4096).
(Worker_TP1 pid=258) WARNING 09-08 22:18:43 [speculator.py:197] Draft model DFlash2Qwen3ForCausalLM does not support external multimodal embeddings. Embeddings from the target model will not be passed to the drafter; using text-only draft inputs instead.
(Worker_TP1 pid=258) INFO 09-08 22:18:44 [model_runner.py:374] Model loading took 50.4 GiB and 218.442708 seconds
(Worker_TP1 pid=258) [boot-stamp] load-model took 218.5s (at 255.8s since interpreter start)
(Worker_TP1 pid=258) INFO 09-08 22:18:44 [interface.py:950] Padding mamba page size by 2.86% to ensure that mamba page size and attention page size are exactly equal.
INFO 09-08 22:18:44 [torch_utils.py:262] Reducing Torch threads from 20 to 1 for serving. Set OMP_NUM_THREADS in the external environment to override.
(Worker_TP1 pid=258) INFO 09-08 22:18:47 [encoder_runner.py:119] Encoder cache will be initialized with a budget of 32242 tokens, and profiled with 1 video items of the maximum feature size.
(Worker_TP1 pid=258) WARNING 09-08 22:19:02 [dsv4_oneshot_shim.py:175] [osar] source md5=a2d7bc9d kernels=3 maxel=131072 (/usr/local/lib/python3.12/dist-packages/vllm/distributed/device_communicators/dsv4_oneshot_ar.cu)
(Worker_TP1 pid=258) [boot-stamp] profile/determine-memory still running after 60s; its thread is at:
(Worker_TP1 pid=258)   File "/usr/local/lib/python3.12/dist-packages/vllm/distributed/parallel_state.py", line 699, in all_reduce
(Worker_TP1 pid=258)     return torch.ops.vllm.all_reduce(input_, group_name=self.unique_name)
(Worker_TP1 pid=258)   File "/usr/local/lib/python3.12/dist-packages/torch/_ops.py", line 1279, in __call__
(Worker_TP1 pid=258)     return self._op(*args, **kwargs)
(Worker_TP1 pid=258)   File "/usr/local/lib/python3.12/dist-packages/vllm/distributed/parallel_state.py", line 161, in all_reduce
(Worker_TP1 pid=258)     return group._all_reduce_out_place(tensor)
(Worker_TP1 pid=258)   File "/usr/local/lib/python3.12/dist-packages/vllm/distributed/parallel_state.py", line 706, in _all_reduce_out_place
(Worker_TP1 pid=258)     return self.device_communicator.all_reduce(input_)
(Worker_TP1 pid=258)   File "/usr/local/lib/python3.12/dist-packages/vllm/distributed/device_communicators/cuda_communicator.py", line 288, in all_reduce
(Worker_TP1 pid=258)     _out = maybe_all_reduce(self, input_, self._all_reduce_impl)
(Worker_TP1 pid=258)   File "/usr/local/lib/python3.12/dist-packages/vllm/distributed/device_communicators/dsv4_oneshot_shim.py", line 590, in maybe_all_reduce
(Worker_TP1 pid=258)     _bootstrap(comm)
(Worker_TP1 pid=258)   File "/usr/local/lib/python3.12/dist-packages/vllm/distributed/device_communicators/dsv4_oneshot_shim.py", line 226, in _bootstrap
(Worker_TP1 pid=258)     _ext = _build()
(Worker_TP1 pid=258)   File "/usr/local/lib/python3.12/dist-packages/vllm/distributed/device_communicators/dsv4_oneshot_shim.py", line 195, in _build
(Worker_TP1 pid=258)     return load(
(Worker_TP1 pid=258)   File "/usr/local/lib/python3.12/dist-packages/torch/utils/cpp_extension.py", line 1927, in load
(Worker_TP1 pid=258)     return _jit_compile(
(Worker_TP1 pid=258)   File "/usr/local/lib/python3.12/dist-packages/torch/utils/cpp_extension.py", line 2382, in _jit_compile
(Worker_TP1 pid=258)     _write_ninja_file_and_build_library(
(Worker_TP1 pid=258)   File "/usr/local/lib/python3.12/dist-packages/torch/utils/cpp_extension.py", line 2543, in _write_ninja_file_and_build_library
(Worker_TP1 pid=258)     _run_ninja_build(
(Worker_TP1 pid=258)   File "/usr/local/lib/python3.12/dist-packages/torch/utils/cpp_extension.py", line 2893, in _run_ninja_build
(Worker_TP1 pid=258)     subprocess.run(
(Worker_TP1 pid=258)   File "/usr/lib/python3.12/subprocess.py", line 550, in run
(Worker_TP1 pid=258)     stdout, stderr = process.communicate(input, timeout=timeout)
(Worker_TP1 pid=258)   File "/usr/lib/python3.12/subprocess.py", line 1196, in communicate
(Worker_TP1 pid=258)     stdout = self.stdout.read()
(Worker_TP1 pid=258) [boot-stamp] profile-run still running after 60s; its thread is at:
(Worker_TP1 pid=258)   File "/usr/local/lib/python3.12/dist-packages/vllm/distributed/parallel_state.py", line 699, in all_reduce
(Worker_TP1 pid=258)     return torch.ops.vllm.all_reduce(input_, group_name=self.unique_name)
(Worker_TP1 pid=258)   File "/usr/local/lib/python3.12/dist-packages/torch/_ops.py", line 1279, in __call__
(Worker_TP1 pid=258)     return self._op(*args, **kwargs)
(Worker_TP1 pid=258)   File "/usr/local/lib/python3.12/dist-packages/vllm/distributed/parallel_state.py", line 161, in all_reduce
(Worker_TP1 pid=258)     return group._all_reduce_out_place(tensor)
(Worker_TP1 pid=258)   File "/usr/local/lib/python3.12/dist-packages/vllm/distributed/parallel_state.py", line 706, in _all_reduce_out_place
(Worker_TP1 pid=258)     return self.device_communicator.all_reduce(input_)
(Worker_TP1 pid=258)   File "/usr/local/lib/python3.12/dist-packages/vllm/distributed/device_communicators/cuda_communicator.py", line 288, in all_reduce
(Worker_TP1 pid=258)     _out = maybe_all_reduce(self, input_, self._all_reduce_impl)
(Worker_TP1 pid=258)   File "/usr/local/lib/python3.12/dist-packages/vllm/distributed/device_communicators/dsv4_oneshot_shim.py", line 590, in maybe_all_reduce
(Worker_TP1 pid=258)     _bootstrap(comm)
(Worker_TP1 pid=258)   File "/usr/local/lib/python3.12/dist-packages/vllm/distributed/device_communicators/dsv4_oneshot_shim.py", line 226, in _bootstrap
(Worker_TP1 pid=258)     _ext = _build()
(Worker_TP1 pid=258)   File "/usr/local/lib/python3.12/dist-packages/vllm/distributed/device_communicators/dsv4_oneshot_shim.py", line 195, in _build
(Worker_TP1 pid=258)     return load(
(Worker_TP1 pid=258)   File "/usr/local/lib/python3.12/dist-packages/torch/utils/cpp_extension.py", line 1927, in load
(Worker_TP1 pid=258)     return _jit_compile(
(Worker_TP1 pid=258)   File "/usr/local/lib/python3.12/dist-packages/torch/utils/cpp_extension.py", line 2382, in _jit_compile
(Worker_TP1 pid=258)     _write_ninja_file_and_build_library(
(Worker_TP1 pid=258)   File "/usr/local/lib/python3.12/dist-packages/torch/utils/cpp_extension.py", line 2543, in _write_ninja_file_and_build_library
(Worker_TP1 pid=258)     _run_ninja_build(
(Worker_TP1 pid=258)   File "/usr/local/lib/python3.12/dist-packages/torch/utils/cpp_extension.py", line 2893, in _run_ninja_build
(Worker_TP1 pid=258)     subprocess.run(
(Worker_TP1 pid=258)   File "/usr/lib/python3.12/subprocess.py", line 550, in run
(Worker_TP1 pid=258)     stdout, stderr = process.communicate(input, timeout=timeout)
(Worker_TP1 pid=258)   File "/usr/lib/python3.12/subprocess.py", line 1196, in communicate
(Worker_TP1 pid=258)     stdout = self.stdout.read()
(Worker_TP1 pid=258) [boot-stamp] encoder-profile still running after 60s; its thread is at:
(Worker_TP1 pid=258)   File "/usr/local/lib/python3.12/dist-packages/vllm/distributed/parallel_state.py", line 699, in all_reduce
(Worker_TP1 pid=258)     return torch.ops.vllm.all_reduce(input_, group_name=self.unique_name)
(Worker_TP1 pid=258)   File "/usr/local/lib/python3.12/dist-packages/torch/_ops.py", line 1279, in __call__
(Worker_TP1 pid=258)     return self._op(*args, **kwargs)
(Worker_TP1 pid=258)   File "/usr/local/lib/python3.12/dist-packages/vllm/distributed/parallel_state.py", line 161, in all_reduce
(Worker_TP1 pid=258)     return group._all_reduce_out_place(tensor)
(Worker_TP1 pid=258)   File "/usr/local/lib/python3.12/dist-packages/vllm/distributed/parallel_state.py", line 706, in _all_reduce_out_place
(Worker_TP1 pid=258)     return self.device_communicator.all_reduce(input_)
(Worker_TP1 pid=258)   File "/usr/local/lib/python3.12/dist-packages/vllm/distributed/device_communicators/cuda_communicator.py", line 288, in all_reduce
(Worker_TP1 pid=258)     _out = maybe_all_reduce(self, input_, self._all_reduce_impl)
(Worker_TP1 pid=258)   File "/usr/local/lib/python3.12/dist-packages/vllm/distributed/device_communicators/dsv4_oneshot_shim.py", line 590, in maybe_all_reduce
(Worker_TP1 pid=258)     _bootstrap(comm)
(Worker_TP1 pid=258)   File "/usr/local/lib/python3.12/dist-packages/vllm/distributed/device_communicators/dsv4_oneshot_shim.py", line 226, in _bootstrap
(Worker_TP1 pid=258)     _ext = _build()
(Worker_TP1 pid=258)   File "/usr/local/lib/python3.12/dist-packages/vllm/distributed/device_communicators/dsv4_oneshot_shim.py", line 195, in _build
(Worker_TP1 pid=258)     return load(
(Worker_TP1 pid=258)   File "/usr/local/lib/python3.12/dist-packages/torch/utils/cpp_extension.py", line 1927, in load
(Worker_TP1 pid=258)     return _jit_compile(
(Worker_TP1 pid=258)   File "/usr/local/lib/python3.12/dist-packages/torch/utils/cpp_extension.py", line 2382, in _jit_compile
(Worker_TP1 pid=258)     _write_ninja_file_and_build_library(
(Worker_TP1 pid=258)   File "/usr/local/lib/python3.12/dist-packages/torch/utils/cpp_extension.py", line 2543, in _write_ninja_file_and_build_library
(Worker_TP1 pid=258)     _run_ninja_build(
(Worker_TP1 pid=258)   File "/usr/local/lib/python3.12/dist-packages/torch/utils/cpp_extension.py", line 2893, in _run_ninja_build
(Worker_TP1 pid=258)     subprocess.run(
(Worker_TP1 pid=258)   File "/usr/lib/python3.12/subprocess.py", line 550, in run
(Worker_TP1 pid=258)     stdout, stderr = process.communicate(input, timeout=timeout)
(Worker_TP1 pid=258)   File "/usr/lib/python3.12/subprocess.py", line 1196, in communicate
(Worker_TP1 pid=258)     stdout = self.stdout.read()
(Worker_TP1 pid=258) WARNING 09-08 22:20:03 [dsv4_oneshot_shim.py:322] [osar] connected rank=1 world=4 shadow=False
(Worker_TP1 pid=258) WARNING 09-08 22:20:03 [dsv4_oneshot_shim.py:423] [osar] self-test PASS div=0 (real=True)
(Worker_TP1 pid=258) WARNING 09-08 22:20:03 [dsv4_oneshot_shim.py:426] [osar] consumer PDL self-test PASS
(Worker_TP1 pid=258) [boot-stamp] encoder-profile took 82.1s (at 340.3s since interpreter start)
(Worker_TP1 pid=258) WARNING 09-08 22:20:09 [glm53_fp8_dense.py:965] [fp8-dense] VLLM_GLM53_FP8_DENSE_FREE_BF16=1: released 4.04 GB of bf16 sources (0 linears kept theirs for a bias); the bias and error fallbacks through the base method are gone with them
(Worker_TP1 pid=258) WARNING 09-08 22:20:09 [model.py:936] [prefill-sp] NOT selected: metadata gate (T=8192: not a pure-prefill batch on every layer, or metadata names/kinds unknown)
(Worker_TP1 pid=258) WARNING 09-08 22:20:09 [glm53_fp8_dense.py:808] [fp8-dense] nvfp4 prefill route engaged (M=8192)
(Worker_TP1 pid=258) WARNING 09-08 22:20:09 [glm53_fp8_dense.py:808] [fp8-dense] nvfp4 prefill route engaged (M=8192)
(Worker_TP1 pid=258) WARNING 09-08 22:20:09 [glm53_fp8_dense.py:808] [fp8-dense] nvfp4 prefill route engaged (M=8192)
(Worker_TP1 pid=258) WARNING 09-08 22:20:09 [glm53_fp8_dense.py:808] [fp8-dense] nvfp4 prefill route engaged (M=8192)
(Worker_TP1 pid=258) WARNING 09-08 22:20:09 [glm53_fp8_dense.py:808] [fp8-dense] nvfp4 prefill route engaged (M=8192)
(Worker_TP1 pid=258) WARNING 09-08 22:20:09 [glm53_fp8_dense.py:808] [fp8-dense] nvfp4 prefill route engaged (M=8192)
(Worker_TP1 pid=258) WARNING 09-08 22:20:09 [glm53_fp8_dense.py:808] [fp8-dense] nvfp4 prefill route engaged (M=8192)
(Worker_TP1 pid=258) WARNING 09-08 22:20:09 [glm53_fp8_dense.py:808] [fp8-dense] nvfp4 prefill route engaged (M=8192)
(Worker_TP1 pid=258) WARNING 09-08 22:20:09 [glm53_fp8_dense.py:808] [fp8-dense] nvfp4 prefill route engaged (M=8192)
(Worker_TP1 pid=258) WARNING 09-08 22:20:09 [glm53_fp8_dense.py:808] [fp8-dense] nvfp4 prefill route engaged (M=8192)
(Worker_TP1 pid=258) WARNING 09-08 22:20:09 [glm53_fp8_dense.py:808] [fp8-dense] nvfp4 prefill route engaged (M=8192)
(Worker_TP1 pid=258) WARNING 09-08 22:20:09 [glm53_fp8_dense.py:808] [fp8-dense] nvfp4 prefill route engaged (M=8192)
(Worker_TP1 pid=258) WARNING 09-08 22:20:09 [glm53_fp8_dense.py:808] [fp8-dense] nvfp4 prefill route engaged (M=8192)
(Worker_TP1 pid=258) WARNING 09-08 22:20:09 [glm53_fp8_dense.py:808] [fp8-dense] nvfp4 prefill route engaged (M=8192)
(Worker_TP1 pid=258) WARNING 09-08 22:20:09 [glm53_fp8_dense.py:808] [fp8-dense] nvfp4 prefill route engaged (M=8192)
(Worker_TP1 pid=258) WARNING 09-08 22:20:09 [glm53_indexer_gate.py:129] [indexer-gate] VLLM_GLM53_INDEXER_GATE_SPLITK=1: first stock torch.mm routing, e.g. x(8192, 4096) torch.bfloat16 @ w(4096, 32) (M<=16 admitted)
(Worker_TP1 pid=258) WARNING 09-08 22:20:09 [glm53_fp8_dense.py:808] [fp8-dense] nvfp4 prefill route engaged (M=8192)
(Worker_TP1 pid=258) WARNING 09-08 22:20:09 [glm53_fp8_dense.py:808] [fp8-dense] nvfp4 prefill route engaged (M=8192)
(Worker_TP1 pid=258) WARNING 09-08 22:20:09 [glm53_fp8_dense.py:808] [fp8-dense] nvfp4 prefill route engaged (M=8192)
(Worker_TP1 pid=258) INFO 09-08 22:20:10 [flashinfer_b12x_moe.py:1002] b12x MoE wrapper shared across layers with matching geometry (288 experts, top_k 8, 4096/512)
(Worker_TP1 pid=258) 2026-09-08 22:20:10,953 - INFO - cute_dsl_core.py:174 - flashinfer.jit: Invalidating stale CuTe-DSL module b12x_moe_sm121a_cute_dsl
(Worker_TP1 pid=258) 2026-09-08 22:20:10,955 - INFO - cute_dsl_core.py:177 - flashinfer.jit: Compiling CuTe-DSL kernel b12x_moe_sm121a_cute_dsl/dynamic_e288_k4096_n512_t8_tiled_c0117430e413583f
[osar] phase rank=1 us/collective (n=2): guard=2.4 copy=3.5 wait=121.5 reduce=2.4 | total=129.8  @1592 MHz assumed | wait by size: <=128KiB n=2 121.5, >128KiB n=0 0.0
(Worker_TP1 pid=258) 2026-09-08 22:20:15,321 - INFO - cute_dsl_core.py:246 - flashinfer.jit: Persisted CuTe-DSL kernel to /cache/.cache/flashinfer/0.6.18.dev20260819/121a/cached_ops/b12x_moe_sm121a_cute_dsl/dynamic_e288_k4096_n512_t8_tiled_c0117430e413583f.o
(Worker_TP1 pid=258) WARNING 09-08 22:20:15 [glm53_fp8_dense.py:808] [fp8-dense] nvfp4 prefill route engaged (M=8192)
(Worker_TP1 pid=258) WARNING 09-08 22:20:15 [glm53_fp8_dense.py:808] [fp8-dense] nvfp4 prefill route engaged (M=8192)
(Worker_TP1 pid=258) WARNING 09-08 22:20:15 [glm53_fp8_dense.py:808] [fp8-dense] nvfp4 prefill route engaged (M=8192)
(Worker_TP1 pid=258) WARNING 09-08 22:20:15 [glm53_fp8_dense.py:808] [fp8-dense] nvfp4 prefill route engaged (M=8192)
(Worker_TP1 pid=258) WARNING 09-08 22:20:15 [glm53_fp8_dense.py:808] [fp8-dense] nvfp4 prefill route engaged (M=8192)
(Worker_TP1 pid=258) WARNING 09-08 22:20:15 [glm53_fp8_dense.py:808] [fp8-dense] nvfp4 prefill route engaged (M=8192)
(Worker_TP1 pid=258) WARNING 09-08 22:20:15 [glm53_fp8_dense.py:808] [fp8-dense] nvfp4 prefill route engaged (M=8192)
(Worker_TP1 pid=258) WARNING 09-08 22:20:15 [glm53_fp8_dense.py:808] [fp8-dense] nvfp4 prefill route engaged (M=8192)
(Worker_TP1 pid=258) WARNING 09-08 22:20:15 [glm53_fp8_dense.py:808] [fp8-dense] nvfp4 prefill route engaged (M=8192)
(Worker_TP1 pid=258) WARNING 09-08 22:20:15 [glm53_fp8_dense.py:808] [fp8-dense] nvfp4 prefill route engaged (M=8192)
(Worker_TP1 pid=258) WARNING 09-08 22:20:15 [glm53_fp8_dense.py:808] [fp8-dense] nvfp4 prefill route engaged (M=8192)
(Worker_TP1 pid=258) WARNING 09-08 22:20:15 [glm53_fp8_dense.py:808] [fp8-dense] nvfp4 prefill route engaged (M=8192)
(Worker_TP1 pid=258) WARNING 09-08 22:20:15 [glm53_fp8_dense.py:808] [fp8-dense] nvfp4 prefill route engaged (M=8192)
(Worker_TP1 pid=258) WARNING 09-08 22:20:15 [glm53_fp8_dense.py:808] [fp8-dense] nvfp4 prefill route engaged (M=8192)
(Worker_TP1 pid=258) WARNING 09-08 22:20:15 [glm53_fp8_dense.py:808] [fp8-dense] nvfp4 prefill route engaged (M=8192)
(Worker_TP1 pid=258) WARNING 09-08 22:20:15 [glm53_fp8_dense.py:808] [fp8-dense] nvfp4 prefill route engaged (M=8192)
(Worker_TP1 pid=258) WARNING 09-08 22:20:15 [glm53_fp8_dense.py:808] [fp8-dense] nvfp4 prefill route engaged (M=8192)
(Worker_TP1 pid=258) WARNING 09-08 22:20:15 [glm53_fp8_dense.py:808] [fp8-dense] nvfp4 prefill route engaged (M=8192)
(Worker_TP1 pid=258) WARNING 09-08 22:20:15 [glm53_fp8_dense.py:808] [fp8-dense] nvfp4 prefill route engaged (M=8192)
(Worker_TP1 pid=258) WARNING 09-08 22:20:15 [glm53_fp8_dense.py:808] [fp8-dense] nvfp4 prefill route engaged (M=8192)
(Worker_TP1 pid=258) WARNING 09-08 22:20:15 [glm53_fp8_dense.py:808] [fp8-dense] nvfp4 prefill route engaged (M=8192)
(Worker_TP1 pid=258) WARNING 09-08 22:20:15 [glm53_fp8_dense.py:808] [fp8-dense] nvfp4 prefill route engaged (M=8192)
(Worker_TP1 pid=258) WARNING 09-08 22:20:15 [glm53_fp8_dense.py:808] [fp8-dense] nvfp4 prefill route engaged (M=8192)
(Worker_TP1 pid=258) WARNING 09-08 22:20:15 [glm53_fp8_dense.py:808] [fp8-dense] nvfp4 prefill route engaged (M=8192)
(Worker_TP1 pid=258) WARNING 09-08 22:20:15 [glm53_fp8_dense.py:808] [fp8-dense] nvfp4 prefill route engaged (M=8192)
(Worker_TP1 pid=258) WARNING 09-08 22:20:15 [glm53_fp8_dense.py:808] [fp8-dense] nvfp4 prefill route engaged (M=8192)
(Worker_TP1 pid=258) WARNING 09-08 22:20:15 [glm53_fp8_dense.py:808] [fp8-dense] nvfp4 prefill route engaged (M=8192)
(Worker_TP1 pid=258) WARNING 09-08 22:20:15 [glm53_fp8_dense.py:808] [fp8-dense] nvfp4 prefill route engaged (M=8192)
(Worker_TP1 pid=258) WARNING 09-08 22:20:15 [glm53_fp8_dense.py:808] [fp8-dense] nvfp4 prefill route engaged (M=8192)
(Worker_TP1 pid=258) WARNING 09-08 22:20:15 [glm53_fp8_dense.py:808] [fp8-dense] nvfp4 prefill route engaged (M=8192)
(Worker_TP1 pid=258) WARNING 09-08 22:20:15 [glm53_fp8_dense.py:808] [fp8-dense] nvfp4 prefill route engaged (M=8192)
(Worker_TP1 pid=258) WARNING 09-08 22:20:15 [glm53_fp8_dense.py:808] [fp8-dense] nvfp4 prefill route engaged (M=8192)
(Worker_TP1 pid=258) WARNING 09-08 22:20:15 [glm53_fp8_dense.py:808] [fp8-dense] nvfp4 prefill route engaged (M=8192)
(Worker_TP1 pid=258) WARNING 09-08 22:20:15 [glm53_fp8_dense.py:808] [fp8-dense] nvfp4 prefill route engaged (M=8192)
(Worker_TP1 pid=258) WARNING 09-08 22:20:15 [glm53_fp8_dense.py:808] [fp8-dense] nvfp4 prefill route engaged (M=8192)
(Worker_TP1 pid=258) WARNING 09-08 22:20:15 [glm53_fp8_dense.py:808] [fp8-dense] nvfp4 prefill route engaged (M=8192)
(Worker_TP1 pid=258) WARNING 09-08 22:20:15 [glm53_fp8_dense.py:808] [fp8-dense] nvfp4 prefill route engaged (M=8192)
(Worker_TP1 pid=258) WARNING 09-08 22:20:15 [glm53_fp8_dense.py:808] [fp8-dense] nvfp4 prefill route engaged (M=8192)
(Worker_TP1 pid=258) WARNING 09-08 22:20:15 [glm53_fp8_dense.py:808] [fp8-dense] nvfp4 prefill route engaged (M=8192)
(Worker_TP1 pid=258) WARNING 09-08 22:20:15 [glm53_fp8_dense.py:808] [fp8-dense] nvfp4 prefill route engaged (M=8192)
(Worker_TP1 pid=258) WARNING 09-08 22:20:15 [glm53_fp8_dense.py:808] [fp8-dense] nvfp4 prefill route engaged (M=8192)
(Worker_TP1 pid=258) WARNING 09-08 22:20:15 [glm53_fp8_dense.py:808] [fp8-dense] nvfp4 prefill route engaged (M=8192)
(Worker_TP1 pid=258) WARNING 09-08 22:20:15 [glm53_fp8_dense.py:808] [fp8-dense] nvfp4 prefill route engaged (M=8192)
(Worker_TP1 pid=258) WARNING 09-08 22:20:15 [glm53_fp8_dense.py:808] [fp8-dense] nvfp4 prefill route engaged (M=8192)
(Worker_TP1 pid=258) WARNING 09-08 22:20:15 [glm53_fp8_dense.py:808] [fp8-dense] nvfp4 prefill route engaged (M=8192)
(Worker_TP1 pid=258) WARNING 09-08 22:20:15 [glm53_fp8_dense.py:808] [fp8-dense] nvfp4 prefill route engaged (M=8192)
(Worker_TP1 pid=258) WARNING 09-08 22:20:15 [glm53_fp8_dense.py:808] [fp8-dense] nvfp4 prefill route engaged (M=8192)
(Worker_TP1 pid=258) WARNING 09-08 22:20:15 [glm53_fp8_dense.py:808] [fp8-dense] nvfp4 prefill route engaged (M=8192)
(Worker_TP1 pid=258) WARNING 09-08 22:20:15 [glm53_fp8_dense.py:808] [fp8-dense] nvfp4 prefill route engaged (M=8192)
(Worker_TP1 pid=258) WARNING 09-08 22:20:15 [glm53_fp8_dense.py:808] [fp8-dense] nvfp4 prefill route engaged (M=8192)
(Worker_TP1 pid=258) WARNING 09-08 22:20:15 [glm53_fp8_dense.py:808] [fp8-dense] nvfp4 prefill route engaged (M=8192)
(Worker_TP1 pid=258) WARNING 09-08 22:20:15 [glm53_fp8_dense.py:808] [fp8-dense] nvfp4 prefill route engaged (M=8192)
(Worker_TP1 pid=258) WARNING 09-08 22:20:15 [glm53_fp8_dense.py:808] [fp8-dense] nvfp4 prefill route engaged (M=8192)
(Worker_TP1 pid=258) WARNING 09-08 22:20:15 [glm53_fp8_dense.py:808] [fp8-dense] nvfp4 prefill route engaged (M=8192)
(Worker_TP1 pid=258) WARNING 09-08 22:20:15 [glm53_fp8_dense.py:808] [fp8-dense] nvfp4 prefill route engaged (M=8192)
(Worker_TP1 pid=258) WARNING 09-08 22:20:15 [glm53_fp8_dense.py:808] [fp8-dense] nvfp4 prefill route engaged (M=8192)
(Worker_TP1 pid=258) WARNING 09-08 22:20:15 [glm53_fp8_dense.py:808] [fp8-dense] nvfp4 prefill route engaged (M=8192)
(Worker_TP1 pid=258) WARNING 09-08 22:20:15 [glm53_fp8_dense.py:808] [fp8-dense] nvfp4 prefill route engaged (M=8192)
(Worker_TP1 pid=258) WARNING 09-08 22:20:15 [glm53_fp8_dense.py:808] [fp8-dense] nvfp4 prefill route engaged (M=8192)
(Worker_TP1 pid=258) WARNING 09-08 22:20:15 [glm53_fp8_dense.py:808] [fp8-dense] nvfp4 prefill route engaged (M=8192)
(Worker_TP1 pid=258) WARNING 09-08 22:20:15 [glm53_fp8_dense.py:808] [fp8-dense] nvfp4 prefill route engaged (M=8192)
(Worker_TP1 pid=258) WARNING 09-08 22:20:15 [glm53_fp8_dense.py:808] [fp8-dense] nvfp4 prefill route engaged (M=8192)
(Worker_TP1 pid=258) WARNING 09-08 22:20:15 [glm53_fp8_dense.py:808] [fp8-dense] nvfp4 prefill route engaged (M=8192)
(Worker_TP1 pid=258) WARNING 09-08 22:20:15 [glm53_fp8_dense.py:808] [fp8-dense] nvfp4 prefill route engaged (M=8192)
(Worker_TP1 pid=258) WARNING 09-08 22:20:15 [glm53_fp8_dense.py:808] [fp8-dense] nvfp4 prefill route engaged (M=8192)
(Worker_TP1 pid=258) WARNING 09-08 22:20:15 [glm53_fp8_dense.py:808] [fp8-dense] nvfp4 prefill route engaged (M=8192)
(Worker_TP1 pid=258) WARNING 09-08 22:20:15 [glm53_fp8_dense.py:808] [fp8-dense] nvfp4 prefill route engaged (M=8192)
(Worker_TP1 pid=258) WARNING 09-08 22:20:15 [glm53_fp8_dense.py:808] [fp8-dense] nvfp4 prefill route engaged (M=8192)
(Worker_TP1 pid=258) WARNING 09-08 22:20:15 [glm53_fp8_dense.py:808] [fp8-dense] nvfp4 prefill route engaged (M=8192)
(Worker_TP1 pid=258) WARNING 09-08 22:20:15 [glm53_fp8_dense.py:808] [fp8-dense] nvfp4 prefill route engaged (M=8192)
(Worker_TP1 pid=258) WARNING 09-08 22:20:15 [glm53_fp8_dense.py:808] [fp8-dense] nvfp4 prefill route engaged (M=8192)
(Worker_TP1 pid=258) WARNING 09-08 22:20:15 [glm53_fp8_dense.py:808] [fp8-dense] nvfp4 prefill route engaged (M=8192)
(Worker_TP1 pid=258) WARNING 09-08 22:20:15 [glm53_fp8_dense.py:808] [fp8-dense] nvfp4 prefill route engaged (M=8192)
(Worker_TP1 pid=258) WARNING 09-08 22:20:15 [glm53_fp8_dense.py:808] [fp8-dense] nvfp4 prefill route engaged (M=8192)
(Worker_TP1 pid=258) WARNING 09-08 22:20:15 [glm53_fp8_dense.py:808] [fp8-dense] nvfp4 prefill route engaged (M=8192)
(Worker_TP1 pid=258) WARNING 09-08 22:20:15 [glm53_fp8_dense.py:808] [fp8-dense] nvfp4 prefill route engaged (M=8192)
(Worker_TP1 pid=258) WARNING 09-08 22:20:15 [glm53_fp8_dense.py:808] [fp8-dense] nvfp4 prefill route engaged (M=8192)
(Worker_TP1 pid=258) WARNING 09-08 22:20:15 [glm53_fp8_dense.py:808] [fp8-dense] nvfp4 prefill route engaged (M=8192)
(Worker_TP1 pid=258) WARNING 09-08 22:20:15 [glm53_fp8_dense.py:808] [fp8-dense] nvfp4 prefill route engaged (M=8192)
(Worker_TP1 pid=258) WARNING 09-08 22:20:15 [glm53_fp8_dense.py:808] [fp8-dense] nvfp4 prefill route engaged (M=8192)
(Worker_TP1 pid=258) WARNING 09-08 22:20:15 [glm53_fp8_dense.py:808] [fp8-dense] nvfp4 prefill route engaged (M=8192)
(Worker_TP1 pid=258) WARNING 09-08 22:20:15 [glm53_fp8_dense.py:808] [fp8-dense] nvfp4 prefill route engaged (M=8192)
(Worker_TP1 pid=258) WARNING 09-08 22:20:15 [glm53_fp8_dense.py:808] [fp8-dense] nvfp4 prefill route engaged (M=8192)
(Worker_TP1 pid=258) WARNING 09-08 22:20:15 [glm53_fp8_dense.py:808] [fp8-dense] nvfp4 prefill route engaged (M=8192)
(Worker_TP1 pid=258) WARNING 09-08 22:20:15 [glm53_fp8_dense.py:808] [fp8-dense] nvfp4 prefill route engaged (M=8192)
(Worker_TP1 pid=258) WARNING 09-08 22:20:15 [glm53_fp8_dense.py:808] [fp8-dense] nvfp4 prefill route engaged (M=8192)
(Worker_TP1 pid=258) WARNING 09-08 22:20:15 [glm53_fp8_dense.py:808] [fp8-dense] nvfp4 prefill route engaged (M=8192)
(Worker_TP1 pid=258) WARNING 09-08 22:20:15 [glm53_fp8_dense.py:808] [fp8-dense] nvfp4 prefill route engaged (M=8192)
(Worker_TP1 pid=258) WARNING 09-08 22:20:15 [glm53_fp8_dense.py:808] [fp8-dense] nvfp4 prefill route engaged (M=8192)
(Worker_TP1 pid=258) WARNING 09-08 22:20:15 [glm53_fp8_dense.py:808] [fp8-dense] nvfp4 prefill route engaged (M=8192)
(Worker_TP1 pid=258) WARNING 09-08 22:20:20 [glm53_fp8_dense.py:808] [fp8-dense] nvfp4 prefill route engaged (M=8192)
(Worker_TP1 pid=258) WARNING 09-08 22:20:20 [glm53_fp8_dense.py:808] [fp8-dense] nvfp4 prefill route engaged (M=8192)
(Worker_TP1 pid=258) WARNING 09-08 22:20:20 [glm53_fp8_dense.py:808] [fp8-dense] nvfp4 prefill route engaged (M=8192)
(Worker_TP1 pid=258) WARNING 09-08 22:20:20 [glm53_fp8_dense.py:808] [fp8-dense] nvfp4 prefill route engaged (M=8192)
(Worker_TP1 pid=258) WARNING 09-08 22:20:20 [glm53_fp8_dense.py:808] [fp8-dense] nvfp4 prefill route engaged (M=8192)
(Worker_TP1 pid=258) WARNING 09-08 22:20:20 [glm53_fp8_dense.py:808] [fp8-dense] nvfp4 prefill route engaged (M=8192)
(Worker_TP1 pid=258) WARNING 09-08 22:20:20 [glm53_fp8_dense.py:808] [fp8-dense] nvfp4 prefill route engaged (M=8192)
(Worker_TP1 pid=258) WARNING 09-08 22:20:20 [glm53_fp8_dense.py:808] [fp8-dense] nvfp4 prefill route engaged (M=8192)
(Worker_TP1 pid=258) WARNING 09-08 22:20:20 [glm53_fp8_dense.py:808] [fp8-dense] nvfp4 prefill route engaged (M=8192)
(Worker_TP1 pid=258) WARNING 09-08 22:20:20 [glm53_fp8_dense.py:808] [fp8-dense] nvfp4 prefill route engaged (M=8192)
(Worker_TP1 pid=258) WARNING 09-08 22:20:20 [glm53_fp8_dense.py:808] [fp8-dense] nvfp4 prefill route engaged (M=8192)
(Worker_TP1 pid=258) WARNING 09-08 22:20:20 [glm53_fp8_dense.py:808] [fp8-dense] nvfp4 prefill route engaged (M=8192)
(Worker_TP1 pid=258) WARNING 09-08 22:20:20 [glm53_fp8_dense.py:808] [fp8-dense] nvfp4 prefill route engaged (M=8192)
(Worker_TP1 pid=258) WARNING 09-08 22:20:20 [glm53_fp8_dense.py:808] [fp8-dense] nvfp4 prefill route engaged (M=8192)
(Worker_TP1 pid=258) WARNING 09-08 22:20:20 [glm53_fp8_dense.py:808] [fp8-dense] nvfp4 prefill route engaged (M=8192)
(Worker_TP1 pid=258) WARNING 09-08 22:20:20 [glm53_fp8_dense.py:808] [fp8-dense] nvfp4 prefill route engaged (M=8192)
(Worker_TP1 pid=258) WARNING 09-08 22:20:20 [glm53_fp8_dense.py:808] [fp8-dense] nvfp4 prefill route engaged (M=8192)
(Worker_TP1 pid=258) WARNING 09-08 22:20:20 [glm53_fp8_dense.py:808] [fp8-dense] nvfp4 prefill route engaged (M=8192)
(Worker_TP1 pid=258) WARNING 09-08 22:20:20 [glm53_fp8_dense.py:808] [fp8-dense] nvfp4 prefill route engaged (M=8192)
(Worker_TP1 pid=258) WARNING 09-08 22:20:20 [glm53_fp8_dense.py:808] [fp8-dense] nvfp4 prefill route engaged (M=8192)
(Worker_TP1 pid=258) WARNING 09-08 22:20:20 [glm53_fp8_dense.py:808] [fp8-dense] nvfp4 prefill route engaged (M=8192)
(Worker_TP1 pid=258) WARNING 09-08 22:20:20 [glm53_fp8_dense.py:808] [fp8-dense] nvfp4 prefill route engaged (M=8192)
(Worker_TP1 pid=258) WARNING 09-08 22:20:20 [glm53_fp8_dense.py:808] [fp8-dense] nvfp4 prefill route engaged (M=8192)
(Worker_TP1 pid=258) WARNING 09-08 22:20:20 [glm53_fp8_dense.py:808] [fp8-dense] nvfp4 prefill route engaged (M=8192)
(Worker_TP1 pid=258) WARNING 09-08 22:20:20 [glm53_fp8_dense.py:808] [fp8-dense] nvfp4 prefill route engaged (M=8192)
(Worker_TP1 pid=258) WARNING 09-08 22:20:20 [glm53_fp8_dense.py:808] [fp8-dense] nvfp4 prefill route engaged (M=8192)
(Worker_TP1 pid=258) WARNING 09-08 22:20:20 [glm53_fp8_dense.py:808] [fp8-dense] nvfp4 prefill route engaged (M=8192)
(Worker_TP1 pid=258) WARNING 09-08 22:20:20 [glm53_fp8_dense.py:808] [fp8-dense] nvfp4 prefill route engaged (M=8192)
(Worker_TP1 pid=258) WARNING 09-08 22:20:20 [glm53_fp8_dense.py:808] [fp8-dense] nvfp4 prefill route engaged (M=8192)
(Worker_TP1 pid=258) WARNING 09-08 22:20:20 [glm53_fp8_dense.py:808] [fp8-dense] nvfp4 prefill route engaged (M=8192)
(Worker_TP1 pid=258) WARNING 09-08 22:20:20 [glm53_fp8_dense.py:808] [fp8-dense] nvfp4 prefill route engaged (M=8192)
(Worker_TP1 pid=258) WARNING 09-08 22:20:20 [glm53_fp8_dense.py:808] [fp8-dense] nvfp4 prefill route engaged (M=8192)
(Worker_TP1 pid=258) WARNING 09-08 22:20:20 [glm53_fp8_dense.py:808] [fp8-dense] nvfp4 prefill route engaged (M=8192)
(Worker_TP1 pid=258) WARNING 09-08 22:20:20 [glm53_fp8_dense.py:808] [fp8-dense] nvfp4 prefill route engaged (M=8192)
(Worker_TP1 pid=258) WARNING 09-08 22:20:20 [glm53_fp8_dense.py:808] [fp8-dense] nvfp4 prefill route engaged (M=8192)
(Worker_TP1 pid=258) WARNING 09-08 22:20:20 [glm53_fp8_dense.py:808] [fp8-dense] nvfp4 prefill route engaged (M=8192)
(Worker_TP1 pid=258) WARNING 09-08 22:20:20 [glm53_fp8_dense.py:808] [fp8-dense] nvfp4 prefill route engaged (M=8192)
(Worker_TP1 pid=258) WARNING 09-08 22:20:20 [glm53_fp8_dense.py:808] [fp8-dense] nvfp4 prefill route engaged (M=8192)
(Worker_TP1 pid=258) WARNING 09-08 22:20:20 [glm53_fp8_dense.py:808] [fp8-dense] nvfp4 prefill route engaged (M=8192)
(Worker_TP1 pid=258) WARNING 09-08 22:20:20 [glm53_fp8_dense.py:808] [fp8-dense] nvfp4 prefill route engaged (M=8192)
(Worker_TP1 pid=258) WARNING 09-08 22:20:20 [glm53_fp8_dense.py:808] [fp8-dense] nvfp4 prefill route engaged (M=8192)
(Worker_TP1 pid=258) WARNING 09-08 22:20:20 [glm53_fp8_dense.py:808] [fp8-dense] nvfp4 prefill route engaged (M=8192)
(Worker_TP1 pid=258) WARNING 09-08 22:20:20 [glm53_fp8_dense.py:808] [fp8-dense] nvfp4 prefill route engaged (M=8192)
(Worker_TP1 pid=258) WARNING 09-08 22:20:20 [glm53_fp8_dense.py:808] [fp8-dense] nvfp4 prefill route engaged (M=8192)
(Worker_TP1 pid=258) WARNING 09-08 22:20:20 [glm53_fp8_dense.py:808] [fp8-dense] nvfp4 prefill route engaged (M=8192)
(Worker_TP1 pid=258) WARNING 09-08 22:20:20 [glm53_fp8_dense.py:808] [fp8-dense] nvfp4 prefill route engaged (M=8192)
(Worker_TP1 pid=258) WARNING 09-08 22:20:20 [glm53_fp8_dense.py:808] [fp8-dense] nvfp4 prefill route engaged (M=8192)
(Worker_TP1 pid=258) WARNING 09-08 22:20:20 [glm53_fp8_dense.py:808] [fp8-dense] nvfp4 prefill route engaged (M=8192)
(Worker_TP1 pid=258) WARNING 09-08 22:20:20 [glm53_fp8_dense.py:808] [fp8-dense] nvfp4 prefill route engaged (M=8192)
(Worker_TP1 pid=258) WARNING 09-08 22:20:20 [glm53_fp8_dense.py:808] [fp8-dense] nvfp4 prefill route engaged (M=8192)
(Worker_TP1 pid=258) WARNING 09-08 22:20:20 [glm53_fp8_dense.py:808] [fp8-dense] nvfp4 prefill route engaged (M=8192)
(Worker_TP1 pid=258) WARNING 09-08 22:20:20 [glm53_fp8_dense.py:808] [fp8-dense] nvfp4 prefill route engaged (M=8192)
(Worker_TP1 pid=258) WARNING 09-08 22:20:20 [glm53_fp8_dense.py:808] [fp8-dense] nvfp4 prefill route engaged (M=8192)
(Worker_TP1 pid=258) WARNING 09-08 22:20:20 [glm53_fp8_dense.py:808] [fp8-dense] nvfp4 prefill route engaged (M=8192)
(Worker_TP1 pid=258) WARNING 09-08 22:20:20 [glm53_fp8_dense.py:808] [fp8-dense] nvfp4 prefill route engaged (M=8192)
(Worker_TP1 pid=258) WARNING 09-08 22:20:20 [glm53_fp8_dense.py:808] [fp8-dense] nvfp4 prefill route engaged (M=8192)
(Worker_TP1 pid=258) WARNING 09-08 22:20:20 [glm53_fp8_dense.py:808] [fp8-dense] nvfp4 prefill route engaged (M=8192)
(Worker_TP1 pid=258) WARNING 09-08 22:20:20 [glm53_fp8_dense.py:808] [fp8-dense] nvfp4 prefill route engaged (M=8192)
(Worker_TP1 pid=258) WARNING 09-08 22:20:20 [glm53_fp8_dense.py:808] [fp8-dense] nvfp4 prefill route engaged (M=8192)
(Worker_TP1 pid=258) WARNING 09-08 22:20:20 [glm53_fp8_dense.py:808] [fp8-dense] nvfp4 prefill route engaged (M=8192)
(Worker_TP1 pid=258) WARNING 09-08 22:20:20 [glm53_fp8_dense.py:808] [fp8-dense] nvfp4 prefill route engaged (M=8192)
(Worker_TP1 pid=258) WARNING 09-08 22:20:20 [glm53_fp8_dense.py:808] [fp8-dense] nvfp4 prefill route engaged (M=8192)
(Worker_TP1 pid=258) WARNING 09-08 22:20:20 [glm53_fp8_dense.py:808] [fp8-dense] nvfp4 prefill route engaged (M=8192)
(Worker_TP1 pid=258) WARNING 09-08 22:20:20 [glm53_fp8_dense.py:808] [fp8-dense] nvfp4 prefill route engaged (M=8192)
(Worker_TP1 pid=258) WARNING 09-08 22:20:20 [glm53_fp8_dense.py:808] [fp8-dense] nvfp4 prefill route engaged (M=8192)
(Worker_TP1 pid=258) WARNING 09-08 22:20:20 [glm53_fp8_dense.py:808] [fp8-dense] nvfp4 prefill route engaged (M=8192)
(Worker_TP1 pid=258) WARNING 09-08 22:20:20 [glm53_fp8_dense.py:808] [fp8-dense] nvfp4 prefill route engaged (M=8192)
(Worker_TP1 pid=258) WARNING 09-08 22:20:20 [glm53_fp8_dense.py:808] [fp8-dense] nvfp4 prefill route engaged (M=8192)
(Worker_TP1 pid=258) WARNING 09-08 22:20:20 [glm53_fp8_dense.py:808] [fp8-dense] nvfp4 prefill route engaged (M=8192)
(Worker_TP1 pid=258) WARNING 09-08 22:20:20 [glm53_fp8_dense.py:808] [fp8-dense] nvfp4 prefill route engaged (M=8192)
(Worker_TP1 pid=258) WARNING 09-08 22:20:21 [glm53_fp8_dense.py:808] [fp8-dense] nvfp4 prefill route engaged (M=8192)
(Worker_TP1 pid=258) WARNING 09-08 22:20:21 [glm53_fp8_dense.py:808] [fp8-dense] nvfp4 prefill route engaged (M=8192)
(Worker_TP1 pid=258) WARNING 09-08 22:20:21 [glm53_fp8_dense.py:808] [fp8-dense] nvfp4 prefill route engaged (M=8192)
(Worker_TP1 pid=258) WARNING 09-08 22:20:21 [glm53_fp8_dense.py:808] [fp8-dense] nvfp4 prefill route engaged (M=8192)
(Worker_TP1 pid=258) WARNING 09-08 22:20:21 [glm53_fp8_dense.py:808] [fp8-dense] nvfp4 prefill route engaged (M=8192)
(Worker_TP1 pid=258) WARNING 09-08 22:20:21 [glm53_fp8_dense.py:808] [fp8-dense] nvfp4 prefill route engaged (M=8192)
(Worker_TP1 pid=258) WARNING 09-08 22:20:21 [glm53_fp8_dense.py:808] [fp8-dense] nvfp4 prefill route engaged (M=8192)
(Worker_TP1 pid=258) WARNING 09-08 22:20:21 [glm53_fp8_dense.py:808] [fp8-dense] nvfp4 prefill route engaged (M=8192)
(Worker_TP1 pid=258) WARNING 09-08 22:20:21 [glm53_fp8_dense.py:808] [fp8-dense] nvfp4 prefill route engaged (M=8192)
(Worker_TP1 pid=258) WARNING 09-08 22:20:21 [glm53_fp8_dense.py:808] [fp8-dense] nvfp4 prefill route engaged (M=8192)
(Worker_TP1 pid=258) WARNING 09-08 22:20:21 [glm53_fp8_dense.py:808] [fp8-dense] nvfp4 prefill route engaged (M=8192)
(Worker_TP1 pid=258) WARNING 09-08 22:20:21 [glm53_fp8_dense.py:808] [fp8-dense] nvfp4 prefill route engaged (M=8192)
(Worker_TP1 pid=258) WARNING 09-08 22:20:21 [glm53_fp8_dense.py:808] [fp8-dense] nvfp4 prefill route engaged (M=8192)
(Worker_TP1 pid=258) WARNING 09-08 22:20:21 [glm53_fp8_dense.py:808] [fp8-dense] nvfp4 prefill route engaged (M=8192)
(Worker_TP1 pid=258) WARNING 09-08 22:20:21 [glm53_fp8_dense.py:808] [fp8-dense] nvfp4 prefill route engaged (M=8192)
(Worker_TP1 pid=258) WARNING 09-08 22:20:21 [glm53_fp8_dense.py:808] [fp8-dense] nvfp4 prefill route engaged (M=8192)
(Worker_TP1 pid=258) WARNING 09-08 22:20:21 [glm53_fp8_dense.py:808] [fp8-dense] nvfp4 prefill route engaged (M=8192)
(Worker_TP1 pid=258) WARNING 09-08 22:20:21 [glm53_fp8_dense.py:808] [fp8-dense] nvfp4 prefill route engaged (M=8192)
(Worker_TP1 pid=258) WARNING 09-08 22:20:21 [glm53_fp8_dense.py:808] [fp8-dense] nvfp4 prefill route engaged (M=8192)
(Worker_TP1 pid=258) WARNING 09-08 22:20:21 [glm53_fp8_dense.py:808] [fp8-dense] nvfp4 prefill route engaged (M=8192)
(Worker_TP1 pid=258) WARNING 09-08 22:20:21 [glm53_fp8_dense.py:808] [fp8-dense] nvfp4 prefill route engaged (M=8192)
(Worker_TP1 pid=258) WARNING 09-08 22:20:21 [glm53_fp8_dense.py:808] [fp8-dense] nvfp4 prefill route engaged (M=8192)
(Worker_TP1 pid=258) WARNING 09-08 22:20:21 [glm53_fp8_dense.py:808] [fp8-dense] nvfp4 prefill route engaged (M=8192)
(Worker_TP1 pid=258) WARNING 09-08 22:20:21 [glm53_fp8_dense.py:808] [fp8-dense] nvfp4 prefill route engaged (M=8192)
(Worker_TP1 pid=258) INFO 09-08 22:20:22 [backends.py:1094] Using cache directory: /cache/vllm/torch_compile_cache/89fae0d04c/rank_1_0/dflash_head for vLLM's torch.compile
(Worker_TP1 pid=258) INFO 09-08 22:20:22 [backends.py:1155] Dynamo bytecode transform time: 0.61 s
(Worker_TP1 pid=258) WARNING 09-08 22:20:22 [allreduce_rms_fusion.py:1024] Flashinfer allreduce fusion is not supported for world size 4 or max size is not provided
(Worker_TP1 pid=258) INFO 09-08 22:20:24 [backends.py:292] Directly load the compiled graph(s) for compile range (1, 8192) from the cache, took 0.062 s
(Worker_TP1 pid=258) INFO 09-08 22:20:24 [decorators.py:311] Directly load AOT compilation from path /cache/vllm/torch_compile_cache/torch_aot_compile/df66516ac3a5f47921580cd08c06fa79a44efa7b649ba0fc27c4ec2d0b9ac1dc/rank_1_0/model
(Worker_TP1 pid=258) INFO 09-08 22:20:24 [monitor.py:53] torch.compile took 2.54 s in total
(Worker_TP1 pid=258) INFO 09-08 22:20:24 [monitor.py:81] Initial profiling/warmup run took 0.01 s
(Worker_TP1 pid=258) INFO 09-08 22:20:37 [qwen3_dflash2.py:550] dflash2 path selector: loaded -- predecessor_codebook(finite=1.0000 |max|=9.25 |mean|=0.781) successor_codebook(finite=1.0000 |max|=0.77 |mean|=0.0547)
(Worker_TP1 pid=258) INFO 09-08 22:20:37 [backends.py:1094] Using cache directory: /cache/vllm/torch_compile_cache/89fae0d04c/rank_1_0/dflash2_candidate_selector for vLLM's torch.compile
(Worker_TP1 pid=258) INFO 09-08 22:20:37 [backends.py:1155] Dynamo bytecode transform time: 0.06 s
(Worker_TP1 pid=258) WARNING 09-08 22:20:37 [allreduce_rms_fusion.py:1024] Flashinfer allreduce fusion is not supported for world size 4 or max size is not provided
(Worker_TP1 pid=258) INFO 09-08 22:20:39 [backends.py:292] Directly load the compiled graph(s) for compile range (1, 8192) from the cache, took 0.015 s
(Worker_TP1 pid=258) INFO 09-08 22:20:39 [decorators.py:311] Directly load AOT compilation from path /cache/vllm/torch_compile_cache/torch_aot_compile/60be10e78a708f23d0a93602f88318cdb0c4d34f45d147df6ff69b358a9f58a3/rank_1_0/model
(Worker_TP1 pid=258) INFO 09-08 22:20:39 [monitor.py:53] torch.compile took 1.60 s in total
(Worker_TP1 pid=258) INFO 09-08 22:20:39 [monitor.py:81] Initial profiling/warmup run took 0.00 s
(Worker_TP1 pid=258) [boot-stamp] profile-run took 116.4s (at 372.8s since interpreter start)
(Worker_TP1 pid=258) INFO 09-08 22:20:41 [indexer.py:779] DSA indexer decode path: use_flattening=True supports_varlen=False (next_n=6, use_fp4_indexer_cache=False)
(Worker_TP1 pid=258) INFO 09-08 22:20:42 [flashinfer.py:889] FlashInfer resolved query dtypes: prefill=torch.bfloat16, decode=torch.bfloat16, decode_backend=xqa, kv_cache_dtype=torch.float8_e4m3fn, arch=sm121
(Worker_TP1 pid=258) INFO 09-08 22:20:42 [kernel.py:306] Final IR op priority after setting platform defaults: IrOpPriorityConfig(rms_norm=['native'], fused_add_rms_norm=['native'])
(Worker_TP1 pid=258) 2026-09-08 22:20:42,998 - INFO - cute_dsl_core.py:177 - flashinfer.jit: Compiling CuTe-DSL kernel b12x_moe_sm121a_cute_dsl/static2_m24_k4096_n512_t8_r640_tm32f2g2a32wut_0dafa550749e49ea
[osar] phase rank=1 us/collective (n=17): guard=2.6 copy=3.8 wait=757077.5 reduce=4.3 | total=757088.2  @1592 MHz assumed | wait by size: <=128KiB n=0 0.0, >128KiB n=17 757077.5
(Worker_TP1 pid=258) 2026-09-08 22:20:44,345 - INFO - cute_dsl_core.py:246 - flashinfer.jit: Persisted CuTe-DSL kernel to /cache/.cache/flashinfer/0.6.18.dev20260819/121a/cached_ops/b12x_moe_sm121a_cute_dsl/static2_m24_k4096_n512_t8_r640_tm32f2g2a32wut_0dafa550749e49ea.o
(Worker_TP1 pid=258) [b12x static v2] lane serving: static2_m24_k4096_n512_t8_r640_tm32f2g2a32wut (mac=48, m=24, routed=192, smem=101376 B)
(Worker_TP1 pid=258) [boot-stamp] profile/determine-memory still running after 120s; its thread is at:
(Worker_TP1 pid=258)   File "/usr/local/lib/python3.12/dist-packages/torch/nn/modules/module.py", line 1789, in _call_impl
(Worker_TP1 pid=258)     return forward_call(*args, **kwargs)
(Worker_TP1 pid=258)   File "/usr/local/lib/python3.12/dist-packages/vllm/models/glm5next/nvidia/attention.py", line 674, in forward
(Worker_TP1 pid=258)     return self.mla_attn(positions, hidden_states)
(Worker_TP1 pid=258)   File "/usr/local/lib/python3.12/dist-packages/torch/nn/modules/module.py", line 1778, in _wrapped_call_impl
(Worker_TP1 pid=258)     return self._call_impl(*args, **kwargs)
(Worker_TP1 pid=258)   File "/usr/local/lib/python3.12/dist-packages/torch/nn/modules/module.py", line 1789, in _call_impl
(Worker_TP1 pid=258)     return forward_call(*args, **kwargs)
(Worker_TP1 pid=258)   File "/usr/local/lib/python3.12/dist-packages/vllm/model_executor/layers/mla.py", line 234, in forward
(Worker_TP1 pid=258)     attn_out = self.mla_attn(
(Worker_TP1 pid=258)   File "/usr/local/lib/python3.12/dist-packages/torch/nn/modules/module.py", line 1778, in _wrapped_call_impl
(Worker_TP1 pid=258)     return self._call_impl(*args, **kwargs)
(Worker_TP1 pid=258)   File "/usr/local/lib/python3.12/dist-packages/torch/nn/modules/module.py", line 1789, in _call_impl
(Worker_TP1 pid=258)     return forward_call(*args, **kwargs)
(Worker_TP1 pid=258)   File "/usr/local/lib/python3.12/dist-packages/vllm/model_executor/layers/attention/mla_attention.py", line 709, in forward
(Worker_TP1 pid=258)     torch.ops.vllm.unified_mla_attention_with_output(
(Worker_TP1 pid=258)   File "/usr/local/lib/python3.12/dist-packages/torch/_ops.py", line 1279, in __call__
(Worker_TP1 pid=258)     return self._op(*args, **kwargs)
(Worker_TP1 pid=258)   File "/usr/local/lib/python3.12/dist-packages/vllm/model_executor/layers/attention/kv_transfer_utils.py", line 40, in wrapper
(Worker_TP1 pid=258)     return func(*args, **kwargs)
(Worker_TP1 pid=258)   File "/usr/local/lib/python3.12/dist-packages/vllm/model_executor/layers/attention/mla_attention.py", line 1270, in unified_mla_attention_with_output
(Worker_TP1 pid=258)     layer.forward_impl(
(Worker_TP1 pid=258)   File "/usr/local/lib/python3.12/dist-packages/vllm/model_executor/layers/attention/mla_attention.py", line 951, in forward_impl
(Worker_TP1 pid=258)     attn_out, lse = self.impl.forward_mqa(mqa_q, kv_cache, attn_metadata, self)  # type: ignore[attr-defined]
(Worker_TP1 pid=258)   File "/usr/local/lib/python3.12/dist-packages/vllm/v1/attention/backends/mla/flashinfer_mla_sparse_sm90.py", line 615, in forward_mqa
(Worker_TP1 pid=258)     mk_out = _mk_mla_run(self, q_nope, q_pe, kv_c_and_k_pe_cache,
(Worker_TP1 pid=258)   File "/usr/local/lib/python3.12/dist-packages/vllm/v1/attention/backends/mla/flashinfer_mla_sparse_sm90.py", line 490, in _mk_mla_run
(Worker_TP1 pid=258)     rows = int(valid_counts.max().item())
(Worker_TP1 pid=258) WARNING 09-08 22:20:46 [model.py:936] [prefill-sp] NOT selected: tensor/context gate (compiling=False capturing=True T=24)
(Worker_TP1 pid=258) WARNING 09-08 22:20:46 [glm53_megakernel.py:1374] [megakernel] gemm lane CAPTURED into the decode graph: M=24 plan ksr=5 units=255 bps=2
(Worker_TP1 pid=258) WARNING 09-08 22:20:46 [flashinfer_mla_sparse_sm90.py:470] [megakernel] mla lane CAPTURED into the decode graph: T=24 (every replay runs mk_mla_kernel)
(Worker_TP1 pid=258) 2026-09-08 22:20:46,404 - INFO - cute_dsl_core.py:177 - flashinfer.jit: Compiling CuTe-DSL kernel b12x_moe_sm121a_cute_dsl/static2_m18_k4096_n512_t8_r640_tm32f2g2a32wut_ca7a776045539add
(Worker_TP1 pid=258) 2026-09-08 22:20:47,637 - INFO - cute_dsl_core.py:246 - flashinfer.jit: Persisted CuTe-DSL kernel to /cache/.cache/flashinfer/0.6.18.dev20260819/121a/cached_ops/b12x_moe_sm121a_cute_dsl/static2_m18_k4096_n512_t8_r640_tm32f2g2a32wut_ca7a776045539add.o
(Worker_TP1 pid=258) [b12x static v2] lane serving: static2_m18_k4096_n512_t8_r640_tm32f2g2a32wut (mac=48, m=18, routed=144, smem=101376 B)
(Worker_TP1 pid=258) WARNING 09-08 22:20:49 [model.py:936] [prefill-sp] NOT selected: tensor/context gate (compiling=False capturing=True T=18)
(Worker_TP1 pid=258) WARNING 09-08 22:20:49 [glm53_megakernel.py:2030] [megakernel] mhc-pre hook serving (T=12): layer 0's standalone pre-mix runs in the MHC segment; no deep_gemm in the decode step
(Worker_TP1 pid=258) INFO 09-08 22:20:49 [glm53_indexer_gate.py:129] [indexer-gate] VLLM_GLM53_INDEXER_GATE_SPLITK=1: first split-K routing, e.g. x(12, 4096) torch.bfloat16 @ w(4096, 32) (M<=16 admitted)
(Worker_TP1 pid=258) 2026-09-08 22:20:49,542 - INFO - cute_dsl_core.py:177 - flashinfer.jit: Compiling CuTe-DSL kernel b12x_moe_sm121a_cute_dsl/static2_m12_k4096_n512_t8_r640_tm32f2g2a32wut_81159826af1abadb
(Worker_TP1 pid=258) 2026-09-08 22:20:52,356 - INFO - cute_dsl_core.py:246 - flashinfer.jit: Persisted CuTe-DSL kernel to /cache/.cache/flashinfer/0.6.18.dev20260819/121a/cached_ops/b12x_moe_sm121a_cute_dsl/static2_m12_k4096_n512_t8_r640_tm32f2g2a32wut_81159826af1abadb.o
(Worker_TP1 pid=258) [b12x static v2] lane serving: static2_m12_k4096_n512_t8_r640_tm32f2g2a32wut (mac=48, m=12, routed=96, smem=101376 B)
(Worker_TP1 pid=258) WARNING 09-08 22:20:52 [model.py:936] [prefill-sp] NOT selected: tensor/context gate (compiling=False capturing=True T=12)
(Worker_TP1 pid=258) WARNING 09-08 22:20:52 [glm53_megakernel.py:1859] [megakernel] mhc-bf16 large fallback CAPTURED T=12 storage=fp32
(Worker_TP1 pid=258) 2026-09-08 22:20:52,795 - INFO - cute_dsl_core.py:177 - flashinfer.jit: Compiling CuTe-DSL kernel b12x_moe_sm121a_cute_dsl/static2_m6_k4096_n512_t8_r640_tm32f2g2a32wutr16n128k256d256_9c0cef12f35339de
[osar] phase rank=1 us/collective (n=271): guard=2.7 copy=3.6 wait=12781.8 reduce=2.8 | total=12790.9  @1592 MHz assumed | wait by size: <=128KiB n=97 430.4, >128KiB n=174 19667.4
(Worker_TP1 pid=258) DECODE_REFORM_LAYOUT_PASS 1024
(Worker_TP1 pid=258) 2026-09-08 22:20:56,940 - INFO - cute_dsl_core.py:246 - flashinfer.jit: Persisted CuTe-DSL kernel to /cache/.cache/flashinfer/0.6.18.dev20260819/121a/cached_ops/b12x_moe_sm121a_cute_dsl/static2_m6_k4096_n512_t8_r640_tm32f2g2a32wutr16n128k256d256_9c0cef12f35339de.o
(Worker_TP1 pid=258) [b12x static v2] lane serving: static2_m6_k4096_n512_t8_r640_tm32f2g2a32wutr16n128k256d256 (mac=48, m=6, routed=48, smem=98304 B)
(Worker_TP1 pid=258) WARNING 09-08 22:20:57 [model.py:936] [prefill-sp] NOT selected: tensor/context gate (compiling=False capturing=True T=6)
(Worker_TP1 pid=258) WARNING 09-08 22:20:57 [glm53_megakernel.py:1847] [megakernel] AR consumer MHC CAPTURED T=6 bf16=True vec4=True
(Worker_TP1 pid=258) WARNING 09-08 22:20:57 [glm53_megakernel.py:1853] [megakernel] mhc-bf16 CAPTURED T=6 cached=98
(Worker_TP1 pid=258) WARNING 09-08 22:20:57 [glm53_megakernel.py:1305] [megakernel] input-reuse CAPTURED M=6 N=6416 K=4096 split=8 bps=3 scratch=33792
(Worker_TP1 pid=258) WARNING 09-08 22:20:57 [glm53_megakernel.py:1320] [megakernel] input-cta CAPTURED M=6 N=6416 K=4096 mode=4 split=8 bps=3 smem=22528
(Worker_TP1 pid=258) WARNING 09-08 22:20:57 [glm53_megakernel.py:1279] [megakernel] m8 shape CAPTURED M=6 N=4096 K=2048 plan=[4, 128, 3]
(Worker_TP1 pid=258) WARNING 09-08 22:20:57 [glm53_megakernel.py:1282] [megakernel] fp8-pack2 CAPTURED M=6 N=4096 K=2048
(Worker_TP1 pid=258) WARNING 09-08 22:20:57 [glm53_megakernel.py:1284] [megakernel] transpose-m8 CAPTURED M=6 N=4096 K=2048 compact=True
(Worker_TP1 pid=258) WARNING 09-08 22:20:57 [glm53_megakernel.py:1287] [megakernel] m8-fastpath CAPTURED M=6 N=4096 K=2048
(Worker_TP1 pid=258) WARNING 09-08 22:20:57 [dsv4_oneshot_shim.py:607] [osar] consumer PDL CAPTURED numel=24576
(Worker_TP1 pid=258) WARNING 09-08 22:20:57 [glm53_megakernel.py:1320] [megakernel] input-cta CAPTURED M=6 N=6144 K=4096 mode=4 split=3 bps=4 smem=17152
(Worker_TP1 pid=258) WARNING 09-08 22:20:57 [glm53_megakernel.py:1279] [megakernel] m8 shape CAPTURED M=6 N=4096 K=3072 plan=[3, 96, 2]
(Worker_TP1 pid=258) WARNING 09-08 22:20:57 [glm53_megakernel.py:1282] [megakernel] fp8-pack2 CAPTURED M=6 N=4096 K=3072
(Worker_TP1 pid=258) WARNING 09-08 22:20:57 [glm53_megakernel.py:1284] [megakernel] transpose-m8 CAPTURED M=6 N=4096 K=3072 compact=False
(Worker_TP1 pid=258) WARNING 09-08 22:20:57 [glm53_megakernel.py:1287] [megakernel] m8-fastpath CAPTURED M=6 N=4096 K=3072
(Worker_TP1 pid=258) WARNING 09-08 22:20:57 [glm53_megakernel.py:1279] [megakernel] m8 shape CAPTURED M=6 N=2048 K=4096 plan=[6, 96, 2]
(Worker_TP1 pid=258) WARNING 09-08 22:20:57 [glm53_megakernel.py:1282] [megakernel] fp8-pack2 CAPTURED M=6 N=2048 K=4096
(Worker_TP1 pid=258) WARNING 09-08 22:20:57 [glm53_megakernel.py:1284] [megakernel] transpose-m8 CAPTURED M=6 N=2048 K=4096 compact=False
(Worker_TP1 pid=258) WARNING 09-08 22:20:57 [glm53_megakernel.py:1287] [megakernel] m8-fastpath CAPTURED M=6 N=2048 K=4096
(Worker_TP1 pid=258) WARNING 09-08 22:20:57 [glm53_megakernel.py:1279] [megakernel] m8 shape CAPTURED M=6 N=4096 K=1536 plan=[3, 96, 2]
(Worker_TP1 pid=258) WARNING 09-08 22:20:57 [glm53_megakernel.py:1282] [megakernel] fp8-pack2 CAPTURED M=6 N=4096 K=1536
(Worker_TP1 pid=258) WARNING 09-08 22:20:57 [glm53_megakernel.py:1284] [megakernel] transpose-m8 CAPTURED M=6 N=4096 K=1536 compact=False
(Worker_TP1 pid=258) WARNING 09-08 22:20:57 [glm53_megakernel.py:1287] [megakernel] m8-fastpath CAPTURED M=6 N=4096 K=1536
(Worker_TP1 pid=258) WARNING 09-08 22:20:57 [glm53_megakernel.py:1320] [megakernel] input-cta CAPTURED M=6 N=4096 K=4096 mode=4 split=3 bps=4 smem=17152
(Worker_TP1 pid=258) WARNING 09-08 22:20:57 [glm53_megakernel.py:1279] [megakernel] m8 shape CAPTURED M=6 N=1024 K=4096 plan=[8, 64, 2]
(Worker_TP1 pid=258) WARNING 09-08 22:20:57 [glm53_megakernel.py:1282] [megakernel] fp8-pack2 CAPTURED M=6 N=1024 K=4096
(Worker_TP1 pid=258) WARNING 09-08 22:20:57 [glm53_megakernel.py:1284] [megakernel] transpose-m8 CAPTURED M=6 N=1024 K=4096 compact=False
(Worker_TP1 pid=258) WARNING 09-08 22:20:57 [glm53_megakernel.py:1287] [megakernel] m8-fastpath CAPTURED M=6 N=1024 K=4096
(Worker_TP1 pid=258) WARNING 09-08 22:20:57 [glm53_megakernel.py:1279] [megakernel] m8 shape CAPTURED M=6 N=4096 K=512 plan=[1, 32, 2]
(Worker_TP1 pid=258) WARNING 09-08 22:20:57 [glm53_megakernel.py:1282] [megakernel] fp8-pack2 CAPTURED M=6 N=4096 K=512
(Worker_TP1 pid=258) WARNING 09-08 22:20:57 [glm53_megakernel.py:1284] [megakernel] transpose-m8 CAPTURED M=6 N=4096 K=512 compact=False
(Worker_TP1 pid=258) WARNING 09-08 22:20:57 [glm53_megakernel.py:1287] [megakernel] m8-fastpath CAPTURED M=6 N=4096 K=512
(Worker_TP1 pid=258) INFO 09-08 22:20:57 [model_runner.py:952] Estimated CUDA graph memory: 0.18 GiB total
(Worker_TP1 pid=258) [boot-stamp] cudagraph-memory-profile took 15.7s (at 388.9s since interpreter start)
(Worker_TP1 pid=258) INFO 09-08 22:20:57 [gpu_worker.py:582] Available KV cache memory: 11.18 GiB
(Worker_TP1 pid=258) WARNING 09-08 22:20:57 [gpu_worker.py:614] CUDA graph memory profiling is disabled (VLLM_MEMORY_PROFILER_ESTIMATE_CUDAGRAPHS=0). Without it, CUDA graph memory is not accounted for during KV cache allocation, which may require lowering --gpu-memory-utilization to avoid OOM. Consider re-enabling it (the default as of v0.21.0) and increasing --gpu-memory-utilization from 0.6429 to 0.6444.
(Worker_TP1 pid=258) [boot-stamp] profile/determine-memory took 133.0s (at 388.9s since interpreter start)
(Worker_TP1 pid=258) INFO 09-08 22:20:57 [kernel.py:306] Final IR op priority after setting platform defaults: IrOpPriorityConfig(rms_norm=['native'], fused_add_rms_norm=['native'])
(Worker_TP1 pid=258) [boot-stamp] kv-cache-alloc took 0.4s (at 389.5s since interpreter start)
(Worker_TP1 pid=258) INFO 09-08 22:20:58 [spec_decode_rejection_warmup.py:251] Warmed DFlash input-prep kernel over 6 BLOCK_SIZE buckets (num_query_per_req=6).
(Worker_TP1 pid=258) INFO 09-08 22:20:58 [spec_decode_rejection_warmup.py:81] Warming up spec-decode rejection sampler kernels (vocab=154880, num_spec=5, dtype_pairs=[('torch.bfloat16', 'torch.float32'), ('torch.float32', 'torch.float32'), ('torch.bfloat16', 'torch.bfloat16'), ('torch.float32', 'torch.bfloat16')], block_verify=False).
(Worker_TP1 pid=258) INFO 09-08 22:20:58 [kernel_warmup.py:95] Warming up ll_bf16 router GEMM kernels for shapes: ((4096, 288),).
(Worker_TP1 pid=258) 2026-09-08 22:21:00,176 - INFO - autotuner.py:2789 - flashinfer.jit: [Autotuner]: Loaded 189 configs from /cache/flashinfer_autotune/b27b03aa0ab06972c56c8be5303753ebe25996391e7a8e30842f1faf94cb2804/autotune_configs.json
(Worker_TP1 pid=258) 2026-09-08 22:21:00,176 - INFO - autotuner.py:972 - flashinfer.jit: [Autotuner]: Autotuning process starts ...
(Worker_TP1 pid=258) INFO 09-08 22:21:00 [model.py:980] [prefill-sp] MHC token shards selected (T=8192, TP=4, full-token attention/MoE)
(Worker_TP1 pid=258) 2026-09-08 22:21:00,249 - INFO - autotuner.py:1487 - flashinfer.jit: [Autotuner]: Config cache hit for fp4_gemm (runner=CutlassFp4GemmRunner, source=config file)
(Worker_TP1 pid=258) WARNING 09-08 22:21:00 [kda.py:108] [kda-prefill] direct output engaged (tokens=8192)
(Worker_TP1 pid=258) INFO 09-08 22:21:01 [glm53_prefill_collectives.py:583] [prefill-sp] packed FP8 reduce-scatter engaged (one values+scales all-to-all)
[osar] phase rank=1 us/collective (n=83): guard=2.7 copy=3.4 wait=1.7 reduce=1.4 | total=9.2  @1592 MHz assumed | wait by size: <=128KiB n=83 1.7, >128KiB n=0 0.0
(Worker_TP1 pid=258) WARNING 09-08 22:21:04 [flashinfer.py:1308] Using FlashInfer for draft model non-causal attention; TRTLLM can still be used for target model causal attention.
(Worker_TP1 pid=258) 2026-09-08 22:21:04,063 - INFO - autotuner.py:995 - flashinfer.jit: [Autotuner]: Autotuning process ends
(Worker_TP1 pid=258) INFO 09-08 22:21:05 [speculator.py:137] Capturing model for DFlash2 speculator...
(Worker_TP1 pid=258) WARNING 09-08 22:21:05 [glm53_fp8_dense.py:615] [fp8-dense] drafter lane serving: 30 of 31 opaque GEMM calls per forward
(Worker_TP1 pid=258) WARNING 09-08 22:21:05 [glm53_megakernel.py:1279] [megakernel] m8 shape CAPTURED M=6 N=1536 K=4096 plan=[8, 96, 2]
(Worker_TP1 pid=258) WARNING 09-08 22:21:05 [glm53_megakernel.py:1282] [megakernel] fp8-pack2 CAPTURED M=6 N=1536 K=4096
(Worker_TP1 pid=258) WARNING 09-08 22:21:05 [glm53_megakernel.py:1284] [megakernel] transpose-m8 CAPTURED M=6 N=1536 K=4096 compact=False
(Worker_TP1 pid=258) WARNING 09-08 22:21:05 [glm53_megakernel.py:1287] [megakernel] m8-fastpath CAPTURED M=6 N=1536 K=4096
(Worker_TP1 pid=258) WARNING 09-08 22:21:05 [glm53_megakernel.py:1279] [megakernel] m8 shape CAPTURED M=6 N=4096 K=1024 plan=[2, 64, 2]
(Worker_TP1 pid=258) WARNING 09-08 22:21:05 [glm53_megakernel.py:1282] [megakernel] fp8-pack2 CAPTURED M=6 N=4096 K=1024
(Worker_TP1 pid=258) WARNING 09-08 22:21:05 [glm53_megakernel.py:1284] [megakernel] transpose-m8 CAPTURED M=6 N=4096 K=1024 compact=False
(Worker_TP1 pid=258) WARNING 09-08 22:21:05 [glm53_megakernel.py:1287] [megakernel] m8-fastpath CAPTURED M=6 N=4096 K=1024
(Worker_TP1 pid=258) INFO 09-08 22:21:05 [model_runner.py:1012] Graph capturing finished in 2 secs, took 0.41 GiB
(Worker_TP1 pid=258) [boot-stamp] cudagraph-capture took 1.7s (at 397.1s since interpreter start)
(Worker_TP1 pid=258) INFO 09-08 22:21:05 [gpu_worker.py:745] CUDA graph pool memory: 0.41 GiB (actual), 0.18 GiB (estimated), difference: 0.23 GiB (56.4%).
(Worker_TP1 pid=258) INFO 09-08 22:21:05 [gpu_worker.py:808] Free memory on device (95.34/121.63 GiB) on startup. Desired GPU memory utilization is (0.6429, 78.2 GiB). Actual usage is 63.52 GiB for consumed memory (weights + non-torch), 3.5 GiB for peak activation, and 0.41 GiB for CUDAGraph memory. Replace gpu_memory_utilization config with `--kv-cache-memory=11412649463` (10.63 GiB) to fit into requested memory, or `--kv-cache-memory=29818914816` (27.77 GiB) to fully utilize gpu memory. Current kv cache memory in use is 11.18 GiB.
(Worker_TP1 pid=258) 2026-09-08 22:21:06,225 - INFO - cute_dsl_core.py:177 - flashinfer.jit: Compiling CuTe-DSL kernel b12x_moe_sm121a_cute_dsl/static2_m28_k4096_n512_t8_r640_tm32f2g2a32wut_8e0fcb39190e815f
(Worker_TP1 pid=258) 2026-09-08 22:21:07,456 - INFO - cute_dsl_core.py:246 - flashinfer.jit: Persisted CuTe-DSL kernel to /cache/.cache/flashinfer/0.6.18.dev20260819/121a/cached_ops/b12x_moe_sm121a_cute_dsl/static2_m28_k4096_n512_t8_r640_tm32f2g2a32wut_8e0fcb39190e815f.o
(Worker_TP1 pid=258) [b12x static v2] lane serving: static2_m28_k4096_n512_t8_r640_tm32f2g2a32wut (mac=48, m=28, routed=224, smem=101376 B)
(Worker_TP1 pid=258) 2026-09-08 22:21:09,551 - INFO - cute_dsl_core.py:177 - flashinfer.jit: Compiling CuTe-DSL kernel b12x_moe_sm121a_cute_dsl/static2_m7_k4096_n512_t8_r640_tm32f2g2a32wutr16n128k256d256_46eee372e5c17bfb
(Worker_TP1 pid=258) DECODE_REFORM_LAYOUT_PASS 1024
(Worker_TP1 pid=258) 2026-09-08 22:21:11,014 - INFO - cute_dsl_core.py:246 - flashinfer.jit: Persisted CuTe-DSL kernel to /cache/.cache/flashinfer/0.6.18.dev20260819/121a/cached_ops/b12x_moe_sm121a_cute_dsl/static2_m7_k4096_n512_t8_r640_tm32f2g2a32wutr16n128k256d256_46eee372e5c17bfb.o
(Worker_TP1 pid=258) [b12x static v2] lane serving: static2_m7_k4096_n512_t8_r640_tm32f2g2a32wutr16n128k256d256 (mac=48, m=7, routed=56, smem=98304 B)
[osar] phase rank=1 us/collective (n=627): guard=2.5 copy=3.8 wait=4862.9 reduce=3.6 | total=4872.8  @1592 MHz assumed | wait by size: <=128KiB n=210 2431.8, >128KiB n=417 6087.3
(Worker_TP1 pid=258) 2026-09-08 22:21:13,281 - INFO - cute_dsl_core.py:177 - flashinfer.jit: Compiling CuTe-DSL kernel b12x_moe_sm121a_cute_dsl/static2_m2_k4096_n512_t8_r640_tm32f2g2a32wutr16n128k256d256_f02b9d0e21f131e7
(Worker_TP1 pid=258) DECODE_REFORM_LAYOUT_PASS 1024
(Worker_TP1 pid=258) 2026-09-08 22:21:16,806 - INFO - cute_dsl_core.py:246 - flashinfer.jit: Persisted CuTe-DSL kernel to /cache/.cache/flashinfer/0.6.18.dev20260819/121a/cached_ops/b12x_moe_sm121a_cute_dsl/static2_m2_k4096_n512_t8_r640_tm32f2g2a32wutr16n128k256d256_f02b9d0e21f131e7.o
(Worker_TP1 pid=258) [b12x static v2] lane serving: static2_m2_k4096_n512_t8_r640_tm32f2g2a32wutr16n128k256d256 (mac=48, m=2, routed=16, smem=98304 B)
(Worker_TP1 pid=258) 2026-09-08 22:21:17,812 - INFO - cute_dsl_core.py:177 - flashinfer.jit: Compiling CuTe-DSL kernel b12x_moe_sm121a_cute_dsl/static2_m1_k4096_n512_t8_r640_tm32f2g2a32wutr16n128k256d256_70af0e8aa9939f8a
(Worker_TP1 pid=258) DECODE_REFORM_LAYOUT_PASS 1024
(Worker_TP1 pid=258) 2026-09-08 22:21:21,337 - INFO - cute_dsl_core.py:246 - flashinfer.jit: Persisted CuTe-DSL kernel to /cache/.cache/flashinfer/0.6.18.dev20260819/121a/cached_ops/b12x_moe_sm121a_cute_dsl/static2_m1_k4096_n512_t8_r640_tm32f2g2a32wutr16n128k256d256_70af0e8aa9939f8a.o
(Worker_TP1 pid=258) [b12x static v2] lane serving: static2_m1_k4096_n512_t8_r640_tm32f2g2a32wutr16n128k256d256 (mac=48, m=1, routed=8, smem=98304 B)
(Worker_TP1 pid=258) INFO 09-08 22:21:21 [jit_monitor.py:79] Kernel JIT monitor activated; monitored JIT compilations during inference will use mode=warn.
(Worker_TP1 pid=258) INFO 09-08 22:21:22 [torch_utils.py:262] Reducing Torch threads from 20 to 1 for serving. Set OMP_NUM_THREADS in the external environment to override.
(Worker_TP1 pid=258) [boot-stamp] compile+warmup took 23.9s (at 413.3s since interpreter start)
[osar] phase rank=1 us/collective (n=400): guard=2.4 copy=3.3 wait=6327.1 reduce=1.8 | total=6334.6  @1592 MHz assumed | wait by size: <=128KiB n=400 6327.1, >128KiB n=0 0.0
